case_id	startpoint_ordinal	ego_idx	opp_raceline	opp_speedscale	variant	outcome	ego_collision	opp_collision	deterministic_speed_projection_count	model_sha256
sp00_ol0_s0.5	0	0	raceline0	0.5	BC	overtaking	False	False	0	b5a1360fee18c2875185a3d23ab21cbdd8a4cdb2e94639433a148f34809ac5e4
sp00_ol0_s0.5	0	0	raceline0	0.5	seed1_iter10	overtaking	False	False	0	4dde873cb0c81ac9836eeeb3b0b740d82ff1887a23b8e568008abffd27476312
sp00_ol0_s0.5	0	0	raceline0	0.5	seed1_iter20	overtaking	False	False	0	e3190c2aa3683e6b63371e609efb909c817dc23c6ad43018d09a8749288a72a8
sp00_ol0_s0.5	0	0	raceline0	0.5	seed1_iter30	overtaking	False	False	0	ce250ee39be7e56d0383e003cf49262d75d3c7fbe0d161ddf010651e7c37065c
sp00_ol0_s0.6	0	0	raceline0	0.6	BC	overtaking	False	False	0	b5a1360fee18c2875185a3d23ab21cbdd8a4cdb2e94639433a148f34809ac5e4
sp00_ol0_s0.6	0	0	raceline0	0.6	seed1_iter10	overtaking	False	False	0	4dde873cb0c81ac9836eeeb3b0b740d82ff1887a23b8e568008abffd27476312
sp00_ol0_s0.6	0	0	raceline0	0.6	seed1_iter20	overtaking	False	False	0	e3190c2aa3683e6b63371e609efb909c817dc23c6ad43018d09a8749288a72a8
sp00_ol0_s0.6	0	0	raceline0	0.6	seed1_iter30	overtaking	False	False	0	ce250ee39be7e56d0383e003cf49262d75d3c7fbe0d161ddf010651e7c37065c
sp00_ol0_s0.7	0	0	raceline0	0.7	BC	overtaking	False	False	0	b5a1360fee18c2875185a3d23ab21cbdd8a4cdb2e94639433a148f34809ac5e4
sp00_ol0_s0.7	0	0	raceline0	0.7	seed1_iter10	overtaking	False	False	0	4dde873cb0c81ac9836eeeb3b0b740d82ff1887a23b8e568008abffd27476312
sp00_ol0_s0.7	0	0	raceline0	0.7	seed1_iter20	overtaking	False	False	0	e3190c2aa3683e6b63371e609efb909c817dc23c6ad43018d09a8749288a72a8
sp00_ol0_s0.7	0	0	raceline0	0.7	seed1_iter30	overtaking	False	False	0	ce250ee39be7e56d0383e003cf49262d75d3c7fbe0d161ddf010651e7c37065c
sp00_ol0_s0.8	0	0	raceline0	0.8	BC	following	False	False	0	b5a1360fee18c2875185a3d23ab21cbdd8a4cdb2e94639433a148f34809ac5e4
sp00_ol0_s0.8	0	0	raceline0	0.8	seed1_iter10	following	False	False	0	4dde873cb0c81ac9836eeeb3b0b740d82ff1887a23b8e568008abffd27476312
sp00_ol0_s0.8	0	0	raceline0	0.8	seed1_iter20	following	False	False	0	e3190c2aa3683e6b63371e609efb909c817dc23c6ad43018d09a8749288a72a8
sp00_ol0_s0.8	0	0	raceline0	0.8	seed1_iter30	following	False	False	0	ce250ee39be7e56d0383e003cf49262d75d3c7fbe0d161ddf010651e7c37065c
sp00_ol1_s0.5	0	0	raceline1	0.5	BC	following	False	False	0	b5a1360fee18c2875185a3d23ab21cbdd8a4cdb2e94639433a148f34809ac5e4
sp00_ol1_s0.5	0	0	raceline1	0.5	seed1_iter10	following	False	False	0	4dde873cb0c81ac9836eeeb3b0b740d82ff1887a23b8e568008abffd27476312
sp00_ol1_s0.5	0	0	raceline1	0.5	seed1_iter20	following	False	False	0	e3190c2aa3683e6b63371e609efb909c817dc23c6ad43018d09a8749288a72a8
sp00_ol1_s0.5	0	0	raceline1	0.5	seed1_iter30	following	False	False	0	ce250ee39be7e56d0383e003cf49262d75d3c7fbe0d161ddf010651e7c37065c
sp00_ol1_s0.6	0	0	raceline1	0.6	BC	following	False	False	0	b5a1360fee18c2875185a3d23ab21cbdd8a4cdb2e94639433a148f34809ac5e4
sp00_ol1_s0.6	0	0	raceline1	0.6	seed1_iter10	following	False	False	0	4dde873cb0c81ac9836eeeb3b0b740d82ff1887a23b8e568008abffd27476312
sp00_ol1_s0.6	0	0	raceline1	0.6	seed1_iter20	following	False	False	0	e3190c2aa3683e6b63371e609efb909c817dc23c6ad43018d09a8749288a72a8
sp00_ol1_s0.6	0	0	raceline1	0.6	seed1_iter30	following	False	False	0	ce250ee39be7e56d0383e003cf49262d75d3c7fbe0d161ddf010651e7c37065c
sp00_ol1_s0.7	0	0	raceline1	0.7	BC	following	False	False	0	b5a1360fee18c2875185a3d23ab21cbdd8a4cdb2e94639433a148f34809ac5e4
sp00_ol1_s0.7	0	0	raceline1	0.7	seed1_iter10	following	False	False	0	4dde873cb0c81ac9836eeeb3b0b740d82ff1887a23b8e568008abffd27476312
sp00_ol1_s0.7	0	0	raceline1	0.7	seed1_iter20	following	False	False	0	e3190c2aa3683e6b63371e609efb909c817dc23c6ad43018d09a8749288a72a8
sp00_ol1_s0.7	0	0	raceline1	0.7	seed1_iter30	following	False	False	0	ce250ee39be7e56d0383e003cf49262d75d3c7fbe0d161ddf010651e7c37065c
sp00_ol1_s0.8	0	0	raceline1	0.8	BC	following	False	False	0	b5a1360fee18c2875185a3d23ab21cbdd8a4cdb2e94639433a148f34809ac5e4
sp00_ol1_s0.8	0	0	raceline1	0.8	seed1_iter10	following	False	False	0	4dde873cb0c81ac9836eeeb3b0b740d82ff1887a23b8e568008abffd27476312
sp00_ol1_s0.8	0	0	raceline1	0.8	seed1_iter20	following	False	False	0	e3190c2aa3683e6b63371e609efb909c817dc23c6ad43018d09a8749288a72a8
sp00_ol1_s0.8	0	0	raceline1	0.8	seed1_iter30	following	False	False	0	ce250ee39be7e56d0383e003cf49262d75d3c7fbe0d161ddf010651e7c37065c
sp00_ol2_s0.5	0	0	raceline2	0.5	BC	overtaking	False	False	0	b5a1360fee18c2875185a3d23ab21cbdd8a4cdb2e94639433a148f34809ac5e4
sp00_ol2_s0.5	0	0	raceline2	0.5	seed1_iter10	overtaking	False	False	0	4dde873cb0c81ac9836eeeb3b0b740d82ff1887a23b8e568008abffd27476312
sp00_ol2_s0.5	0	0	raceline2	0.5	seed1_iter20	overtaking	False	False	0	e3190c2aa3683e6b63371e609efb909c817dc23c6ad43018d09a8749288a72a8
sp00_ol2_s0.5	0	0	raceline2	0.5	seed1_iter30	overtaking	False	False	0	ce250ee39be7e56d0383e003cf49262d75d3c7fbe0d161ddf010651e7c37065c
sp00_ol2_s0.6	0	0	raceline2	0.6	BC	overtaking	False	False	0	b5a1360fee18c2875185a3d23ab21cbdd8a4cdb2e94639433a148f34809ac5e4
sp00_ol2_s0.6	0	0	raceline2	0.6	seed1_iter10	overtaking	False	False	0	4dde873cb0c81ac9836eeeb3b0b740d82ff1887a23b8e568008abffd27476312
sp00_ol2_s0.6	0	0	raceline2	0.6	seed1_iter20	overtaking	False	False	0	e3190c2aa3683e6b63371e609efb909c817dc23c6ad43018d09a8749288a72a8
sp00_ol2_s0.6	0	0	raceline2	0.6	seed1_iter30	overtaking	False	False	0	ce250ee39be7e56d0383e003cf49262d75d3c7fbe0d161ddf010651e7c37065c
sp00_ol2_s0.7	0	0	raceline2	0.7	BC	overtaking	False	False	0	b5a1360fee18c2875185a3d23ab21cbdd8a4cdb2e94639433a148f34809ac5e4
sp00_ol2_s0.7	0	0	raceline2	0.7	seed1_iter10	overtaking	False	False	0	4dde873cb0c81ac9836eeeb3b0b740d82ff1887a23b8e568008abffd27476312
sp00_ol2_s0.7	0	0	raceline2	0.7	seed1_iter20	overtaking	False	False	0	e3190c2aa3683e6b63371e609efb909c817dc23c6ad43018d09a8749288a72a8
sp00_ol2_s0.7	0	0	raceline2	0.7	seed1_iter30	overtaking	False	False	0	ce250ee39be7e56d0383e003cf49262d75d3c7fbe0d161ddf010651e7c37065c
sp00_ol2_s0.8	0	0	raceline2	0.8	BC	overtaking	False	False	0	b5a1360fee18c2875185a3d23ab21cbdd8a4cdb2e94639433a148f34809ac5e4
sp00_ol2_s0.8	0	0	raceline2	0.8	seed1_iter10	overtaking	False	False	0	4dde873cb0c81ac9836eeeb3b0b740d82ff1887a23b8e568008abffd27476312
sp00_ol2_s0.8	0	0	raceline2	0.8	seed1_iter20	overtaking	False	False	0	e3190c2aa3683e6b63371e609efb909c817dc23c6ad43018d09a8749288a72a8
sp00_ol2_s0.8	0	0	raceline2	0.8	seed1_iter30	overtaking	False	False	0	ce250ee39be7e56d0383e003cf49262d75d3c7fbe0d161ddf010651e7c37065c
sp01_ol0_s0.5	1	42	raceline0	0.5	BC	overtaking	False	False	0	b5a1360fee18c2875185a3d23ab21cbdd8a4cdb2e94639433a148f34809ac5e4
sp01_ol0_s0.5	1	42	raceline0	0.5	seed1_iter10	overtaking	False	False	0	4dde873cb0c81ac9836eeeb3b0b740d82ff1887a23b8e568008abffd27476312
sp01_ol0_s0.5	1	42	raceline0	0.5	seed1_iter20	overtaking	False	False	0	e3190c2aa3683e6b63371e609efb909c817dc23c6ad43018d09a8749288a72a8
sp01_ol0_s0.5	1	42	raceline0	0.5	seed1_iter30	overtaking	False	False	0	ce250ee39be7e56d0383e003cf49262d75d3c7fbe0d161ddf010651e7c37065c
sp01_ol0_s0.6	1	42	raceline0	0.6	BC	overtaking	False	False	0	b5a1360fee18c2875185a3d23ab21cbdd8a4cdb2e94639433a148f34809ac5e4
sp01_ol0_s0.6	1	42	raceline0	0.6	seed1_iter10	overtaking	False	False	0	4dde873cb0c81ac9836eeeb3b0b740d82ff1887a23b8e568008abffd27476312
sp01_ol0_s0.6	1	42	raceline0	0.6	seed1_iter20	overtaking	False	False	0	e3190c2aa3683e6b63371e609efb909c817dc23c6ad43018d09a8749288a72a8
sp01_ol0_s0.6	1	42	raceline0	0.6	seed1_iter30	overtaking	False	False	0	ce250ee39be7e56d0383e003cf49262d75d3c7fbe0d161ddf010651e7c37065c
sp01_ol0_s0.7	1	42	raceline0	0.7	BC	overtaking	False	False	0	b5a1360fee18c2875185a3d23ab21cbdd8a4cdb2e94639433a148f34809ac5e4
sp01_ol0_s0.7	1	42	raceline0	0.7	seed1_iter10	overtaking	False	False	0	4dde873cb0c81ac9836eeeb3b0b740d82ff1887a23b8e568008abffd27476312
sp01_ol0_s0.7	1	42	raceline0	0.7	seed1_iter20	overtaking	False	False	0	e3190c2aa3683e6b63371e609efb909c817dc23c6ad43018d09a8749288a72a8
sp01_ol0_s0.7	1	42	raceline0	0.7	seed1_iter30	overtaking	False	False	0	ce250ee39be7e56d0383e003cf49262d75d3c7fbe0d161ddf010651e7c37065c
sp01_ol0_s0.8	1	42	raceline0	0.8	BC	following	False	False	0	b5a1360fee18c2875185a3d23ab21cbdd8a4cdb2e94639433a148f34809ac5e4
sp01_ol0_s0.8	1	42	raceline0	0.8	seed1_iter10	following	False	False	0	4dde873cb0c81ac9836eeeb3b0b740d82ff1887a23b8e568008abffd27476312
sp01_ol0_s0.8	1	42	raceline0	0.8	seed1_iter20	following	False	False	0	e3190c2aa3683e6b63371e609efb909c817dc23c6ad43018d09a8749288a72a8
sp01_ol0_s0.8	1	42	raceline0	0.8	seed1_iter30	following	False	False	0	ce250ee39be7e56d0383e003cf49262d75d3c7fbe0d161ddf010651e7c37065c
sp01_ol1_s0.5	1	42	raceline1	0.5	BC	following	False	False	0	b5a1360fee18c2875185a3d23ab21cbdd8a4cdb2e94639433a148f34809ac5e4
sp01_ol1_s0.5	1	42	raceline1	0.5	seed1_iter10	following	False	False	0	4dde873cb0c81ac9836eeeb3b0b740d82ff1887a23b8e568008abffd27476312
sp01_ol1_s0.5	1	42	raceline1	0.5	seed1_iter20	following	False	False	0	e3190c2aa3683e6b63371e609efb909c817dc23c6ad43018d09a8749288a72a8
sp01_ol1_s0.5	1	42	raceline1	0.5	seed1_iter30	following	False	False	0	ce250ee39be7e56d0383e003cf49262d75d3c7fbe0d161ddf010651e7c37065c
sp01_ol1_s0.6	1	42	raceline1	0.6	BC	following	False	False	0	b5a1360fee18c2875185a3d23ab21cbdd8a4cdb2e94639433a148f34809ac5e4
sp01_ol1_s0.6	1	42	raceline1	0.6	seed1_iter10	following	False	False	0	4dde873cb0c81ac9836eeeb3b0b740d82ff1887a23b8e568008abffd27476312
sp01_ol1_s0.6	1	42	raceline1	0.6	seed1_iter20	following	False	False	0	e3190c2aa3683e6b63371e609efb909c817dc23c6ad43018d09a8749288a72a8
sp01_ol1_s0.6	1	42	raceline1	0.6	seed1_iter30	following	False	False	0	ce250ee39be7e56d0383e003cf49262d75d3c7fbe0d161ddf010651e7c37065c
sp01_ol1_s0.7	1	42	raceline1	0.7	BC	following	False	False	0	b5a1360fee18c2875185a3d23ab21cbdd8a4cdb2e94639433a148f34809ac5e4
sp01_ol1_s0.7	1	42	raceline1	0.7	seed1_iter10	following	False	False	0	4dde873cb0c81ac9836eeeb3b0b740d82ff1887a23b8e568008abffd27476312
sp01_ol1_s0.7	1	42	raceline1	0.7	seed1_iter20	following	False	False	0	e3190c2aa3683e6b63371e609efb909c817dc23c6ad43018d09a8749288a72a8
sp01_ol1_s0.7	1	42	raceline1	0.7	seed1_iter30	following	False	False	0	ce250ee39be7e56d0383e003cf49262d75d3c7fbe0d161ddf010651e7c37065c
sp01_ol1_s0.8	1	42	raceline1	0.8	BC	following	False	False	0	b5a1360fee18c2875185a3d23ab21cbdd8a4cdb2e94639433a148f34809ac5e4
sp01_ol1_s0.8	1	42	raceline1	0.8	seed1_iter10	following	False	False	0	4dde873cb0c81ac9836eeeb3b0b740d82ff1887a23b8e568008abffd27476312
sp01_ol1_s0.8	1	42	raceline1	0.8	seed1_iter20	following	False	False	0	e3190c2aa3683e6b63371e609efb909c817dc23c6ad43018d09a8749288a72a8
sp01_ol1_s0.8	1	42	raceline1	0.8	seed1_iter30	following	False	False	0	ce250ee39be7e56d0383e003cf49262d75d3c7fbe0d161ddf010651e7c37065c
sp01_ol2_s0.5	1	42	raceline2	0.5	BC	overtaking	False	False	0	b5a1360fee18c2875185a3d23ab21cbdd8a4cdb2e94639433a148f34809ac5e4
sp01_ol2_s0.5	1	42	raceline2	0.5	seed1_iter10	overtaking	False	False	0	4dde873cb0c81ac9836eeeb3b0b740d82ff1887a23b8e568008abffd27476312
sp01_ol2_s0.5	1	42	raceline2	0.5	seed1_iter20	overtaking	False	False	0	e3190c2aa3683e6b63371e609efb909c817dc23c6ad43018d09a8749288a72a8
sp01_ol2_s0.5	1	42	raceline2	0.5	seed1_iter30	overtaking	False	False	0	ce250ee39be7e56d0383e003cf49262d75d3c7fbe0d161ddf010651e7c37065c
sp01_ol2_s0.6	1	42	raceline2	0.6	BC	overtaking	False	False	0	b5a1360fee18c2875185a3d23ab21cbdd8a4cdb2e94639433a148f34809ac5e4
sp01_ol2_s0.6	1	42	raceline2	0.6	seed1_iter10	overtaking	False	False	0	4dde873cb0c81ac9836eeeb3b0b740d82ff1887a23b8e568008abffd27476312
sp01_ol2_s0.6	1	42	raceline2	0.6	seed1_iter20	overtaking	False	False	0	e3190c2aa3683e6b63371e609efb909c817dc23c6ad43018d09a8749288a72a8
sp01_ol2_s0.6	1	42	raceline2	0.6	seed1_iter30	overtaking	False	False	0	ce250ee39be7e56d0383e003cf49262d75d3c7fbe0d161ddf010651e7c37065c
sp01_ol2_s0.7	1	42	raceline2	0.7	BC	collision	True	True	0	b5a1360fee18c2875185a3d23ab21cbdd8a4cdb2e94639433a148f34809ac5e4
sp01_ol2_s0.7	1	42	raceline2	0.7	seed1_iter10	overtaking	False	False	0	4dde873cb0c81ac9836eeeb3b0b740d82ff1887a23b8e568008abffd27476312
sp01_ol2_s0.7	1	42	raceline2	0.7	seed1_iter20	overtaking	False	False	0	e3190c2aa3683e6b63371e609efb909c817dc23c6ad43018d09a8749288a72a8
sp01_ol2_s0.7	1	42	raceline2	0.7	seed1_iter30	overtaking	False	False	0	ce250ee39be7e56d0383e003cf49262d75d3c7fbe0d161ddf010651e7c37065c
sp01_ol2_s0.8	1	42	raceline2	0.8	BC	collision	True	True	0	b5a1360fee18c2875185a3d23ab21cbdd8a4cdb2e94639433a148f34809ac5e4
sp01_ol2_s0.8	1	42	raceline2	0.8	seed1_iter10	following	False	False	0	4dde873cb0c81ac9836eeeb3b0b740d82ff1887a23b8e568008abffd27476312
sp01_ol2_s0.8	1	42	raceline2	0.8	seed1_iter20	collision	True	True	0	e3190c2aa3683e6b63371e609efb909c817dc23c6ad43018d09a8749288a72a8
sp01_ol2_s0.8	1	42	raceline2	0.8	seed1_iter30	overtaking	False	False	0	ce250ee39be7e56d0383e003cf49262d75d3c7fbe0d161ddf010651e7c37065c
sp02_ol0_s0.5	2	85	raceline0	0.5	BC	overtaking	False	False	0	b5a1360fee18c2875185a3d23ab21cbdd8a4cdb2e94639433a148f34809ac5e4
sp02_ol0_s0.5	2	85	raceline0	0.5	seed1_iter10	overtaking	False	False	0	4dde873cb0c81ac9836eeeb3b0b740d82ff1887a23b8e568008abffd27476312
sp02_ol0_s0.5	2	85	raceline0	0.5	seed1_iter20	overtaking	False	False	0	e3190c2aa3683e6b63371e609efb909c817dc23c6ad43018d09a8749288a72a8
sp02_ol0_s0.5	2	85	raceline0	0.5	seed1_iter30	overtaking	False	False	0	ce250ee39be7e56d0383e003cf49262d75d3c7fbe0d161ddf010651e7c37065c
sp02_ol0_s0.6	2	85	raceline0	0.6	BC	overtaking	False	False	0	b5a1360fee18c2875185a3d23ab21cbdd8a4cdb2e94639433a148f34809ac5e4
sp02_ol0_s0.6	2	85	raceline0	0.6	seed1_iter10	overtaking	False	False	0	4dde873cb0c81ac9836eeeb3b0b740d82ff1887a23b8e568008abffd27476312
sp02_ol0_s0.6	2	85	raceline0	0.6	seed1_iter20	overtaking	False	False	0	e3190c2aa3683e6b63371e609efb909c817dc23c6ad43018d09a8749288a72a8
sp02_ol0_s0.6	2	85	raceline0	0.6	seed1_iter30	overtaking	False	False	0	ce250ee39be7e56d0383e003cf49262d75d3c7fbe0d161ddf010651e7c37065c
sp02_ol0_s0.7	2	85	raceline0	0.7	BC	overtaking	False	False	0	b5a1360fee18c2875185a3d23ab21cbdd8a4cdb2e94639433a148f34809ac5e4
sp02_ol0_s0.7	2	85	raceline0	0.7	seed1_iter10	overtaking	False	False	0	4dde873cb0c81ac9836eeeb3b0b740d82ff1887a23b8e568008abffd27476312
sp02_ol0_s0.7	2	85	raceline0	0.7	seed1_iter20	overtaking	False	False	0	e3190c2aa3683e6b63371e609efb909c817dc23c6ad43018d09a8749288a72a8
sp02_ol0_s0.7	2	85	raceline0	0.7	seed1_iter30	overtaking	False	False	0	ce250ee39be7e56d0383e003cf49262d75d3c7fbe0d161ddf010651e7c37065c
sp02_ol0_s0.8	2	85	raceline0	0.8	BC	overtaking	False	False	0	b5a1360fee18c2875185a3d23ab21cbdd8a4cdb2e94639433a148f34809ac5e4
sp02_ol0_s0.8	2	85	raceline0	0.8	seed1_iter10	overtaking	False	False	0	4dde873cb0c81ac9836eeeb3b0b740d82ff1887a23b8e568008abffd27476312
sp02_ol0_s0.8	2	85	raceline0	0.8	seed1_iter20	overtaking	False	False	0	e3190c2aa3683e6b63371e609efb909c817dc23c6ad43018d09a8749288a72a8
sp02_ol0_s0.8	2	85	raceline0	0.8	seed1_iter30	overtaking	False	False	0	ce250ee39be7e56d0383e003cf49262d75d3c7fbe0d161ddf010651e7c37065c
sp02_ol1_s0.5	2	85	raceline1	0.5	BC	following	False	False	0	b5a1360fee18c2875185a3d23ab21cbdd8a4cdb2e94639433a148f34809ac5e4
sp02_ol1_s0.5	2	85	raceline1	0.5	seed1_iter10	following	False	False	0	4dde873cb0c81ac9836eeeb3b0b740d82ff1887a23b8e568008abffd27476312
sp02_ol1_s0.5	2	85	raceline1	0.5	seed1_iter20	following	False	False	0	e3190c2aa3683e6b63371e609efb909c817dc23c6ad43018d09a8749288a72a8
sp02_ol1_s0.5	2	85	raceline1	0.5	seed1_iter30	following	False	False	0	ce250ee39be7e56d0383e003cf49262d75d3c7fbe0d161ddf010651e7c37065c
sp02_ol1_s0.6	2	85	raceline1	0.6	BC	following	False	False	0	b5a1360fee18c2875185a3d23ab21cbdd8a4cdb2e94639433a148f34809ac5e4
sp02_ol1_s0.6	2	85	raceline1	0.6	seed1_iter10	following	False	False	0	4dde873cb0c81ac9836eeeb3b0b740d82ff1887a23b8e568008abffd27476312
sp02_ol1_s0.6	2	85	raceline1	0.6	seed1_iter20	following	False	False	0	e3190c2aa3683e6b63371e609efb909c817dc23c6ad43018d09a8749288a72a8
sp02_ol1_s0.6	2	85	raceline1	0.6	seed1_iter30	following	False	False	0	ce250ee39be7e56d0383e003cf49262d75d3c7fbe0d161ddf010651e7c37065c
sp02_ol1_s0.7	2	85	raceline1	0.7	BC	following	False	False	0	b5a1360fee18c2875185a3d23ab21cbdd8a4cdb2e94639433a148f34809ac5e4
sp02_ol1_s0.7	2	85	raceline1	0.7	seed1_iter10	following	False	False	0	4dde873cb0c81ac9836eeeb3b0b740d82ff1887a23b8e568008abffd27476312
sp02_ol1_s0.7	2	85	raceline1	0.7	seed1_iter20	following	False	False	0	e3190c2aa3683e6b63371e609efb909c817dc23c6ad43018d09a8749288a72a8
sp02_ol1_s0.7	2	85	raceline1	0.7	seed1_iter30	following	False	False	0	ce250ee39be7e56d0383e003cf49262d75d3c7fbe0d161ddf010651e7c37065c
sp02_ol1_s0.8	2	85	raceline1	0.8	BC	following	False	False	0	b5a1360fee18c2875185a3d23ab21cbdd8a4cdb2e94639433a148f34809ac5e4
sp02_ol1_s0.8	2	85	raceline1	0.8	seed1_iter10	following	False	False	0	4dde873cb0c81ac9836eeeb3b0b740d82ff1887a23b8e568008abffd27476312
sp02_ol1_s0.8	2	85	raceline1	0.8	seed1_iter20	following	False	False	0	e3190c2aa3683e6b63371e609efb909c817dc23c6ad43018d09a8749288a72a8
sp02_ol1_s0.8	2	85	raceline1	0.8	seed1_iter30	following	False	False	0	ce250ee39be7e56d0383e003cf49262d75d3c7fbe0d161ddf010651e7c37065c
sp02_ol2_s0.5	2	85	raceline2	0.5	BC	overtaking	False	False	0	b5a1360fee18c2875185a3d23ab21cbdd8a4cdb2e94639433a148f34809ac5e4
sp02_ol2_s0.5	2	85	raceline2	0.5	seed1_iter10	overtaking	False	False	0	4dde873cb0c81ac9836eeeb3b0b740d82ff1887a23b8e568008abffd27476312
sp02_ol2_s0.5	2	85	raceline2	0.5	seed1_iter20	overtaking	False	False	0	e3190c2aa3683e6b63371e609efb909c817dc23c6ad43018d09a8749288a72a8
sp02_ol2_s0.5	2	85	raceline2	0.5	seed1_iter30	overtaking	False	False	0	ce250ee39be7e56d0383e003cf49262d75d3c7fbe0d161ddf010651e7c37065c
sp02_ol2_s0.6	2	85	raceline2	0.6	BC	overtaking	False	False	0	b5a1360fee18c2875185a3d23ab21cbdd8a4cdb2e94639433a148f34809ac5e4
sp02_ol2_s0.6	2	85	raceline2	0.6	seed1_iter10	overtaking	False	False	0	4dde873cb0c81ac9836eeeb3b0b740d82ff1887a23b8e568008abffd27476312
sp02_ol2_s0.6	2	85	raceline2	0.6	seed1_iter20	overtaking	False	False	0	e3190c2aa3683e6b63371e609efb909c817dc23c6ad43018d09a8749288a72a8
sp02_ol2_s0.6	2	85	raceline2	0.6	seed1_iter30	overtaking	False	False	0	ce250ee39be7e56d0383e003cf49262d75d3c7fbe0d161ddf010651e7c37065c
sp02_ol2_s0.7	2	85	raceline2	0.7	BC	overtaking	False	False	0	b5a1360fee18c2875185a3d23ab21cbdd8a4cdb2e94639433a148f34809ac5e4
sp02_ol2_s0.7	2	85	raceline2	0.7	seed1_iter10	overtaking	False	False	0	4dde873cb0c81ac9836eeeb3b0b740d82ff1887a23b8e568008abffd27476312
sp02_ol2_s0.7	2	85	raceline2	0.7	seed1_iter20	overtaking	False	False	0	e3190c2aa3683e6b63371e609efb909c817dc23c6ad43018d09a8749288a72a8
sp02_ol2_s0.7	2	85	raceline2	0.7	seed1_iter30	overtaking	False	False	0	ce250ee39be7e56d0383e003cf49262d75d3c7fbe0d161ddf010651e7c37065c
sp02_ol2_s0.8	2	85	raceline2	0.8	BC	collision	True	True	0	b5a1360fee18c2875185a3d23ab21cbdd8a4cdb2e94639433a148f34809ac5e4
sp02_ol2_s0.8	2	85	raceline2	0.8	seed1_iter10	collision	True	True	0	4dde873cb0c81ac9836eeeb3b0b740d82ff1887a23b8e568008abffd27476312
sp02_ol2_s0.8	2	85	raceline2	0.8	seed1_iter20	collision	True	True	0	e3190c2aa3683e6b63371e609efb909c817dc23c6ad43018d09a8749288a72a8
sp02_ol2_s0.8	2	85	raceline2	0.8	seed1_iter30	collision	True	True	0	ce250ee39be7e56d0383e003cf49262d75d3c7fbe0d161ddf010651e7c37065c
sp03_ol0_s0.5	3	128	raceline0	0.5	BC	overtaking	False	False	0	b5a1360fee18c2875185a3d23ab21cbdd8a4cdb2e94639433a148f34809ac5e4
sp03_ol0_s0.5	3	128	raceline0	0.5	seed1_iter10	overtaking	False	False	0	4dde873cb0c81ac9836eeeb3b0b740d82ff1887a23b8e568008abffd27476312
sp03_ol0_s0.5	3	128	raceline0	0.5	seed1_iter20	overtaking	False	False	0	e3190c2aa3683e6b63371e609efb909c817dc23c6ad43018d09a8749288a72a8
sp03_ol0_s0.5	3	128	raceline0	0.5	seed1_iter30	overtaking	False	False	0	ce250ee39be7e56d0383e003cf49262d75d3c7fbe0d161ddf010651e7c37065c
sp03_ol0_s0.6	3	128	raceline0	0.6	BC	overtaking	False	False	0	b5a1360fee18c2875185a3d23ab21cbdd8a4cdb2e94639433a148f34809ac5e4
sp03_ol0_s0.6	3	128	raceline0	0.6	seed1_iter10	overtaking	False	False	0	4dde873cb0c81ac9836eeeb3b0b740d82ff1887a23b8e568008abffd27476312
sp03_ol0_s0.6	3	128	raceline0	0.6	seed1_iter20	overtaking	False	False	0	e3190c2aa3683e6b63371e609efb909c817dc23c6ad43018d09a8749288a72a8
sp03_ol0_s0.6	3	128	raceline0	0.6	seed1_iter30	overtaking	False	False	0	ce250ee39be7e56d0383e003cf49262d75d3c7fbe0d161ddf010651e7c37065c
sp03_ol0_s0.7	3	128	raceline0	0.7	BC	overtaking	False	False	0	b5a1360fee18c2875185a3d23ab21cbdd8a4cdb2e94639433a148f34809ac5e4
sp03_ol0_s0.7	3	128	raceline0	0.7	seed1_iter10	overtaking	False	False	0	4dde873cb0c81ac9836eeeb3b0b740d82ff1887a23b8e568008abffd27476312
sp03_ol0_s0.7	3	128	raceline0	0.7	seed1_iter20	overtaking	False	False	0	e3190c2aa3683e6b63371e609efb909c817dc23c6ad43018d09a8749288a72a8
sp03_ol0_s0.7	3	128	raceline0	0.7	seed1_iter30	overtaking	False	False	0	ce250ee39be7e56d0383e003cf49262d75d3c7fbe0d161ddf010651e7c37065c
sp03_ol0_s0.8	3	128	raceline0	0.8	BC	overtaking	False	False	0	b5a1360fee18c2875185a3d23ab21cbdd8a4cdb2e94639433a148f34809ac5e4
sp03_ol0_s0.8	3	128	raceline0	0.8	seed1_iter10	overtaking	False	False	0	4dde873cb0c81ac9836eeeb3b0b740d82ff1887a23b8e568008abffd27476312
sp03_ol0_s0.8	3	128	raceline0	0.8	seed1_iter20	overtaking	False	False	0	e3190c2aa3683e6b63371e609efb909c817dc23c6ad43018d09a8749288a72a8
sp03_ol0_s0.8	3	128	raceline0	0.8	seed1_iter30	overtaking	False	False	0	ce250ee39be7e56d0383e003cf49262d75d3c7fbe0d161ddf010651e7c37065c
sp03_ol1_s0.5	3	128	raceline1	0.5	BC	following	False	False	0	b5a1360fee18c2875185a3d23ab21cbdd8a4cdb2e94639433a148f34809ac5e4
sp03_ol1_s0.5	3	128	raceline1	0.5	seed1_iter10	following	False	False	0	4dde873cb0c81ac9836eeeb3b0b740d82ff1887a23b8e568008abffd27476312
sp03_ol1_s0.5	3	128	raceline1	0.5	seed1_iter20	following	False	False	0	e3190c2aa3683e6b63371e609efb909c817dc23c6ad43018d09a8749288a72a8
sp03_ol1_s0.5	3	128	raceline1	0.5	seed1_iter30	following	False	False	0	ce250ee39be7e56d0383e003cf49262d75d3c7fbe0d161ddf010651e7c37065c
sp03_ol1_s0.6	3	128	raceline1	0.6	BC	following	False	False	0	b5a1360fee18c2875185a3d23ab21cbdd8a4cdb2e94639433a148f34809ac5e4
sp03_ol1_s0.6	3	128	raceline1	0.6	seed1_iter10	following	False	False	0	4dde873cb0c81ac9836eeeb3b0b740d82ff1887a23b8e568008abffd27476312
sp03_ol1_s0.6	3	128	raceline1	0.6	seed1_iter20	following	False	False	0	e3190c2aa3683e6b63371e609efb909c817dc23c6ad43018d09a8749288a72a8
sp03_ol1_s0.6	3	128	raceline1	0.6	seed1_iter30	following	False	False	0	ce250ee39be7e56d0383e003cf49262d75d3c7fbe0d161ddf010651e7c37065c
sp03_ol1_s0.7	3	128	raceline1	0.7	BC	following	False	False	0	b5a1360fee18c2875185a3d23ab21cbdd8a4cdb2e94639433a148f34809ac5e4
sp03_ol1_s0.7	3	128	raceline1	0.7	seed1_iter10	following	False	False	0	4dde873cb0c81ac9836eeeb3b0b740d82ff1887a23b8e568008abffd27476312
sp03_ol1_s0.7	3	128	raceline1	0.7	seed1_iter20	following	False	False	0	e3190c2aa3683e6b63371e609efb909c817dc23c6ad43018d09a8749288a72a8
sp03_ol1_s0.7	3	128	raceline1	0.7	seed1_iter30	following	False	False	0	ce250ee39be7e56d0383e003cf49262d75d3c7fbe0d161ddf010651e7c37065c
sp03_ol1_s0.8	3	128	raceline1	0.8	BC	following	False	False	0	b5a1360fee18c2875185a3d23ab21cbdd8a4cdb2e94639433a148f34809ac5e4
sp03_ol1_s0.8	3	128	raceline1	0.8	seed1_iter10	following	False	False	0	4dde873cb0c81ac9836eeeb3b0b740d82ff1887a23b8e568008abffd27476312
sp03_ol1_s0.8	3	128	raceline1	0.8	seed1_iter20	following	False	False	0	e3190c2aa3683e6b63371e609efb909c817dc23c6ad43018d09a8749288a72a8
sp03_ol1_s0.8	3	128	raceline1	0.8	seed1_iter30	following	False	False	0	ce250ee39be7e56d0383e003cf49262d75d3c7fbe0d161ddf010651e7c37065c
sp03_ol2_s0.5	3	128	raceline2	0.5	BC	overtaking	False	False	0	b5a1360fee18c2875185a3d23ab21cbdd8a4cdb2e94639433a148f34809ac5e4
sp03_ol2_s0.5	3	128	raceline2	0.5	seed1_iter10	overtaking	False	False	0	4dde873cb0c81ac9836eeeb3b0b740d82ff1887a23b8e568008abffd27476312
sp03_ol2_s0.5	3	128	raceline2	0.5	seed1_iter20	overtaking	False	False	0	e3190c2aa3683e6b63371e609efb909c817dc23c6ad43018d09a8749288a72a8
sp03_ol2_s0.5	3	128	raceline2	0.5	seed1_iter30	overtaking	False	False	0	ce250ee39be7e56d0383e003cf49262d75d3c7fbe0d161ddf010651e7c37065c
sp03_ol2_s0.6	3	128	raceline2	0.6	BC	overtaking	False	False	0	b5a1360fee18c2875185a3d23ab21cbdd8a4cdb2e94639433a148f34809ac5e4
sp03_ol2_s0.6	3	128	raceline2	0.6	seed1_iter10	overtaking	False	False	0	4dde873cb0c81ac9836eeeb3b0b740d82ff1887a23b8e568008abffd27476312
sp03_ol2_s0.6	3	128	raceline2	0.6	seed1_iter20	overtaking	False	False	0	e3190c2aa3683e6b63371e609efb909c817dc23c6ad43018d09a8749288a72a8
sp03_ol2_s0.6	3	128	raceline2	0.6	seed1_iter30	overtaking	False	False	0	ce250ee39be7e56d0383e003cf49262d75d3c7fbe0d161ddf010651e7c37065c
sp03_ol2_s0.7	3	128	raceline2	0.7	BC	overtaking	False	False	0	b5a1360fee18c2875185a3d23ab21cbdd8a4cdb2e94639433a148f34809ac5e4
sp03_ol2_s0.7	3	128	raceline2	0.7	seed1_iter10	overtaking	False	False	0	4dde873cb0c81ac9836eeeb3b0b740d82ff1887a23b8e568008abffd27476312
sp03_ol2_s0.7	3	128	raceline2	0.7	seed1_iter20	overtaking	False	False	0	e3190c2aa3683e6b63371e609efb909c817dc23c6ad43018d09a8749288a72a8
sp03_ol2_s0.7	3	128	raceline2	0.7	seed1_iter30	overtaking	False	False	0	ce250ee39be7e56d0383e003cf49262d75d3c7fbe0d161ddf010651e7c37065c
sp03_ol2_s0.8	3	128	raceline2	0.8	BC	collision	True	True	0	b5a1360fee18c2875185a3d23ab21cbdd8a4cdb2e94639433a148f34809ac5e4
sp03_ol2_s0.8	3	128	raceline2	0.8	seed1_iter10	collision	True	True	0	4dde873cb0c81ac9836eeeb3b0b740d82ff1887a23b8e568008abffd27476312
sp03_ol2_s0.8	3	128	raceline2	0.8	seed1_iter20	collision	True	True	0	e3190c2aa3683e6b63371e609efb909c817dc23c6ad43018d09a8749288a72a8
sp03_ol2_s0.8	3	128	raceline2	0.8	seed1_iter30	collision	True	True	0	ce250ee39be7e56d0383e003cf49262d75d3c7fbe0d161ddf010651e7c37065c
sp04_ol0_s0.5	4	171	raceline0	0.5	BC	overtaking	False	False	0	b5a1360fee18c2875185a3d23ab21cbdd8a4cdb2e94639433a148f34809ac5e4
sp04_ol0_s0.5	4	171	raceline0	0.5	seed1_iter10	overtaking	False	False	0	4dde873cb0c81ac9836eeeb3b0b740d82ff1887a23b8e568008abffd27476312
sp04_ol0_s0.5	4	171	raceline0	0.5	seed1_iter20	overtaking	False	False	0	e3190c2aa3683e6b63371e609efb909c817dc23c6ad43018d09a8749288a72a8
sp04_ol0_s0.5	4	171	raceline0	0.5	seed1_iter30	overtaking	False	False	0	ce250ee39be7e56d0383e003cf49262d75d3c7fbe0d161ddf010651e7c37065c
sp04_ol0_s0.6	4	171	raceline0	0.6	BC	overtaking	False	False	0	b5a1360fee18c2875185a3d23ab21cbdd8a4cdb2e94639433a148f34809ac5e4
sp04_ol0_s0.6	4	171	raceline0	0.6	seed1_iter10	overtaking	False	False	0	4dde873cb0c81ac9836eeeb3b0b740d82ff1887a23b8e568008abffd27476312
sp04_ol0_s0.6	4	171	raceline0	0.6	seed1_iter20	overtaking	False	False	0	e3190c2aa3683e6b63371e609efb909c817dc23c6ad43018d09a8749288a72a8
sp04_ol0_s0.6	4	171	raceline0	0.6	seed1_iter30	overtaking	False	False	0	ce250ee39be7e56d0383e003cf49262d75d3c7fbe0d161ddf010651e7c37065c
sp04_ol0_s0.7	4	171	raceline0	0.7	BC	overtaking	False	False	0	b5a1360fee18c2875185a3d23ab21cbdd8a4cdb2e94639433a148f34809ac5e4
sp04_ol0_s0.7	4	171	raceline0	0.7	seed1_iter10	overtaking	False	False	0	4dde873cb0c81ac9836eeeb3b0b740d82ff1887a23b8e568008abffd27476312
sp04_ol0_s0.7	4	171	raceline0	0.7	seed1_iter20	overtaking	False	False	0	e3190c2aa3683e6b63371e609efb909c817dc23c6ad43018d09a8749288a72a8
sp04_ol0_s0.7	4	171	raceline0	0.7	seed1_iter30	overtaking	False	False	0	ce250ee39be7e56d0383e003cf49262d75d3c7fbe0d161ddf010651e7c37065c
sp04_ol0_s0.8	4	171	raceline0	0.8	BC	following	False	False	0	b5a1360fee18c2875185a3d23ab21cbdd8a4cdb2e94639433a148f34809ac5e4
sp04_ol0_s0.8	4	171	raceline0	0.8	seed1_iter10	following	False	False	0	4dde873cb0c81ac9836eeeb3b0b740d82ff1887a23b8e568008abffd27476312
sp04_ol0_s0.8	4	171	raceline0	0.8	seed1_iter20	overtaking	False	False	0	e3190c2aa3683e6b63371e609efb909c817dc23c6ad43018d09a8749288a72a8
sp04_ol0_s0.8	4	171	raceline0	0.8	seed1_iter30	following	False	False	0	ce250ee39be7e56d0383e003cf49262d75d3c7fbe0d161ddf010651e7c37065c
sp04_ol1_s0.5	4	171	raceline1	0.5	BC	following	False	False	0	b5a1360fee18c2875185a3d23ab21cbdd8a4cdb2e94639433a148f34809ac5e4
sp04_ol1_s0.5	4	171	raceline1	0.5	seed1_iter10	following	False	False	0	4dde873cb0c81ac9836eeeb3b0b740d82ff1887a23b8e568008abffd27476312
sp04_ol1_s0.5	4	171	raceline1	0.5	seed1_iter20	following	False	False	0	e3190c2aa3683e6b63371e609efb909c817dc23c6ad43018d09a8749288a72a8
sp04_ol1_s0.5	4	171	raceline1	0.5	seed1_iter30	following	False	False	0	ce250ee39be7e56d0383e003cf49262d75d3c7fbe0d161ddf010651e7c37065c
sp04_ol1_s0.6	4	171	raceline1	0.6	BC	following	False	False	0	b5a1360fee18c2875185a3d23ab21cbdd8a4cdb2e94639433a148f34809ac5e4
sp04_ol1_s0.6	4	171	raceline1	0.6	seed1_iter10	following	False	False	0	4dde873cb0c81ac9836eeeb3b0b740d82ff1887a23b8e568008abffd27476312
sp04_ol1_s0.6	4	171	raceline1	0.6	seed1_iter20	following	False	False	0	e3190c2aa3683e6b63371e609efb909c817dc23c6ad43018d09a8749288a72a8
sp04_ol1_s0.6	4	171	raceline1	0.6	seed1_iter30	following	False	False	0	ce250ee39be7e56d0383e003cf49262d75d3c7fbe0d161ddf010651e7c37065c
sp04_ol1_s0.7	4	171	raceline1	0.7	BC	following	False	False	0	b5a1360fee18c2875185a3d23ab21cbdd8a4cdb2e94639433a148f34809ac5e4
sp04_ol1_s0.7	4	171	raceline1	0.7	seed1_iter10	following	False	False	0	4dde873cb0c81ac9836eeeb3b0b740d82ff1887a23b8e568008abffd27476312
sp04_ol1_s0.7	4	171	raceline1	0.7	seed1_iter20	following	False	False	0	e3190c2aa3683e6b63371e609efb909c817dc23c6ad43018d09a8749288a72a8
sp04_ol1_s0.7	4	171	raceline1	0.7	seed1_iter30	following	False	False	0	ce250ee39be7e56d0383e003cf49262d75d3c7fbe0d161ddf010651e7c37065c
sp04_ol1_s0.8	4	171	raceline1	0.8	BC	following	False	False	0	b5a1360fee18c2875185a3d23ab21cbdd8a4cdb2e94639433a148f34809ac5e4
sp04_ol1_s0.8	4	171	raceline1	0.8	seed1_iter10	following	False	False	0	4dde873cb0c81ac9836eeeb3b0b740d82ff1887a23b8e568008abffd27476312
sp04_ol1_s0.8	4	171	raceline1	0.8	seed1_iter20	following	False	False	0	e3190c2aa3683e6b63371e609efb909c817dc23c6ad43018d09a8749288a72a8
sp04_ol1_s0.8	4	171	raceline1	0.8	seed1_iter30	following	False	False	0	ce250ee39be7e56d0383e003cf49262d75d3c7fbe0d161ddf010651e7c37065c
sp04_ol2_s0.5	4	171	raceline2	0.5	BC	overtaking	False	False	0	b5a1360fee18c2875185a3d23ab21cbdd8a4cdb2e94639433a148f34809ac5e4
sp04_ol2_s0.5	4	171	raceline2	0.5	seed1_iter10	overtaking	False	False	0	4dde873cb0c81ac9836eeeb3b0b740d82ff1887a23b8e568008abffd27476312
sp04_ol2_s0.5	4	171	raceline2	0.5	seed1_iter20	overtaking	False	False	0	e3190c2aa3683e6b63371e609efb909c817dc23c6ad43018d09a8749288a72a8
sp04_ol2_s0.5	4	171	raceline2	0.5	seed1_iter30	overtaking	False	False	0	ce250ee39be7e56d0383e003cf49262d75d3c7fbe0d161ddf010651e7c37065c
sp04_ol2_s0.6	4	171	raceline2	0.6	BC	overtaking	False	False	0	b5a1360fee18c2875185a3d23ab21cbdd8a4cdb2e94639433a148f34809ac5e4
sp04_ol2_s0.6	4	171	raceline2	0.6	seed1_iter10	overtaking	False	False	0	4dde873cb0c81ac9836eeeb3b0b740d82ff1887a23b8e568008abffd27476312
sp04_ol2_s0.6	4	171	raceline2	0.6	seed1_iter20	overtaking	False	False	0	e3190c2aa3683e6b63371e609efb909c817dc23c6ad43018d09a8749288a72a8
sp04_ol2_s0.6	4	171	raceline2	0.6	seed1_iter30	overtaking	False	False	0	ce250ee39be7e56d0383e003cf49262d75d3c7fbe0d161ddf010651e7c37065c
sp04_ol2_s0.7	4	171	raceline2	0.7	BC	overtaking	False	False	0	b5a1360fee18c2875185a3d23ab21cbdd8a4cdb2e94639433a148f34809ac5e4
sp04_ol2_s0.7	4	171	raceline2	0.7	seed1_iter10	overtaking	False	False	0	4dde873cb0c81ac9836eeeb3b0b740d82ff1887a23b8e568008abffd27476312
sp04_ol2_s0.7	4	171	raceline2	0.7	seed1_iter20	overtaking	False	False	0	e3190c2aa3683e6b63371e609efb909c817dc23c6ad43018d09a8749288a72a8
sp04_ol2_s0.7	4	171	raceline2	0.7	seed1_iter30	overtaking	False	False	0	ce250ee39be7e56d0383e003cf49262d75d3c7fbe0d161ddf010651e7c37065c
sp04_ol2_s0.8	4	171	raceline2	0.8	BC	collision	True	True	0	b5a1360fee18c2875185a3d23ab21cbdd8a4cdb2e94639433a148f34809ac5e4
sp04_ol2_s0.8	4	171	raceline2	0.8	seed1_iter10	overtaking	False	False	0	4dde873cb0c81ac9836eeeb3b0b740d82ff1887a23b8e568008abffd27476312
sp04_ol2_s0.8	4	171	raceline2	0.8	seed1_iter20	collision	True	True	0	e3190c2aa3683e6b63371e609efb909c817dc23c6ad43018d09a8749288a72a8
sp04_ol2_s0.8	4	171	raceline2	0.8	seed1_iter30	collision	True	True	0	ce250ee39be7e56d0383e003cf49262d75d3c7fbe0d161ddf010651e7c37065c
sp05_ol0_s0.5	5	213	raceline0	0.5	BC	overtaking	False	False	0	b5a1360fee18c2875185a3d23ab21cbdd8a4cdb2e94639433a148f34809ac5e4
sp05_ol0_s0.5	5	213	raceline0	0.5	seed1_iter10	overtaking	False	False	0	4dde873cb0c81ac9836eeeb3b0b740d82ff1887a23b8e568008abffd27476312
sp05_ol0_s0.5	5	213	raceline0	0.5	seed1_iter20	overtaking	False	False	0	e3190c2aa3683e6b63371e609efb909c817dc23c6ad43018d09a8749288a72a8
sp05_ol0_s0.5	5	213	raceline0	0.5	seed1_iter30	overtaking	False	False	0	ce250ee39be7e56d0383e003cf49262d75d3c7fbe0d161ddf010651e7c37065c
sp05_ol0_s0.6	5	213	raceline0	0.6	BC	overtaking	False	False	0	b5a1360fee18c2875185a3d23ab21cbdd8a4cdb2e94639433a148f34809ac5e4
sp05_ol0_s0.6	5	213	raceline0	0.6	seed1_iter10	overtaking	False	False	0	4dde873cb0c81ac9836eeeb3b0b740d82ff1887a23b8e568008abffd27476312
sp05_ol0_s0.6	5	213	raceline0	0.6	seed1_iter20	overtaking	False	False	0	e3190c2aa3683e6b63371e609efb909c817dc23c6ad43018d09a8749288a72a8
sp05_ol0_s0.6	5	213	raceline0	0.6	seed1_iter30	overtaking	False	False	0	ce250ee39be7e56d0383e003cf49262d75d3c7fbe0d161ddf010651e7c37065c
sp05_ol0_s0.7	5	213	raceline0	0.7	BC	collision	True	True	0	b5a1360fee18c2875185a3d23ab21cbdd8a4cdb2e94639433a148f34809ac5e4
sp05_ol0_s0.7	5	213	raceline0	0.7	seed1_iter10	overtaking	False	False	0	4dde873cb0c81ac9836eeeb3b0b740d82ff1887a23b8e568008abffd27476312
sp05_ol0_s0.7	5	213	raceline0	0.7	seed1_iter20	collision	True	True	0	e3190c2aa3683e6b63371e609efb909c817dc23c6ad43018d09a8749288a72a8
sp05_ol0_s0.7	5	213	raceline0	0.7	seed1_iter30	collision	True	True	0	ce250ee39be7e56d0383e003cf49262d75d3c7fbe0d161ddf010651e7c37065c
sp05_ol0_s0.8	5	213	raceline0	0.8	BC	overtaking	False	False	0	b5a1360fee18c2875185a3d23ab21cbdd8a4cdb2e94639433a148f34809ac5e4
sp05_ol0_s0.8	5	213	raceline0	0.8	seed1_iter10	overtaking	False	False	0	4dde873cb0c81ac9836eeeb3b0b740d82ff1887a23b8e568008abffd27476312
sp05_ol0_s0.8	5	213	raceline0	0.8	seed1_iter20	overtaking	False	False	0	e3190c2aa3683e6b63371e609efb909c817dc23c6ad43018d09a8749288a72a8
sp05_ol0_s0.8	5	213	raceline0	0.8	seed1_iter30	overtaking	False	False	0	ce250ee39be7e56d0383e003cf49262d75d3c7fbe0d161ddf010651e7c37065c
sp05_ol1_s0.5	5	213	raceline1	0.5	BC	following	False	False	0	b5a1360fee18c2875185a3d23ab21cbdd8a4cdb2e94639433a148f34809ac5e4
sp05_ol1_s0.5	5	213	raceline1	0.5	seed1_iter10	following	False	False	0	4dde873cb0c81ac9836eeeb3b0b740d82ff1887a23b8e568008abffd27476312
sp05_ol1_s0.5	5	213	raceline1	0.5	seed1_iter20	collision	True	True	0	e3190c2aa3683e6b63371e609efb909c817dc23c6ad43018d09a8749288a72a8
sp05_ol1_s0.5	5	213	raceline1	0.5	seed1_iter30	collision	True	True	0	ce250ee39be7e56d0383e003cf49262d75d3c7fbe0d161ddf010651e7c37065c
sp05_ol1_s0.6	5	213	raceline1	0.6	BC	following	False	False	0	b5a1360fee18c2875185a3d23ab21cbdd8a4cdb2e94639433a148f34809ac5e4
sp05_ol1_s0.6	5	213	raceline1	0.6	seed1_iter10	following	False	False	0	4dde873cb0c81ac9836eeeb3b0b740d82ff1887a23b8e568008abffd27476312
sp05_ol1_s0.6	5	213	raceline1	0.6	seed1_iter20	following	False	False	0	e3190c2aa3683e6b63371e609efb909c817dc23c6ad43018d09a8749288a72a8
sp05_ol1_s0.6	5	213	raceline1	0.6	seed1_iter30	following	False	False	0	ce250ee39be7e56d0383e003cf49262d75d3c7fbe0d161ddf010651e7c37065c
sp05_ol1_s0.7	5	213	raceline1	0.7	BC	following	False	False	0	b5a1360fee18c2875185a3d23ab21cbdd8a4cdb2e94639433a148f34809ac5e4
sp05_ol1_s0.7	5	213	raceline1	0.7	seed1_iter10	following	False	False	0	4dde873cb0c81ac9836eeeb3b0b740d82ff1887a23b8e568008abffd27476312
sp05_ol1_s0.7	5	213	raceline1	0.7	seed1_iter20	following	False	False	0	e3190c2aa3683e6b63371e609efb909c817dc23c6ad43018d09a8749288a72a8
sp05_ol1_s0.7	5	213	raceline1	0.7	seed1_iter30	following	False	False	0	ce250ee39be7e56d0383e003cf49262d75d3c7fbe0d161ddf010651e7c37065c
sp05_ol1_s0.8	5	213	raceline1	0.8	BC	following	False	False	0	b5a1360fee18c2875185a3d23ab21cbdd8a4cdb2e94639433a148f34809ac5e4
sp05_ol1_s0.8	5	213	raceline1	0.8	seed1_iter10	following	False	False	0	4dde873cb0c81ac9836eeeb3b0b740d82ff1887a23b8e568008abffd27476312
sp05_ol1_s0.8	5	213	raceline1	0.8	seed1_iter20	following	False	False	0	e3190c2aa3683e6b63371e609efb909c817dc23c6ad43018d09a8749288a72a8
sp05_ol1_s0.8	5	213	raceline1	0.8	seed1_iter30	following	False	False	0	ce250ee39be7e56d0383e003cf49262d75d3c7fbe0d161ddf010651e7c37065c
sp05_ol2_s0.5	5	213	raceline2	0.5	BC	overtaking	False	False	0	b5a1360fee18c2875185a3d23ab21cbdd8a4cdb2e94639433a148f34809ac5e4
sp05_ol2_s0.5	5	213	raceline2	0.5	seed1_iter10	overtaking	False	False	0	4dde873cb0c81ac9836eeeb3b0b740d82ff1887a23b8e568008abffd27476312
sp05_ol2_s0.5	5	213	raceline2	0.5	seed1_iter20	overtaking	False	False	0	e3190c2aa3683e6b63371e609efb909c817dc23c6ad43018d09a8749288a72a8
sp05_ol2_s0.5	5	213	raceline2	0.5	seed1_iter30	overtaking	False	False	0	ce250ee39be7e56d0383e003cf49262d75d3c7fbe0d161ddf010651e7c37065c
sp05_ol2_s0.6	5	213	raceline2	0.6	BC	overtaking	False	False	0	b5a1360fee18c2875185a3d23ab21cbdd8a4cdb2e94639433a148f34809ac5e4
sp05_ol2_s0.6	5	213	raceline2	0.6	seed1_iter10	overtaking	False	False	0	4dde873cb0c81ac9836eeeb3b0b740d82ff1887a23b8e568008abffd27476312
sp05_ol2_s0.6	5	213	raceline2	0.6	seed1_iter20	overtaking	False	False	0	e3190c2aa3683e6b63371e609efb909c817dc23c6ad43018d09a8749288a72a8
sp05_ol2_s0.6	5	213	raceline2	0.6	seed1_iter30	overtaking	False	False	0	ce250ee39be7e56d0383e003cf49262d75d3c7fbe0d161ddf010651e7c37065c
sp05_ol2_s0.7	5	213	raceline2	0.7	BC	overtaking	False	False	0	b5a1360fee18c2875185a3d23ab21cbdd8a4cdb2e94639433a148f34809ac5e4
sp05_ol2_s0.7	5	213	raceline2	0.7	seed1_iter10	overtaking	False	False	0	4dde873cb0c81ac9836eeeb3b0b740d82ff1887a23b8e568008abffd27476312
sp05_ol2_s0.7	5	213	raceline2	0.7	seed1_iter20	overtaking	False	False	0	e3190c2aa3683e6b63371e609efb909c817dc23c6ad43018d09a8749288a72a8
sp05_ol2_s0.7	5	213	raceline2	0.7	seed1_iter30	overtaking	False	False	0	ce250ee39be7e56d0383e003cf49262d75d3c7fbe0d161ddf010651e7c37065c
sp05_ol2_s0.8	5	213	raceline2	0.8	BC	following	False	False	0	b5a1360fee18c2875185a3d23ab21cbdd8a4cdb2e94639433a148f34809ac5e4
sp05_ol2_s0.8	5	213	raceline2	0.8	seed1_iter10	following	False	False	0	4dde873cb0c81ac9836eeeb3b0b740d82ff1887a23b8e568008abffd27476312
sp05_ol2_s0.8	5	213	raceline2	0.8	seed1_iter20	following	False	False	0	e3190c2aa3683e6b63371e609efb909c817dc23c6ad43018d09a8749288a72a8
sp05_ol2_s0.8	5	213	raceline2	0.8	seed1_iter30	following	False	False	0	ce250ee39be7e56d0383e003cf49262d75d3c7fbe0d161ddf010651e7c37065c
sp06_ol0_s0.5	6	256	raceline0	0.5	BC	overtaking	False	False	0	b5a1360fee18c2875185a3d23ab21cbdd8a4cdb2e94639433a148f34809ac5e4
sp06_ol0_s0.5	6	256	raceline0	0.5	seed1_iter10	overtaking	False	False	0	4dde873cb0c81ac9836eeeb3b0b740d82ff1887a23b8e568008abffd27476312
sp06_ol0_s0.5	6	256	raceline0	0.5	seed1_iter20	overtaking	False	False	0	e3190c2aa3683e6b63371e609efb909c817dc23c6ad43018d09a8749288a72a8
sp06_ol0_s0.5	6	256	raceline0	0.5	seed1_iter30	overtaking	False	False	0	ce250ee39be7e56d0383e003cf49262d75d3c7fbe0d161ddf010651e7c37065c
sp06_ol0_s0.6	6	256	raceline0	0.6	BC	overtaking	False	False	0	b5a1360fee18c2875185a3d23ab21cbdd8a4cdb2e94639433a148f34809ac5e4
sp06_ol0_s0.6	6	256	raceline0	0.6	seed1_iter10	overtaking	False	False	0	4dde873cb0c81ac9836eeeb3b0b740d82ff1887a23b8e568008abffd27476312
sp06_ol0_s0.6	6	256	raceline0	0.6	seed1_iter20	overtaking	False	False	0	e3190c2aa3683e6b63371e609efb909c817dc23c6ad43018d09a8749288a72a8
sp06_ol0_s0.6	6	256	raceline0	0.6	seed1_iter30	overtaking	False	False	0	ce250ee39be7e56d0383e003cf49262d75d3c7fbe0d161ddf010651e7c37065c
sp06_ol0_s0.7	6	256	raceline0	0.7	BC	overtaking	False	False	0	b5a1360fee18c2875185a3d23ab21cbdd8a4cdb2e94639433a148f34809ac5e4
sp06_ol0_s0.7	6	256	raceline0	0.7	seed1_iter10	overtaking	False	False	0	4dde873cb0c81ac9836eeeb3b0b740d82ff1887a23b8e568008abffd27476312
sp06_ol0_s0.7	6	256	raceline0	0.7	seed1_iter20	overtaking	False	False	0	e3190c2aa3683e6b63371e609efb909c817dc23c6ad43018d09a8749288a72a8
sp06_ol0_s0.7	6	256	raceline0	0.7	seed1_iter30	overtaking	False	False	0	ce250ee39be7e56d0383e003cf49262d75d3c7fbe0d161ddf010651e7c37065c
sp06_ol0_s0.8	6	256	raceline0	0.8	BC	overtaking	False	False	0	b5a1360fee18c2875185a3d23ab21cbdd8a4cdb2e94639433a148f34809ac5e4
sp06_ol0_s0.8	6	256	raceline0	0.8	seed1_iter10	overtaking	False	False	0	4dde873cb0c81ac9836eeeb3b0b740d82ff1887a23b8e568008abffd27476312
sp06_ol0_s0.8	6	256	raceline0	0.8	seed1_iter20	overtaking	False	False	0	e3190c2aa3683e6b63371e609efb909c817dc23c6ad43018d09a8749288a72a8
sp06_ol0_s0.8	6	256	raceline0	0.8	seed1_iter30	overtaking	False	False	0	ce250ee39be7e56d0383e003cf49262d75d3c7fbe0d161ddf010651e7c37065c
sp06_ol1_s0.5	6	256	raceline1	0.5	BC	overtaking	False	False	0	b5a1360fee18c2875185a3d23ab21cbdd8a4cdb2e94639433a148f34809ac5e4
sp06_ol1_s0.5	6	256	raceline1	0.5	seed1_iter10	following	False	False	0	4dde873cb0c81ac9836eeeb3b0b740d82ff1887a23b8e568008abffd27476312
sp06_ol1_s0.5	6	256	raceline1	0.5	seed1_iter20	following	False	False	0	e3190c2aa3683e6b63371e609efb909c817dc23c6ad43018d09a8749288a72a8
sp06_ol1_s0.5	6	256	raceline1	0.5	seed1_iter30	collision	True	True	0	ce250ee39be7e56d0383e003cf49262d75d3c7fbe0d161ddf010651e7c37065c
sp06_ol1_s0.6	6	256	raceline1	0.6	BC	following	False	False	0	b5a1360fee18c2875185a3d23ab21cbdd8a4cdb2e94639433a148f34809ac5e4
sp06_ol1_s0.6	6	256	raceline1	0.6	seed1_iter10	following	False	False	0	4dde873cb0c81ac9836eeeb3b0b740d82ff1887a23b8e568008abffd27476312
sp06_ol1_s0.6	6	256	raceline1	0.6	seed1_iter20	following	False	False	0	e3190c2aa3683e6b63371e609efb909c817dc23c6ad43018d09a8749288a72a8
sp06_ol1_s0.6	6	256	raceline1	0.6	seed1_iter30	following	False	False	0	ce250ee39be7e56d0383e003cf49262d75d3c7fbe0d161ddf010651e7c37065c
sp06_ol1_s0.7	6	256	raceline1	0.7	BC	following	False	False	0	b5a1360fee18c2875185a3d23ab21cbdd8a4cdb2e94639433a148f34809ac5e4
sp06_ol1_s0.7	6	256	raceline1	0.7	seed1_iter10	following	False	False	0	4dde873cb0c81ac9836eeeb3b0b740d82ff1887a23b8e568008abffd27476312
sp06_ol1_s0.7	6	256	raceline1	0.7	seed1_iter20	following	False	False	0	e3190c2aa3683e6b63371e609efb909c817dc23c6ad43018d09a8749288a72a8
sp06_ol1_s0.7	6	256	raceline1	0.7	seed1_iter30	following	False	False	0	ce250ee39be7e56d0383e003cf49262d75d3c7fbe0d161ddf010651e7c37065c
sp06_ol1_s0.8	6	256	raceline1	0.8	BC	following	False	False	0	b5a1360fee18c2875185a3d23ab21cbdd8a4cdb2e94639433a148f34809ac5e4
sp06_ol1_s0.8	6	256	raceline1	0.8	seed1_iter10	following	False	False	0	4dde873cb0c81ac9836eeeb3b0b740d82ff1887a23b8e568008abffd27476312
sp06_ol1_s0.8	6	256	raceline1	0.8	seed1_iter20	following	False	False	0	e3190c2aa3683e6b63371e609efb909c817dc23c6ad43018d09a8749288a72a8
sp06_ol1_s0.8	6	256	raceline1	0.8	seed1_iter30	following	False	False	0	ce250ee39be7e56d0383e003cf49262d75d3c7fbe0d161ddf010651e7c37065c
sp06_ol2_s0.5	6	256	raceline2	0.5	BC	overtaking	False	False	0	b5a1360fee18c2875185a3d23ab21cbdd8a4cdb2e94639433a148f34809ac5e4
sp06_ol2_s0.5	6	256	raceline2	0.5	seed1_iter10	overtaking	False	False	0	4dde873cb0c81ac9836eeeb3b0b740d82ff1887a23b8e568008abffd27476312
sp06_ol2_s0.5	6	256	raceline2	0.5	seed1_iter20	overtaking	False	False	0	e3190c2aa3683e6b63371e609efb909c817dc23c6ad43018d09a8749288a72a8
sp06_ol2_s0.5	6	256	raceline2	0.5	seed1_iter30	overtaking	False	False	0	ce250ee39be7e56d0383e003cf49262d75d3c7fbe0d161ddf010651e7c37065c
sp06_ol2_s0.6	6	256	raceline2	0.6	BC	overtaking	False	False	0	b5a1360fee18c2875185a3d23ab21cbdd8a4cdb2e94639433a148f34809ac5e4
sp06_ol2_s0.6	6	256	raceline2	0.6	seed1_iter10	overtaking	False	False	0	4dde873cb0c81ac9836eeeb3b0b740d82ff1887a23b8e568008abffd27476312
sp06_ol2_s0.6	6	256	raceline2	0.6	seed1_iter20	overtaking	False	False	0	e3190c2aa3683e6b63371e609efb909c817dc23c6ad43018d09a8749288a72a8
sp06_ol2_s0.6	6	256	raceline2	0.6	seed1_iter30	overtaking	False	False	0	ce250ee39be7e56d0383e003cf49262d75d3c7fbe0d161ddf010651e7c37065c
sp06_ol2_s0.7	6	256	raceline2	0.7	BC	overtaking	False	False	0	b5a1360fee18c2875185a3d23ab21cbdd8a4cdb2e94639433a148f34809ac5e4
sp06_ol2_s0.7	6	256	raceline2	0.7	seed1_iter10	overtaking	False	False	0	4dde873cb0c81ac9836eeeb3b0b740d82ff1887a23b8e568008abffd27476312
sp06_ol2_s0.7	6	256	raceline2	0.7	seed1_iter20	overtaking	False	False	0	e3190c2aa3683e6b63371e609efb909c817dc23c6ad43018d09a8749288a72a8
sp06_ol2_s0.7	6	256	raceline2	0.7	seed1_iter30	overtaking	False	False	0	ce250ee39be7e56d0383e003cf49262d75d3c7fbe0d161ddf010651e7c37065c
sp06_ol2_s0.8	6	256	raceline2	0.8	BC	following	False	False	0	b5a1360fee18c2875185a3d23ab21cbdd8a4cdb2e94639433a148f34809ac5e4
sp06_ol2_s0.8	6	256	raceline2	0.8	seed1_iter10	following	False	False	0	4dde873cb0c81ac9836eeeb3b0b740d82ff1887a23b8e568008abffd27476312
sp06_ol2_s0.8	6	256	raceline2	0.8	seed1_iter20	following	False	False	0	e3190c2aa3683e6b63371e609efb909c817dc23c6ad43018d09a8749288a72a8
sp06_ol2_s0.8	6	256	raceline2	0.8	seed1_iter30	following	False	False	0	ce250ee39be7e56d0383e003cf49262d75d3c7fbe0d161ddf010651e7c37065c
sp07_ol0_s0.5	7	299	raceline0	0.5	BC	overtaking	False	False	0	b5a1360fee18c2875185a3d23ab21cbdd8a4cdb2e94639433a148f34809ac5e4
sp07_ol0_s0.5	7	299	raceline0	0.5	seed1_iter10	overtaking	False	False	0	4dde873cb0c81ac9836eeeb3b0b740d82ff1887a23b8e568008abffd27476312
sp07_ol0_s0.5	7	299	raceline0	0.5	seed1_iter20	overtaking	False	False	0	e3190c2aa3683e6b63371e609efb909c817dc23c6ad43018d09a8749288a72a8
sp07_ol0_s0.5	7	299	raceline0	0.5	seed1_iter30	overtaking	False	False	0	ce250ee39be7e56d0383e003cf49262d75d3c7fbe0d161ddf010651e7c37065c
sp07_ol0_s0.6	7	299	raceline0	0.6	BC	overtaking	False	False	0	b5a1360fee18c2875185a3d23ab21cbdd8a4cdb2e94639433a148f34809ac5e4
sp07_ol0_s0.6	7	299	raceline0	0.6	seed1_iter10	overtaking	False	False	0	4dde873cb0c81ac9836eeeb3b0b740d82ff1887a23b8e568008abffd27476312
sp07_ol0_s0.6	7	299	raceline0	0.6	seed1_iter20	overtaking	False	False	0	e3190c2aa3683e6b63371e609efb909c817dc23c6ad43018d09a8749288a72a8
sp07_ol0_s0.6	7	299	raceline0	0.6	seed1_iter30	overtaking	False	False	0	ce250ee39be7e56d0383e003cf49262d75d3c7fbe0d161ddf010651e7c37065c
sp07_ol0_s0.7	7	299	raceline0	0.7	BC	overtaking	False	False	0	b5a1360fee18c2875185a3d23ab21cbdd8a4cdb2e94639433a148f34809ac5e4
sp07_ol0_s0.7	7	299	raceline0	0.7	seed1_iter10	overtaking	False	False	0	4dde873cb0c81ac9836eeeb3b0b740d82ff1887a23b8e568008abffd27476312
sp07_ol0_s0.7	7	299	raceline0	0.7	seed1_iter20	overtaking	False	False	0	e3190c2aa3683e6b63371e609efb909c817dc23c6ad43018d09a8749288a72a8
sp07_ol0_s0.7	7	299	raceline0	0.7	seed1_iter30	overtaking	False	False	0	ce250ee39be7e56d0383e003cf49262d75d3c7fbe0d161ddf010651e7c37065c
sp07_ol0_s0.8	7	299	raceline0	0.8	BC	overtaking	False	False	0	b5a1360fee18c2875185a3d23ab21cbdd8a4cdb2e94639433a148f34809ac5e4
sp07_ol0_s0.8	7	299	raceline0	0.8	seed1_iter10	overtaking	False	False	0	4dde873cb0c81ac9836eeeb3b0b740d82ff1887a23b8e568008abffd27476312
sp07_ol0_s0.8	7	299	raceline0	0.8	seed1_iter20	overtaking	False	False	0	e3190c2aa3683e6b63371e609efb909c817dc23c6ad43018d09a8749288a72a8
sp07_ol0_s0.8	7	299	raceline0	0.8	seed1_iter30	overtaking	False	False	0	ce250ee39be7e56d0383e003cf49262d75d3c7fbe0d161ddf010651e7c37065c
sp07_ol1_s0.5	7	299	raceline1	0.5	BC	following	False	False	0	b5a1360fee18c2875185a3d23ab21cbdd8a4cdb2e94639433a148f34809ac5e4
sp07_ol1_s0.5	7	299	raceline1	0.5	seed1_iter10	following	False	False	0	4dde873cb0c81ac9836eeeb3b0b740d82ff1887a23b8e568008abffd27476312
sp07_ol1_s0.5	7	299	raceline1	0.5	seed1_iter20	following	False	False	0	e3190c2aa3683e6b63371e609efb909c817dc23c6ad43018d09a8749288a72a8
sp07_ol1_s0.5	7	299	raceline1	0.5	seed1_iter30	following	False	False	0	ce250ee39be7e56d0383e003cf49262d75d3c7fbe0d161ddf010651e7c37065c
sp07_ol1_s0.6	7	299	raceline1	0.6	BC	following	False	False	0	b5a1360fee18c2875185a3d23ab21cbdd8a4cdb2e94639433a148f34809ac5e4
sp07_ol1_s0.6	7	299	raceline1	0.6	seed1_iter10	following	False	False	0	4dde873cb0c81ac9836eeeb3b0b740d82ff1887a23b8e568008abffd27476312
sp07_ol1_s0.6	7	299	raceline1	0.6	seed1_iter20	following	False	False	0	e3190c2aa3683e6b63371e609efb909c817dc23c6ad43018d09a8749288a72a8
sp07_ol1_s0.6	7	299	raceline1	0.6	seed1_iter30	following	False	False	0	ce250ee39be7e56d0383e003cf49262d75d3c7fbe0d161ddf010651e7c37065c
sp07_ol1_s0.7	7	299	raceline1	0.7	BC	following	False	False	0	b5a1360fee18c2875185a3d23ab21cbdd8a4cdb2e94639433a148f34809ac5e4
sp07_ol1_s0.7	7	299	raceline1	0.7	seed1_iter10	following	False	False	0	4dde873cb0c81ac9836eeeb3b0b740d82ff1887a23b8e568008abffd27476312
sp07_ol1_s0.7	7	299	raceline1	0.7	seed1_iter20	following	False	False	0	e3190c2aa3683e6b63371e609efb909c817dc23c6ad43018d09a8749288a72a8
sp07_ol1_s0.7	7	299	raceline1	0.7	seed1_iter30	following	False	False	0	ce250ee39be7e56d0383e003cf49262d75d3c7fbe0d161ddf010651e7c37065c
sp07_ol1_s0.8	7	299	raceline1	0.8	BC	following	False	False	0	b5a1360fee18c2875185a3d23ab21cbdd8a4cdb2e94639433a148f34809ac5e4
sp07_ol1_s0.8	7	299	raceline1	0.8	seed1_iter10	following	False	False	0	4dde873cb0c81ac9836eeeb3b0b740d82ff1887a23b8e568008abffd27476312
sp07_ol1_s0.8	7	299	raceline1	0.8	seed1_iter20	following	False	False	0	e3190c2aa3683e6b63371e609efb909c817dc23c6ad43018d09a8749288a72a8
sp07_ol1_s0.8	7	299	raceline1	0.8	seed1_iter30	following	False	False	0	ce250ee39be7e56d0383e003cf49262d75d3c7fbe0d161ddf010651e7c37065c
sp07_ol2_s0.5	7	299	raceline2	0.5	BC	overtaking	False	False	0	b5a1360fee18c2875185a3d23ab21cbdd8a4cdb2e94639433a148f34809ac5e4
sp07_ol2_s0.5	7	299	raceline2	0.5	seed1_iter10	overtaking	False	False	0	4dde873cb0c81ac9836eeeb3b0b740d82ff1887a23b8e568008abffd27476312
sp07_ol2_s0.5	7	299	raceline2	0.5	seed1_iter20	overtaking	False	False	0	e3190c2aa3683e6b63371e609efb909c817dc23c6ad43018d09a8749288a72a8
sp07_ol2_s0.5	7	299	raceline2	0.5	seed1_iter30	overtaking	False	False	0	ce250ee39be7e56d0383e003cf49262d75d3c7fbe0d161ddf010651e7c37065c
sp07_ol2_s0.6	7	299	raceline2	0.6	BC	overtaking	False	False	0	b5a1360fee18c2875185a3d23ab21cbdd8a4cdb2e94639433a148f34809ac5e4
sp07_ol2_s0.6	7	299	raceline2	0.6	seed1_iter10	overtaking	False	False	0	4dde873cb0c81ac9836eeeb3b0b740d82ff1887a23b8e568008abffd27476312
sp07_ol2_s0.6	7	299	raceline2	0.6	seed1_iter20	overtaking	False	False	0	e3190c2aa3683e6b63371e609efb909c817dc23c6ad43018d09a8749288a72a8
sp07_ol2_s0.6	7	299	raceline2	0.6	seed1_iter30	overtaking	False	False	0	ce250ee39be7e56d0383e003cf49262d75d3c7fbe0d161ddf010651e7c37065c
sp07_ol2_s0.7	7	299	raceline2	0.7	BC	overtaking	False	False	0	b5a1360fee18c2875185a3d23ab21cbdd8a4cdb2e94639433a148f34809ac5e4
sp07_ol2_s0.7	7	299	raceline2	0.7	seed1_iter10	overtaking	False	False	0	4dde873cb0c81ac9836eeeb3b0b740d82ff1887a23b8e568008abffd27476312
sp07_ol2_s0.7	7	299	raceline2	0.7	seed1_iter20	overtaking	False	False	0	e3190c2aa3683e6b63371e609efb909c817dc23c6ad43018d09a8749288a72a8
sp07_ol2_s0.7	7	299	raceline2	0.7	seed1_iter30	overtaking	False	False	0	ce250ee39be7e56d0383e003cf49262d75d3c7fbe0d161ddf010651e7c37065c
sp07_ol2_s0.8	7	299	raceline2	0.8	BC	overtaking	False	False	0	b5a1360fee18c2875185a3d23ab21cbdd8a4cdb2e94639433a148f34809ac5e4
sp07_ol2_s0.8	7	299	raceline2	0.8	seed1_iter10	overtaking	False	False	0	4dde873cb0c81ac9836eeeb3b0b740d82ff1887a23b8e568008abffd27476312
sp07_ol2_s0.8	7	299	raceline2	0.8	seed1_iter20	overtaking	False	False	0	e3190c2aa3683e6b63371e609efb909c817dc23c6ad43018d09a8749288a72a8
sp07_ol2_s0.8	7	299	raceline2	0.8	seed1_iter30	following	False	False	0	ce250ee39be7e56d0383e003cf49262d75d3c7fbe0d161ddf010651e7c37065c
sp08_ol0_s0.5	8	342	raceline0	0.5	BC	overtaking	False	False	0	b5a1360fee18c2875185a3d23ab21cbdd8a4cdb2e94639433a148f34809ac5e4
sp08_ol0_s0.5	8	342	raceline0	0.5	seed1_iter10	overtaking	False	False	0	4dde873cb0c81ac9836eeeb3b0b740d82ff1887a23b8e568008abffd27476312
sp08_ol0_s0.5	8	342	raceline0	0.5	seed1_iter20	overtaking	False	False	0	e3190c2aa3683e6b63371e609efb909c817dc23c6ad43018d09a8749288a72a8
sp08_ol0_s0.5	8	342	raceline0	0.5	seed1_iter30	overtaking	False	False	0	ce250ee39be7e56d0383e003cf49262d75d3c7fbe0d161ddf010651e7c37065c
sp08_ol0_s0.6	8	342	raceline0	0.6	BC	overtaking	False	False	0	b5a1360fee18c2875185a3d23ab21cbdd8a4cdb2e94639433a148f34809ac5e4
sp08_ol0_s0.6	8	342	raceline0	0.6	seed1_iter10	overtaking	False	False	0	4dde873cb0c81ac9836eeeb3b0b740d82ff1887a23b8e568008abffd27476312
sp08_ol0_s0.6	8	342	raceline0	0.6	seed1_iter20	overtaking	False	False	0	e3190c2aa3683e6b63371e609efb909c817dc23c6ad43018d09a8749288a72a8
sp08_ol0_s0.6	8	342	raceline0	0.6	seed1_iter30	overtaking	False	False	0	ce250ee39be7e56d0383e003cf49262d75d3c7fbe0d161ddf010651e7c37065c
sp08_ol0_s0.7	8	342	raceline0	0.7	BC	overtaking	False	False	0	b5a1360fee18c2875185a3d23ab21cbdd8a4cdb2e94639433a148f34809ac5e4
sp08_ol0_s0.7	8	342	raceline0	0.7	seed1_iter10	overtaking	False	False	0	4dde873cb0c81ac9836eeeb3b0b740d82ff1887a23b8e568008abffd27476312
sp08_ol0_s0.7	8	342	raceline0	0.7	seed1_iter20	overtaking	False	False	0	e3190c2aa3683e6b63371e609efb909c817dc23c6ad43018d09a8749288a72a8
sp08_ol0_s0.7	8	342	raceline0	0.7	seed1_iter30	overtaking	False	False	0	ce250ee39be7e56d0383e003cf49262d75d3c7fbe0d161ddf010651e7c37065c
sp08_ol0_s0.8	8	342	raceline0	0.8	BC	following	False	False	0	b5a1360fee18c2875185a3d23ab21cbdd8a4cdb2e94639433a148f34809ac5e4
sp08_ol0_s0.8	8	342	raceline0	0.8	seed1_iter10	following	False	False	0	4dde873cb0c81ac9836eeeb3b0b740d82ff1887a23b8e568008abffd27476312
sp08_ol0_s0.8	8	342	raceline0	0.8	seed1_iter20	following	False	False	0	e3190c2aa3683e6b63371e609efb909c817dc23c6ad43018d09a8749288a72a8
sp08_ol0_s0.8	8	342	raceline0	0.8	seed1_iter30	following	False	False	0	ce250ee39be7e56d0383e003cf49262d75d3c7fbe0d161ddf010651e7c37065c
sp08_ol1_s0.5	8	342	raceline1	0.5	BC	following	False	False	0	b5a1360fee18c2875185a3d23ab21cbdd8a4cdb2e94639433a148f34809ac5e4
sp08_ol1_s0.5	8	342	raceline1	0.5	seed1_iter10	collision	True	True	0	4dde873cb0c81ac9836eeeb3b0b740d82ff1887a23b8e568008abffd27476312
sp08_ol1_s0.5	8	342	raceline1	0.5	seed1_iter20	following	False	False	0	e3190c2aa3683e6b63371e609efb909c817dc23c6ad43018d09a8749288a72a8
sp08_ol1_s0.5	8	342	raceline1	0.5	seed1_iter30	following	False	False	0	ce250ee39be7e56d0383e003cf49262d75d3c7fbe0d161ddf010651e7c37065c
sp08_ol1_s0.6	8	342	raceline1	0.6	BC	following	False	False	0	b5a1360fee18c2875185a3d23ab21cbdd8a4cdb2e94639433a148f34809ac5e4
sp08_ol1_s0.6	8	342	raceline1	0.6	seed1_iter10	following	False	False	0	4dde873cb0c81ac9836eeeb3b0b740d82ff1887a23b8e568008abffd27476312
sp08_ol1_s0.6	8	342	raceline1	0.6	seed1_iter20	following	False	False	0	e3190c2aa3683e6b63371e609efb909c817dc23c6ad43018d09a8749288a72a8
sp08_ol1_s0.6	8	342	raceline1	0.6	seed1_iter30	following	False	False	0	ce250ee39be7e56d0383e003cf49262d75d3c7fbe0d161ddf010651e7c37065c
sp08_ol1_s0.7	8	342	raceline1	0.7	BC	following	False	False	0	b5a1360fee18c2875185a3d23ab21cbdd8a4cdb2e94639433a148f34809ac5e4
sp08_ol1_s0.7	8	342	raceline1	0.7	seed1_iter10	following	False	False	0	4dde873cb0c81ac9836eeeb3b0b740d82ff1887a23b8e568008abffd27476312
sp08_ol1_s0.7	8	342	raceline1	0.7	seed1_iter20	following	False	False	0	e3190c2aa3683e6b63371e609efb909c817dc23c6ad43018d09a8749288a72a8
sp08_ol1_s0.7	8	342	raceline1	0.7	seed1_iter30	following	False	False	0	ce250ee39be7e56d0383e003cf49262d75d3c7fbe0d161ddf010651e7c37065c
sp08_ol1_s0.8	8	342	raceline1	0.8	BC	following	False	False	0	b5a1360fee18c2875185a3d23ab21cbdd8a4cdb2e94639433a148f34809ac5e4
sp08_ol1_s0.8	8	342	raceline1	0.8	seed1_iter10	following	False	False	0	4dde873cb0c81ac9836eeeb3b0b740d82ff1887a23b8e568008abffd27476312
sp08_ol1_s0.8	8	342	raceline1	0.8	seed1_iter20	following	False	False	0	e3190c2aa3683e6b63371e609efb909c817dc23c6ad43018d09a8749288a72a8
sp08_ol1_s0.8	8	342	raceline1	0.8	seed1_iter30	following	False	False	0	ce250ee39be7e56d0383e003cf49262d75d3c7fbe0d161ddf010651e7c37065c
sp08_ol2_s0.5	8	342	raceline2	0.5	BC	overtaking	False	False	0	b5a1360fee18c2875185a3d23ab21cbdd8a4cdb2e94639433a148f34809ac5e4
sp08_ol2_s0.5	8	342	raceline2	0.5	seed1_iter10	overtaking	False	False	0	4dde873cb0c81ac9836eeeb3b0b740d82ff1887a23b8e568008abffd27476312
sp08_ol2_s0.5	8	342	raceline2	0.5	seed1_iter20	overtaking	False	False	0	e3190c2aa3683e6b63371e609efb909c817dc23c6ad43018d09a8749288a72a8
sp08_ol2_s0.5	8	342	raceline2	0.5	seed1_iter30	overtaking	False	False	0	ce250ee39be7e56d0383e003cf49262d75d3c7fbe0d161ddf010651e7c37065c
sp08_ol2_s0.6	8	342	raceline2	0.6	BC	overtaking	False	False	0	b5a1360fee18c2875185a3d23ab21cbdd8a4cdb2e94639433a148f34809ac5e4
sp08_ol2_s0.6	8	342	raceline2	0.6	seed1_iter10	overtaking	False	False	0	4dde873cb0c81ac9836eeeb3b0b740d82ff1887a23b8e568008abffd27476312
sp08_ol2_s0.6	8	342	raceline2	0.6	seed1_iter20	overtaking	False	False	0	e3190c2aa3683e6b63371e609efb909c817dc23c6ad43018d09a8749288a72a8
sp08_ol2_s0.6	8	342	raceline2	0.6	seed1_iter30	overtaking	False	False	0	ce250ee39be7e56d0383e003cf49262d75d3c7fbe0d161ddf010651e7c37065c
sp08_ol2_s0.7	8	342	raceline2	0.7	BC	overtaking	False	False	0	b5a1360fee18c2875185a3d23ab21cbdd8a4cdb2e94639433a148f34809ac5e4
sp08_ol2_s0.7	8	342	raceline2	0.7	seed1_iter10	overtaking	False	False	0	4dde873cb0c81ac9836eeeb3b0b740d82ff1887a23b8e568008abffd27476312
sp08_ol2_s0.7	8	342	raceline2	0.7	seed1_iter20	overtaking	False	False	0	e3190c2aa3683e6b63371e609efb909c817dc23c6ad43018d09a8749288a72a8
sp08_ol2_s0.7	8	342	raceline2	0.7	seed1_iter30	overtaking	False	False	0	ce250ee39be7e56d0383e003cf49262d75d3c7fbe0d161ddf010651e7c37065c
sp08_ol2_s0.8	8	342	raceline2	0.8	BC	following	False	False	0	b5a1360fee18c2875185a3d23ab21cbdd8a4cdb2e94639433a148f34809ac5e4
sp08_ol2_s0.8	8	342	raceline2	0.8	seed1_iter10	following	False	False	0	4dde873cb0c81ac9836eeeb3b0b740d82ff1887a23b8e568008abffd27476312
sp08_ol2_s0.8	8	342	raceline2	0.8	seed1_iter20	following	False	False	0	e3190c2aa3683e6b63371e609efb909c817dc23c6ad43018d09a8749288a72a8
sp08_ol2_s0.8	8	342	raceline2	0.8	seed1_iter30	following	False	False	0	ce250ee39be7e56d0383e003cf49262d75d3c7fbe0d161ddf010651e7c37065c
sp09_ol0_s0.5	9	384	raceline0	0.5	BC	overtaking	False	False	0	b5a1360fee18c2875185a3d23ab21cbdd8a4cdb2e94639433a148f34809ac5e4
sp09_ol0_s0.5	9	384	raceline0	0.5	seed1_iter10	overtaking	False	False	0	4dde873cb0c81ac9836eeeb3b0b740d82ff1887a23b8e568008abffd27476312
sp09_ol0_s0.5	9	384	raceline0	0.5	seed1_iter20	overtaking	False	False	0	e3190c2aa3683e6b63371e609efb909c817dc23c6ad43018d09a8749288a72a8
sp09_ol0_s0.5	9	384	raceline0	0.5	seed1_iter30	overtaking	False	False	0	ce250ee39be7e56d0383e003cf49262d75d3c7fbe0d161ddf010651e7c37065c
sp09_ol0_s0.6	9	384	raceline0	0.6	BC	overtaking	False	False	0	b5a1360fee18c2875185a3d23ab21cbdd8a4cdb2e94639433a148f34809ac5e4
sp09_ol0_s0.6	9	384	raceline0	0.6	seed1_iter10	overtaking	False	False	0	4dde873cb0c81ac9836eeeb3b0b740d82ff1887a23b8e568008abffd27476312
sp09_ol0_s0.6	9	384	raceline0	0.6	seed1_iter20	overtaking	False	False	0	e3190c2aa3683e6b63371e609efb909c817dc23c6ad43018d09a8749288a72a8
sp09_ol0_s0.6	9	384	raceline0	0.6	seed1_iter30	overtaking	False	False	0	ce250ee39be7e56d0383e003cf49262d75d3c7fbe0d161ddf010651e7c37065c
sp09_ol0_s0.7	9	384	raceline0	0.7	BC	collision	True	True	0	b5a1360fee18c2875185a3d23ab21cbdd8a4cdb2e94639433a148f34809ac5e4
sp09_ol0_s0.7	9	384	raceline0	0.7	seed1_iter10	collision	True	True	0	4dde873cb0c81ac9836eeeb3b0b740d82ff1887a23b8e568008abffd27476312
sp09_ol0_s0.7	9	384	raceline0	0.7	seed1_iter20	overtaking	False	False	0	e3190c2aa3683e6b63371e609efb909c817dc23c6ad43018d09a8749288a72a8
sp09_ol0_s0.7	9	384	raceline0	0.7	seed1_iter30	collision	True	True	0	ce250ee39be7e56d0383e003cf49262d75d3c7fbe0d161ddf010651e7c37065c
sp09_ol0_s0.8	9	384	raceline0	0.8	BC	following	False	False	0	b5a1360fee18c2875185a3d23ab21cbdd8a4cdb2e94639433a148f34809ac5e4
sp09_ol0_s0.8	9	384	raceline0	0.8	seed1_iter10	following	False	False	0	4dde873cb0c81ac9836eeeb3b0b740d82ff1887a23b8e568008abffd27476312
sp09_ol0_s0.8	9	384	raceline0	0.8	seed1_iter20	following	False	False	0	e3190c2aa3683e6b63371e609efb909c817dc23c6ad43018d09a8749288a72a8
sp09_ol0_s0.8	9	384	raceline0	0.8	seed1_iter30	following	False	False	0	ce250ee39be7e56d0383e003cf49262d75d3c7fbe0d161ddf010651e7c37065c
sp09_ol1_s0.5	9	384	raceline1	0.5	BC	following	False	False	0	b5a1360fee18c2875185a3d23ab21cbdd8a4cdb2e94639433a148f34809ac5e4
sp09_ol1_s0.5	9	384	raceline1	0.5	seed1_iter10	following	False	False	0	4dde873cb0c81ac9836eeeb3b0b740d82ff1887a23b8e568008abffd27476312
sp09_ol1_s0.5	9	384	raceline1	0.5	seed1_iter20	following	False	False	0	e3190c2aa3683e6b63371e609efb909c817dc23c6ad43018d09a8749288a72a8
sp09_ol1_s0.5	9	384	raceline1	0.5	seed1_iter30	following	False	False	0	ce250ee39be7e56d0383e003cf49262d75d3c7fbe0d161ddf010651e7c37065c
sp09_ol1_s0.6	9	384	raceline1	0.6	BC	following	False	False	0	b5a1360fee18c2875185a3d23ab21cbdd8a4cdb2e94639433a148f34809ac5e4
sp09_ol1_s0.6	9	384	raceline1	0.6	seed1_iter10	following	False	False	0	4dde873cb0c81ac9836eeeb3b0b740d82ff1887a23b8e568008abffd27476312
sp09_ol1_s0.6	9	384	raceline1	0.6	seed1_iter20	following	False	False	0	e3190c2aa3683e6b63371e609efb909c817dc23c6ad43018d09a8749288a72a8
sp09_ol1_s0.6	9	384	raceline1	0.6	seed1_iter30	following	False	False	0	ce250ee39be7e56d0383e003cf49262d75d3c7fbe0d161ddf010651e7c37065c
sp09_ol1_s0.7	9	384	raceline1	0.7	BC	following	False	False	0	b5a1360fee18c2875185a3d23ab21cbdd8a4cdb2e94639433a148f34809ac5e4
sp09_ol1_s0.7	9	384	raceline1	0.7	seed1_iter10	following	False	False	0	4dde873cb0c81ac9836eeeb3b0b740d82ff1887a23b8e568008abffd27476312
sp09_ol1_s0.7	9	384	raceline1	0.7	seed1_iter20	following	False	False	0	e3190c2aa3683e6b63371e609efb909c817dc23c6ad43018d09a8749288a72a8
sp09_ol1_s0.7	9	384	raceline1	0.7	seed1_iter30	following	False	False	0	ce250ee39be7e56d0383e003cf49262d75d3c7fbe0d161ddf010651e7c37065c
sp09_ol1_s0.8	9	384	raceline1	0.8	BC	following	False	False	0	b5a1360fee18c2875185a3d23ab21cbdd8a4cdb2e94639433a148f34809ac5e4
sp09_ol1_s0.8	9	384	raceline1	0.8	seed1_iter10	following	False	False	0	4dde873cb0c81ac9836eeeb3b0b740d82ff1887a23b8e568008abffd27476312
sp09_ol1_s0.8	9	384	raceline1	0.8	seed1_iter20	following	False	False	0	e3190c2aa3683e6b63371e609efb909c817dc23c6ad43018d09a8749288a72a8
sp09_ol1_s0.8	9	384	raceline1	0.8	seed1_iter30	following	False	False	0	ce250ee39be7e56d0383e003cf49262d75d3c7fbe0d161ddf010651e7c37065c
sp09_ol2_s0.5	9	384	raceline2	0.5	BC	overtaking	False	False	0	b5a1360fee18c2875185a3d23ab21cbdd8a4cdb2e94639433a148f34809ac5e4
sp09_ol2_s0.5	9	384	raceline2	0.5	seed1_iter10	overtaking	False	False	0	4dde873cb0c81ac9836eeeb3b0b740d82ff1887a23b8e568008abffd27476312
sp09_ol2_s0.5	9	384	raceline2	0.5	seed1_iter20	overtaking	False	False	0	e3190c2aa3683e6b63371e609efb909c817dc23c6ad43018d09a8749288a72a8
sp09_ol2_s0.5	9	384	raceline2	0.5	seed1_iter30	overtaking	False	False	0	ce250ee39be7e56d0383e003cf49262d75d3c7fbe0d161ddf010651e7c37065c
sp09_ol2_s0.6	9	384	raceline2	0.6	BC	overtaking	False	False	0	b5a1360fee18c2875185a3d23ab21cbdd8a4cdb2e94639433a148f34809ac5e4
sp09_ol2_s0.6	9	384	raceline2	0.6	seed1_iter10	overtaking	False	False	0	4dde873cb0c81ac9836eeeb3b0b740d82ff1887a23b8e568008abffd27476312
sp09_ol2_s0.6	9	384	raceline2	0.6	seed1_iter20	overtaking	False	False	0	e3190c2aa3683e6b63371e609efb909c817dc23c6ad43018d09a8749288a72a8
sp09_ol2_s0.6	9	384	raceline2	0.6	seed1_iter30	overtaking	False	False	0	ce250ee39be7e56d0383e003cf49262d75d3c7fbe0d161ddf010651e7c37065c
sp09_ol2_s0.7	9	384	raceline2	0.7	BC	overtaking	False	False	0	b5a1360fee18c2875185a3d23ab21cbdd8a4cdb2e94639433a148f34809ac5e4
sp09_ol2_s0.7	9	384	raceline2	0.7	seed1_iter10	overtaking	False	False	0	4dde873cb0c81ac9836eeeb3b0b740d82ff1887a23b8e568008abffd27476312
sp09_ol2_s0.7	9	384	raceline2	0.7	seed1_iter20	overtaking	False	False	0	e3190c2aa3683e6b63371e609efb909c817dc23c6ad43018d09a8749288a72a8
sp09_ol2_s0.7	9	384	raceline2	0.7	seed1_iter30	overtaking	False	False	0	ce250ee39be7e56d0383e003cf49262d75d3c7fbe0d161ddf010651e7c37065c
sp09_ol2_s0.8	9	384	raceline2	0.8	BC	following	False	False	0	b5a1360fee18c2875185a3d23ab21cbdd8a4cdb2e94639433a148f34809ac5e4
sp09_ol2_s0.8	9	384	raceline2	0.8	seed1_iter10	following	False	False	0	4dde873cb0c81ac9836eeeb3b0b740d82ff1887a23b8e568008abffd27476312
sp09_ol2_s0.8	9	384	raceline2	0.8	seed1_iter20	following	False	False	0	e3190c2aa3683e6b63371e609efb909c817dc23c6ad43018d09a8749288a72a8
sp09_ol2_s0.8	9	384	raceline2	0.8	seed1_iter30	following	False	False	0	ce250ee39be7e56d0383e003cf49262d75d3c7fbe0d161ddf010651e7c37065c
sp10_ol0_s0.5	10	427	raceline0	0.5	BC	overtaking	False	False	0	b5a1360fee18c2875185a3d23ab21cbdd8a4cdb2e94639433a148f34809ac5e4
sp10_ol0_s0.5	10	427	raceline0	0.5	seed1_iter10	overtaking	False	False	0	4dde873cb0c81ac9836eeeb3b0b740d82ff1887a23b8e568008abffd27476312
sp10_ol0_s0.5	10	427	raceline0	0.5	seed1_iter20	overtaking	False	False	0	e3190c2aa3683e6b63371e609efb909c817dc23c6ad43018d09a8749288a72a8
sp10_ol0_s0.5	10	427	raceline0	0.5	seed1_iter30	overtaking	False	False	0	ce250ee39be7e56d0383e003cf49262d75d3c7fbe0d161ddf010651e7c37065c
sp10_ol0_s0.6	10	427	raceline0	0.6	BC	overtaking	False	False	0	b5a1360fee18c2875185a3d23ab21cbdd8a4cdb2e94639433a148f34809ac5e4
sp10_ol0_s0.6	10	427	raceline0	0.6	seed1_iter10	collision	True	True	0	4dde873cb0c81ac9836eeeb3b0b740d82ff1887a23b8e568008abffd27476312
sp10_ol0_s0.6	10	427	raceline0	0.6	seed1_iter20	collision	True	True	0	e3190c2aa3683e6b63371e609efb909c817dc23c6ad43018d09a8749288a72a8
sp10_ol0_s0.6	10	427	raceline0	0.6	seed1_iter30	collision	True	True	0	ce250ee39be7e56d0383e003cf49262d75d3c7fbe0d161ddf010651e7c37065c
sp10_ol0_s0.7	10	427	raceline0	0.7	BC	overtaking	False	False	0	b5a1360fee18c2875185a3d23ab21cbdd8a4cdb2e94639433a148f34809ac5e4
sp10_ol0_s0.7	10	427	raceline0	0.7	seed1_iter10	overtaking	False	False	0	4dde873cb0c81ac9836eeeb3b0b740d82ff1887a23b8e568008abffd27476312
sp10_ol0_s0.7	10	427	raceline0	0.7	seed1_iter20	overtaking	False	False	0	e3190c2aa3683e6b63371e609efb909c817dc23c6ad43018d09a8749288a72a8
sp10_ol0_s0.7	10	427	raceline0	0.7	seed1_iter30	overtaking	False	False	0	ce250ee39be7e56d0383e003cf49262d75d3c7fbe0d161ddf010651e7c37065c
sp10_ol0_s0.8	10	427	raceline0	0.8	BC	following	False	False	0	b5a1360fee18c2875185a3d23ab21cbdd8a4cdb2e94639433a148f34809ac5e4
sp10_ol0_s0.8	10	427	raceline0	0.8	seed1_iter10	following	False	False	0	4dde873cb0c81ac9836eeeb3b0b740d82ff1887a23b8e568008abffd27476312
sp10_ol0_s0.8	10	427	raceline0	0.8	seed1_iter20	following	False	False	0	e3190c2aa3683e6b63371e609efb909c817dc23c6ad43018d09a8749288a72a8
sp10_ol0_s0.8	10	427	raceline0	0.8	seed1_iter30	following	False	False	0	ce250ee39be7e56d0383e003cf49262d75d3c7fbe0d161ddf010651e7c37065c
sp10_ol1_s0.5	10	427	raceline1	0.5	BC	following	False	False	0	b5a1360fee18c2875185a3d23ab21cbdd8a4cdb2e94639433a148f34809ac5e4
sp10_ol1_s0.5	10	427	raceline1	0.5	seed1_iter10	following	False	False	0	4dde873cb0c81ac9836eeeb3b0b740d82ff1887a23b8e568008abffd27476312
sp10_ol1_s0.5	10	427	raceline1	0.5	seed1_iter20	following	False	False	0	e3190c2aa3683e6b63371e609efb909c817dc23c6ad43018d09a8749288a72a8
sp10_ol1_s0.5	10	427	raceline1	0.5	seed1_iter30	following	False	False	0	ce250ee39be7e56d0383e003cf49262d75d3c7fbe0d161ddf010651e7c37065c
sp10_ol1_s0.6	10	427	raceline1	0.6	BC	following	False	False	0	b5a1360fee18c2875185a3d23ab21cbdd8a4cdb2e94639433a148f34809ac5e4
sp10_ol1_s0.6	10	427	raceline1	0.6	seed1_iter10	following	False	False	0	4dde873cb0c81ac9836eeeb3b0b740d82ff1887a23b8e568008abffd27476312
sp10_ol1_s0.6	10	427	raceline1	0.6	seed1_iter20	following	False	False	0	e3190c2aa3683e6b63371e609efb909c817dc23c6ad43018d09a8749288a72a8
sp10_ol1_s0.6	10	427	raceline1	0.6	seed1_iter30	following	False	False	0	ce250ee39be7e56d0383e003cf49262d75d3c7fbe0d161ddf010651e7c37065c
sp10_ol1_s0.7	10	427	raceline1	0.7	BC	following	False	False	0	b5a1360fee18c2875185a3d23ab21cbdd8a4cdb2e94639433a148f34809ac5e4
sp10_ol1_s0.7	10	427	raceline1	0.7	seed1_iter10	following	False	False	0	4dde873cb0c81ac9836eeeb3b0b740d82ff1887a23b8e568008abffd27476312
sp10_ol1_s0.7	10	427	raceline1	0.7	seed1_iter20	following	False	False	0	e3190c2aa3683e6b63371e609efb909c817dc23c6ad43018d09a8749288a72a8
sp10_ol1_s0.7	10	427	raceline1	0.7	seed1_iter30	following	False	False	0	ce250ee39be7e56d0383e003cf49262d75d3c7fbe0d161ddf010651e7c37065c
sp10_ol1_s0.8	10	427	raceline1	0.8	BC	following	False	False	0	b5a1360fee18c2875185a3d23ab21cbdd8a4cdb2e94639433a148f34809ac5e4
sp10_ol1_s0.8	10	427	raceline1	0.8	seed1_iter10	following	False	False	0	4dde873cb0c81ac9836eeeb3b0b740d82ff1887a23b8e568008abffd27476312
sp10_ol1_s0.8	10	427	raceline1	0.8	seed1_iter20	following	False	False	0	e3190c2aa3683e6b63371e609efb909c817dc23c6ad43018d09a8749288a72a8
sp10_ol1_s0.8	10	427	raceline1	0.8	seed1_iter30	following	False	False	0	ce250ee39be7e56d0383e003cf49262d75d3c7fbe0d161ddf010651e7c37065c
sp10_ol2_s0.5	10	427	raceline2	0.5	BC	overtaking	False	False	0	b5a1360fee18c2875185a3d23ab21cbdd8a4cdb2e94639433a148f34809ac5e4
sp10_ol2_s0.5	10	427	raceline2	0.5	seed1_iter10	overtaking	False	False	0	4dde873cb0c81ac9836eeeb3b0b740d82ff1887a23b8e568008abffd27476312
sp10_ol2_s0.5	10	427	raceline2	0.5	seed1_iter20	overtaking	False	False	0	e3190c2aa3683e6b63371e609efb909c817dc23c6ad43018d09a8749288a72a8
sp10_ol2_s0.5	10	427	raceline2	0.5	seed1_iter30	overtaking	False	False	0	ce250ee39be7e56d0383e003cf49262d75d3c7fbe0d161ddf010651e7c37065c
sp10_ol2_s0.6	10	427	raceline2	0.6	BC	overtaking	False	False	0	b5a1360fee18c2875185a3d23ab21cbdd8a4cdb2e94639433a148f34809ac5e4
sp10_ol2_s0.6	10	427	raceline2	0.6	seed1_iter10	overtaking	False	False	0	4dde873cb0c81ac9836eeeb3b0b740d82ff1887a23b8e568008abffd27476312
sp10_ol2_s0.6	10	427	raceline2	0.6	seed1_iter20	overtaking	False	False	0	e3190c2aa3683e6b63371e609efb909c817dc23c6ad43018d09a8749288a72a8
sp10_ol2_s0.6	10	427	raceline2	0.6	seed1_iter30	overtaking	False	False	0	ce250ee39be7e56d0383e003cf49262d75d3c7fbe0d161ddf010651e7c37065c
sp10_ol2_s0.7	10	427	raceline2	0.7	BC	overtaking	False	False	0	b5a1360fee18c2875185a3d23ab21cbdd8a4cdb2e94639433a148f34809ac5e4
sp10_ol2_s0.7	10	427	raceline2	0.7	seed1_iter10	overtaking	False	False	0	4dde873cb0c81ac9836eeeb3b0b740d82ff1887a23b8e568008abffd27476312
sp10_ol2_s0.7	10	427	raceline2	0.7	seed1_iter20	overtaking	False	False	0	e3190c2aa3683e6b63371e609efb909c817dc23c6ad43018d09a8749288a72a8
sp10_ol2_s0.7	10	427	raceline2	0.7	seed1_iter30	collision	True	True	0	ce250ee39be7e56d0383e003cf49262d75d3c7fbe0d161ddf010651e7c37065c
sp10_ol2_s0.8	10	427	raceline2	0.8	BC	following	False	False	0	b5a1360fee18c2875185a3d23ab21cbdd8a4cdb2e94639433a148f34809ac5e4
sp10_ol2_s0.8	10	427	raceline2	0.8	seed1_iter10	following	False	False	0	4dde873cb0c81ac9836eeeb3b0b740d82ff1887a23b8e568008abffd27476312
sp10_ol2_s0.8	10	427	raceline2	0.8	seed1_iter20	following	False	False	0	e3190c2aa3683e6b63371e609efb909c817dc23c6ad43018d09a8749288a72a8
sp10_ol2_s0.8	10	427	raceline2	0.8	seed1_iter30	following	False	False	0	ce250ee39be7e56d0383e003cf49262d75d3c7fbe0d161ddf010651e7c37065c
sp11_ol0_s0.5	11	470	raceline0	0.5	BC	overtaking	False	False	0	b5a1360fee18c2875185a3d23ab21cbdd8a4cdb2e94639433a148f34809ac5e4
sp11_ol0_s0.5	11	470	raceline0	0.5	seed1_iter10	overtaking	False	False	0	4dde873cb0c81ac9836eeeb3b0b740d82ff1887a23b8e568008abffd27476312
sp11_ol0_s0.5	11	470	raceline0	0.5	seed1_iter20	overtaking	False	False	0	e3190c2aa3683e6b63371e609efb909c817dc23c6ad43018d09a8749288a72a8
sp11_ol0_s0.5	11	470	raceline0	0.5	seed1_iter30	overtaking	False	False	0	ce250ee39be7e56d0383e003cf49262d75d3c7fbe0d161ddf010651e7c37065c
sp11_ol0_s0.6	11	470	raceline0	0.6	BC	overtaking	False	False	0	b5a1360fee18c2875185a3d23ab21cbdd8a4cdb2e94639433a148f34809ac5e4
sp11_ol0_s0.6	11	470	raceline0	0.6	seed1_iter10	overtaking	False	False	0	4dde873cb0c81ac9836eeeb3b0b740d82ff1887a23b8e568008abffd27476312
sp11_ol0_s0.6	11	470	raceline0	0.6	seed1_iter20	overtaking	False	False	0	e3190c2aa3683e6b63371e609efb909c817dc23c6ad43018d09a8749288a72a8
sp11_ol0_s0.6	11	470	raceline0	0.6	seed1_iter30	overtaking	False	False	0	ce250ee39be7e56d0383e003cf49262d75d3c7fbe0d161ddf010651e7c37065c
sp11_ol0_s0.7	11	470	raceline0	0.7	BC	overtaking	False	False	0	b5a1360fee18c2875185a3d23ab21cbdd8a4cdb2e94639433a148f34809ac5e4
sp11_ol0_s0.7	11	470	raceline0	0.7	seed1_iter10	overtaking	False	False	0	4dde873cb0c81ac9836eeeb3b0b740d82ff1887a23b8e568008abffd27476312
sp11_ol0_s0.7	11	470	raceline0	0.7	seed1_iter20	overtaking	False	False	0	e3190c2aa3683e6b63371e609efb909c817dc23c6ad43018d09a8749288a72a8
sp11_ol0_s0.7	11	470	raceline0	0.7	seed1_iter30	overtaking	False	False	0	ce250ee39be7e56d0383e003cf49262d75d3c7fbe0d161ddf010651e7c37065c
sp11_ol0_s0.8	11	470	raceline0	0.8	BC	overtaking	False	False	0	b5a1360fee18c2875185a3d23ab21cbdd8a4cdb2e94639433a148f34809ac5e4
sp11_ol0_s0.8	11	470	raceline0	0.8	seed1_iter10	overtaking	False	False	0	4dde873cb0c81ac9836eeeb3b0b740d82ff1887a23b8e568008abffd27476312
sp11_ol0_s0.8	11	470	raceline0	0.8	seed1_iter20	overtaking	False	False	0	e3190c2aa3683e6b63371e609efb909c817dc23c6ad43018d09a8749288a72a8
sp11_ol0_s0.8	11	470	raceline0	0.8	seed1_iter30	overtaking	False	False	0	ce250ee39be7e56d0383e003cf49262d75d3c7fbe0d161ddf010651e7c37065c
sp11_ol1_s0.5	11	470	raceline1	0.5	BC	following	False	False	0	b5a1360fee18c2875185a3d23ab21cbdd8a4cdb2e94639433a148f34809ac5e4
sp11_ol1_s0.5	11	470	raceline1	0.5	seed1_iter10	following	False	False	0	4dde873cb0c81ac9836eeeb3b0b740d82ff1887a23b8e568008abffd27476312
sp11_ol1_s0.5	11	470	raceline1	0.5	seed1_iter20	following	False	False	0	e3190c2aa3683e6b63371e609efb909c817dc23c6ad43018d09a8749288a72a8
sp11_ol1_s0.5	11	470	raceline1	0.5	seed1_iter30	following	False	False	0	ce250ee39be7e56d0383e003cf49262d75d3c7fbe0d161ddf010651e7c37065c
sp11_ol1_s0.6	11	470	raceline1	0.6	BC	following	False	False	0	b5a1360fee18c2875185a3d23ab21cbdd8a4cdb2e94639433a148f34809ac5e4
sp11_ol1_s0.6	11	470	raceline1	0.6	seed1_iter10	following	False	False	0	4dde873cb0c81ac9836eeeb3b0b740d82ff1887a23b8e568008abffd27476312
sp11_ol1_s0.6	11	470	raceline1	0.6	seed1_iter20	following	False	False	0	e3190c2aa3683e6b63371e609efb909c817dc23c6ad43018d09a8749288a72a8
sp11_ol1_s0.6	11	470	raceline1	0.6	seed1_iter30	following	False	False	0	ce250ee39be7e56d0383e003cf49262d75d3c7fbe0d161ddf010651e7c37065c
sp11_ol1_s0.7	11	470	raceline1	0.7	BC	following	False	False	0	b5a1360fee18c2875185a3d23ab21cbdd8a4cdb2e94639433a148f34809ac5e4
sp11_ol1_s0.7	11	470	raceline1	0.7	seed1_iter10	following	False	False	0	4dde873cb0c81ac9836eeeb3b0b740d82ff1887a23b8e568008abffd27476312
sp11_ol1_s0.7	11	470	raceline1	0.7	seed1_iter20	following	False	False	0	e3190c2aa3683e6b63371e609efb909c817dc23c6ad43018d09a8749288a72a8
sp11_ol1_s0.7	11	470	raceline1	0.7	seed1_iter30	following	False	False	0	ce250ee39be7e56d0383e003cf49262d75d3c7fbe0d161ddf010651e7c37065c
sp11_ol1_s0.8	11	470	raceline1	0.8	BC	following	False	False	0	b5a1360fee18c2875185a3d23ab21cbdd8a4cdb2e94639433a148f34809ac5e4
sp11_ol1_s0.8	11	470	raceline1	0.8	seed1_iter10	following	False	False	0	4dde873cb0c81ac9836eeeb3b0b740d82ff1887a23b8e568008abffd27476312
sp11_ol1_s0.8	11	470	raceline1	0.8	seed1_iter20	following	False	False	0	e3190c2aa3683e6b63371e609efb909c817dc23c6ad43018d09a8749288a72a8
sp11_ol1_s0.8	11	470	raceline1	0.8	seed1_iter30	following	False	False	0	ce250ee39be7e56d0383e003cf49262d75d3c7fbe0d161ddf010651e7c37065c
sp11_ol2_s0.5	11	470	raceline2	0.5	BC	overtaking	False	False	0	b5a1360fee18c2875185a3d23ab21cbdd8a4cdb2e94639433a148f34809ac5e4
sp11_ol2_s0.5	11	470	raceline2	0.5	seed1_iter10	overtaking	False	False	0	4dde873cb0c81ac9836eeeb3b0b740d82ff1887a23b8e568008abffd27476312
sp11_ol2_s0.5	11	470	raceline2	0.5	seed1_iter20	overtaking	False	False	0	e3190c2aa3683e6b63371e609efb909c817dc23c6ad43018d09a8749288a72a8
sp11_ol2_s0.5	11	470	raceline2	0.5	seed1_iter30	overtaking	False	False	0	ce250ee39be7e56d0383e003cf49262d75d3c7fbe0d161ddf010651e7c37065c
sp11_ol2_s0.6	11	470	raceline2	0.6	BC	overtaking	False	False	0	b5a1360fee18c2875185a3d23ab21cbdd8a4cdb2e94639433a148f34809ac5e4
sp11_ol2_s0.6	11	470	raceline2	0.6	seed1_iter10	overtaking	False	False	0	4dde873cb0c81ac9836eeeb3b0b740d82ff1887a23b8e568008abffd27476312
sp11_ol2_s0.6	11	470	raceline2	0.6	seed1_iter20	overtaking	False	False	0	e3190c2aa3683e6b63371e609efb909c817dc23c6ad43018d09a8749288a72a8
sp11_ol2_s0.6	11	470	raceline2	0.6	seed1_iter30	overtaking	False	False	0	ce250ee39be7e56d0383e003cf49262d75d3c7fbe0d161ddf010651e7c37065c
sp11_ol2_s0.7	11	470	raceline2	0.7	BC	overtaking	False	False	0	b5a1360fee18c2875185a3d23ab21cbdd8a4cdb2e94639433a148f34809ac5e4
sp11_ol2_s0.7	11	470	raceline2	0.7	seed1_iter10	overtaking	False	False	0	4dde873cb0c81ac9836eeeb3b0b740d82ff1887a23b8e568008abffd27476312
sp11_ol2_s0.7	11	470	raceline2	0.7	seed1_iter20	overtaking	False	False	0	e3190c2aa3683e6b63371e609efb909c817dc23c6ad43018d09a8749288a72a8
sp11_ol2_s0.7	11	470	raceline2	0.7	seed1_iter30	overtaking	False	False	0	ce250ee39be7e56d0383e003cf49262d75d3c7fbe0d161ddf010651e7c37065c
sp11_ol2_s0.8	11	470	raceline2	0.8	BC	overtaking	False	False	0	b5a1360fee18c2875185a3d23ab21cbdd8a4cdb2e94639433a148f34809ac5e4
sp11_ol2_s0.8	11	470	raceline2	0.8	seed1_iter10	following	False	False	0	4dde873cb0c81ac9836eeeb3b0b740d82ff1887a23b8e568008abffd27476312
sp11_ol2_s0.8	11	470	raceline2	0.8	seed1_iter20	overtaking	False	False	0	e3190c2aa3683e6b63371e609efb909c817dc23c6ad43018d09a8749288a72a8
sp11_ol2_s0.8	11	470	raceline2	0.8	seed1_iter30	overtaking	False	False	0	ce250ee39be7e56d0383e003cf49262d75d3c7fbe0d161ddf010651e7c37065c
sp12_ol0_s0.5	12	513	raceline0	0.5	BC	overtaking	False	False	0	b5a1360fee18c2875185a3d23ab21cbdd8a4cdb2e94639433a148f34809ac5e4
sp12_ol0_s0.5	12	513	raceline0	0.5	seed1_iter10	overtaking	False	False	0	4dde873cb0c81ac9836eeeb3b0b740d82ff1887a23b8e568008abffd27476312
sp12_ol0_s0.5	12	513	raceline0	0.5	seed1_iter20	overtaking	False	False	0	e3190c2aa3683e6b63371e609efb909c817dc23c6ad43018d09a8749288a72a8
sp12_ol0_s0.5	12	513	raceline0	0.5	seed1_iter30	overtaking	False	False	0	ce250ee39be7e56d0383e003cf49262d75d3c7fbe0d161ddf010651e7c37065c
sp12_ol0_s0.6	12	513	raceline0	0.6	BC	overtaking	False	False	0	b5a1360fee18c2875185a3d23ab21cbdd8a4cdb2e94639433a148f34809ac5e4
sp12_ol0_s0.6	12	513	raceline0	0.6	seed1_iter10	overtaking	False	False	0	4dde873cb0c81ac9836eeeb3b0b740d82ff1887a23b8e568008abffd27476312
sp12_ol0_s0.6	12	513	raceline0	0.6	seed1_iter20	overtaking	False	False	0	e3190c2aa3683e6b63371e609efb909c817dc23c6ad43018d09a8749288a72a8
sp12_ol0_s0.6	12	513	raceline0	0.6	seed1_iter30	overtaking	False	False	0	ce250ee39be7e56d0383e003cf49262d75d3c7fbe0d161ddf010651e7c37065c
sp12_ol0_s0.7	12	513	raceline0	0.7	BC	overtaking	False	False	0	b5a1360fee18c2875185a3d23ab21cbdd8a4cdb2e94639433a148f34809ac5e4
sp12_ol0_s0.7	12	513	raceline0	0.7	seed1_iter10	overtaking	False	False	0	4dde873cb0c81ac9836eeeb3b0b740d82ff1887a23b8e568008abffd27476312
sp12_ol0_s0.7	12	513	raceline0	0.7	seed1_iter20	overtaking	False	False	0	e3190c2aa3683e6b63371e609efb909c817dc23c6ad43018d09a8749288a72a8
sp12_ol0_s0.7	12	513	raceline0	0.7	seed1_iter30	overtaking	False	False	0	ce250ee39be7e56d0383e003cf49262d75d3c7fbe0d161ddf010651e7c37065c
sp12_ol0_s0.8	12	513	raceline0	0.8	BC	collision	True	True	0	b5a1360fee18c2875185a3d23ab21cbdd8a4cdb2e94639433a148f34809ac5e4
sp12_ol0_s0.8	12	513	raceline0	0.8	seed1_iter10	overtaking	False	False	0	4dde873cb0c81ac9836eeeb3b0b740d82ff1887a23b8e568008abffd27476312
sp12_ol0_s0.8	12	513	raceline0	0.8	seed1_iter20	overtaking	False	False	0	e3190c2aa3683e6b63371e609efb909c817dc23c6ad43018d09a8749288a72a8
sp12_ol0_s0.8	12	513	raceline0	0.8	seed1_iter30	overtaking	False	False	0	ce250ee39be7e56d0383e003cf49262d75d3c7fbe0d161ddf010651e7c37065c
sp12_ol1_s0.5	12	513	raceline1	0.5	BC	following	False	False	0	b5a1360fee18c2875185a3d23ab21cbdd8a4cdb2e94639433a148f34809ac5e4
sp12_ol1_s0.5	12	513	raceline1	0.5	seed1_iter10	following	False	False	0	4dde873cb0c81ac9836eeeb3b0b740d82ff1887a23b8e568008abffd27476312
sp12_ol1_s0.5	12	513	raceline1	0.5	seed1_iter20	following	False	False	0	e3190c2aa3683e6b63371e609efb909c817dc23c6ad43018d09a8749288a72a8
sp12_ol1_s0.5	12	513	raceline1	0.5	seed1_iter30	following	False	False	0	ce250ee39be7e56d0383e003cf49262d75d3c7fbe0d161ddf010651e7c37065c
sp12_ol1_s0.6	12	513	raceline1	0.6	BC	following	False	False	0	b5a1360fee18c2875185a3d23ab21cbdd8a4cdb2e94639433a148f34809ac5e4
sp12_ol1_s0.6	12	513	raceline1	0.6	seed1_iter10	following	False	False	0	4dde873cb0c81ac9836eeeb3b0b740d82ff1887a23b8e568008abffd27476312
sp12_ol1_s0.6	12	513	raceline1	0.6	seed1_iter20	following	False	False	0	e3190c2aa3683e6b63371e609efb909c817dc23c6ad43018d09a8749288a72a8
sp12_ol1_s0.6	12	513	raceline1	0.6	seed1_iter30	following	False	False	0	ce250ee39be7e56d0383e003cf49262d75d3c7fbe0d161ddf010651e7c37065c
sp12_ol1_s0.7	12	513	raceline1	0.7	BC	following	False	False	0	b5a1360fee18c2875185a3d23ab21cbdd8a4cdb2e94639433a148f34809ac5e4
sp12_ol1_s0.7	12	513	raceline1	0.7	seed1_iter10	following	False	False	0	4dde873cb0c81ac9836eeeb3b0b740d82ff1887a23b8e568008abffd27476312
sp12_ol1_s0.7	12	513	raceline1	0.7	seed1_iter20	following	False	False	0	e3190c2aa3683e6b63371e609efb909c817dc23c6ad43018d09a8749288a72a8
sp12_ol1_s0.7	12	513	raceline1	0.7	seed1_iter30	following	False	False	0	ce250ee39be7e56d0383e003cf49262d75d3c7fbe0d161ddf010651e7c37065c
sp12_ol1_s0.8	12	513	raceline1	0.8	BC	following	False	False	0	b5a1360fee18c2875185a3d23ab21cbdd8a4cdb2e94639433a148f34809ac5e4
sp12_ol1_s0.8	12	513	raceline1	0.8	seed1_iter10	following	False	False	0	4dde873cb0c81ac9836eeeb3b0b740d82ff1887a23b8e568008abffd27476312
sp12_ol1_s0.8	12	513	raceline1	0.8	seed1_iter20	following	False	False	0	e3190c2aa3683e6b63371e609efb909c817dc23c6ad43018d09a8749288a72a8
sp12_ol1_s0.8	12	513	raceline1	0.8	seed1_iter30	following	False	False	0	ce250ee39be7e56d0383e003cf49262d75d3c7fbe0d161ddf010651e7c37065c
sp12_ol2_s0.5	12	513	raceline2	0.5	BC	overtaking	False	False	0	b5a1360fee18c2875185a3d23ab21cbdd8a4cdb2e94639433a148f34809ac5e4
sp12_ol2_s0.5	12	513	raceline2	0.5	seed1_iter10	overtaking	False	False	0	4dde873cb0c81ac9836eeeb3b0b740d82ff1887a23b8e568008abffd27476312
sp12_ol2_s0.5	12	513	raceline2	0.5	seed1_iter20	overtaking	False	False	0	e3190c2aa3683e6b63371e609efb909c817dc23c6ad43018d09a8749288a72a8
sp12_ol2_s0.5	12	513	raceline2	0.5	seed1_iter30	overtaking	False	False	0	ce250ee39be7e56d0383e003cf49262d75d3c7fbe0d161ddf010651e7c37065c
sp12_ol2_s0.6	12	513	raceline2	0.6	BC	overtaking	False	False	0	b5a1360fee18c2875185a3d23ab21cbdd8a4cdb2e94639433a148f34809ac5e4
sp12_ol2_s0.6	12	513	raceline2	0.6	seed1_iter10	overtaking	False	False	0	4dde873cb0c81ac9836eeeb3b0b740d82ff1887a23b8e568008abffd27476312
sp12_ol2_s0.6	12	513	raceline2	0.6	seed1_iter20	overtaking	False	False	0	e3190c2aa3683e6b63371e609efb909c817dc23c6ad43018d09a8749288a72a8
sp12_ol2_s0.6	12	513	raceline2	0.6	seed1_iter30	overtaking	False	False	0	ce250ee39be7e56d0383e003cf49262d75d3c7fbe0d161ddf010651e7c37065c
sp12_ol2_s0.7	12	513	raceline2	0.7	BC	overtaking	False	False	0	b5a1360fee18c2875185a3d23ab21cbdd8a4cdb2e94639433a148f34809ac5e4
sp12_ol2_s0.7	12	513	raceline2	0.7	seed1_iter10	overtaking	False	False	0	4dde873cb0c81ac9836eeeb3b0b740d82ff1887a23b8e568008abffd27476312
sp12_ol2_s0.7	12	513	raceline2	0.7	seed1_iter20	overtaking	False	False	0	e3190c2aa3683e6b63371e609efb909c817dc23c6ad43018d09a8749288a72a8
sp12_ol2_s0.7	12	513	raceline2	0.7	seed1_iter30	overtaking	False	False	0	ce250ee39be7e56d0383e003cf49262d75d3c7fbe0d161ddf010651e7c37065c
sp12_ol2_s0.8	12	513	raceline2	0.8	BC	overtaking	False	False	0	b5a1360fee18c2875185a3d23ab21cbdd8a4cdb2e94639433a148f34809ac5e4
sp12_ol2_s0.8	12	513	raceline2	0.8	seed1_iter10	overtaking	False	False	0	4dde873cb0c81ac9836eeeb3b0b740d82ff1887a23b8e568008abffd27476312
sp12_ol2_s0.8	12	513	raceline2	0.8	seed1_iter20	overtaking	False	False	0	e3190c2aa3683e6b63371e609efb909c817dc23c6ad43018d09a8749288a72a8
sp12_ol2_s0.8	12	513	raceline2	0.8	seed1_iter30	overtaking	False	False	0	ce250ee39be7e56d0383e003cf49262d75d3c7fbe0d161ddf010651e7c37065c
sp13_ol0_s0.5	13	556	raceline0	0.5	BC	overtaking	False	False	0	b5a1360fee18c2875185a3d23ab21cbdd8a4cdb2e94639433a148f34809ac5e4
sp13_ol0_s0.5	13	556	raceline0	0.5	seed1_iter10	overtaking	False	False	0	4dde873cb0c81ac9836eeeb3b0b740d82ff1887a23b8e568008abffd27476312
sp13_ol0_s0.5	13	556	raceline0	0.5	seed1_iter20	overtaking	False	False	0	e3190c2aa3683e6b63371e609efb909c817dc23c6ad43018d09a8749288a72a8
sp13_ol0_s0.5	13	556	raceline0	0.5	seed1_iter30	overtaking	False	False	0	ce250ee39be7e56d0383e003cf49262d75d3c7fbe0d161ddf010651e7c37065c
sp13_ol0_s0.6	13	556	raceline0	0.6	BC	overtaking	False	False	0	b5a1360fee18c2875185a3d23ab21cbdd8a4cdb2e94639433a148f34809ac5e4
sp13_ol0_s0.6	13	556	raceline0	0.6	seed1_iter10	overtaking	False	False	0	4dde873cb0c81ac9836eeeb3b0b740d82ff1887a23b8e568008abffd27476312
sp13_ol0_s0.6	13	556	raceline0	0.6	seed1_iter20	overtaking	False	False	0	e3190c2aa3683e6b63371e609efb909c817dc23c6ad43018d09a8749288a72a8
sp13_ol0_s0.6	13	556	raceline0	0.6	seed1_iter30	overtaking	False	False	0	ce250ee39be7e56d0383e003cf49262d75d3c7fbe0d161ddf010651e7c37065c
sp13_ol0_s0.7	13	556	raceline0	0.7	BC	overtaking	False	False	0	b5a1360fee18c2875185a3d23ab21cbdd8a4cdb2e94639433a148f34809ac5e4
sp13_ol0_s0.7	13	556	raceline0	0.7	seed1_iter10	overtaking	False	False	0	4dde873cb0c81ac9836eeeb3b0b740d82ff1887a23b8e568008abffd27476312
sp13_ol0_s0.7	13	556	raceline0	0.7	seed1_iter20	overtaking	False	False	0	e3190c2aa3683e6b63371e609efb909c817dc23c6ad43018d09a8749288a72a8
sp13_ol0_s0.7	13	556	raceline0	0.7	seed1_iter30	overtaking	False	False	0	ce250ee39be7e56d0383e003cf49262d75d3c7fbe0d161ddf010651e7c37065c
sp13_ol0_s0.8	13	556	raceline0	0.8	BC	collision	True	True	0	b5a1360fee18c2875185a3d23ab21cbdd8a4cdb2e94639433a148f34809ac5e4
sp13_ol0_s0.8	13	556	raceline0	0.8	seed1_iter10	collision	True	True	0	4dde873cb0c81ac9836eeeb3b0b740d82ff1887a23b8e568008abffd27476312
sp13_ol0_s0.8	13	556	raceline0	0.8	seed1_iter20	collision	True	True	0	e3190c2aa3683e6b63371e609efb909c817dc23c6ad43018d09a8749288a72a8
sp13_ol0_s0.8	13	556	raceline0	0.8	seed1_iter30	collision	True	True	0	ce250ee39be7e56d0383e003cf49262d75d3c7fbe0d161ddf010651e7c37065c
sp13_ol1_s0.5	13	556	raceline1	0.5	BC	following	False	False	0	b5a1360fee18c2875185a3d23ab21cbdd8a4cdb2e94639433a148f34809ac5e4
sp13_ol1_s0.5	13	556	raceline1	0.5	seed1_iter10	following	False	False	0	4dde873cb0c81ac9836eeeb3b0b740d82ff1887a23b8e568008abffd27476312
sp13_ol1_s0.5	13	556	raceline1	0.5	seed1_iter20	following	False	False	0	e3190c2aa3683e6b63371e609efb909c817dc23c6ad43018d09a8749288a72a8
sp13_ol1_s0.5	13	556	raceline1	0.5	seed1_iter30	following	False	False	0	ce250ee39be7e56d0383e003cf49262d75d3c7fbe0d161ddf010651e7c37065c
sp13_ol1_s0.6	13	556	raceline1	0.6	BC	following	False	False	0	b5a1360fee18c2875185a3d23ab21cbdd8a4cdb2e94639433a148f34809ac5e4
sp13_ol1_s0.6	13	556	raceline1	0.6	seed1_iter10	following	False	False	0	4dde873cb0c81ac9836eeeb3b0b740d82ff1887a23b8e568008abffd27476312
sp13_ol1_s0.6	13	556	raceline1	0.6	seed1_iter20	following	False	False	0	e3190c2aa3683e6b63371e609efb909c817dc23c6ad43018d09a8749288a72a8
sp13_ol1_s0.6	13	556	raceline1	0.6	seed1_iter30	following	False	False	0	ce250ee39be7e56d0383e003cf49262d75d3c7fbe0d161ddf010651e7c37065c
sp13_ol1_s0.7	13	556	raceline1	0.7	BC	following	False	False	0	b5a1360fee18c2875185a3d23ab21cbdd8a4cdb2e94639433a148f34809ac5e4
sp13_ol1_s0.7	13	556	raceline1	0.7	seed1_iter10	following	False	False	0	4dde873cb0c81ac9836eeeb3b0b740d82ff1887a23b8e568008abffd27476312
sp13_ol1_s0.7	13	556	raceline1	0.7	seed1_iter20	following	False	False	0	e3190c2aa3683e6b63371e609efb909c817dc23c6ad43018d09a8749288a72a8
sp13_ol1_s0.7	13	556	raceline1	0.7	seed1_iter30	following	False	False	0	ce250ee39be7e56d0383e003cf49262d75d3c7fbe0d161ddf010651e7c37065c
sp13_ol1_s0.8	13	556	raceline1	0.8	BC	following	False	False	0	b5a1360fee18c2875185a3d23ab21cbdd8a4cdb2e94639433a148f34809ac5e4
sp13_ol1_s0.8	13	556	raceline1	0.8	seed1_iter10	following	False	False	0	4dde873cb0c81ac9836eeeb3b0b740d82ff1887a23b8e568008abffd27476312
sp13_ol1_s0.8	13	556	raceline1	0.8	seed1_iter20	following	False	False	0	e3190c2aa3683e6b63371e609efb909c817dc23c6ad43018d09a8749288a72a8
sp13_ol1_s0.8	13	556	raceline1	0.8	seed1_iter30	following	False	False	0	ce250ee39be7e56d0383e003cf49262d75d3c7fbe0d161ddf010651e7c37065c
sp13_ol2_s0.5	13	556	raceline2	0.5	BC	overtaking	False	False	0	b5a1360fee18c2875185a3d23ab21cbdd8a4cdb2e94639433a148f34809ac5e4
sp13_ol2_s0.5	13	556	raceline2	0.5	seed1_iter10	overtaking	False	False	0	4dde873cb0c81ac9836eeeb3b0b740d82ff1887a23b8e568008abffd27476312
sp13_ol2_s0.5	13	556	raceline2	0.5	seed1_iter20	overtaking	False	False	0	e3190c2aa3683e6b63371e609efb909c817dc23c6ad43018d09a8749288a72a8
sp13_ol2_s0.5	13	556	raceline2	0.5	seed1_iter30	overtaking	False	False	0	ce250ee39be7e56d0383e003cf49262d75d3c7fbe0d161ddf010651e7c37065c
sp13_ol2_s0.6	13	556	raceline2	0.6	BC	overtaking	False	False	0	b5a1360fee18c2875185a3d23ab21cbdd8a4cdb2e94639433a148f34809ac5e4
sp13_ol2_s0.6	13	556	raceline2	0.6	seed1_iter10	overtaking	False	False	0	4dde873cb0c81ac9836eeeb3b0b740d82ff1887a23b8e568008abffd27476312
sp13_ol2_s0.6	13	556	raceline2	0.6	seed1_iter20	overtaking	False	False	0	e3190c2aa3683e6b63371e609efb909c817dc23c6ad43018d09a8749288a72a8
sp13_ol2_s0.6	13	556	raceline2	0.6	seed1_iter30	overtaking	False	False	0	ce250ee39be7e56d0383e003cf49262d75d3c7fbe0d161ddf010651e7c37065c
sp13_ol2_s0.7	13	556	raceline2	0.7	BC	overtaking	False	False	0	b5a1360fee18c2875185a3d23ab21cbdd8a4cdb2e94639433a148f34809ac5e4
sp13_ol2_s0.7	13	556	raceline2	0.7	seed1_iter10	overtaking	False	False	0	4dde873cb0c81ac9836eeeb3b0b740d82ff1887a23b8e568008abffd27476312
sp13_ol2_s0.7	13	556	raceline2	0.7	seed1_iter20	overtaking	False	False	0	e3190c2aa3683e6b63371e609efb909c817dc23c6ad43018d09a8749288a72a8
sp13_ol2_s0.7	13	556	raceline2	0.7	seed1_iter30	overtaking	False	False	0	ce250ee39be7e56d0383e003cf49262d75d3c7fbe0d161ddf010651e7c37065c
sp13_ol2_s0.8	13	556	raceline2	0.8	BC	overtaking	False	False	0	b5a1360fee18c2875185a3d23ab21cbdd8a4cdb2e94639433a148f34809ac5e4
sp13_ol2_s0.8	13	556	raceline2	0.8	seed1_iter10	overtaking	False	False	0	4dde873cb0c81ac9836eeeb3b0b740d82ff1887a23b8e568008abffd27476312
sp13_ol2_s0.8	13	556	raceline2	0.8	seed1_iter20	overtaking	False	False	0	e3190c2aa3683e6b63371e609efb909c817dc23c6ad43018d09a8749288a72a8
sp13_ol2_s0.8	13	556	raceline2	0.8	seed1_iter30	overtaking	False	False	0	ce250ee39be7e56d0383e003cf49262d75d3c7fbe0d161ddf010651e7c37065c
sp14_ol0_s0.5	14	598	raceline0	0.5	BC	overtaking	False	False	0	b5a1360fee18c2875185a3d23ab21cbdd8a4cdb2e94639433a148f34809ac5e4
sp14_ol0_s0.5	14	598	raceline0	0.5	seed1_iter10	overtaking	False	False	0	4dde873cb0c81ac9836eeeb3b0b740d82ff1887a23b8e568008abffd27476312
sp14_ol0_s0.5	14	598	raceline0	0.5	seed1_iter20	overtaking	False	False	0	e3190c2aa3683e6b63371e609efb909c817dc23c6ad43018d09a8749288a72a8
sp14_ol0_s0.5	14	598	raceline0	0.5	seed1_iter30	overtaking	False	False	0	ce250ee39be7e56d0383e003cf49262d75d3c7fbe0d161ddf010651e7c37065c
sp14_ol0_s0.6	14	598	raceline0	0.6	BC	overtaking	False	False	0	b5a1360fee18c2875185a3d23ab21cbdd8a4cdb2e94639433a148f34809ac5e4
sp14_ol0_s0.6	14	598	raceline0	0.6	seed1_iter10	overtaking	False	False	0	4dde873cb0c81ac9836eeeb3b0b740d82ff1887a23b8e568008abffd27476312
sp14_ol0_s0.6	14	598	raceline0	0.6	seed1_iter20	overtaking	False	False	0	e3190c2aa3683e6b63371e609efb909c817dc23c6ad43018d09a8749288a72a8
sp14_ol0_s0.6	14	598	raceline0	0.6	seed1_iter30	overtaking	False	False	0	ce250ee39be7e56d0383e003cf49262d75d3c7fbe0d161ddf010651e7c37065c
sp14_ol0_s0.7	14	598	raceline0	0.7	BC	overtaking	False	False	0	b5a1360fee18c2875185a3d23ab21cbdd8a4cdb2e94639433a148f34809ac5e4
sp14_ol0_s0.7	14	598	raceline0	0.7	seed1_iter10	overtaking	False	False	0	4dde873cb0c81ac9836eeeb3b0b740d82ff1887a23b8e568008abffd27476312
sp14_ol0_s0.7	14	598	raceline0	0.7	seed1_iter20	overtaking	False	False	0	e3190c2aa3683e6b63371e609efb909c817dc23c6ad43018d09a8749288a72a8
sp14_ol0_s0.7	14	598	raceline0	0.7	seed1_iter30	overtaking	False	False	0	ce250ee39be7e56d0383e003cf49262d75d3c7fbe0d161ddf010651e7c37065c
sp14_ol0_s0.8	14	598	raceline0	0.8	BC	overtaking	False	False	0	b5a1360fee18c2875185a3d23ab21cbdd8a4cdb2e94639433a148f34809ac5e4
sp14_ol0_s0.8	14	598	raceline0	0.8	seed1_iter10	following	False	False	0	4dde873cb0c81ac9836eeeb3b0b740d82ff1887a23b8e568008abffd27476312
sp14_ol0_s0.8	14	598	raceline0	0.8	seed1_iter20	overtaking	False	False	0	e3190c2aa3683e6b63371e609efb909c817dc23c6ad43018d09a8749288a72a8
sp14_ol0_s0.8	14	598	raceline0	0.8	seed1_iter30	following	False	False	0	ce250ee39be7e56d0383e003cf49262d75d3c7fbe0d161ddf010651e7c37065c
sp14_ol1_s0.5	14	598	raceline1	0.5	BC	following	False	False	0	b5a1360fee18c2875185a3d23ab21cbdd8a4cdb2e94639433a148f34809ac5e4
sp14_ol1_s0.5	14	598	raceline1	0.5	seed1_iter10	following	False	False	0	4dde873cb0c81ac9836eeeb3b0b740d82ff1887a23b8e568008abffd27476312
sp14_ol1_s0.5	14	598	raceline1	0.5	seed1_iter20	following	False	False	0	e3190c2aa3683e6b63371e609efb909c817dc23c6ad43018d09a8749288a72a8
sp14_ol1_s0.5	14	598	raceline1	0.5	seed1_iter30	following	False	False	0	ce250ee39be7e56d0383e003cf49262d75d3c7fbe0d161ddf010651e7c37065c
sp14_ol1_s0.6	14	598	raceline1	0.6	BC	following	False	False	0	b5a1360fee18c2875185a3d23ab21cbdd8a4cdb2e94639433a148f34809ac5e4
sp14_ol1_s0.6	14	598	raceline1	0.6	seed1_iter10	following	False	False	0	4dde873cb0c81ac9836eeeb3b0b740d82ff1887a23b8e568008abffd27476312
sp14_ol1_s0.6	14	598	raceline1	0.6	seed1_iter20	following	False	False	0	e3190c2aa3683e6b63371e609efb909c817dc23c6ad43018d09a8749288a72a8
sp14_ol1_s0.6	14	598	raceline1	0.6	seed1_iter30	following	False	False	0	ce250ee39be7e56d0383e003cf49262d75d3c7fbe0d161ddf010651e7c37065c
sp14_ol1_s0.7	14	598	raceline1	0.7	BC	following	False	False	0	b5a1360fee18c2875185a3d23ab21cbdd8a4cdb2e94639433a148f34809ac5e4
sp14_ol1_s0.7	14	598	raceline1	0.7	seed1_iter10	following	False	False	0	4dde873cb0c81ac9836eeeb3b0b740d82ff1887a23b8e568008abffd27476312
sp14_ol1_s0.7	14	598	raceline1	0.7	seed1_iter20	following	False	False	0	e3190c2aa3683e6b63371e609efb909c817dc23c6ad43018d09a8749288a72a8
sp14_ol1_s0.7	14	598	raceline1	0.7	seed1_iter30	following	False	False	0	ce250ee39be7e56d0383e003cf49262d75d3c7fbe0d161ddf010651e7c37065c
sp14_ol1_s0.8	14	598	raceline1	0.8	BC	following	False	False	0	b5a1360fee18c2875185a3d23ab21cbdd8a4cdb2e94639433a148f34809ac5e4
sp14_ol1_s0.8	14	598	raceline1	0.8	seed1_iter10	following	False	False	0	4dde873cb0c81ac9836eeeb3b0b740d82ff1887a23b8e568008abffd27476312
sp14_ol1_s0.8	14	598	raceline1	0.8	seed1_iter20	collision	True	False	0	e3190c2aa3683e6b63371e609efb909c817dc23c6ad43018d09a8749288a72a8
sp14_ol1_s0.8	14	598	raceline1	0.8	seed1_iter30	following	False	False	0	ce250ee39be7e56d0383e003cf49262d75d3c7fbe0d161ddf010651e7c37065c
sp14_ol2_s0.5	14	598	raceline2	0.5	BC	overtaking	False	False	0	b5a1360fee18c2875185a3d23ab21cbdd8a4cdb2e94639433a148f34809ac5e4
sp14_ol2_s0.5	14	598	raceline2	0.5	seed1_iter10	overtaking	False	False	0	4dde873cb0c81ac9836eeeb3b0b740d82ff1887a23b8e568008abffd27476312
sp14_ol2_s0.5	14	598	raceline2	0.5	seed1_iter20	overtaking	False	False	0	e3190c2aa3683e6b63371e609efb909c817dc23c6ad43018d09a8749288a72a8
sp14_ol2_s0.5	14	598	raceline2	0.5	seed1_iter30	overtaking	False	False	0	ce250ee39be7e56d0383e003cf49262d75d3c7fbe0d161ddf010651e7c37065c
sp14_ol2_s0.6	14	598	raceline2	0.6	BC	overtaking	False	False	0	b5a1360fee18c2875185a3d23ab21cbdd8a4cdb2e94639433a148f34809ac5e4
sp14_ol2_s0.6	14	598	raceline2	0.6	seed1_iter10	overtaking	False	False	0	4dde873cb0c81ac9836eeeb3b0b740d82ff1887a23b8e568008abffd27476312
sp14_ol2_s0.6	14	598	raceline2	0.6	seed1_iter20	overtaking	False	False	0	e3190c2aa3683e6b63371e609efb909c817dc23c6ad43018d09a8749288a72a8
sp14_ol2_s0.6	14	598	raceline2	0.6	seed1_iter30	overtaking	False	False	0	ce250ee39be7e56d0383e003cf49262d75d3c7fbe0d161ddf010651e7c37065c
sp14_ol2_s0.7	14	598	raceline2	0.7	BC	overtaking	False	False	0	b5a1360fee18c2875185a3d23ab21cbdd8a4cdb2e94639433a148f34809ac5e4
sp14_ol2_s0.7	14	598	raceline2	0.7	seed1_iter10	overtaking	False	False	0	4dde873cb0c81ac9836eeeb3b0b740d82ff1887a23b8e568008abffd27476312
sp14_ol2_s0.7	14	598	raceline2	0.7	seed1_iter20	overtaking	False	False	0	e3190c2aa3683e6b63371e609efb909c817dc23c6ad43018d09a8749288a72a8
sp14_ol2_s0.7	14	598	raceline2	0.7	seed1_iter30	overtaking	False	False	0	ce250ee39be7e56d0383e003cf49262d75d3c7fbe0d161ddf010651e7c37065c
sp14_ol2_s0.8	14	598	raceline2	0.8	BC	overtaking	False	False	0	b5a1360fee18c2875185a3d23ab21cbdd8a4cdb2e94639433a148f34809ac5e4
sp14_ol2_s0.8	14	598	raceline2	0.8	seed1_iter10	overtaking	False	False	0	4dde873cb0c81ac9836eeeb3b0b740d82ff1887a23b8e568008abffd27476312
sp14_ol2_s0.8	14	598	raceline2	0.8	seed1_iter20	overtaking	False	False	0	e3190c2aa3683e6b63371e609efb909c817dc23c6ad43018d09a8749288a72a8
sp14_ol2_s0.8	14	598	raceline2	0.8	seed1_iter30	overtaking	False	False	0	ce250ee39be7e56d0383e003cf49262d75d3c7fbe0d161ddf010651e7c37065c
sp15_ol0_s0.5	15	641	raceline0	0.5	BC	overtaking	False	False	0	b5a1360fee18c2875185a3d23ab21cbdd8a4cdb2e94639433a148f34809ac5e4
sp15_ol0_s0.5	15	641	raceline0	0.5	seed1_iter10	overtaking	False	False	0	4dde873cb0c81ac9836eeeb3b0b740d82ff1887a23b8e568008abffd27476312
sp15_ol0_s0.5	15	641	raceline0	0.5	seed1_iter20	overtaking	False	False	0	e3190c2aa3683e6b63371e609efb909c817dc23c6ad43018d09a8749288a72a8
sp15_ol0_s0.5	15	641	raceline0	0.5	seed1_iter30	overtaking	False	False	0	ce250ee39be7e56d0383e003cf49262d75d3c7fbe0d161ddf010651e7c37065c
sp15_ol0_s0.6	15	641	raceline0	0.6	BC	overtaking	False	False	0	b5a1360fee18c2875185a3d23ab21cbdd8a4cdb2e94639433a148f34809ac5e4
sp15_ol0_s0.6	15	641	raceline0	0.6	seed1_iter10	overtaking	False	False	0	4dde873cb0c81ac9836eeeb3b0b740d82ff1887a23b8e568008abffd27476312
sp15_ol0_s0.6	15	641	raceline0	0.6	seed1_iter20	overtaking	False	False	0	e3190c2aa3683e6b63371e609efb909c817dc23c6ad43018d09a8749288a72a8
sp15_ol0_s0.6	15	641	raceline0	0.6	seed1_iter30	overtaking	False	False	0	ce250ee39be7e56d0383e003cf49262d75d3c7fbe0d161ddf010651e7c37065c
sp15_ol0_s0.7	15	641	raceline0	0.7	BC	overtaking	False	False	0	b5a1360fee18c2875185a3d23ab21cbdd8a4cdb2e94639433a148f34809ac5e4
sp15_ol0_s0.7	15	641	raceline0	0.7	seed1_iter10	overtaking	False	False	0	4dde873cb0c81ac9836eeeb3b0b740d82ff1887a23b8e568008abffd27476312
sp15_ol0_s0.7	15	641	raceline0	0.7	seed1_iter20	overtaking	False	False	0	e3190c2aa3683e6b63371e609efb909c817dc23c6ad43018d09a8749288a72a8
sp15_ol0_s0.7	15	641	raceline0	0.7	seed1_iter30	overtaking	False	False	0	ce250ee39be7e56d0383e003cf49262d75d3c7fbe0d161ddf010651e7c37065c
sp15_ol0_s0.8	15	641	raceline0	0.8	BC	overtaking	False	False	0	b5a1360fee18c2875185a3d23ab21cbdd8a4cdb2e94639433a148f34809ac5e4
sp15_ol0_s0.8	15	641	raceline0	0.8	seed1_iter10	overtaking	False	False	0	4dde873cb0c81ac9836eeeb3b0b740d82ff1887a23b8e568008abffd27476312
sp15_ol0_s0.8	15	641	raceline0	0.8	seed1_iter20	overtaking	False	False	0	e3190c2aa3683e6b63371e609efb909c817dc23c6ad43018d09a8749288a72a8
sp15_ol0_s0.8	15	641	raceline0	0.8	seed1_iter30	overtaking	False	False	0	ce250ee39be7e56d0383e003cf49262d75d3c7fbe0d161ddf010651e7c37065c
sp15_ol1_s0.5	15	641	raceline1	0.5	BC	following	False	False	0	b5a1360fee18c2875185a3d23ab21cbdd8a4cdb2e94639433a148f34809ac5e4
sp15_ol1_s0.5	15	641	raceline1	0.5	seed1_iter10	following	False	False	0	4dde873cb0c81ac9836eeeb3b0b740d82ff1887a23b8e568008abffd27476312
sp15_ol1_s0.5	15	641	raceline1	0.5	seed1_iter20	following	False	False	0	e3190c2aa3683e6b63371e609efb909c817dc23c6ad43018d09a8749288a72a8
sp15_ol1_s0.5	15	641	raceline1	0.5	seed1_iter30	following	False	False	0	ce250ee39be7e56d0383e003cf49262d75d3c7fbe0d161ddf010651e7c37065c
sp15_ol1_s0.6	15	641	raceline1	0.6	BC	following	False	False	0	b5a1360fee18c2875185a3d23ab21cbdd8a4cdb2e94639433a148f34809ac5e4
sp15_ol1_s0.6	15	641	raceline1	0.6	seed1_iter10	following	False	False	0	4dde873cb0c81ac9836eeeb3b0b740d82ff1887a23b8e568008abffd27476312
sp15_ol1_s0.6	15	641	raceline1	0.6	seed1_iter20	following	False	False	0	e3190c2aa3683e6b63371e609efb909c817dc23c6ad43018d09a8749288a72a8
sp15_ol1_s0.6	15	641	raceline1	0.6	seed1_iter30	following	False	False	0	ce250ee39be7e56d0383e003cf49262d75d3c7fbe0d161ddf010651e7c37065c
sp15_ol1_s0.7	15	641	raceline1	0.7	BC	following	False	False	0	b5a1360fee18c2875185a3d23ab21cbdd8a4cdb2e94639433a148f34809ac5e4
sp15_ol1_s0.7	15	641	raceline1	0.7	seed1_iter10	following	False	False	0	4dde873cb0c81ac9836eeeb3b0b740d82ff1887a23b8e568008abffd27476312
sp15_ol1_s0.7	15	641	raceline1	0.7	seed1_iter20	following	False	False	0	e3190c2aa3683e6b63371e609efb909c817dc23c6ad43018d09a8749288a72a8
sp15_ol1_s0.7	15	641	raceline1	0.7	seed1_iter30	following	False	False	0	ce250ee39be7e56d0383e003cf49262d75d3c7fbe0d161ddf010651e7c37065c
sp15_ol1_s0.8	15	641	raceline1	0.8	BC	following	False	False	0	b5a1360fee18c2875185a3d23ab21cbdd8a4cdb2e94639433a148f34809ac5e4
sp15_ol1_s0.8	15	641	raceline1	0.8	seed1_iter10	following	False	False	0	4dde873cb0c81ac9836eeeb3b0b740d82ff1887a23b8e568008abffd27476312
sp15_ol1_s0.8	15	641	raceline1	0.8	seed1_iter20	following	False	False	0	e3190c2aa3683e6b63371e609efb909c817dc23c6ad43018d09a8749288a72a8
sp15_ol1_s0.8	15	641	raceline1	0.8	seed1_iter30	following	False	False	0	ce250ee39be7e56d0383e003cf49262d75d3c7fbe0d161ddf010651e7c37065c
sp15_ol2_s0.5	15	641	raceline2	0.5	BC	overtaking	False	False	0	b5a1360fee18c2875185a3d23ab21cbdd8a4cdb2e94639433a148f34809ac5e4
sp15_ol2_s0.5	15	641	raceline2	0.5	seed1_iter10	overtaking	False	False	0	4dde873cb0c81ac9836eeeb3b0b740d82ff1887a23b8e568008abffd27476312
sp15_ol2_s0.5	15	641	raceline2	0.5	seed1_iter20	overtaking	False	False	0	e3190c2aa3683e6b63371e609efb909c817dc23c6ad43018d09a8749288a72a8
sp15_ol2_s0.5	15	641	raceline2	0.5	seed1_iter30	overtaking	False	False	0	ce250ee39be7e56d0383e003cf49262d75d3c7fbe0d161ddf010651e7c37065c
sp15_ol2_s0.6	15	641	raceline2	0.6	BC	overtaking	False	False	0	b5a1360fee18c2875185a3d23ab21cbdd8a4cdb2e94639433a148f34809ac5e4
sp15_ol2_s0.6	15	641	raceline2	0.6	seed1_iter10	overtaking	False	False	0	4dde873cb0c81ac9836eeeb3b0b740d82ff1887a23b8e568008abffd27476312
sp15_ol2_s0.6	15	641	raceline2	0.6	seed1_iter20	overtaking	False	False	0	e3190c2aa3683e6b63371e609efb909c817dc23c6ad43018d09a8749288a72a8
sp15_ol2_s0.6	15	641	raceline2	0.6	seed1_iter30	overtaking	False	False	0	ce250ee39be7e56d0383e003cf49262d75d3c7fbe0d161ddf010651e7c37065c
sp15_ol2_s0.7	15	641	raceline2	0.7	BC	collision	True	True	0	b5a1360fee18c2875185a3d23ab21cbdd8a4cdb2e94639433a148f34809ac5e4
sp15_ol2_s0.7	15	641	raceline2	0.7	seed1_iter10	collision	True	True	0	4dde873cb0c81ac9836eeeb3b0b740d82ff1887a23b8e568008abffd27476312
sp15_ol2_s0.7	15	641	raceline2	0.7	seed1_iter20	collision	True	True	0	e3190c2aa3683e6b63371e609efb909c817dc23c6ad43018d09a8749288a72a8
sp15_ol2_s0.7	15	641	raceline2	0.7	seed1_iter30	collision	True	True	0	ce250ee39be7e56d0383e003cf49262d75d3c7fbe0d161ddf010651e7c37065c
sp15_ol2_s0.8	15	641	raceline2	0.8	BC	overtaking	False	False	0	b5a1360fee18c2875185a3d23ab21cbdd8a4cdb2e94639433a148f34809ac5e4
sp15_ol2_s0.8	15	641	raceline2	0.8	seed1_iter10	overtaking	False	False	0	4dde873cb0c81ac9836eeeb3b0b740d82ff1887a23b8e568008abffd27476312
sp15_ol2_s0.8	15	641	raceline2	0.8	seed1_iter20	overtaking	False	False	0	e3190c2aa3683e6b63371e609efb909c817dc23c6ad43018d09a8749288a72a8
sp15_ol2_s0.8	15	641	raceline2	0.8	seed1_iter30	overtaking	False	False	0	ce250ee39be7e56d0383e003cf49262d75d3c7fbe0d161ddf010651e7c37065c
sp16_ol0_s0.5	16	684	raceline0	0.5	BC	overtaking	False	False	0	b5a1360fee18c2875185a3d23ab21cbdd8a4cdb2e94639433a148f34809ac5e4
sp16_ol0_s0.5	16	684	raceline0	0.5	seed1_iter10	overtaking	False	False	0	4dde873cb0c81ac9836eeeb3b0b740d82ff1887a23b8e568008abffd27476312
sp16_ol0_s0.5	16	684	raceline0	0.5	seed1_iter20	overtaking	False	False	0	e3190c2aa3683e6b63371e609efb909c817dc23c6ad43018d09a8749288a72a8
sp16_ol0_s0.5	16	684	raceline0	0.5	seed1_iter30	overtaking	False	False	0	ce250ee39be7e56d0383e003cf49262d75d3c7fbe0d161ddf010651e7c37065c
sp16_ol0_s0.6	16	684	raceline0	0.6	BC	overtaking	False	False	0	b5a1360fee18c2875185a3d23ab21cbdd8a4cdb2e94639433a148f34809ac5e4
sp16_ol0_s0.6	16	684	raceline0	0.6	seed1_iter10	overtaking	False	False	0	4dde873cb0c81ac9836eeeb3b0b740d82ff1887a23b8e568008abffd27476312
sp16_ol0_s0.6	16	684	raceline0	0.6	seed1_iter20	overtaking	False	False	0	e3190c2aa3683e6b63371e609efb909c817dc23c6ad43018d09a8749288a72a8
sp16_ol0_s0.6	16	684	raceline0	0.6	seed1_iter30	overtaking	False	False	0	ce250ee39be7e56d0383e003cf49262d75d3c7fbe0d161ddf010651e7c37065c
sp16_ol0_s0.7	16	684	raceline0	0.7	BC	overtaking	False	False	0	b5a1360fee18c2875185a3d23ab21cbdd8a4cdb2e94639433a148f34809ac5e4
sp16_ol0_s0.7	16	684	raceline0	0.7	seed1_iter10	overtaking	False	False	0	4dde873cb0c81ac9836eeeb3b0b740d82ff1887a23b8e568008abffd27476312
sp16_ol0_s0.7	16	684	raceline0	0.7	seed1_iter20	overtaking	False	False	0	e3190c2aa3683e6b63371e609efb909c817dc23c6ad43018d09a8749288a72a8
sp16_ol0_s0.7	16	684	raceline0	0.7	seed1_iter30	overtaking	False	False	0	ce250ee39be7e56d0383e003cf49262d75d3c7fbe0d161ddf010651e7c37065c
sp16_ol0_s0.8	16	684	raceline0	0.8	BC	overtaking	False	False	0	b5a1360fee18c2875185a3d23ab21cbdd8a4cdb2e94639433a148f34809ac5e4
sp16_ol0_s0.8	16	684	raceline0	0.8	seed1_iter10	overtaking	False	False	0	4dde873cb0c81ac9836eeeb3b0b740d82ff1887a23b8e568008abffd27476312
sp16_ol0_s0.8	16	684	raceline0	0.8	seed1_iter20	overtaking	False	False	0	e3190c2aa3683e6b63371e609efb909c817dc23c6ad43018d09a8749288a72a8
sp16_ol0_s0.8	16	684	raceline0	0.8	seed1_iter30	overtaking	False	False	0	ce250ee39be7e56d0383e003cf49262d75d3c7fbe0d161ddf010651e7c37065c
sp16_ol1_s0.5	16	684	raceline1	0.5	BC	following	False	False	0	b5a1360fee18c2875185a3d23ab21cbdd8a4cdb2e94639433a148f34809ac5e4
sp16_ol1_s0.5	16	684	raceline1	0.5	seed1_iter10	following	False	False	0	4dde873cb0c81ac9836eeeb3b0b740d82ff1887a23b8e568008abffd27476312
sp16_ol1_s0.5	16	684	raceline1	0.5	seed1_iter20	following	False	False	0	e3190c2aa3683e6b63371e609efb909c817dc23c6ad43018d09a8749288a72a8
sp16_ol1_s0.5	16	684	raceline1	0.5	seed1_iter30	following	False	False	0	ce250ee39be7e56d0383e003cf49262d75d3c7fbe0d161ddf010651e7c37065c
sp16_ol1_s0.6	16	684	raceline1	0.6	BC	following	False	False	0	b5a1360fee18c2875185a3d23ab21cbdd8a4cdb2e94639433a148f34809ac5e4
sp16_ol1_s0.6	16	684	raceline1	0.6	seed1_iter10	following	False	False	0	4dde873cb0c81ac9836eeeb3b0b740d82ff1887a23b8e568008abffd27476312
sp16_ol1_s0.6	16	684	raceline1	0.6	seed1_iter20	following	False	False	0	e3190c2aa3683e6b63371e609efb909c817dc23c6ad43018d09a8749288a72a8
sp16_ol1_s0.6	16	684	raceline1	0.6	seed1_iter30	following	False	False	0	ce250ee39be7e56d0383e003cf49262d75d3c7fbe0d161ddf010651e7c37065c
sp16_ol1_s0.7	16	684	raceline1	0.7	BC	following	False	False	0	b5a1360fee18c2875185a3d23ab21cbdd8a4cdb2e94639433a148f34809ac5e4
sp16_ol1_s0.7	16	684	raceline1	0.7	seed1_iter10	following	False	False	0	4dde873cb0c81ac9836eeeb3b0b740d82ff1887a23b8e568008abffd27476312
sp16_ol1_s0.7	16	684	raceline1	0.7	seed1_iter20	following	False	False	0	e3190c2aa3683e6b63371e609efb909c817dc23c6ad43018d09a8749288a72a8
sp16_ol1_s0.7	16	684	raceline1	0.7	seed1_iter30	following	False	False	0	ce250ee39be7e56d0383e003cf49262d75d3c7fbe0d161ddf010651e7c37065c
sp16_ol1_s0.8	16	684	raceline1	0.8	BC	following	False	False	0	b5a1360fee18c2875185a3d23ab21cbdd8a4cdb2e94639433a148f34809ac5e4
sp16_ol1_s0.8	16	684	raceline1	0.8	seed1_iter10	following	False	False	0	4dde873cb0c81ac9836eeeb3b0b740d82ff1887a23b8e568008abffd27476312
sp16_ol1_s0.8	16	684	raceline1	0.8	seed1_iter20	following	False	False	0	e3190c2aa3683e6b63371e609efb909c817dc23c6ad43018d09a8749288a72a8
sp16_ol1_s0.8	16	684	raceline1	0.8	seed1_iter30	following	False	False	0	ce250ee39be7e56d0383e003cf49262d75d3c7fbe0d161ddf010651e7c37065c
sp16_ol2_s0.5	16	684	raceline2	0.5	BC	overtaking	False	False	0	b5a1360fee18c2875185a3d23ab21cbdd8a4cdb2e94639433a148f34809ac5e4
sp16_ol2_s0.5	16	684	raceline2	0.5	seed1_iter10	overtaking	False	False	0	4dde873cb0c81ac9836eeeb3b0b740d82ff1887a23b8e568008abffd27476312
sp16_ol2_s0.5	16	684	raceline2	0.5	seed1_iter20	overtaking	False	False	0	e3190c2aa3683e6b63371e609efb909c817dc23c6ad43018d09a8749288a72a8
sp16_ol2_s0.5	16	684	raceline2	0.5	seed1_iter30	overtaking	False	False	0	ce250ee39be7e56d0383e003cf49262d75d3c7fbe0d161ddf010651e7c37065c
sp16_ol2_s0.6	16	684	raceline2	0.6	BC	overtaking	False	False	0	b5a1360fee18c2875185a3d23ab21cbdd8a4cdb2e94639433a148f34809ac5e4
sp16_ol2_s0.6	16	684	raceline2	0.6	seed1_iter10	overtaking	False	False	0	4dde873cb0c81ac9836eeeb3b0b740d82ff1887a23b8e568008abffd27476312
sp16_ol2_s0.6	16	684	raceline2	0.6	seed1_iter20	overtaking	False	False	0	e3190c2aa3683e6b63371e609efb909c817dc23c6ad43018d09a8749288a72a8
sp16_ol2_s0.6	16	684	raceline2	0.6	seed1_iter30	overtaking	False	False	0	ce250ee39be7e56d0383e003cf49262d75d3c7fbe0d161ddf010651e7c37065c
sp16_ol2_s0.7	16	684	raceline2	0.7	BC	overtaking	False	False	0	b5a1360fee18c2875185a3d23ab21cbdd8a4cdb2e94639433a148f34809ac5e4
sp16_ol2_s0.7	16	684	raceline2	0.7	seed1_iter10	overtaking	False	False	0	4dde873cb0c81ac9836eeeb3b0b740d82ff1887a23b8e568008abffd27476312
sp16_ol2_s0.7	16	684	raceline2	0.7	seed1_iter20	overtaking	False	False	0	e3190c2aa3683e6b63371e609efb909c817dc23c6ad43018d09a8749288a72a8
sp16_ol2_s0.7	16	684	raceline2	0.7	seed1_iter30	overtaking	False	False	0	ce250ee39be7e56d0383e003cf49262d75d3c7fbe0d161ddf010651e7c37065c
sp16_ol2_s0.8	16	684	raceline2	0.8	BC	overtaking	False	False	0	b5a1360fee18c2875185a3d23ab21cbdd8a4cdb2e94639433a148f34809ac5e4
sp16_ol2_s0.8	16	684	raceline2	0.8	seed1_iter10	overtaking	False	False	0	4dde873cb0c81ac9836eeeb3b0b740d82ff1887a23b8e568008abffd27476312
sp16_ol2_s0.8	16	684	raceline2	0.8	seed1_iter20	overtaking	False	False	0	e3190c2aa3683e6b63371e609efb909c817dc23c6ad43018d09a8749288a72a8
sp16_ol2_s0.8	16	684	raceline2	0.8	seed1_iter30	overtaking	False	False	0	ce250ee39be7e56d0383e003cf49262d75d3c7fbe0d161ddf010651e7c37065c
sp17_ol0_s0.5	17	727	raceline0	0.5	BC	collision	True	False	0	b5a1360fee18c2875185a3d23ab21cbdd8a4cdb2e94639433a148f34809ac5e4
sp17_ol0_s0.5	17	727	raceline0	0.5	seed1_iter10	overtaking	False	False	0	4dde873cb0c81ac9836eeeb3b0b740d82ff1887a23b8e568008abffd27476312
sp17_ol0_s0.5	17	727	raceline0	0.5	seed1_iter20	overtaking	False	False	0	e3190c2aa3683e6b63371e609efb909c817dc23c6ad43018d09a8749288a72a8
sp17_ol0_s0.5	17	727	raceline0	0.5	seed1_iter30	overtaking	False	False	0	ce250ee39be7e56d0383e003cf49262d75d3c7fbe0d161ddf010651e7c37065c
sp17_ol0_s0.6	17	727	raceline0	0.6	BC	overtaking	False	False	0	b5a1360fee18c2875185a3d23ab21cbdd8a4cdb2e94639433a148f34809ac5e4
sp17_ol0_s0.6	17	727	raceline0	0.6	seed1_iter10	overtaking	False	False	0	4dde873cb0c81ac9836eeeb3b0b740d82ff1887a23b8e568008abffd27476312
sp17_ol0_s0.6	17	727	raceline0	0.6	seed1_iter20	overtaking	False	False	0	e3190c2aa3683e6b63371e609efb909c817dc23c6ad43018d09a8749288a72a8
sp17_ol0_s0.6	17	727	raceline0	0.6	seed1_iter30	overtaking	False	False	0	ce250ee39be7e56d0383e003cf49262d75d3c7fbe0d161ddf010651e7c37065c
sp17_ol0_s0.7	17	727	raceline0	0.7	BC	overtaking	False	False	0	b5a1360fee18c2875185a3d23ab21cbdd8a4cdb2e94639433a148f34809ac5e4
sp17_ol0_s0.7	17	727	raceline0	0.7	seed1_iter10	overtaking	False	False	0	4dde873cb0c81ac9836eeeb3b0b740d82ff1887a23b8e568008abffd27476312
sp17_ol0_s0.7	17	727	raceline0	0.7	seed1_iter20	overtaking	False	False	0	e3190c2aa3683e6b63371e609efb909c817dc23c6ad43018d09a8749288a72a8
sp17_ol0_s0.7	17	727	raceline0	0.7	seed1_iter30	overtaking	False	False	0	ce250ee39be7e56d0383e003cf49262d75d3c7fbe0d161ddf010651e7c37065c
sp17_ol0_s0.8	17	727	raceline0	0.8	BC	overtaking	False	False	0	b5a1360fee18c2875185a3d23ab21cbdd8a4cdb2e94639433a148f34809ac5e4
sp17_ol0_s0.8	17	727	raceline0	0.8	seed1_iter10	overtaking	False	False	0	4dde873cb0c81ac9836eeeb3b0b740d82ff1887a23b8e568008abffd27476312
sp17_ol0_s0.8	17	727	raceline0	0.8	seed1_iter20	overtaking	False	False	0	e3190c2aa3683e6b63371e609efb909c817dc23c6ad43018d09a8749288a72a8
sp17_ol0_s0.8	17	727	raceline0	0.8	seed1_iter30	overtaking	False	False	0	ce250ee39be7e56d0383e003cf49262d75d3c7fbe0d161ddf010651e7c37065c
sp17_ol1_s0.5	17	727	raceline1	0.5	BC	collision	True	True	0	b5a1360fee18c2875185a3d23ab21cbdd8a4cdb2e94639433a148f34809ac5e4
sp17_ol1_s0.5	17	727	raceline1	0.5	seed1_iter10	collision	True	True	0	4dde873cb0c81ac9836eeeb3b0b740d82ff1887a23b8e568008abffd27476312
sp17_ol1_s0.5	17	727	raceline1	0.5	seed1_iter20	collision	True	True	0	e3190c2aa3683e6b63371e609efb909c817dc23c6ad43018d09a8749288a72a8
sp17_ol1_s0.5	17	727	raceline1	0.5	seed1_iter30	following	False	False	0	ce250ee39be7e56d0383e003cf49262d75d3c7fbe0d161ddf010651e7c37065c
sp17_ol1_s0.6	17	727	raceline1	0.6	BC	following	False	False	0	b5a1360fee18c2875185a3d23ab21cbdd8a4cdb2e94639433a148f34809ac5e4
sp17_ol1_s0.6	17	727	raceline1	0.6	seed1_iter10	following	False	False	0	4dde873cb0c81ac9836eeeb3b0b740d82ff1887a23b8e568008abffd27476312
sp17_ol1_s0.6	17	727	raceline1	0.6	seed1_iter20	following	False	False	0	e3190c2aa3683e6b63371e609efb909c817dc23c6ad43018d09a8749288a72a8
sp17_ol1_s0.6	17	727	raceline1	0.6	seed1_iter30	following	False	False	0	ce250ee39be7e56d0383e003cf49262d75d3c7fbe0d161ddf010651e7c37065c
sp17_ol1_s0.7	17	727	raceline1	0.7	BC	following	False	False	0	b5a1360fee18c2875185a3d23ab21cbdd8a4cdb2e94639433a148f34809ac5e4
sp17_ol1_s0.7	17	727	raceline1	0.7	seed1_iter10	following	False	False	0	4dde873cb0c81ac9836eeeb3b0b740d82ff1887a23b8e568008abffd27476312
sp17_ol1_s0.7	17	727	raceline1	0.7	seed1_iter20	following	False	False	0	e3190c2aa3683e6b63371e609efb909c817dc23c6ad43018d09a8749288a72a8
sp17_ol1_s0.7	17	727	raceline1	0.7	seed1_iter30	following	False	False	0	ce250ee39be7e56d0383e003cf49262d75d3c7fbe0d161ddf010651e7c37065c
sp17_ol1_s0.8	17	727	raceline1	0.8	BC	following	False	False	0	b5a1360fee18c2875185a3d23ab21cbdd8a4cdb2e94639433a148f34809ac5e4
sp17_ol1_s0.8	17	727	raceline1	0.8	seed1_iter10	following	False	False	0	4dde873cb0c81ac9836eeeb3b0b740d82ff1887a23b8e568008abffd27476312
sp17_ol1_s0.8	17	727	raceline1	0.8	seed1_iter20	following	False	False	0	e3190c2aa3683e6b63371e609efb909c817dc23c6ad43018d09a8749288a72a8
sp17_ol1_s0.8	17	727	raceline1	0.8	seed1_iter30	following	False	False	0	ce250ee39be7e56d0383e003cf49262d75d3c7fbe0d161ddf010651e7c37065c
sp17_ol2_s0.5	17	727	raceline2	0.5	BC	collision	True	True	0	b5a1360fee18c2875185a3d23ab21cbdd8a4cdb2e94639433a148f34809ac5e4
sp17_ol2_s0.5	17	727	raceline2	0.5	seed1_iter10	collision	True	True	0	4dde873cb0c81ac9836eeeb3b0b740d82ff1887a23b8e568008abffd27476312
sp17_ol2_s0.5	17	727	raceline2	0.5	seed1_iter20	collision	True	True	0	e3190c2aa3683e6b63371e609efb909c817dc23c6ad43018d09a8749288a72a8
sp17_ol2_s0.5	17	727	raceline2	0.5	seed1_iter30	collision	True	True	0	ce250ee39be7e56d0383e003cf49262d75d3c7fbe0d161ddf010651e7c37065c
sp17_ol2_s0.6	17	727	raceline2	0.6	BC	overtaking	False	False	0	b5a1360fee18c2875185a3d23ab21cbdd8a4cdb2e94639433a148f34809ac5e4
sp17_ol2_s0.6	17	727	raceline2	0.6	seed1_iter10	overtaking	False	False	0	4dde873cb0c81ac9836eeeb3b0b740d82ff1887a23b8e568008abffd27476312
sp17_ol2_s0.6	17	727	raceline2	0.6	seed1_iter20	overtaking	False	False	0	e3190c2aa3683e6b63371e609efb909c817dc23c6ad43018d09a8749288a72a8
sp17_ol2_s0.6	17	727	raceline2	0.6	seed1_iter30	overtaking	False	False	0	ce250ee39be7e56d0383e003cf49262d75d3c7fbe0d161ddf010651e7c37065c
sp17_ol2_s0.7	17	727	raceline2	0.7	BC	collision	True	True	0	b5a1360fee18c2875185a3d23ab21cbdd8a4cdb2e94639433a148f34809ac5e4
sp17_ol2_s0.7	17	727	raceline2	0.7	seed1_iter10	collision	True	True	0	4dde873cb0c81ac9836eeeb3b0b740d82ff1887a23b8e568008abffd27476312
sp17_ol2_s0.7	17	727	raceline2	0.7	seed1_iter20	collision	True	True	0	e3190c2aa3683e6b63371e609efb909c817dc23c6ad43018d09a8749288a72a8
sp17_ol2_s0.7	17	727	raceline2	0.7	seed1_iter30	collision	True	True	0	ce250ee39be7e56d0383e003cf49262d75d3c7fbe0d161ddf010651e7c37065c
sp17_ol2_s0.8	17	727	raceline2	0.8	BC	following	False	False	0	b5a1360fee18c2875185a3d23ab21cbdd8a4cdb2e94639433a148f34809ac5e4
sp17_ol2_s0.8	17	727	raceline2	0.8	seed1_iter10	overtaking	False	False	0	4dde873cb0c81ac9836eeeb3b0b740d82ff1887a23b8e568008abffd27476312
sp17_ol2_s0.8	17	727	raceline2	0.8	seed1_iter20	following	False	False	0	e3190c2aa3683e6b63371e609efb909c817dc23c6ad43018d09a8749288a72a8
sp17_ol2_s0.8	17	727	raceline2	0.8	seed1_iter30	following	False	False	0	ce250ee39be7e56d0383e003cf49262d75d3c7fbe0d161ddf010651e7c37065c
sp18_ol0_s0.5	18	769	raceline0	0.5	BC	overtaking	False	False	0	b5a1360fee18c2875185a3d23ab21cbdd8a4cdb2e94639433a148f34809ac5e4
sp18_ol0_s0.5	18	769	raceline0	0.5	seed1_iter10	overtaking	False	False	0	4dde873cb0c81ac9836eeeb3b0b740d82ff1887a23b8e568008abffd27476312
sp18_ol0_s0.5	18	769	raceline0	0.5	seed1_iter20	overtaking	False	False	0	e3190c2aa3683e6b63371e609efb909c817dc23c6ad43018d09a8749288a72a8
sp18_ol0_s0.5	18	769	raceline0	0.5	seed1_iter30	overtaking	False	False	0	ce250ee39be7e56d0383e003cf49262d75d3c7fbe0d161ddf010651e7c37065c
sp18_ol0_s0.6	18	769	raceline0	0.6	BC	overtaking	False	False	0	b5a1360fee18c2875185a3d23ab21cbdd8a4cdb2e94639433a148f34809ac5e4
sp18_ol0_s0.6	18	769	raceline0	0.6	seed1_iter10	overtaking	False	False	0	4dde873cb0c81ac9836eeeb3b0b740d82ff1887a23b8e568008abffd27476312
sp18_ol0_s0.6	18	769	raceline0	0.6	seed1_iter20	overtaking	False	False	0	e3190c2aa3683e6b63371e609efb909c817dc23c6ad43018d09a8749288a72a8
sp18_ol0_s0.6	18	769	raceline0	0.6	seed1_iter30	overtaking	False	False	0	ce250ee39be7e56d0383e003cf49262d75d3c7fbe0d161ddf010651e7c37065c
sp18_ol0_s0.7	18	769	raceline0	0.7	BC	following	False	False	0	b5a1360fee18c2875185a3d23ab21cbdd8a4cdb2e94639433a148f34809ac5e4
sp18_ol0_s0.7	18	769	raceline0	0.7	seed1_iter10	overtaking	False	False	0	4dde873cb0c81ac9836eeeb3b0b740d82ff1887a23b8e568008abffd27476312
sp18_ol0_s0.7	18	769	raceline0	0.7	seed1_iter20	overtaking	False	False	0	e3190c2aa3683e6b63371e609efb909c817dc23c6ad43018d09a8749288a72a8
sp18_ol0_s0.7	18	769	raceline0	0.7	seed1_iter30	overtaking	False	False	0	ce250ee39be7e56d0383e003cf49262d75d3c7fbe0d161ddf010651e7c37065c
sp18_ol0_s0.8	18	769	raceline0	0.8	BC	following	False	False	0	b5a1360fee18c2875185a3d23ab21cbdd8a4cdb2e94639433a148f34809ac5e4
sp18_ol0_s0.8	18	769	raceline0	0.8	seed1_iter10	following	False	False	0	4dde873cb0c81ac9836eeeb3b0b740d82ff1887a23b8e568008abffd27476312
sp18_ol0_s0.8	18	769	raceline0	0.8	seed1_iter20	following	False	False	0	e3190c2aa3683e6b63371e609efb909c817dc23c6ad43018d09a8749288a72a8
sp18_ol0_s0.8	18	769	raceline0	0.8	seed1_iter30	following	False	False	0	ce250ee39be7e56d0383e003cf49262d75d3c7fbe0d161ddf010651e7c37065c
sp18_ol1_s0.5	18	769	raceline1	0.5	BC	following	False	False	0	b5a1360fee18c2875185a3d23ab21cbdd8a4cdb2e94639433a148f34809ac5e4
sp18_ol1_s0.5	18	769	raceline1	0.5	seed1_iter10	following	False	False	0	4dde873cb0c81ac9836eeeb3b0b740d82ff1887a23b8e568008abffd27476312
sp18_ol1_s0.5	18	769	raceline1	0.5	seed1_iter20	following	False	False	0	e3190c2aa3683e6b63371e609efb909c817dc23c6ad43018d09a8749288a72a8
sp18_ol1_s0.5	18	769	raceline1	0.5	seed1_iter30	following	False	False	0	ce250ee39be7e56d0383e003cf49262d75d3c7fbe0d161ddf010651e7c37065c
sp18_ol1_s0.6	18	769	raceline1	0.6	BC	following	False	False	0	b5a1360fee18c2875185a3d23ab21cbdd8a4cdb2e94639433a148f34809ac5e4
sp18_ol1_s0.6	18	769	raceline1	0.6	seed1_iter10	following	False	False	0	4dde873cb0c81ac9836eeeb3b0b740d82ff1887a23b8e568008abffd27476312
sp18_ol1_s0.6	18	769	raceline1	0.6	seed1_iter20	following	False	False	0	e3190c2aa3683e6b63371e609efb909c817dc23c6ad43018d09a8749288a72a8
sp18_ol1_s0.6	18	769	raceline1	0.6	seed1_iter30	following	False	False	0	ce250ee39be7e56d0383e003cf49262d75d3c7fbe0d161ddf010651e7c37065c
sp18_ol1_s0.7	18	769	raceline1	0.7	BC	following	False	False	0	b5a1360fee18c2875185a3d23ab21cbdd8a4cdb2e94639433a148f34809ac5e4
sp18_ol1_s0.7	18	769	raceline1	0.7	seed1_iter10	following	False	False	0	4dde873cb0c81ac9836eeeb3b0b740d82ff1887a23b8e568008abffd27476312
sp18_ol1_s0.7	18	769	raceline1	0.7	seed1_iter20	following	False	False	0	e3190c2aa3683e6b63371e609efb909c817dc23c6ad43018d09a8749288a72a8
sp18_ol1_s0.7	18	769	raceline1	0.7	seed1_iter30	following	False	False	0	ce250ee39be7e56d0383e003cf49262d75d3c7fbe0d161ddf010651e7c37065c
sp18_ol1_s0.8	18	769	raceline1	0.8	BC	following	False	False	0	b5a1360fee18c2875185a3d23ab21cbdd8a4cdb2e94639433a148f34809ac5e4
sp18_ol1_s0.8	18	769	raceline1	0.8	seed1_iter10	following	False	False	0	4dde873cb0c81ac9836eeeb3b0b740d82ff1887a23b8e568008abffd27476312
sp18_ol1_s0.8	18	769	raceline1	0.8	seed1_iter20	following	False	False	0	e3190c2aa3683e6b63371e609efb909c817dc23c6ad43018d09a8749288a72a8
sp18_ol1_s0.8	18	769	raceline1	0.8	seed1_iter30	following	False	False	0	ce250ee39be7e56d0383e003cf49262d75d3c7fbe0d161ddf010651e7c37065c
sp18_ol2_s0.5	18	769	raceline2	0.5	BC	overtaking	False	False	0	b5a1360fee18c2875185a3d23ab21cbdd8a4cdb2e94639433a148f34809ac5e4
sp18_ol2_s0.5	18	769	raceline2	0.5	seed1_iter10	overtaking	False	False	0	4dde873cb0c81ac9836eeeb3b0b740d82ff1887a23b8e568008abffd27476312
sp18_ol2_s0.5	18	769	raceline2	0.5	seed1_iter20	overtaking	False	False	0	e3190c2aa3683e6b63371e609efb909c817dc23c6ad43018d09a8749288a72a8
sp18_ol2_s0.5	18	769	raceline2	0.5	seed1_iter30	overtaking	False	False	0	ce250ee39be7e56d0383e003cf49262d75d3c7fbe0d161ddf010651e7c37065c
sp18_ol2_s0.6	18	769	raceline2	0.6	BC	overtaking	False	False	0	b5a1360fee18c2875185a3d23ab21cbdd8a4cdb2e94639433a148f34809ac5e4
sp18_ol2_s0.6	18	769	raceline2	0.6	seed1_iter10	overtaking	False	False	0	4dde873cb0c81ac9836eeeb3b0b740d82ff1887a23b8e568008abffd27476312
sp18_ol2_s0.6	18	769	raceline2	0.6	seed1_iter20	overtaking	False	False	0	e3190c2aa3683e6b63371e609efb909c817dc23c6ad43018d09a8749288a72a8
sp18_ol2_s0.6	18	769	raceline2	0.6	seed1_iter30	overtaking	False	False	0	ce250ee39be7e56d0383e003cf49262d75d3c7fbe0d161ddf010651e7c37065c
sp18_ol2_s0.7	18	769	raceline2	0.7	BC	overtaking	False	False	0	b5a1360fee18c2875185a3d23ab21cbdd8a4cdb2e94639433a148f34809ac5e4
sp18_ol2_s0.7	18	769	raceline2	0.7	seed1_iter10	overtaking	False	False	0	4dde873cb0c81ac9836eeeb3b0b740d82ff1887a23b8e568008abffd27476312
sp18_ol2_s0.7	18	769	raceline2	0.7	seed1_iter20	overtaking	False	False	0	e3190c2aa3683e6b63371e609efb909c817dc23c6ad43018d09a8749288a72a8
sp18_ol2_s0.7	18	769	raceline2	0.7	seed1_iter30	overtaking	False	False	0	ce250ee39be7e56d0383e003cf49262d75d3c7fbe0d161ddf010651e7c37065c
sp18_ol2_s0.8	18	769	raceline2	0.8	BC	following	False	False	0	b5a1360fee18c2875185a3d23ab21cbdd8a4cdb2e94639433a148f34809ac5e4
sp18_ol2_s0.8	18	769	raceline2	0.8	seed1_iter10	following	False	False	0	4dde873cb0c81ac9836eeeb3b0b740d82ff1887a23b8e568008abffd27476312
sp18_ol2_s0.8	18	769	raceline2	0.8	seed1_iter20	following	False	False	0	e3190c2aa3683e6b63371e609efb909c817dc23c6ad43018d09a8749288a72a8
sp18_ol2_s0.8	18	769	raceline2	0.8	seed1_iter30	following	False	False	0	ce250ee39be7e56d0383e003cf49262d75d3c7fbe0d161ddf010651e7c37065c
sp19_ol0_s0.5	19	812	raceline0	0.5	BC	overtaking	False	False	0	b5a1360fee18c2875185a3d23ab21cbdd8a4cdb2e94639433a148f34809ac5e4
sp19_ol0_s0.5	19	812	raceline0	0.5	seed1_iter10	overtaking	False	False	0	4dde873cb0c81ac9836eeeb3b0b740d82ff1887a23b8e568008abffd27476312
sp19_ol0_s0.5	19	812	raceline0	0.5	seed1_iter20	overtaking	False	False	0	e3190c2aa3683e6b63371e609efb909c817dc23c6ad43018d09a8749288a72a8
sp19_ol0_s0.5	19	812	raceline0	0.5	seed1_iter30	overtaking	False	False	0	ce250ee39be7e56d0383e003cf49262d75d3c7fbe0d161ddf010651e7c37065c
sp19_ol0_s0.6	19	812	raceline0	0.6	BC	overtaking	False	False	0	b5a1360fee18c2875185a3d23ab21cbdd8a4cdb2e94639433a148f34809ac5e4
sp19_ol0_s0.6	19	812	raceline0	0.6	seed1_iter10	overtaking	False	False	0	4dde873cb0c81ac9836eeeb3b0b740d82ff1887a23b8e568008abffd27476312
sp19_ol0_s0.6	19	812	raceline0	0.6	seed1_iter20	overtaking	False	False	0	e3190c2aa3683e6b63371e609efb909c817dc23c6ad43018d09a8749288a72a8
sp19_ol0_s0.6	19	812	raceline0	0.6	seed1_iter30	overtaking	False	False	0	ce250ee39be7e56d0383e003cf49262d75d3c7fbe0d161ddf010651e7c37065c
sp19_ol0_s0.7	19	812	raceline0	0.7	BC	following	False	False	0	b5a1360fee18c2875185a3d23ab21cbdd8a4cdb2e94639433a148f34809ac5e4
sp19_ol0_s0.7	19	812	raceline0	0.7	seed1_iter10	overtaking	False	False	0	4dde873cb0c81ac9836eeeb3b0b740d82ff1887a23b8e568008abffd27476312
sp19_ol0_s0.7	19	812	raceline0	0.7	seed1_iter20	overtaking	False	False	0	e3190c2aa3683e6b63371e609efb909c817dc23c6ad43018d09a8749288a72a8
sp19_ol0_s0.7	19	812	raceline0	0.7	seed1_iter30	overtaking	False	False	0	ce250ee39be7e56d0383e003cf49262d75d3c7fbe0d161ddf010651e7c37065c
sp19_ol0_s0.8	19	812	raceline0	0.8	BC	following	False	False	0	b5a1360fee18c2875185a3d23ab21cbdd8a4cdb2e94639433a148f34809ac5e4
sp19_ol0_s0.8	19	812	raceline0	0.8	seed1_iter10	following	False	False	0	4dde873cb0c81ac9836eeeb3b0b740d82ff1887a23b8e568008abffd27476312
sp19_ol0_s0.8	19	812	raceline0	0.8	seed1_iter20	following	False	False	0	e3190c2aa3683e6b63371e609efb909c817dc23c6ad43018d09a8749288a72a8
sp19_ol0_s0.8	19	812	raceline0	0.8	seed1_iter30	following	False	False	0	ce250ee39be7e56d0383e003cf49262d75d3c7fbe0d161ddf010651e7c37065c
sp19_ol1_s0.5	19	812	raceline1	0.5	BC	following	False	False	0	b5a1360fee18c2875185a3d23ab21cbdd8a4cdb2e94639433a148f34809ac5e4
sp19_ol1_s0.5	19	812	raceline1	0.5	seed1_iter10	following	False	False	0	4dde873cb0c81ac9836eeeb3b0b740d82ff1887a23b8e568008abffd27476312
sp19_ol1_s0.5	19	812	raceline1	0.5	seed1_iter20	following	False	False	0	e3190c2aa3683e6b63371e609efb909c817dc23c6ad43018d09a8749288a72a8
sp19_ol1_s0.5	19	812	raceline1	0.5	seed1_iter30	following	False	False	0	ce250ee39be7e56d0383e003cf49262d75d3c7fbe0d161ddf010651e7c37065c
sp19_ol1_s0.6	19	812	raceline1	0.6	BC	following	False	False	0	b5a1360fee18c2875185a3d23ab21cbdd8a4cdb2e94639433a148f34809ac5e4
sp19_ol1_s0.6	19	812	raceline1	0.6	seed1_iter10	following	False	False	0	4dde873cb0c81ac9836eeeb3b0b740d82ff1887a23b8e568008abffd27476312
sp19_ol1_s0.6	19	812	raceline1	0.6	seed1_iter20	following	False	False	0	e3190c2aa3683e6b63371e609efb909c817dc23c6ad43018d09a8749288a72a8
sp19_ol1_s0.6	19	812	raceline1	0.6	seed1_iter30	following	False	False	0	ce250ee39be7e56d0383e003cf49262d75d3c7fbe0d161ddf010651e7c37065c
sp19_ol1_s0.7	19	812	raceline1	0.7	BC	following	False	False	0	b5a1360fee18c2875185a3d23ab21cbdd8a4cdb2e94639433a148f34809ac5e4
sp19_ol1_s0.7	19	812	raceline1	0.7	seed1_iter10	following	False	False	0	4dde873cb0c81ac9836eeeb3b0b740d82ff1887a23b8e568008abffd27476312
sp19_ol1_s0.7	19	812	raceline1	0.7	seed1_iter20	following	False	False	0	e3190c2aa3683e6b63371e609efb909c817dc23c6ad43018d09a8749288a72a8
sp19_ol1_s0.7	19	812	raceline1	0.7	seed1_iter30	following	False	False	0	ce250ee39be7e56d0383e003cf49262d75d3c7fbe0d161ddf010651e7c37065c
sp19_ol1_s0.8	19	812	raceline1	0.8	BC	following	False	False	0	b5a1360fee18c2875185a3d23ab21cbdd8a4cdb2e94639433a148f34809ac5e4
sp19_ol1_s0.8	19	812	raceline1	0.8	seed1_iter10	following	False	False	0	4dde873cb0c81ac9836eeeb3b0b740d82ff1887a23b8e568008abffd27476312
sp19_ol1_s0.8	19	812	raceline1	0.8	seed1_iter20	following	False	False	0	e3190c2aa3683e6b63371e609efb909c817dc23c6ad43018d09a8749288a72a8
sp19_ol1_s0.8	19	812	raceline1	0.8	seed1_iter30	following	False	False	0	ce250ee39be7e56d0383e003cf49262d75d3c7fbe0d161ddf010651e7c37065c
sp19_ol2_s0.5	19	812	raceline2	0.5	BC	overtaking	False	False	0	b5a1360fee18c2875185a3d23ab21cbdd8a4cdb2e94639433a148f34809ac5e4
sp19_ol2_s0.5	19	812	raceline2	0.5	seed1_iter10	overtaking	False	False	0	4dde873cb0c81ac9836eeeb3b0b740d82ff1887a23b8e568008abffd27476312
sp19_ol2_s0.5	19	812	raceline2	0.5	seed1_iter20	overtaking	False	False	0	e3190c2aa3683e6b63371e609efb909c817dc23c6ad43018d09a8749288a72a8
sp19_ol2_s0.5	19	812	raceline2	0.5	seed1_iter30	overtaking	False	False	0	ce250ee39be7e56d0383e003cf49262d75d3c7fbe0d161ddf010651e7c37065c
sp19_ol2_s0.6	19	812	raceline2	0.6	BC	overtaking	False	False	0	b5a1360fee18c2875185a3d23ab21cbdd8a4cdb2e94639433a148f34809ac5e4
sp19_ol2_s0.6	19	812	raceline2	0.6	seed1_iter10	overtaking	False	False	0	4dde873cb0c81ac9836eeeb3b0b740d82ff1887a23b8e568008abffd27476312
sp19_ol2_s0.6	19	812	raceline2	0.6	seed1_iter20	overtaking	False	False	0	e3190c2aa3683e6b63371e609efb909c817dc23c6ad43018d09a8749288a72a8
sp19_ol2_s0.6	19	812	raceline2	0.6	seed1_iter30	overtaking	False	False	0	ce250ee39be7e56d0383e003cf49262d75d3c7fbe0d161ddf010651e7c37065c
sp19_ol2_s0.7	19	812	raceline2	0.7	BC	overtaking	False	False	0	b5a1360fee18c2875185a3d23ab21cbdd8a4cdb2e94639433a148f34809ac5e4
sp19_ol2_s0.7	19	812	raceline2	0.7	seed1_iter10	overtaking	False	False	0	4dde873cb0c81ac9836eeeb3b0b740d82ff1887a23b8e568008abffd27476312
sp19_ol2_s0.7	19	812	raceline2	0.7	seed1_iter20	overtaking	False	False	0	e3190c2aa3683e6b63371e609efb909c817dc23c6ad43018d09a8749288a72a8
sp19_ol2_s0.7	19	812	raceline2	0.7	seed1_iter30	overtaking	False	False	0	ce250ee39be7e56d0383e003cf49262d75d3c7fbe0d161ddf010651e7c37065c
sp19_ol2_s0.8	19	812	raceline2	0.8	BC	following	False	False	0	b5a1360fee18c2875185a3d23ab21cbdd8a4cdb2e94639433a148f34809ac5e4
sp19_ol2_s0.8	19	812	raceline2	0.8	seed1_iter10	following	False	False	0	4dde873cb0c81ac9836eeeb3b0b740d82ff1887a23b8e568008abffd27476312
sp19_ol2_s0.8	19	812	raceline2	0.8	seed1_iter20	following	False	False	0	e3190c2aa3683e6b63371e609efb909c817dc23c6ad43018d09a8749288a72a8
sp19_ol2_s0.8	19	812	raceline2	0.8	seed1_iter30	following	False	False	0	ce250ee39be7e56d0383e003cf49262d75d3c7fbe0d161ddf010651e7c37065c
sp20_ol0_s0.5	20	855	raceline0	0.5	BC	overtaking	False	False	0	b5a1360fee18c2875185a3d23ab21cbdd8a4cdb2e94639433a148f34809ac5e4
sp20_ol0_s0.5	20	855	raceline0	0.5	seed1_iter10	overtaking	False	False	0	4dde873cb0c81ac9836eeeb3b0b740d82ff1887a23b8e568008abffd27476312
sp20_ol0_s0.5	20	855	raceline0	0.5	seed1_iter20	overtaking	False	False	0	e3190c2aa3683e6b63371e609efb909c817dc23c6ad43018d09a8749288a72a8
sp20_ol0_s0.5	20	855	raceline0	0.5	seed1_iter30	overtaking	False	False	0	ce250ee39be7e56d0383e003cf49262d75d3c7fbe0d161ddf010651e7c37065c
sp20_ol0_s0.6	20	855	raceline0	0.6	BC	overtaking	False	False	0	b5a1360fee18c2875185a3d23ab21cbdd8a4cdb2e94639433a148f34809ac5e4
sp20_ol0_s0.6	20	855	raceline0	0.6	seed1_iter10	overtaking	False	False	0	4dde873cb0c81ac9836eeeb3b0b740d82ff1887a23b8e568008abffd27476312
sp20_ol0_s0.6	20	855	raceline0	0.6	seed1_iter20	overtaking	False	False	0	e3190c2aa3683e6b63371e609efb909c817dc23c6ad43018d09a8749288a72a8
sp20_ol0_s0.6	20	855	raceline0	0.6	seed1_iter30	overtaking	False	False	0	ce250ee39be7e56d0383e003cf49262d75d3c7fbe0d161ddf010651e7c37065c
sp20_ol0_s0.7	20	855	raceline0	0.7	BC	overtaking	False	False	0	b5a1360fee18c2875185a3d23ab21cbdd8a4cdb2e94639433a148f34809ac5e4
sp20_ol0_s0.7	20	855	raceline0	0.7	seed1_iter10	overtaking	False	False	0	4dde873cb0c81ac9836eeeb3b0b740d82ff1887a23b8e568008abffd27476312
sp20_ol0_s0.7	20	855	raceline0	0.7	seed1_iter20	overtaking	False	False	0	e3190c2aa3683e6b63371e609efb909c817dc23c6ad43018d09a8749288a72a8
sp20_ol0_s0.7	20	855	raceline0	0.7	seed1_iter30	overtaking	False	False	0	ce250ee39be7e56d0383e003cf49262d75d3c7fbe0d161ddf010651e7c37065c
sp20_ol0_s0.8	20	855	raceline0	0.8	BC	following	False	False	0	b5a1360fee18c2875185a3d23ab21cbdd8a4cdb2e94639433a148f34809ac5e4
sp20_ol0_s0.8	20	855	raceline0	0.8	seed1_iter10	following	False	False	0	4dde873cb0c81ac9836eeeb3b0b740d82ff1887a23b8e568008abffd27476312
sp20_ol0_s0.8	20	855	raceline0	0.8	seed1_iter20	following	False	False	0	e3190c2aa3683e6b63371e609efb909c817dc23c6ad43018d09a8749288a72a8
sp20_ol0_s0.8	20	855	raceline0	0.8	seed1_iter30	following	False	False	0	ce250ee39be7e56d0383e003cf49262d75d3c7fbe0d161ddf010651e7c37065c
sp20_ol1_s0.5	20	855	raceline1	0.5	BC	following	False	False	0	b5a1360fee18c2875185a3d23ab21cbdd8a4cdb2e94639433a148f34809ac5e4
sp20_ol1_s0.5	20	855	raceline1	0.5	seed1_iter10	following	False	False	0	4dde873cb0c81ac9836eeeb3b0b740d82ff1887a23b8e568008abffd27476312
sp20_ol1_s0.5	20	855	raceline1	0.5	seed1_iter20	following	False	False	0	e3190c2aa3683e6b63371e609efb909c817dc23c6ad43018d09a8749288a72a8
sp20_ol1_s0.5	20	855	raceline1	0.5	seed1_iter30	following	False	False	0	ce250ee39be7e56d0383e003cf49262d75d3c7fbe0d161ddf010651e7c37065c
sp20_ol1_s0.6	20	855	raceline1	0.6	BC	following	False	False	0	b5a1360fee18c2875185a3d23ab21cbdd8a4cdb2e94639433a148f34809ac5e4
sp20_ol1_s0.6	20	855	raceline1	0.6	seed1_iter10	following	False	False	0	4dde873cb0c81ac9836eeeb3b0b740d82ff1887a23b8e568008abffd27476312
sp20_ol1_s0.6	20	855	raceline1	0.6	seed1_iter20	following	False	False	0	e3190c2aa3683e6b63371e609efb909c817dc23c6ad43018d09a8749288a72a8
sp20_ol1_s0.6	20	855	raceline1	0.6	seed1_iter30	following	False	False	0	ce250ee39be7e56d0383e003cf49262d75d3c7fbe0d161ddf010651e7c37065c
sp20_ol1_s0.7	20	855	raceline1	0.7	BC	following	False	False	0	b5a1360fee18c2875185a3d23ab21cbdd8a4cdb2e94639433a148f34809ac5e4
sp20_ol1_s0.7	20	855	raceline1	0.7	seed1_iter10	following	False	False	0	4dde873cb0c81ac9836eeeb3b0b740d82ff1887a23b8e568008abffd27476312
sp20_ol1_s0.7	20	855	raceline1	0.7	seed1_iter20	following	False	False	0	e3190c2aa3683e6b63371e609efb909c817dc23c6ad43018d09a8749288a72a8
sp20_ol1_s0.7	20	855	raceline1	0.7	seed1_iter30	following	False	False	0	ce250ee39be7e56d0383e003cf49262d75d3c7fbe0d161ddf010651e7c37065c
sp20_ol1_s0.8	20	855	raceline1	0.8	BC	following	False	False	0	b5a1360fee18c2875185a3d23ab21cbdd8a4cdb2e94639433a148f34809ac5e4
sp20_ol1_s0.8	20	855	raceline1	0.8	seed1_iter10	following	False	False	0	4dde873cb0c81ac9836eeeb3b0b740d82ff1887a23b8e568008abffd27476312
sp20_ol1_s0.8	20	855	raceline1	0.8	seed1_iter20	following	False	False	0	e3190c2aa3683e6b63371e609efb909c817dc23c6ad43018d09a8749288a72a8
sp20_ol1_s0.8	20	855	raceline1	0.8	seed1_iter30	following	False	False	0	ce250ee39be7e56d0383e003cf49262d75d3c7fbe0d161ddf010651e7c37065c
sp20_ol2_s0.5	20	855	raceline2	0.5	BC	overtaking	False	False	0	b5a1360fee18c2875185a3d23ab21cbdd8a4cdb2e94639433a148f34809ac5e4
sp20_ol2_s0.5	20	855	raceline2	0.5	seed1_iter10	overtaking	False	False	0	4dde873cb0c81ac9836eeeb3b0b740d82ff1887a23b8e568008abffd27476312
sp20_ol2_s0.5	20	855	raceline2	0.5	seed1_iter20	overtaking	False	False	0	e3190c2aa3683e6b63371e609efb909c817dc23c6ad43018d09a8749288a72a8
sp20_ol2_s0.5	20	855	raceline2	0.5	seed1_iter30	overtaking	False	False	0	ce250ee39be7e56d0383e003cf49262d75d3c7fbe0d161ddf010651e7c37065c
sp20_ol2_s0.6	20	855	raceline2	0.6	BC	overtaking	False	False	0	b5a1360fee18c2875185a3d23ab21cbdd8a4cdb2e94639433a148f34809ac5e4
sp20_ol2_s0.6	20	855	raceline2	0.6	seed1_iter10	overtaking	False	False	0	4dde873cb0c81ac9836eeeb3b0b740d82ff1887a23b8e568008abffd27476312
sp20_ol2_s0.6	20	855	raceline2	0.6	seed1_iter20	overtaking	False	False	0	e3190c2aa3683e6b63371e609efb909c817dc23c6ad43018d09a8749288a72a8
sp20_ol2_s0.6	20	855	raceline2	0.6	seed1_iter30	overtaking	False	False	0	ce250ee39be7e56d0383e003cf49262d75d3c7fbe0d161ddf010651e7c37065c
sp20_ol2_s0.7	20	855	raceline2	0.7	BC	overtaking	False	False	0	b5a1360fee18c2875185a3d23ab21cbdd8a4cdb2e94639433a148f34809ac5e4
sp20_ol2_s0.7	20	855	raceline2	0.7	seed1_iter10	overtaking	False	False	0	4dde873cb0c81ac9836eeeb3b0b740d82ff1887a23b8e568008abffd27476312
sp20_ol2_s0.7	20	855	raceline2	0.7	seed1_iter20	overtaking	False	False	0	e3190c2aa3683e6b63371e609efb909c817dc23c6ad43018d09a8749288a72a8
sp20_ol2_s0.7	20	855	raceline2	0.7	seed1_iter30	overtaking	False	False	0	ce250ee39be7e56d0383e003cf49262d75d3c7fbe0d161ddf010651e7c37065c
sp20_ol2_s0.8	20	855	raceline2	0.8	BC	following	False	False	0	b5a1360fee18c2875185a3d23ab21cbdd8a4cdb2e94639433a148f34809ac5e4
sp20_ol2_s0.8	20	855	raceline2	0.8	seed1_iter10	following	False	False	0	4dde873cb0c81ac9836eeeb3b0b740d82ff1887a23b8e568008abffd27476312
sp20_ol2_s0.8	20	855	raceline2	0.8	seed1_iter20	following	False	False	0	e3190c2aa3683e6b63371e609efb909c817dc23c6ad43018d09a8749288a72a8
sp20_ol2_s0.8	20	855	raceline2	0.8	seed1_iter30	following	False	False	0	ce250ee39be7e56d0383e003cf49262d75d3c7fbe0d161ddf010651e7c37065c
sp21_ol0_s0.5	21	898	raceline0	0.5	BC	overtaking	False	False	0	b5a1360fee18c2875185a3d23ab21cbdd8a4cdb2e94639433a148f34809ac5e4
sp21_ol0_s0.5	21	898	raceline0	0.5	seed1_iter10	overtaking	False	False	0	4dde873cb0c81ac9836eeeb3b0b740d82ff1887a23b8e568008abffd27476312
sp21_ol0_s0.5	21	898	raceline0	0.5	seed1_iter20	overtaking	False	False	0	e3190c2aa3683e6b63371e609efb909c817dc23c6ad43018d09a8749288a72a8
sp21_ol0_s0.5	21	898	raceline0	0.5	seed1_iter30	overtaking	False	False	0	ce250ee39be7e56d0383e003cf49262d75d3c7fbe0d161ddf010651e7c37065c
sp21_ol0_s0.6	21	898	raceline0	0.6	BC	overtaking	False	False	0	b5a1360fee18c2875185a3d23ab21cbdd8a4cdb2e94639433a148f34809ac5e4
sp21_ol0_s0.6	21	898	raceline0	0.6	seed1_iter10	overtaking	False	False	0	4dde873cb0c81ac9836eeeb3b0b740d82ff1887a23b8e568008abffd27476312
sp21_ol0_s0.6	21	898	raceline0	0.6	seed1_iter20	overtaking	False	False	0	e3190c2aa3683e6b63371e609efb909c817dc23c6ad43018d09a8749288a72a8
sp21_ol0_s0.6	21	898	raceline0	0.6	seed1_iter30	overtaking	False	False	0	ce250ee39be7e56d0383e003cf49262d75d3c7fbe0d161ddf010651e7c37065c
sp21_ol0_s0.7	21	898	raceline0	0.7	BC	collision	True	True	0	b5a1360fee18c2875185a3d23ab21cbdd8a4cdb2e94639433a148f34809ac5e4
sp21_ol0_s0.7	21	898	raceline0	0.7	seed1_iter10	overtaking	False	False	0	4dde873cb0c81ac9836eeeb3b0b740d82ff1887a23b8e568008abffd27476312
sp21_ol0_s0.7	21	898	raceline0	0.7	seed1_iter20	collision	True	True	0	e3190c2aa3683e6b63371e609efb909c817dc23c6ad43018d09a8749288a72a8
sp21_ol0_s0.7	21	898	raceline0	0.7	seed1_iter30	collision	True	True	0	ce250ee39be7e56d0383e003cf49262d75d3c7fbe0d161ddf010651e7c37065c
sp21_ol0_s0.8	21	898	raceline0	0.8	BC	following	False	False	0	b5a1360fee18c2875185a3d23ab21cbdd8a4cdb2e94639433a148f34809ac5e4
sp21_ol0_s0.8	21	898	raceline0	0.8	seed1_iter10	following	False	False	0	4dde873cb0c81ac9836eeeb3b0b740d82ff1887a23b8e568008abffd27476312
sp21_ol0_s0.8	21	898	raceline0	0.8	seed1_iter20	following	False	False	0	e3190c2aa3683e6b63371e609efb909c817dc23c6ad43018d09a8749288a72a8
sp21_ol0_s0.8	21	898	raceline0	0.8	seed1_iter30	following	False	False	0	ce250ee39be7e56d0383e003cf49262d75d3c7fbe0d161ddf010651e7c37065c
sp21_ol1_s0.5	21	898	raceline1	0.5	BC	following	False	False	0	b5a1360fee18c2875185a3d23ab21cbdd8a4cdb2e94639433a148f34809ac5e4
sp21_ol1_s0.5	21	898	raceline1	0.5	seed1_iter10	following	False	False	0	4dde873cb0c81ac9836eeeb3b0b740d82ff1887a23b8e568008abffd27476312
sp21_ol1_s0.5	21	898	raceline1	0.5	seed1_iter20	following	False	False	0	e3190c2aa3683e6b63371e609efb909c817dc23c6ad43018d09a8749288a72a8
sp21_ol1_s0.5	21	898	raceline1	0.5	seed1_iter30	following	False	False	0	ce250ee39be7e56d0383e003cf49262d75d3c7fbe0d161ddf010651e7c37065c
sp21_ol1_s0.6	21	898	raceline1	0.6	BC	following	False	False	0	b5a1360fee18c2875185a3d23ab21cbdd8a4cdb2e94639433a148f34809ac5e4
sp21_ol1_s0.6	21	898	raceline1	0.6	seed1_iter10	following	False	False	0	4dde873cb0c81ac9836eeeb3b0b740d82ff1887a23b8e568008abffd27476312
sp21_ol1_s0.6	21	898	raceline1	0.6	seed1_iter20	following	False	False	0	e3190c2aa3683e6b63371e609efb909c817dc23c6ad43018d09a8749288a72a8
sp21_ol1_s0.6	21	898	raceline1	0.6	seed1_iter30	following	False	False	0	ce250ee39be7e56d0383e003cf49262d75d3c7fbe0d161ddf010651e7c37065c
sp21_ol1_s0.7	21	898	raceline1	0.7	BC	following	False	False	0	b5a1360fee18c2875185a3d23ab21cbdd8a4cdb2e94639433a148f34809ac5e4
sp21_ol1_s0.7	21	898	raceline1	0.7	seed1_iter10	following	False	False	0	4dde873cb0c81ac9836eeeb3b0b740d82ff1887a23b8e568008abffd27476312
sp21_ol1_s0.7	21	898	raceline1	0.7	seed1_iter20	following	False	False	0	e3190c2aa3683e6b63371e609efb909c817dc23c6ad43018d09a8749288a72a8
sp21_ol1_s0.7	21	898	raceline1	0.7	seed1_iter30	following	False	False	0	ce250ee39be7e56d0383e003cf49262d75d3c7fbe0d161ddf010651e7c37065c
sp21_ol1_s0.8	21	898	raceline1	0.8	BC	following	False	False	0	b5a1360fee18c2875185a3d23ab21cbdd8a4cdb2e94639433a148f34809ac5e4
sp21_ol1_s0.8	21	898	raceline1	0.8	seed1_iter10	following	False	False	0	4dde873cb0c81ac9836eeeb3b0b740d82ff1887a23b8e568008abffd27476312
sp21_ol1_s0.8	21	898	raceline1	0.8	seed1_iter20	following	False	False	0	e3190c2aa3683e6b63371e609efb909c817dc23c6ad43018d09a8749288a72a8
sp21_ol1_s0.8	21	898	raceline1	0.8	seed1_iter30	following	False	False	0	ce250ee39be7e56d0383e003cf49262d75d3c7fbe0d161ddf010651e7c37065c
sp21_ol2_s0.5	21	898	raceline2	0.5	BC	overtaking	False	False	0	b5a1360fee18c2875185a3d23ab21cbdd8a4cdb2e94639433a148f34809ac5e4
sp21_ol2_s0.5	21	898	raceline2	0.5	seed1_iter10	overtaking	False	False	0	4dde873cb0c81ac9836eeeb3b0b740d82ff1887a23b8e568008abffd27476312
sp21_ol2_s0.5	21	898	raceline2	0.5	seed1_iter20	overtaking	False	False	0	e3190c2aa3683e6b63371e609efb909c817dc23c6ad43018d09a8749288a72a8
sp21_ol2_s0.5	21	898	raceline2	0.5	seed1_iter30	overtaking	False	False	0	ce250ee39be7e56d0383e003cf49262d75d3c7fbe0d161ddf010651e7c37065c
sp21_ol2_s0.6	21	898	raceline2	0.6	BC	overtaking	False	False	0	b5a1360fee18c2875185a3d23ab21cbdd8a4cdb2e94639433a148f34809ac5e4
sp21_ol2_s0.6	21	898	raceline2	0.6	seed1_iter10	overtaking	False	False	0	4dde873cb0c81ac9836eeeb3b0b740d82ff1887a23b8e568008abffd27476312
sp21_ol2_s0.6	21	898	raceline2	0.6	seed1_iter20	overtaking	False	False	0	e3190c2aa3683e6b63371e609efb909c817dc23c6ad43018d09a8749288a72a8
sp21_ol2_s0.6	21	898	raceline2	0.6	seed1_iter30	overtaking	False	False	0	ce250ee39be7e56d0383e003cf49262d75d3c7fbe0d161ddf010651e7c37065c
sp21_ol2_s0.7	21	898	raceline2	0.7	BC	overtaking	False	False	0	b5a1360fee18c2875185a3d23ab21cbdd8a4cdb2e94639433a148f34809ac5e4
sp21_ol2_s0.7	21	898	raceline2	0.7	seed1_iter10	overtaking	False	False	0	4dde873cb0c81ac9836eeeb3b0b740d82ff1887a23b8e568008abffd27476312
sp21_ol2_s0.7	21	898	raceline2	0.7	seed1_iter20	overtaking	False	False	0	e3190c2aa3683e6b63371e609efb909c817dc23c6ad43018d09a8749288a72a8
sp21_ol2_s0.7	21	898	raceline2	0.7	seed1_iter30	overtaking	False	False	0	ce250ee39be7e56d0383e003cf49262d75d3c7fbe0d161ddf010651e7c37065c
sp21_ol2_s0.8	21	898	raceline2	0.8	BC	overtaking	False	False	0	b5a1360fee18c2875185a3d23ab21cbdd8a4cdb2e94639433a148f34809ac5e4
sp21_ol2_s0.8	21	898	raceline2	0.8	seed1_iter10	overtaking	False	False	0	4dde873cb0c81ac9836eeeb3b0b740d82ff1887a23b8e568008abffd27476312
sp21_ol2_s0.8	21	898	raceline2	0.8	seed1_iter20	overtaking	False	False	0	e3190c2aa3683e6b63371e609efb909c817dc23c6ad43018d09a8749288a72a8
sp21_ol2_s0.8	21	898	raceline2	0.8	seed1_iter30	overtaking	False	False	0	ce250ee39be7e56d0383e003cf49262d75d3c7fbe0d161ddf010651e7c37065c
sp22_ol0_s0.5	22	941	raceline0	0.5	BC	overtaking	False	False	0	b5a1360fee18c2875185a3d23ab21cbdd8a4cdb2e94639433a148f34809ac5e4
sp22_ol0_s0.5	22	941	raceline0	0.5	seed1_iter10	overtaking	False	False	0	4dde873cb0c81ac9836eeeb3b0b740d82ff1887a23b8e568008abffd27476312
sp22_ol0_s0.5	22	941	raceline0	0.5	seed1_iter20	overtaking	False	False	0	e3190c2aa3683e6b63371e609efb909c817dc23c6ad43018d09a8749288a72a8
sp22_ol0_s0.5	22	941	raceline0	0.5	seed1_iter30	overtaking	False	False	0	ce250ee39be7e56d0383e003cf49262d75d3c7fbe0d161ddf010651e7c37065c
sp22_ol0_s0.6	22	941	raceline0	0.6	BC	overtaking	False	False	0	b5a1360fee18c2875185a3d23ab21cbdd8a4cdb2e94639433a148f34809ac5e4
sp22_ol0_s0.6	22	941	raceline0	0.6	seed1_iter10	overtaking	False	False	0	4dde873cb0c81ac9836eeeb3b0b740d82ff1887a23b8e568008abffd27476312
sp22_ol0_s0.6	22	941	raceline0	0.6	seed1_iter20	overtaking	False	False	0	e3190c2aa3683e6b63371e609efb909c817dc23c6ad43018d09a8749288a72a8
sp22_ol0_s0.6	22	941	raceline0	0.6	seed1_iter30	overtaking	False	False	0	ce250ee39be7e56d0383e003cf49262d75d3c7fbe0d161ddf010651e7c37065c
sp22_ol0_s0.7	22	941	raceline0	0.7	BC	overtaking	False	False	0	b5a1360fee18c2875185a3d23ab21cbdd8a4cdb2e94639433a148f34809ac5e4
sp22_ol0_s0.7	22	941	raceline0	0.7	seed1_iter10	overtaking	False	False	0	4dde873cb0c81ac9836eeeb3b0b740d82ff1887a23b8e568008abffd27476312
sp22_ol0_s0.7	22	941	raceline0	0.7	seed1_iter20	overtaking	False	False	0	e3190c2aa3683e6b63371e609efb909c817dc23c6ad43018d09a8749288a72a8
sp22_ol0_s0.7	22	941	raceline0	0.7	seed1_iter30	overtaking	False	False	0	ce250ee39be7e56d0383e003cf49262d75d3c7fbe0d161ddf010651e7c37065c
sp22_ol0_s0.8	22	941	raceline0	0.8	BC	following	False	False	0	b5a1360fee18c2875185a3d23ab21cbdd8a4cdb2e94639433a148f34809ac5e4
sp22_ol0_s0.8	22	941	raceline0	0.8	seed1_iter10	following	False	False	0	4dde873cb0c81ac9836eeeb3b0b740d82ff1887a23b8e568008abffd27476312
sp22_ol0_s0.8	22	941	raceline0	0.8	seed1_iter20	overtaking	False	False	0	e3190c2aa3683e6b63371e609efb909c817dc23c6ad43018d09a8749288a72a8
sp22_ol0_s0.8	22	941	raceline0	0.8	seed1_iter30	overtaking	False	False	0	ce250ee39be7e56d0383e003cf49262d75d3c7fbe0d161ddf010651e7c37065c
sp22_ol1_s0.5	22	941	raceline1	0.5	BC	following	False	False	0	b5a1360fee18c2875185a3d23ab21cbdd8a4cdb2e94639433a148f34809ac5e4
sp22_ol1_s0.5	22	941	raceline1	0.5	seed1_iter10	following	False	False	0	4dde873cb0c81ac9836eeeb3b0b740d82ff1887a23b8e568008abffd27476312
sp22_ol1_s0.5	22	941	raceline1	0.5	seed1_iter20	following	False	False	0	e3190c2aa3683e6b63371e609efb909c817dc23c6ad43018d09a8749288a72a8
sp22_ol1_s0.5	22	941	raceline1	0.5	seed1_iter30	following	False	False	0	ce250ee39be7e56d0383e003cf49262d75d3c7fbe0d161ddf010651e7c37065c
sp22_ol1_s0.6	22	941	raceline1	0.6	BC	following	False	False	0	b5a1360fee18c2875185a3d23ab21cbdd8a4cdb2e94639433a148f34809ac5e4
sp22_ol1_s0.6	22	941	raceline1	0.6	seed1_iter10	following	False	False	0	4dde873cb0c81ac9836eeeb3b0b740d82ff1887a23b8e568008abffd27476312
sp22_ol1_s0.6	22	941	raceline1	0.6	seed1_iter20	following	False	False	0	e3190c2aa3683e6b63371e609efb909c817dc23c6ad43018d09a8749288a72a8
sp22_ol1_s0.6	22	941	raceline1	0.6	seed1_iter30	following	False	False	0	ce250ee39be7e56d0383e003cf49262d75d3c7fbe0d161ddf010651e7c37065c
sp22_ol1_s0.7	22	941	raceline1	0.7	BC	following	False	False	0	b5a1360fee18c2875185a3d23ab21cbdd8a4cdb2e94639433a148f34809ac5e4
sp22_ol1_s0.7	22	941	raceline1	0.7	seed1_iter10	following	False	False	0	4dde873cb0c81ac9836eeeb3b0b740d82ff1887a23b8e568008abffd27476312
sp22_ol1_s0.7	22	941	raceline1	0.7	seed1_iter20	following	False	False	0	e3190c2aa3683e6b63371e609efb909c817dc23c6ad43018d09a8749288a72a8
sp22_ol1_s0.7	22	941	raceline1	0.7	seed1_iter30	following	False	False	0	ce250ee39be7e56d0383e003cf49262d75d3c7fbe0d161ddf010651e7c37065c
sp22_ol1_s0.8	22	941	raceline1	0.8	BC	following	False	False	0	b5a1360fee18c2875185a3d23ab21cbdd8a4cdb2e94639433a148f34809ac5e4
sp22_ol1_s0.8	22	941	raceline1	0.8	seed1_iter10	following	False	False	0	4dde873cb0c81ac9836eeeb3b0b740d82ff1887a23b8e568008abffd27476312
sp22_ol1_s0.8	22	941	raceline1	0.8	seed1_iter20	following	False	False	0	e3190c2aa3683e6b63371e609efb909c817dc23c6ad43018d09a8749288a72a8
sp22_ol1_s0.8	22	941	raceline1	0.8	seed1_iter30	following	False	False	0	ce250ee39be7e56d0383e003cf49262d75d3c7fbe0d161ddf010651e7c37065c
sp22_ol2_s0.5	22	941	raceline2	0.5	BC	overtaking	False	False	0	b5a1360fee18c2875185a3d23ab21cbdd8a4cdb2e94639433a148f34809ac5e4
sp22_ol2_s0.5	22	941	raceline2	0.5	seed1_iter10	overtaking	False	False	0	4dde873cb0c81ac9836eeeb3b0b740d82ff1887a23b8e568008abffd27476312
sp22_ol2_s0.5	22	941	raceline2	0.5	seed1_iter20	overtaking	False	False	0	e3190c2aa3683e6b63371e609efb909c817dc23c6ad43018d09a8749288a72a8
sp22_ol2_s0.5	22	941	raceline2	0.5	seed1_iter30	overtaking	False	False	0	ce250ee39be7e56d0383e003cf49262d75d3c7fbe0d161ddf010651e7c37065c
sp22_ol2_s0.6	22	941	raceline2	0.6	BC	overtaking	False	False	0	b5a1360fee18c2875185a3d23ab21cbdd8a4cdb2e94639433a148f34809ac5e4
sp22_ol2_s0.6	22	941	raceline2	0.6	seed1_iter10	overtaking	False	False	0	4dde873cb0c81ac9836eeeb3b0b740d82ff1887a23b8e568008abffd27476312
sp22_ol2_s0.6	22	941	raceline2	0.6	seed1_iter20	overtaking	False	False	0	e3190c2aa3683e6b63371e609efb909c817dc23c6ad43018d09a8749288a72a8
sp22_ol2_s0.6	22	941	raceline2	0.6	seed1_iter30	overtaking	False	False	0	ce250ee39be7e56d0383e003cf49262d75d3c7fbe0d161ddf010651e7c37065c
sp22_ol2_s0.7	22	941	raceline2	0.7	BC	overtaking	False	False	0	b5a1360fee18c2875185a3d23ab21cbdd8a4cdb2e94639433a148f34809ac5e4
sp22_ol2_s0.7	22	941	raceline2	0.7	seed1_iter10	overtaking	False	False	0	4dde873cb0c81ac9836eeeb3b0b740d82ff1887a23b8e568008abffd27476312
sp22_ol2_s0.7	22	941	raceline2	0.7	seed1_iter20	overtaking	False	False	0	e3190c2aa3683e6b63371e609efb909c817dc23c6ad43018d09a8749288a72a8
sp22_ol2_s0.7	22	941	raceline2	0.7	seed1_iter30	overtaking	False	False	0	ce250ee39be7e56d0383e003cf49262d75d3c7fbe0d161ddf010651e7c37065c
sp22_ol2_s0.8	22	941	raceline2	0.8	BC	overtaking	False	False	0	b5a1360fee18c2875185a3d23ab21cbdd8a4cdb2e94639433a148f34809ac5e4
sp22_ol2_s0.8	22	941	raceline2	0.8	seed1_iter10	overtaking	False	False	0	4dde873cb0c81ac9836eeeb3b0b740d82ff1887a23b8e568008abffd27476312
sp22_ol2_s0.8	22	941	raceline2	0.8	seed1_iter20	overtaking	False	False	0	e3190c2aa3683e6b63371e609efb909c817dc23c6ad43018d09a8749288a72a8
sp22_ol2_s0.8	22	941	raceline2	0.8	seed1_iter30	overtaking	False	False	0	ce250ee39be7e56d0383e003cf49262d75d3c7fbe0d161ddf010651e7c37065c
sp23_ol0_s0.5	23	983	raceline0	0.5	BC	overtaking	False	False	0	b5a1360fee18c2875185a3d23ab21cbdd8a4cdb2e94639433a148f34809ac5e4
sp23_ol0_s0.5	23	983	raceline0	0.5	seed1_iter10	overtaking	False	False	0	4dde873cb0c81ac9836eeeb3b0b740d82ff1887a23b8e568008abffd27476312
sp23_ol0_s0.5	23	983	raceline0	0.5	seed1_iter20	overtaking	False	False	0	e3190c2aa3683e6b63371e609efb909c817dc23c6ad43018d09a8749288a72a8
sp23_ol0_s0.5	23	983	raceline0	0.5	seed1_iter30	overtaking	False	False	0	ce250ee39be7e56d0383e003cf49262d75d3c7fbe0d161ddf010651e7c37065c
sp23_ol0_s0.6	23	983	raceline0	0.6	BC	overtaking	False	False	0	b5a1360fee18c2875185a3d23ab21cbdd8a4cdb2e94639433a148f34809ac5e4
sp23_ol0_s0.6	23	983	raceline0	0.6	seed1_iter10	overtaking	False	False	0	4dde873cb0c81ac9836eeeb3b0b740d82ff1887a23b8e568008abffd27476312
sp23_ol0_s0.6	23	983	raceline0	0.6	seed1_iter20	overtaking	False	False	0	e3190c2aa3683e6b63371e609efb909c817dc23c6ad43018d09a8749288a72a8
sp23_ol0_s0.6	23	983	raceline0	0.6	seed1_iter30	overtaking	False	False	0	ce250ee39be7e56d0383e003cf49262d75d3c7fbe0d161ddf010651e7c37065c
sp23_ol0_s0.7	23	983	raceline0	0.7	BC	overtaking	False	False	0	b5a1360fee18c2875185a3d23ab21cbdd8a4cdb2e94639433a148f34809ac5e4
sp23_ol0_s0.7	23	983	raceline0	0.7	seed1_iter10	overtaking	False	False	0	4dde873cb0c81ac9836eeeb3b0b740d82ff1887a23b8e568008abffd27476312
sp23_ol0_s0.7	23	983	raceline0	0.7	seed1_iter20	overtaking	False	False	0	e3190c2aa3683e6b63371e609efb909c817dc23c6ad43018d09a8749288a72a8
sp23_ol0_s0.7	23	983	raceline0	0.7	seed1_iter30	overtaking	False	False	0	ce250ee39be7e56d0383e003cf49262d75d3c7fbe0d161ddf010651e7c37065c
sp23_ol0_s0.8	23	983	raceline0	0.8	BC	overtaking	False	False	0	b5a1360fee18c2875185a3d23ab21cbdd8a4cdb2e94639433a148f34809ac5e4
sp23_ol0_s0.8	23	983	raceline0	0.8	seed1_iter10	overtaking	False	False	0	4dde873cb0c81ac9836eeeb3b0b740d82ff1887a23b8e568008abffd27476312
sp23_ol0_s0.8	23	983	raceline0	0.8	seed1_iter20	overtaking	False	False	0	e3190c2aa3683e6b63371e609efb909c817dc23c6ad43018d09a8749288a72a8
sp23_ol0_s0.8	23	983	raceline0	0.8	seed1_iter30	overtaking	False	False	0	ce250ee39be7e56d0383e003cf49262d75d3c7fbe0d161ddf010651e7c37065c
sp23_ol1_s0.5	23	983	raceline1	0.5	BC	following	False	False	0	b5a1360fee18c2875185a3d23ab21cbdd8a4cdb2e94639433a148f34809ac5e4
sp23_ol1_s0.5	23	983	raceline1	0.5	seed1_iter10	following	False	False	0	4dde873cb0c81ac9836eeeb3b0b740d82ff1887a23b8e568008abffd27476312
sp23_ol1_s0.5	23	983	raceline1	0.5	seed1_iter20	following	False	False	0	e3190c2aa3683e6b63371e609efb909c817dc23c6ad43018d09a8749288a72a8
sp23_ol1_s0.5	23	983	raceline1	0.5	seed1_iter30	following	False	False	0	ce250ee39be7e56d0383e003cf49262d75d3c7fbe0d161ddf010651e7c37065c
sp23_ol1_s0.6	23	983	raceline1	0.6	BC	following	False	False	0	b5a1360fee18c2875185a3d23ab21cbdd8a4cdb2e94639433a148f34809ac5e4
sp23_ol1_s0.6	23	983	raceline1	0.6	seed1_iter10	following	False	False	0	4dde873cb0c81ac9836eeeb3b0b740d82ff1887a23b8e568008abffd27476312
sp23_ol1_s0.6	23	983	raceline1	0.6	seed1_iter20	following	False	False	0	e3190c2aa3683e6b63371e609efb909c817dc23c6ad43018d09a8749288a72a8
sp23_ol1_s0.6	23	983	raceline1	0.6	seed1_iter30	following	False	False	0	ce250ee39be7e56d0383e003cf49262d75d3c7fbe0d161ddf010651e7c37065c
sp23_ol1_s0.7	23	983	raceline1	0.7	BC	following	False	False	0	b5a1360fee18c2875185a3d23ab21cbdd8a4cdb2e94639433a148f34809ac5e4
sp23_ol1_s0.7	23	983	raceline1	0.7	seed1_iter10	following	False	False	0	4dde873cb0c81ac9836eeeb3b0b740d82ff1887a23b8e568008abffd27476312
sp23_ol1_s0.7	23	983	raceline1	0.7	seed1_iter20	following	False	False	0	e3190c2aa3683e6b63371e609efb909c817dc23c6ad43018d09a8749288a72a8
sp23_ol1_s0.7	23	983	raceline1	0.7	seed1_iter30	following	False	False	0	ce250ee39be7e56d0383e003cf49262d75d3c7fbe0d161ddf010651e7c37065c
sp23_ol1_s0.8	23	983	raceline1	0.8	BC	following	False	False	0	b5a1360fee18c2875185a3d23ab21cbdd8a4cdb2e94639433a148f34809ac5e4
sp23_ol1_s0.8	23	983	raceline1	0.8	seed1_iter10	following	False	False	0	4dde873cb0c81ac9836eeeb3b0b740d82ff1887a23b8e568008abffd27476312
sp23_ol1_s0.8	23	983	raceline1	0.8	seed1_iter20	following	False	False	0	e3190c2aa3683e6b63371e609efb909c817dc23c6ad43018d09a8749288a72a8
sp23_ol1_s0.8	23	983	raceline1	0.8	seed1_iter30	following	False	False	0	ce250ee39be7e56d0383e003cf49262d75d3c7fbe0d161ddf010651e7c37065c
sp23_ol2_s0.5	23	983	raceline2	0.5	BC	overtaking	False	False	0	b5a1360fee18c2875185a3d23ab21cbdd8a4cdb2e94639433a148f34809ac5e4
sp23_ol2_s0.5	23	983	raceline2	0.5	seed1_iter10	overtaking	False	False	0	4dde873cb0c81ac9836eeeb3b0b740d82ff1887a23b8e568008abffd27476312
sp23_ol2_s0.5	23	983	raceline2	0.5	seed1_iter20	overtaking	False	False	0	e3190c2aa3683e6b63371e609efb909c817dc23c6ad43018d09a8749288a72a8
sp23_ol2_s0.5	23	983	raceline2	0.5	seed1_iter30	overtaking	False	False	0	ce250ee39be7e56d0383e003cf49262d75d3c7fbe0d161ddf010651e7c37065c
sp23_ol2_s0.6	23	983	raceline2	0.6	BC	overtaking	False	False	0	b5a1360fee18c2875185a3d23ab21cbdd8a4cdb2e94639433a148f34809ac5e4
sp23_ol2_s0.6	23	983	raceline2	0.6	seed1_iter10	overtaking	False	False	0	4dde873cb0c81ac9836eeeb3b0b740d82ff1887a23b8e568008abffd27476312
sp23_ol2_s0.6	23	983	raceline2	0.6	seed1_iter20	overtaking	False	False	0	e3190c2aa3683e6b63371e609efb909c817dc23c6ad43018d09a8749288a72a8
sp23_ol2_s0.6	23	983	raceline2	0.6	seed1_iter30	overtaking	False	False	0	ce250ee39be7e56d0383e003cf49262d75d3c7fbe0d161ddf010651e7c37065c
sp23_ol2_s0.7	23	983	raceline2	0.7	BC	overtaking	False	False	0	b5a1360fee18c2875185a3d23ab21cbdd8a4cdb2e94639433a148f34809ac5e4
sp23_ol2_s0.7	23	983	raceline2	0.7	seed1_iter10	overtaking	False	False	0	4dde873cb0c81ac9836eeeb3b0b740d82ff1887a23b8e568008abffd27476312
sp23_ol2_s0.7	23	983	raceline2	0.7	seed1_iter20	overtaking	False	False	0	e3190c2aa3683e6b63371e609efb909c817dc23c6ad43018d09a8749288a72a8
sp23_ol2_s0.7	23	983	raceline2	0.7	seed1_iter30	overtaking	False	False	0	ce250ee39be7e56d0383e003cf49262d75d3c7fbe0d161ddf010651e7c37065c
sp23_ol2_s0.8	23	983	raceline2	0.8	BC	overtaking	False	False	0	b5a1360fee18c2875185a3d23ab21cbdd8a4cdb2e94639433a148f34809ac5e4
sp23_ol2_s0.8	23	983	raceline2	0.8	seed1_iter10	overtaking	False	False	0	4dde873cb0c81ac9836eeeb3b0b740d82ff1887a23b8e568008abffd27476312
sp23_ol2_s0.8	23	983	raceline2	0.8	seed1_iter20	overtaking	False	False	0	e3190c2aa3683e6b63371e609efb909c817dc23c6ad43018d09a8749288a72a8
sp23_ol2_s0.8	23	983	raceline2	0.8	seed1_iter30	overtaking	False	False	0	ce250ee39be7e56d0383e003cf49262d75d3c7fbe0d161ddf010651e7c37065c
sp24_ol0_s0.5	24	1026	raceline0	0.5	BC	overtaking	False	False	0	b5a1360fee18c2875185a3d23ab21cbdd8a4cdb2e94639433a148f34809ac5e4
sp24_ol0_s0.5	24	1026	raceline0	0.5	seed1_iter10	overtaking	False	False	0	4dde873cb0c81ac9836eeeb3b0b740d82ff1887a23b8e568008abffd27476312
sp24_ol0_s0.5	24	1026	raceline0	0.5	seed1_iter20	overtaking	False	False	0	e3190c2aa3683e6b63371e609efb909c817dc23c6ad43018d09a8749288a72a8
sp24_ol0_s0.5	24	1026	raceline0	0.5	seed1_iter30	overtaking	False	False	0	ce250ee39be7e56d0383e003cf49262d75d3c7fbe0d161ddf010651e7c37065c
sp24_ol0_s0.6	24	1026	raceline0	0.6	BC	overtaking	False	False	0	b5a1360fee18c2875185a3d23ab21cbdd8a4cdb2e94639433a148f34809ac5e4
sp24_ol0_s0.6	24	1026	raceline0	0.6	seed1_iter10	overtaking	False	False	0	4dde873cb0c81ac9836eeeb3b0b740d82ff1887a23b8e568008abffd27476312
sp24_ol0_s0.6	24	1026	raceline0	0.6	seed1_iter20	overtaking	False	False	0	e3190c2aa3683e6b63371e609efb909c817dc23c6ad43018d09a8749288a72a8
sp24_ol0_s0.6	24	1026	raceline0	0.6	seed1_iter30	overtaking	False	False	0	ce250ee39be7e56d0383e003cf49262d75d3c7fbe0d161ddf010651e7c37065c
sp24_ol0_s0.7	24	1026	raceline0	0.7	BC	overtaking	False	False	0	b5a1360fee18c2875185a3d23ab21cbdd8a4cdb2e94639433a148f34809ac5e4
sp24_ol0_s0.7	24	1026	raceline0	0.7	seed1_iter10	overtaking	False	False	0	4dde873cb0c81ac9836eeeb3b0b740d82ff1887a23b8e568008abffd27476312
sp24_ol0_s0.7	24	1026	raceline0	0.7	seed1_iter20	overtaking	False	False	0	e3190c2aa3683e6b63371e609efb909c817dc23c6ad43018d09a8749288a72a8
sp24_ol0_s0.7	24	1026	raceline0	0.7	seed1_iter30	overtaking	False	False	0	ce250ee39be7e56d0383e003cf49262d75d3c7fbe0d161ddf010651e7c37065c
sp24_ol0_s0.8	24	1026	raceline0	0.8	BC	following	False	False	0	b5a1360fee18c2875185a3d23ab21cbdd8a4cdb2e94639433a148f34809ac5e4
sp24_ol0_s0.8	24	1026	raceline0	0.8	seed1_iter10	following	False	False	0	4dde873cb0c81ac9836eeeb3b0b740d82ff1887a23b8e568008abffd27476312
sp24_ol0_s0.8	24	1026	raceline0	0.8	seed1_iter20	following	False	False	0	e3190c2aa3683e6b63371e609efb909c817dc23c6ad43018d09a8749288a72a8
sp24_ol0_s0.8	24	1026	raceline0	0.8	seed1_iter30	following	False	False	0	ce250ee39be7e56d0383e003cf49262d75d3c7fbe0d161ddf010651e7c37065c
sp24_ol1_s0.5	24	1026	raceline1	0.5	BC	following	False	False	0	b5a1360fee18c2875185a3d23ab21cbdd8a4cdb2e94639433a148f34809ac5e4
sp24_ol1_s0.5	24	1026	raceline1	0.5	seed1_iter10	following	False	False	0	4dde873cb0c81ac9836eeeb3b0b740d82ff1887a23b8e568008abffd27476312
sp24_ol1_s0.5	24	1026	raceline1	0.5	seed1_iter20	following	False	False	0	e3190c2aa3683e6b63371e609efb909c817dc23c6ad43018d09a8749288a72a8
sp24_ol1_s0.5	24	1026	raceline1	0.5	seed1_iter30	following	False	False	0	ce250ee39be7e56d0383e003cf49262d75d3c7fbe0d161ddf010651e7c37065c
sp24_ol1_s0.6	24	1026	raceline1	0.6	BC	following	False	False	0	b5a1360fee18c2875185a3d23ab21cbdd8a4cdb2e94639433a148f34809ac5e4
sp24_ol1_s0.6	24	1026	raceline1	0.6	seed1_iter10	following	False	False	0	4dde873cb0c81ac9836eeeb3b0b740d82ff1887a23b8e568008abffd27476312
sp24_ol1_s0.6	24	1026	raceline1	0.6	seed1_iter20	following	False	False	0	e3190c2aa3683e6b63371e609efb909c817dc23c6ad43018d09a8749288a72a8
sp24_ol1_s0.6	24	1026	raceline1	0.6	seed1_iter30	following	False	False	0	ce250ee39be7e56d0383e003cf49262d75d3c7fbe0d161ddf010651e7c37065c
sp24_ol1_s0.7	24	1026	raceline1	0.7	BC	following	False	False	0	b5a1360fee18c2875185a3d23ab21cbdd8a4cdb2e94639433a148f34809ac5e4
sp24_ol1_s0.7	24	1026	raceline1	0.7	seed1_iter10	following	False	False	0	4dde873cb0c81ac9836eeeb3b0b740d82ff1887a23b8e568008abffd27476312
sp24_ol1_s0.7	24	1026	raceline1	0.7	seed1_iter20	following	False	False	0	e3190c2aa3683e6b63371e609efb909c817dc23c6ad43018d09a8749288a72a8
sp24_ol1_s0.7	24	1026	raceline1	0.7	seed1_iter30	following	False	False	0	ce250ee39be7e56d0383e003cf49262d75d3c7fbe0d161ddf010651e7c37065c
sp24_ol1_s0.8	24	1026	raceline1	0.8	BC	following	False	False	0	b5a1360fee18c2875185a3d23ab21cbdd8a4cdb2e94639433a148f34809ac5e4
sp24_ol1_s0.8	24	1026	raceline1	0.8	seed1_iter10	following	False	False	0	4dde873cb0c81ac9836eeeb3b0b740d82ff1887a23b8e568008abffd27476312
sp24_ol1_s0.8	24	1026	raceline1	0.8	seed1_iter20	following	False	False	0	e3190c2aa3683e6b63371e609efb909c817dc23c6ad43018d09a8749288a72a8
sp24_ol1_s0.8	24	1026	raceline1	0.8	seed1_iter30	following	False	False	0	ce250ee39be7e56d0383e003cf49262d75d3c7fbe0d161ddf010651e7c37065c
sp24_ol2_s0.5	24	1026	raceline2	0.5	BC	overtaking	False	False	0	b5a1360fee18c2875185a3d23ab21cbdd8a4cdb2e94639433a148f34809ac5e4
sp24_ol2_s0.5	24	1026	raceline2	0.5	seed1_iter10	overtaking	False	False	0	4dde873cb0c81ac9836eeeb3b0b740d82ff1887a23b8e568008abffd27476312
sp24_ol2_s0.5	24	1026	raceline2	0.5	seed1_iter20	overtaking	False	False	0	e3190c2aa3683e6b63371e609efb909c817dc23c6ad43018d09a8749288a72a8
sp24_ol2_s0.5	24	1026	raceline2	0.5	seed1_iter30	overtaking	False	False	0	ce250ee39be7e56d0383e003cf49262d75d3c7fbe0d161ddf010651e7c37065c
sp24_ol2_s0.6	24	1026	raceline2	0.6	BC	overtaking	False	False	0	b5a1360fee18c2875185a3d23ab21cbdd8a4cdb2e94639433a148f34809ac5e4
sp24_ol2_s0.6	24	1026	raceline2	0.6	seed1_iter10	overtaking	False	False	0	4dde873cb0c81ac9836eeeb3b0b740d82ff1887a23b8e568008abffd27476312
sp24_ol2_s0.6	24	1026	raceline2	0.6	seed1_iter20	overtaking	False	False	0	e3190c2aa3683e6b63371e609efb909c817dc23c6ad43018d09a8749288a72a8
sp24_ol2_s0.6	24	1026	raceline2	0.6	seed1_iter30	overtaking	False	False	0	ce250ee39be7e56d0383e003cf49262d75d3c7fbe0d161ddf010651e7c37065c
sp24_ol2_s0.7	24	1026	raceline2	0.7	BC	overtaking	False	False	0	b5a1360fee18c2875185a3d23ab21cbdd8a4cdb2e94639433a148f34809ac5e4
sp24_ol2_s0.7	24	1026	raceline2	0.7	seed1_iter10	overtaking	False	False	0	4dde873cb0c81ac9836eeeb3b0b740d82ff1887a23b8e568008abffd27476312
sp24_ol2_s0.7	24	1026	raceline2	0.7	seed1_iter20	overtaking	False	False	0	e3190c2aa3683e6b63371e609efb909c817dc23c6ad43018d09a8749288a72a8
sp24_ol2_s0.7	24	1026	raceline2	0.7	seed1_iter30	overtaking	False	False	0	ce250ee39be7e56d0383e003cf49262d75d3c7fbe0d161ddf010651e7c37065c
sp24_ol2_s0.8	24	1026	raceline2	0.8	BC	overtaking	False	False	0	b5a1360fee18c2875185a3d23ab21cbdd8a4cdb2e94639433a148f34809ac5e4
sp24_ol2_s0.8	24	1026	raceline2	0.8	seed1_iter10	overtaking	False	False	0	4dde873cb0c81ac9836eeeb3b0b740d82ff1887a23b8e568008abffd27476312
sp24_ol2_s0.8	24	1026	raceline2	0.8	seed1_iter20	overtaking	False	False	0	e3190c2aa3683e6b63371e609efb909c817dc23c6ad43018d09a8749288a72a8
sp24_ol2_s0.8	24	1026	raceline2	0.8	seed1_iter30	overtaking	False	False	0	ce250ee39be7e56d0383e003cf49262d75d3c7fbe0d161ddf010651e7c37065c
sp25_ol0_s0.5	25	1069	raceline0	0.5	BC	overtaking	False	False	0	b5a1360fee18c2875185a3d23ab21cbdd8a4cdb2e94639433a148f34809ac5e4
sp25_ol0_s0.5	25	1069	raceline0	0.5	seed1_iter10	overtaking	False	False	0	4dde873cb0c81ac9836eeeb3b0b740d82ff1887a23b8e568008abffd27476312
sp25_ol0_s0.5	25	1069	raceline0	0.5	seed1_iter20	overtaking	False	False	0	e3190c2aa3683e6b63371e609efb909c817dc23c6ad43018d09a8749288a72a8
sp25_ol0_s0.5	25	1069	raceline0	0.5	seed1_iter30	overtaking	False	False	0	ce250ee39be7e56d0383e003cf49262d75d3c7fbe0d161ddf010651e7c37065c
sp25_ol0_s0.6	25	1069	raceline0	0.6	BC	overtaking	False	False	0	b5a1360fee18c2875185a3d23ab21cbdd8a4cdb2e94639433a148f34809ac5e4
sp25_ol0_s0.6	25	1069	raceline0	0.6	seed1_iter10	overtaking	False	False	0	4dde873cb0c81ac9836eeeb3b0b740d82ff1887a23b8e568008abffd27476312
sp25_ol0_s0.6	25	1069	raceline0	0.6	seed1_iter20	overtaking	False	False	0	e3190c2aa3683e6b63371e609efb909c817dc23c6ad43018d09a8749288a72a8
sp25_ol0_s0.6	25	1069	raceline0	0.6	seed1_iter30	overtaking	False	False	0	ce250ee39be7e56d0383e003cf49262d75d3c7fbe0d161ddf010651e7c37065c
sp25_ol0_s0.7	25	1069	raceline0	0.7	BC	overtaking	False	False	0	b5a1360fee18c2875185a3d23ab21cbdd8a4cdb2e94639433a148f34809ac5e4
sp25_ol0_s0.7	25	1069	raceline0	0.7	seed1_iter10	overtaking	False	False	0	4dde873cb0c81ac9836eeeb3b0b740d82ff1887a23b8e568008abffd27476312
sp25_ol0_s0.7	25	1069	raceline0	0.7	seed1_iter20	overtaking	False	False	0	e3190c2aa3683e6b63371e609efb909c817dc23c6ad43018d09a8749288a72a8
sp25_ol0_s0.7	25	1069	raceline0	0.7	seed1_iter30	collision	True	False	0	ce250ee39be7e56d0383e003cf49262d75d3c7fbe0d161ddf010651e7c37065c
sp25_ol0_s0.8	25	1069	raceline0	0.8	BC	overtaking	False	False	0	b5a1360fee18c2875185a3d23ab21cbdd8a4cdb2e94639433a148f34809ac5e4
sp25_ol0_s0.8	25	1069	raceline0	0.8	seed1_iter10	overtaking	False	False	0	4dde873cb0c81ac9836eeeb3b0b740d82ff1887a23b8e568008abffd27476312
sp25_ol0_s0.8	25	1069	raceline0	0.8	seed1_iter20	collision	True	True	0	e3190c2aa3683e6b63371e609efb909c817dc23c6ad43018d09a8749288a72a8
sp25_ol0_s0.8	25	1069	raceline0	0.8	seed1_iter30	overtaking	False	False	0	ce250ee39be7e56d0383e003cf49262d75d3c7fbe0d161ddf010651e7c37065c
sp25_ol1_s0.5	25	1069	raceline1	0.5	BC	following	False	False	0	b5a1360fee18c2875185a3d23ab21cbdd8a4cdb2e94639433a148f34809ac5e4
sp25_ol1_s0.5	25	1069	raceline1	0.5	seed1_iter10	following	False	False	0	4dde873cb0c81ac9836eeeb3b0b740d82ff1887a23b8e568008abffd27476312
sp25_ol1_s0.5	25	1069	raceline1	0.5	seed1_iter20	following	False	False	0	e3190c2aa3683e6b63371e609efb909c817dc23c6ad43018d09a8749288a72a8
sp25_ol1_s0.5	25	1069	raceline1	0.5	seed1_iter30	following	False	False	0	ce250ee39be7e56d0383e003cf49262d75d3c7fbe0d161ddf010651e7c37065c
sp25_ol1_s0.6	25	1069	raceline1	0.6	BC	following	False	False	0	b5a1360fee18c2875185a3d23ab21cbdd8a4cdb2e94639433a148f34809ac5e4
sp25_ol1_s0.6	25	1069	raceline1	0.6	seed1_iter10	following	False	False	0	4dde873cb0c81ac9836eeeb3b0b740d82ff1887a23b8e568008abffd27476312
sp25_ol1_s0.6	25	1069	raceline1	0.6	seed1_iter20	following	False	False	0	e3190c2aa3683e6b63371e609efb909c817dc23c6ad43018d09a8749288a72a8
sp25_ol1_s0.6	25	1069	raceline1	0.6	seed1_iter30	following	False	False	0	ce250ee39be7e56d0383e003cf49262d75d3c7fbe0d161ddf010651e7c37065c
sp25_ol1_s0.7	25	1069	raceline1	0.7	BC	following	False	False	0	b5a1360fee18c2875185a3d23ab21cbdd8a4cdb2e94639433a148f34809ac5e4
sp25_ol1_s0.7	25	1069	raceline1	0.7	seed1_iter10	following	False	False	0	4dde873cb0c81ac9836eeeb3b0b740d82ff1887a23b8e568008abffd27476312
sp25_ol1_s0.7	25	1069	raceline1	0.7	seed1_iter20	following	False	False	0	e3190c2aa3683e6b63371e609efb909c817dc23c6ad43018d09a8749288a72a8
sp25_ol1_s0.7	25	1069	raceline1	0.7	seed1_iter30	following	False	False	0	ce250ee39be7e56d0383e003cf49262d75d3c7fbe0d161ddf010651e7c37065c
sp25_ol1_s0.8	25	1069	raceline1	0.8	BC	following	False	False	0	b5a1360fee18c2875185a3d23ab21cbdd8a4cdb2e94639433a148f34809ac5e4
sp25_ol1_s0.8	25	1069	raceline1	0.8	seed1_iter10	following	False	False	0	4dde873cb0c81ac9836eeeb3b0b740d82ff1887a23b8e568008abffd27476312
sp25_ol1_s0.8	25	1069	raceline1	0.8	seed1_iter20	following	False	False	0	e3190c2aa3683e6b63371e609efb909c817dc23c6ad43018d09a8749288a72a8
sp25_ol1_s0.8	25	1069	raceline1	0.8	seed1_iter30	following	False	False	0	ce250ee39be7e56d0383e003cf49262d75d3c7fbe0d161ddf010651e7c37065c
sp25_ol2_s0.5	25	1069	raceline2	0.5	BC	overtaking	False	False	0	b5a1360fee18c2875185a3d23ab21cbdd8a4cdb2e94639433a148f34809ac5e4
sp25_ol2_s0.5	25	1069	raceline2	0.5	seed1_iter10	overtaking	False	False	0	4dde873cb0c81ac9836eeeb3b0b740d82ff1887a23b8e568008abffd27476312
sp25_ol2_s0.5	25	1069	raceline2	0.5	seed1_iter20	overtaking	False	False	0	e3190c2aa3683e6b63371e609efb909c817dc23c6ad43018d09a8749288a72a8
sp25_ol2_s0.5	25	1069	raceline2	0.5	seed1_iter30	overtaking	False	False	0	ce250ee39be7e56d0383e003cf49262d75d3c7fbe0d161ddf010651e7c37065c
sp25_ol2_s0.6	25	1069	raceline2	0.6	BC	overtaking	False	False	0	b5a1360fee18c2875185a3d23ab21cbdd8a4cdb2e94639433a148f34809ac5e4
sp25_ol2_s0.6	25	1069	raceline2	0.6	seed1_iter10	overtaking	False	False	0	4dde873cb0c81ac9836eeeb3b0b740d82ff1887a23b8e568008abffd27476312
sp25_ol2_s0.6	25	1069	raceline2	0.6	seed1_iter20	overtaking	False	False	0	e3190c2aa3683e6b63371e609efb909c817dc23c6ad43018d09a8749288a72a8
sp25_ol2_s0.6	25	1069	raceline2	0.6	seed1_iter30	overtaking	False	False	0	ce250ee39be7e56d0383e003cf49262d75d3c7fbe0d161ddf010651e7c37065c
sp25_ol2_s0.7	25	1069	raceline2	0.7	BC	overtaking	False	False	0	b5a1360fee18c2875185a3d23ab21cbdd8a4cdb2e94639433a148f34809ac5e4
sp25_ol2_s0.7	25	1069	raceline2	0.7	seed1_iter10	overtaking	False	False	0	4dde873cb0c81ac9836eeeb3b0b740d82ff1887a23b8e568008abffd27476312
sp25_ol2_s0.7	25	1069	raceline2	0.7	seed1_iter20	overtaking	False	False	0	e3190c2aa3683e6b63371e609efb909c817dc23c6ad43018d09a8749288a72a8
sp25_ol2_s0.7	25	1069	raceline2	0.7	seed1_iter30	overtaking	False	False	0	ce250ee39be7e56d0383e003cf49262d75d3c7fbe0d161ddf010651e7c37065c
sp25_ol2_s0.8	25	1069	raceline2	0.8	BC	following	False	False	0	b5a1360fee18c2875185a3d23ab21cbdd8a4cdb2e94639433a148f34809ac5e4
sp25_ol2_s0.8	25	1069	raceline2	0.8	seed1_iter10	collision	True	True	0	4dde873cb0c81ac9836eeeb3b0b740d82ff1887a23b8e568008abffd27476312
sp25_ol2_s0.8	25	1069	raceline2	0.8	seed1_iter20	overtaking	False	False	0	e3190c2aa3683e6b63371e609efb909c817dc23c6ad43018d09a8749288a72a8
sp25_ol2_s0.8	25	1069	raceline2	0.8	seed1_iter30	overtaking	False	False	0	ce250ee39be7e56d0383e003cf49262d75d3c7fbe0d161ddf010651e7c37065c
sp26_ol0_s0.5	26	1112	raceline0	0.5	BC	overtaking	False	False	0	b5a1360fee18c2875185a3d23ab21cbdd8a4cdb2e94639433a148f34809ac5e4
sp26_ol0_s0.5	26	1112	raceline0	0.5	seed1_iter10	overtaking	False	False	0	4dde873cb0c81ac9836eeeb3b0b740d82ff1887a23b8e568008abffd27476312
sp26_ol0_s0.5	26	1112	raceline0	0.5	seed1_iter20	overtaking	False	False	0	e3190c2aa3683e6b63371e609efb909c817dc23c6ad43018d09a8749288a72a8
sp26_ol0_s0.5	26	1112	raceline0	0.5	seed1_iter30	overtaking	False	False	0	ce250ee39be7e56d0383e003cf49262d75d3c7fbe0d161ddf010651e7c37065c
sp26_ol0_s0.6	26	1112	raceline0	0.6	BC	overtaking	False	False	0	b5a1360fee18c2875185a3d23ab21cbdd8a4cdb2e94639433a148f34809ac5e4
sp26_ol0_s0.6	26	1112	raceline0	0.6	seed1_iter10	collision	True	True	0	4dde873cb0c81ac9836eeeb3b0b740d82ff1887a23b8e568008abffd27476312
sp26_ol0_s0.6	26	1112	raceline0	0.6	seed1_iter20	overtaking	False	False	0	e3190c2aa3683e6b63371e609efb909c817dc23c6ad43018d09a8749288a72a8
sp26_ol0_s0.6	26	1112	raceline0	0.6	seed1_iter30	overtaking	False	False	0	ce250ee39be7e56d0383e003cf49262d75d3c7fbe0d161ddf010651e7c37065c
sp26_ol0_s0.7	26	1112	raceline0	0.7	BC	overtaking	False	False	0	b5a1360fee18c2875185a3d23ab21cbdd8a4cdb2e94639433a148f34809ac5e4
sp26_ol0_s0.7	26	1112	raceline0	0.7	seed1_iter10	overtaking	False	False	0	4dde873cb0c81ac9836eeeb3b0b740d82ff1887a23b8e568008abffd27476312
sp26_ol0_s0.7	26	1112	raceline0	0.7	seed1_iter20	overtaking	False	False	0	e3190c2aa3683e6b63371e609efb909c817dc23c6ad43018d09a8749288a72a8
sp26_ol0_s0.7	26	1112	raceline0	0.7	seed1_iter30	overtaking	False	False	0	ce250ee39be7e56d0383e003cf49262d75d3c7fbe0d161ddf010651e7c37065c
sp26_ol0_s0.8	26	1112	raceline0	0.8	BC	overtaking	False	False	0	b5a1360fee18c2875185a3d23ab21cbdd8a4cdb2e94639433a148f34809ac5e4
sp26_ol0_s0.8	26	1112	raceline0	0.8	seed1_iter10	overtaking	False	False	0	4dde873cb0c81ac9836eeeb3b0b740d82ff1887a23b8e568008abffd27476312
sp26_ol0_s0.8	26	1112	raceline0	0.8	seed1_iter20	overtaking	False	False	0	e3190c2aa3683e6b63371e609efb909c817dc23c6ad43018d09a8749288a72a8
sp26_ol0_s0.8	26	1112	raceline0	0.8	seed1_iter30	overtaking	False	False	0	ce250ee39be7e56d0383e003cf49262d75d3c7fbe0d161ddf010651e7c37065c
sp26_ol1_s0.5	26	1112	raceline1	0.5	BC	following	False	False	0	b5a1360fee18c2875185a3d23ab21cbdd8a4cdb2e94639433a148f34809ac5e4
sp26_ol1_s0.5	26	1112	raceline1	0.5	seed1_iter10	following	False	False	0	4dde873cb0c81ac9836eeeb3b0b740d82ff1887a23b8e568008abffd27476312
sp26_ol1_s0.5	26	1112	raceline1	0.5	seed1_iter20	following	False	False	0	e3190c2aa3683e6b63371e609efb909c817dc23c6ad43018d09a8749288a72a8
sp26_ol1_s0.5	26	1112	raceline1	0.5	seed1_iter30	following	False	False	0	ce250ee39be7e56d0383e003cf49262d75d3c7fbe0d161ddf010651e7c37065c
sp26_ol1_s0.6	26	1112	raceline1	0.6	BC	following	False	False	0	b5a1360fee18c2875185a3d23ab21cbdd8a4cdb2e94639433a148f34809ac5e4
sp26_ol1_s0.6	26	1112	raceline1	0.6	seed1_iter10	following	False	False	0	4dde873cb0c81ac9836eeeb3b0b740d82ff1887a23b8e568008abffd27476312
sp26_ol1_s0.6	26	1112	raceline1	0.6	seed1_iter20	following	False	False	0	e3190c2aa3683e6b63371e609efb909c817dc23c6ad43018d09a8749288a72a8
sp26_ol1_s0.6	26	1112	raceline1	0.6	seed1_iter30	following	False	False	0	ce250ee39be7e56d0383e003cf49262d75d3c7fbe0d161ddf010651e7c37065c
sp26_ol1_s0.7	26	1112	raceline1	0.7	BC	following	False	False	0	b5a1360fee18c2875185a3d23ab21cbdd8a4cdb2e94639433a148f34809ac5e4
sp26_ol1_s0.7	26	1112	raceline1	0.7	seed1_iter10	following	False	False	0	4dde873cb0c81ac9836eeeb3b0b740d82ff1887a23b8e568008abffd27476312
sp26_ol1_s0.7	26	1112	raceline1	0.7	seed1_iter20	following	False	False	0	e3190c2aa3683e6b63371e609efb909c817dc23c6ad43018d09a8749288a72a8
sp26_ol1_s0.7	26	1112	raceline1	0.7	seed1_iter30	following	False	False	0	ce250ee39be7e56d0383e003cf49262d75d3c7fbe0d161ddf010651e7c37065c
sp26_ol1_s0.8	26	1112	raceline1	0.8	BC	following	False	False	0	b5a1360fee18c2875185a3d23ab21cbdd8a4cdb2e94639433a148f34809ac5e4
sp26_ol1_s0.8	26	1112	raceline1	0.8	seed1_iter10	following	False	False	0	4dde873cb0c81ac9836eeeb3b0b740d82ff1887a23b8e568008abffd27476312
sp26_ol1_s0.8	26	1112	raceline1	0.8	seed1_iter20	following	False	False	0	e3190c2aa3683e6b63371e609efb909c817dc23c6ad43018d09a8749288a72a8
sp26_ol1_s0.8	26	1112	raceline1	0.8	seed1_iter30	following	False	False	0	ce250ee39be7e56d0383e003cf49262d75d3c7fbe0d161ddf010651e7c37065c
sp26_ol2_s0.5	26	1112	raceline2	0.5	BC	overtaking	False	False	0	b5a1360fee18c2875185a3d23ab21cbdd8a4cdb2e94639433a148f34809ac5e4
sp26_ol2_s0.5	26	1112	raceline2	0.5	seed1_iter10	overtaking	False	False	0	4dde873cb0c81ac9836eeeb3b0b740d82ff1887a23b8e568008abffd27476312
sp26_ol2_s0.5	26	1112	raceline2	0.5	seed1_iter20	overtaking	False	False	0	e3190c2aa3683e6b63371e609efb909c817dc23c6ad43018d09a8749288a72a8
sp26_ol2_s0.5	26	1112	raceline2	0.5	seed1_iter30	overtaking	False	False	0	ce250ee39be7e56d0383e003cf49262d75d3c7fbe0d161ddf010651e7c37065c
sp26_ol2_s0.6	26	1112	raceline2	0.6	BC	overtaking	False	False	0	b5a1360fee18c2875185a3d23ab21cbdd8a4cdb2e94639433a148f34809ac5e4
sp26_ol2_s0.6	26	1112	raceline2	0.6	seed1_iter10	overtaking	False	False	0	4dde873cb0c81ac9836eeeb3b0b740d82ff1887a23b8e568008abffd27476312
sp26_ol2_s0.6	26	1112	raceline2	0.6	seed1_iter20	overtaking	False	False	0	e3190c2aa3683e6b63371e609efb909c817dc23c6ad43018d09a8749288a72a8
sp26_ol2_s0.6	26	1112	raceline2	0.6	seed1_iter30	overtaking	False	False	0	ce250ee39be7e56d0383e003cf49262d75d3c7fbe0d161ddf010651e7c37065c
sp26_ol2_s0.7	26	1112	raceline2	0.7	BC	overtaking	False	False	0	b5a1360fee18c2875185a3d23ab21cbdd8a4cdb2e94639433a148f34809ac5e4
sp26_ol2_s0.7	26	1112	raceline2	0.7	seed1_iter10	overtaking	False	False	0	4dde873cb0c81ac9836eeeb3b0b740d82ff1887a23b8e568008abffd27476312
sp26_ol2_s0.7	26	1112	raceline2	0.7	seed1_iter20	overtaking	False	False	0	e3190c2aa3683e6b63371e609efb909c817dc23c6ad43018d09a8749288a72a8
sp26_ol2_s0.7	26	1112	raceline2	0.7	seed1_iter30	overtaking	False	False	0	ce250ee39be7e56d0383e003cf49262d75d3c7fbe0d161ddf010651e7c37065c
sp26_ol2_s0.8	26	1112	raceline2	0.8	BC	overtaking	False	False	0	b5a1360fee18c2875185a3d23ab21cbdd8a4cdb2e94639433a148f34809ac5e4
sp26_ol2_s0.8	26	1112	raceline2	0.8	seed1_iter10	overtaking	False	False	0	4dde873cb0c81ac9836eeeb3b0b740d82ff1887a23b8e568008abffd27476312
sp26_ol2_s0.8	26	1112	raceline2	0.8	seed1_iter20	overtaking	False	False	0	e3190c2aa3683e6b63371e609efb909c817dc23c6ad43018d09a8749288a72a8
sp26_ol2_s0.8	26	1112	raceline2	0.8	seed1_iter30	overtaking	False	False	0	ce250ee39be7e56d0383e003cf49262d75d3c7fbe0d161ddf010651e7c37065c
sp27_ol0_s0.5	27	1154	raceline0	0.5	BC	overtaking	False	False	0	b5a1360fee18c2875185a3d23ab21cbdd8a4cdb2e94639433a148f34809ac5e4
sp27_ol0_s0.5	27	1154	raceline0	0.5	seed1_iter10	overtaking	False	False	0	4dde873cb0c81ac9836eeeb3b0b740d82ff1887a23b8e568008abffd27476312
sp27_ol0_s0.5	27	1154	raceline0	0.5	seed1_iter20	overtaking	False	False	0	e3190c2aa3683e6b63371e609efb909c817dc23c6ad43018d09a8749288a72a8
sp27_ol0_s0.5	27	1154	raceline0	0.5	seed1_iter30	overtaking	False	False	0	ce250ee39be7e56d0383e003cf49262d75d3c7fbe0d161ddf010651e7c37065c
sp27_ol0_s0.6	27	1154	raceline0	0.6	BC	overtaking	False	False	0	b5a1360fee18c2875185a3d23ab21cbdd8a4cdb2e94639433a148f34809ac5e4
sp27_ol0_s0.6	27	1154	raceline0	0.6	seed1_iter10	overtaking	False	False	0	4dde873cb0c81ac9836eeeb3b0b740d82ff1887a23b8e568008abffd27476312
sp27_ol0_s0.6	27	1154	raceline0	0.6	seed1_iter20	overtaking	False	False	0	e3190c2aa3683e6b63371e609efb909c817dc23c6ad43018d09a8749288a72a8
sp27_ol0_s0.6	27	1154	raceline0	0.6	seed1_iter30	overtaking	False	False	0	ce250ee39be7e56d0383e003cf49262d75d3c7fbe0d161ddf010651e7c37065c
sp27_ol0_s0.7	27	1154	raceline0	0.7	BC	overtaking	False	False	0	b5a1360fee18c2875185a3d23ab21cbdd8a4cdb2e94639433a148f34809ac5e4
sp27_ol0_s0.7	27	1154	raceline0	0.7	seed1_iter10	overtaking	False	False	0	4dde873cb0c81ac9836eeeb3b0b740d82ff1887a23b8e568008abffd27476312
sp27_ol0_s0.7	27	1154	raceline0	0.7	seed1_iter20	overtaking	False	False	0	e3190c2aa3683e6b63371e609efb909c817dc23c6ad43018d09a8749288a72a8
sp27_ol0_s0.7	27	1154	raceline0	0.7	seed1_iter30	overtaking	False	False	0	ce250ee39be7e56d0383e003cf49262d75d3c7fbe0d161ddf010651e7c37065c
sp27_ol0_s0.8	27	1154	raceline0	0.8	BC	overtaking	False	False	0	b5a1360fee18c2875185a3d23ab21cbdd8a4cdb2e94639433a148f34809ac5e4
sp27_ol0_s0.8	27	1154	raceline0	0.8	seed1_iter10	overtaking	False	False	0	4dde873cb0c81ac9836eeeb3b0b740d82ff1887a23b8e568008abffd27476312
sp27_ol0_s0.8	27	1154	raceline0	0.8	seed1_iter20	overtaking	False	False	0	e3190c2aa3683e6b63371e609efb909c817dc23c6ad43018d09a8749288a72a8
sp27_ol0_s0.8	27	1154	raceline0	0.8	seed1_iter30	overtaking	False	False	0	ce250ee39be7e56d0383e003cf49262d75d3c7fbe0d161ddf010651e7c37065c
sp27_ol1_s0.5	27	1154	raceline1	0.5	BC	following	False	False	0	b5a1360fee18c2875185a3d23ab21cbdd8a4cdb2e94639433a148f34809ac5e4
sp27_ol1_s0.5	27	1154	raceline1	0.5	seed1_iter10	following	False	False	0	4dde873cb0c81ac9836eeeb3b0b740d82ff1887a23b8e568008abffd27476312
sp27_ol1_s0.5	27	1154	raceline1	0.5	seed1_iter20	following	False	False	0	e3190c2aa3683e6b63371e609efb909c817dc23c6ad43018d09a8749288a72a8
sp27_ol1_s0.5	27	1154	raceline1	0.5	seed1_iter30	following	False	False	0	ce250ee39be7e56d0383e003cf49262d75d3c7fbe0d161ddf010651e7c37065c
sp27_ol1_s0.6	27	1154	raceline1	0.6	BC	following	False	False	0	b5a1360fee18c2875185a3d23ab21cbdd8a4cdb2e94639433a148f34809ac5e4
sp27_ol1_s0.6	27	1154	raceline1	0.6	seed1_iter10	following	False	False	0	4dde873cb0c81ac9836eeeb3b0b740d82ff1887a23b8e568008abffd27476312
sp27_ol1_s0.6	27	1154	raceline1	0.6	seed1_iter20	following	False	False	0	e3190c2aa3683e6b63371e609efb909c817dc23c6ad43018d09a8749288a72a8
sp27_ol1_s0.6	27	1154	raceline1	0.6	seed1_iter30	following	False	False	0	ce250ee39be7e56d0383e003cf49262d75d3c7fbe0d161ddf010651e7c37065c
sp27_ol1_s0.7	27	1154	raceline1	0.7	BC	following	False	False	0	b5a1360fee18c2875185a3d23ab21cbdd8a4cdb2e94639433a148f34809ac5e4
sp27_ol1_s0.7	27	1154	raceline1	0.7	seed1_iter10	following	False	False	0	4dde873cb0c81ac9836eeeb3b0b740d82ff1887a23b8e568008abffd27476312
sp27_ol1_s0.7	27	1154	raceline1	0.7	seed1_iter20	following	False	False	0	e3190c2aa3683e6b63371e609efb909c817dc23c6ad43018d09a8749288a72a8
sp27_ol1_s0.7	27	1154	raceline1	0.7	seed1_iter30	following	False	False	0	ce250ee39be7e56d0383e003cf49262d75d3c7fbe0d161ddf010651e7c37065c
sp27_ol1_s0.8	27	1154	raceline1	0.8	BC	following	False	False	0	b5a1360fee18c2875185a3d23ab21cbdd8a4cdb2e94639433a148f34809ac5e4
sp27_ol1_s0.8	27	1154	raceline1	0.8	seed1_iter10	following	False	False	0	4dde873cb0c81ac9836eeeb3b0b740d82ff1887a23b8e568008abffd27476312
sp27_ol1_s0.8	27	1154	raceline1	0.8	seed1_iter20	following	False	False	0	e3190c2aa3683e6b63371e609efb909c817dc23c6ad43018d09a8749288a72a8
sp27_ol1_s0.8	27	1154	raceline1	0.8	seed1_iter30	following	False	False	0	ce250ee39be7e56d0383e003cf49262d75d3c7fbe0d161ddf010651e7c37065c
sp27_ol2_s0.5	27	1154	raceline2	0.5	BC	overtaking	False	False	0	b5a1360fee18c2875185a3d23ab21cbdd8a4cdb2e94639433a148f34809ac5e4
sp27_ol2_s0.5	27	1154	raceline2	0.5	seed1_iter10	overtaking	False	False	0	4dde873cb0c81ac9836eeeb3b0b740d82ff1887a23b8e568008abffd27476312
sp27_ol2_s0.5	27	1154	raceline2	0.5	seed1_iter20	overtaking	False	False	0	e3190c2aa3683e6b63371e609efb909c817dc23c6ad43018d09a8749288a72a8
sp27_ol2_s0.5	27	1154	raceline2	0.5	seed1_iter30	overtaking	False	False	0	ce250ee39be7e56d0383e003cf49262d75d3c7fbe0d161ddf010651e7c37065c
sp27_ol2_s0.6	27	1154	raceline2	0.6	BC	overtaking	False	False	0	b5a1360fee18c2875185a3d23ab21cbdd8a4cdb2e94639433a148f34809ac5e4
sp27_ol2_s0.6	27	1154	raceline2	0.6	seed1_iter10	overtaking	False	False	0	4dde873cb0c81ac9836eeeb3b0b740d82ff1887a23b8e568008abffd27476312
sp27_ol2_s0.6	27	1154	raceline2	0.6	seed1_iter20	overtaking	False	False	0	e3190c2aa3683e6b63371e609efb909c817dc23c6ad43018d09a8749288a72a8
sp27_ol2_s0.6	27	1154	raceline2	0.6	seed1_iter30	overtaking	False	False	0	ce250ee39be7e56d0383e003cf49262d75d3c7fbe0d161ddf010651e7c37065c
sp27_ol2_s0.7	27	1154	raceline2	0.7	BC	overtaking	False	False	0	b5a1360fee18c2875185a3d23ab21cbdd8a4cdb2e94639433a148f34809ac5e4
sp27_ol2_s0.7	27	1154	raceline2	0.7	seed1_iter10	overtaking	False	False	0	4dde873cb0c81ac9836eeeb3b0b740d82ff1887a23b8e568008abffd27476312
sp27_ol2_s0.7	27	1154	raceline2	0.7	seed1_iter20	overtaking	False	False	0	e3190c2aa3683e6b63371e609efb909c817dc23c6ad43018d09a8749288a72a8
sp27_ol2_s0.7	27	1154	raceline2	0.7	seed1_iter30	overtaking	False	False	0	ce250ee39be7e56d0383e003cf49262d75d3c7fbe0d161ddf010651e7c37065c
sp27_ol2_s0.8	27	1154	raceline2	0.8	BC	following	False	False	0	b5a1360fee18c2875185a3d23ab21cbdd8a4cdb2e94639433a148f34809ac5e4
sp27_ol2_s0.8	27	1154	raceline2	0.8	seed1_iter10	following	False	False	0	4dde873cb0c81ac9836eeeb3b0b740d82ff1887a23b8e568008abffd27476312
sp27_ol2_s0.8	27	1154	raceline2	0.8	seed1_iter20	following	False	False	0	e3190c2aa3683e6b63371e609efb909c817dc23c6ad43018d09a8749288a72a8
sp27_ol2_s0.8	27	1154	raceline2	0.8	seed1_iter30	overtaking	False	False	0	ce250ee39be7e56d0383e003cf49262d75d3c7fbe0d161ddf010651e7c37065c
sp28_ol0_s0.5	28	1197	raceline0	0.5	BC	overtaking	False	False	0	b5a1360fee18c2875185a3d23ab21cbdd8a4cdb2e94639433a148f34809ac5e4
sp28_ol0_s0.5	28	1197	raceline0	0.5	seed1_iter10	overtaking	False	False	0	4dde873cb0c81ac9836eeeb3b0b740d82ff1887a23b8e568008abffd27476312
sp28_ol0_s0.5	28	1197	raceline0	0.5	seed1_iter20	overtaking	False	False	0	e3190c2aa3683e6b63371e609efb909c817dc23c6ad43018d09a8749288a72a8
sp28_ol0_s0.5	28	1197	raceline0	0.5	seed1_iter30	overtaking	False	False	0	ce250ee39be7e56d0383e003cf49262d75d3c7fbe0d161ddf010651e7c37065c
sp28_ol0_s0.6	28	1197	raceline0	0.6	BC	overtaking	False	False	0	b5a1360fee18c2875185a3d23ab21cbdd8a4cdb2e94639433a148f34809ac5e4
sp28_ol0_s0.6	28	1197	raceline0	0.6	seed1_iter10	overtaking	False	False	0	4dde873cb0c81ac9836eeeb3b0b740d82ff1887a23b8e568008abffd27476312
sp28_ol0_s0.6	28	1197	raceline0	0.6	seed1_iter20	overtaking	False	False	0	e3190c2aa3683e6b63371e609efb909c817dc23c6ad43018d09a8749288a72a8
sp28_ol0_s0.6	28	1197	raceline0	0.6	seed1_iter30	overtaking	False	False	0	ce250ee39be7e56d0383e003cf49262d75d3c7fbe0d161ddf010651e7c37065c
sp28_ol0_s0.7	28	1197	raceline0	0.7	BC	overtaking	False	False	0	b5a1360fee18c2875185a3d23ab21cbdd8a4cdb2e94639433a148f34809ac5e4
sp28_ol0_s0.7	28	1197	raceline0	0.7	seed1_iter10	overtaking	False	False	0	4dde873cb0c81ac9836eeeb3b0b740d82ff1887a23b8e568008abffd27476312
sp28_ol0_s0.7	28	1197	raceline0	0.7	seed1_iter20	overtaking	False	False	0	e3190c2aa3683e6b63371e609efb909c817dc23c6ad43018d09a8749288a72a8
sp28_ol0_s0.7	28	1197	raceline0	0.7	seed1_iter30	overtaking	False	False	0	ce250ee39be7e56d0383e003cf49262d75d3c7fbe0d161ddf010651e7c37065c
sp28_ol0_s0.8	28	1197	raceline0	0.8	BC	following	False	False	0	b5a1360fee18c2875185a3d23ab21cbdd8a4cdb2e94639433a148f34809ac5e4
sp28_ol0_s0.8	28	1197	raceline0	0.8	seed1_iter10	overtaking	False	False	0	4dde873cb0c81ac9836eeeb3b0b740d82ff1887a23b8e568008abffd27476312
sp28_ol0_s0.8	28	1197	raceline0	0.8	seed1_iter20	following	False	False	0	e3190c2aa3683e6b63371e609efb909c817dc23c6ad43018d09a8749288a72a8
sp28_ol0_s0.8	28	1197	raceline0	0.8	seed1_iter30	following	False	False	0	ce250ee39be7e56d0383e003cf49262d75d3c7fbe0d161ddf010651e7c37065c
sp28_ol1_s0.5	28	1197	raceline1	0.5	BC	following	False	False	0	b5a1360fee18c2875185a3d23ab21cbdd8a4cdb2e94639433a148f34809ac5e4
sp28_ol1_s0.5	28	1197	raceline1	0.5	seed1_iter10	following	False	False	0	4dde873cb0c81ac9836eeeb3b0b740d82ff1887a23b8e568008abffd27476312
sp28_ol1_s0.5	28	1197	raceline1	0.5	seed1_iter20	following	False	False	0	e3190c2aa3683e6b63371e609efb909c817dc23c6ad43018d09a8749288a72a8
sp28_ol1_s0.5	28	1197	raceline1	0.5	seed1_iter30	following	False	False	0	ce250ee39be7e56d0383e003cf49262d75d3c7fbe0d161ddf010651e7c37065c
sp28_ol1_s0.6	28	1197	raceline1	0.6	BC	following	False	False	0	b5a1360fee18c2875185a3d23ab21cbdd8a4cdb2e94639433a148f34809ac5e4
sp28_ol1_s0.6	28	1197	raceline1	0.6	seed1_iter10	following	False	False	0	4dde873cb0c81ac9836eeeb3b0b740d82ff1887a23b8e568008abffd27476312
sp28_ol1_s0.6	28	1197	raceline1	0.6	seed1_iter20	following	False	False	0	e3190c2aa3683e6b63371e609efb909c817dc23c6ad43018d09a8749288a72a8
sp28_ol1_s0.6	28	1197	raceline1	0.6	seed1_iter30	following	False	False	0	ce250ee39be7e56d0383e003cf49262d75d3c7fbe0d161ddf010651e7c37065c
sp28_ol1_s0.7	28	1197	raceline1	0.7	BC	following	False	False	0	b5a1360fee18c2875185a3d23ab21cbdd8a4cdb2e94639433a148f34809ac5e4
sp28_ol1_s0.7	28	1197	raceline1	0.7	seed1_iter10	following	False	False	0	4dde873cb0c81ac9836eeeb3b0b740d82ff1887a23b8e568008abffd27476312
sp28_ol1_s0.7	28	1197	raceline1	0.7	seed1_iter20	following	False	False	0	e3190c2aa3683e6b63371e609efb909c817dc23c6ad43018d09a8749288a72a8
sp28_ol1_s0.7	28	1197	raceline1	0.7	seed1_iter30	following	False	False	0	ce250ee39be7e56d0383e003cf49262d75d3c7fbe0d161ddf010651e7c37065c
sp28_ol1_s0.8	28	1197	raceline1	0.8	BC	following	False	False	0	b5a1360fee18c2875185a3d23ab21cbdd8a4cdb2e94639433a148f34809ac5e4
sp28_ol1_s0.8	28	1197	raceline1	0.8	seed1_iter10	following	False	False	0	4dde873cb0c81ac9836eeeb3b0b740d82ff1887a23b8e568008abffd27476312
sp28_ol1_s0.8	28	1197	raceline1	0.8	seed1_iter20	following	False	False	0	e3190c2aa3683e6b63371e609efb909c817dc23c6ad43018d09a8749288a72a8
sp28_ol1_s0.8	28	1197	raceline1	0.8	seed1_iter30	following	False	False	0	ce250ee39be7e56d0383e003cf49262d75d3c7fbe0d161ddf010651e7c37065c
sp28_ol2_s0.5	28	1197	raceline2	0.5	BC	overtaking	False	False	0	b5a1360fee18c2875185a3d23ab21cbdd8a4cdb2e94639433a148f34809ac5e4
sp28_ol2_s0.5	28	1197	raceline2	0.5	seed1_iter10	overtaking	False	False	0	4dde873cb0c81ac9836eeeb3b0b740d82ff1887a23b8e568008abffd27476312
sp28_ol2_s0.5	28	1197	raceline2	0.5	seed1_iter20	overtaking	False	False	0	e3190c2aa3683e6b63371e609efb909c817dc23c6ad43018d09a8749288a72a8
sp28_ol2_s0.5	28	1197	raceline2	0.5	seed1_iter30	overtaking	False	False	0	ce250ee39be7e56d0383e003cf49262d75d3c7fbe0d161ddf010651e7c37065c
sp28_ol2_s0.6	28	1197	raceline2	0.6	BC	overtaking	False	False	0	b5a1360fee18c2875185a3d23ab21cbdd8a4cdb2e94639433a148f34809ac5e4
sp28_ol2_s0.6	28	1197	raceline2	0.6	seed1_iter10	overtaking	False	False	0	4dde873cb0c81ac9836eeeb3b0b740d82ff1887a23b8e568008abffd27476312
sp28_ol2_s0.6	28	1197	raceline2	0.6	seed1_iter20	overtaking	False	False	0	e3190c2aa3683e6b63371e609efb909c817dc23c6ad43018d09a8749288a72a8
sp28_ol2_s0.6	28	1197	raceline2	0.6	seed1_iter30	overtaking	False	False	0	ce250ee39be7e56d0383e003cf49262d75d3c7fbe0d161ddf010651e7c37065c
sp28_ol2_s0.7	28	1197	raceline2	0.7	BC	overtaking	False	False	0	b5a1360fee18c2875185a3d23ab21cbdd8a4cdb2e94639433a148f34809ac5e4
sp28_ol2_s0.7	28	1197	raceline2	0.7	seed1_iter10	overtaking	False	False	0	4dde873cb0c81ac9836eeeb3b0b740d82ff1887a23b8e568008abffd27476312
sp28_ol2_s0.7	28	1197	raceline2	0.7	seed1_iter20	overtaking	False	False	0	e3190c2aa3683e6b63371e609efb909c817dc23c6ad43018d09a8749288a72a8
sp28_ol2_s0.7	28	1197	raceline2	0.7	seed1_iter30	overtaking	False	False	0	ce250ee39be7e56d0383e003cf49262d75d3c7fbe0d161ddf010651e7c37065c
sp28_ol2_s0.8	28	1197	raceline2	0.8	BC	following	False	False	0	b5a1360fee18c2875185a3d23ab21cbdd8a4cdb2e94639433a148f34809ac5e4
sp28_ol2_s0.8	28	1197	raceline2	0.8	seed1_iter10	following	False	False	0	4dde873cb0c81ac9836eeeb3b0b740d82ff1887a23b8e568008abffd27476312
sp28_ol2_s0.8	28	1197	raceline2	0.8	seed1_iter20	following	False	False	0	e3190c2aa3683e6b63371e609efb909c817dc23c6ad43018d09a8749288a72a8
sp28_ol2_s0.8	28	1197	raceline2	0.8	seed1_iter30	following	False	False	0	ce250ee39be7e56d0383e003cf49262d75d3c7fbe0d161ddf010651e7c37065c
sp29_ol0_s0.5	29	1240	raceline0	0.5	BC	overtaking	False	False	0	b5a1360fee18c2875185a3d23ab21cbdd8a4cdb2e94639433a148f34809ac5e4
sp29_ol0_s0.5	29	1240	raceline0	0.5	seed1_iter10	overtaking	False	False	0	4dde873cb0c81ac9836eeeb3b0b740d82ff1887a23b8e568008abffd27476312
sp29_ol0_s0.5	29	1240	raceline0	0.5	seed1_iter20	overtaking	False	False	0	e3190c2aa3683e6b63371e609efb909c817dc23c6ad43018d09a8749288a72a8
sp29_ol0_s0.5	29	1240	raceline0	0.5	seed1_iter30	overtaking	False	False	0	ce250ee39be7e56d0383e003cf49262d75d3c7fbe0d161ddf010651e7c37065c
sp29_ol0_s0.6	29	1240	raceline0	0.6	BC	overtaking	False	False	0	b5a1360fee18c2875185a3d23ab21cbdd8a4cdb2e94639433a148f34809ac5e4
sp29_ol0_s0.6	29	1240	raceline0	0.6	seed1_iter10	overtaking	False	False	0	4dde873cb0c81ac9836eeeb3b0b740d82ff1887a23b8e568008abffd27476312
sp29_ol0_s0.6	29	1240	raceline0	0.6	seed1_iter20	overtaking	False	False	0	e3190c2aa3683e6b63371e609efb909c817dc23c6ad43018d09a8749288a72a8
sp29_ol0_s0.6	29	1240	raceline0	0.6	seed1_iter30	overtaking	False	False	0	ce250ee39be7e56d0383e003cf49262d75d3c7fbe0d161ddf010651e7c37065c
sp29_ol0_s0.7	29	1240	raceline0	0.7	BC	overtaking	False	False	0	b5a1360fee18c2875185a3d23ab21cbdd8a4cdb2e94639433a148f34809ac5e4
sp29_ol0_s0.7	29	1240	raceline0	0.7	seed1_iter10	overtaking	False	False	0	4dde873cb0c81ac9836eeeb3b0b740d82ff1887a23b8e568008abffd27476312
sp29_ol0_s0.7	29	1240	raceline0	0.7	seed1_iter20	overtaking	False	False	0	e3190c2aa3683e6b63371e609efb909c817dc23c6ad43018d09a8749288a72a8
sp29_ol0_s0.7	29	1240	raceline0	0.7	seed1_iter30	overtaking	False	False	0	ce250ee39be7e56d0383e003cf49262d75d3c7fbe0d161ddf010651e7c37065c
sp29_ol0_s0.8	29	1240	raceline0	0.8	BC	overtaking	False	False	0	b5a1360fee18c2875185a3d23ab21cbdd8a4cdb2e94639433a148f34809ac5e4
sp29_ol0_s0.8	29	1240	raceline0	0.8	seed1_iter10	overtaking	False	False	0	4dde873cb0c81ac9836eeeb3b0b740d82ff1887a23b8e568008abffd27476312
sp29_ol0_s0.8	29	1240	raceline0	0.8	seed1_iter20	overtaking	False	False	0	e3190c2aa3683e6b63371e609efb909c817dc23c6ad43018d09a8749288a72a8
sp29_ol0_s0.8	29	1240	raceline0	0.8	seed1_iter30	overtaking	False	False	0	ce250ee39be7e56d0383e003cf49262d75d3c7fbe0d161ddf010651e7c37065c
sp29_ol1_s0.5	29	1240	raceline1	0.5	BC	following	False	False	0	b5a1360fee18c2875185a3d23ab21cbdd8a4cdb2e94639433a148f34809ac5e4
sp29_ol1_s0.5	29	1240	raceline1	0.5	seed1_iter10	following	False	False	0	4dde873cb0c81ac9836eeeb3b0b740d82ff1887a23b8e568008abffd27476312
sp29_ol1_s0.5	29	1240	raceline1	0.5	seed1_iter20	following	False	False	0	e3190c2aa3683e6b63371e609efb909c817dc23c6ad43018d09a8749288a72a8
sp29_ol1_s0.5	29	1240	raceline1	0.5	seed1_iter30	following	False	False	0	ce250ee39be7e56d0383e003cf49262d75d3c7fbe0d161ddf010651e7c37065c
sp29_ol1_s0.6	29	1240	raceline1	0.6	BC	following	False	False	0	b5a1360fee18c2875185a3d23ab21cbdd8a4cdb2e94639433a148f34809ac5e4
sp29_ol1_s0.6	29	1240	raceline1	0.6	seed1_iter10	following	False	False	0	4dde873cb0c81ac9836eeeb3b0b740d82ff1887a23b8e568008abffd27476312
sp29_ol1_s0.6	29	1240	raceline1	0.6	seed1_iter20	following	False	False	0	e3190c2aa3683e6b63371e609efb909c817dc23c6ad43018d09a8749288a72a8
sp29_ol1_s0.6	29	1240	raceline1	0.6	seed1_iter30	following	False	False	0	ce250ee39be7e56d0383e003cf49262d75d3c7fbe0d161ddf010651e7c37065c
sp29_ol1_s0.7	29	1240	raceline1	0.7	BC	following	False	False	0	b5a1360fee18c2875185a3d23ab21cbdd8a4cdb2e94639433a148f34809ac5e4
sp29_ol1_s0.7	29	1240	raceline1	0.7	seed1_iter10	following	False	False	0	4dde873cb0c81ac9836eeeb3b0b740d82ff1887a23b8e568008abffd27476312
sp29_ol1_s0.7	29	1240	raceline1	0.7	seed1_iter20	following	False	False	0	e3190c2aa3683e6b63371e609efb909c817dc23c6ad43018d09a8749288a72a8
sp29_ol1_s0.7	29	1240	raceline1	0.7	seed1_iter30	following	False	False	0	ce250ee39be7e56d0383e003cf49262d75d3c7fbe0d161ddf010651e7c37065c
sp29_ol1_s0.8	29	1240	raceline1	0.8	BC	following	False	False	0	b5a1360fee18c2875185a3d23ab21cbdd8a4cdb2e94639433a148f34809ac5e4
sp29_ol1_s0.8	29	1240	raceline1	0.8	seed1_iter10	following	False	False	0	4dde873cb0c81ac9836eeeb3b0b740d82ff1887a23b8e568008abffd27476312
sp29_ol1_s0.8	29	1240	raceline1	0.8	seed1_iter20	following	False	False	0	e3190c2aa3683e6b63371e609efb909c817dc23c6ad43018d09a8749288a72a8
sp29_ol1_s0.8	29	1240	raceline1	0.8	seed1_iter30	following	False	False	0	ce250ee39be7e56d0383e003cf49262d75d3c7fbe0d161ddf010651e7c37065c
sp29_ol2_s0.5	29	1240	raceline2	0.5	BC	overtaking	False	False	0	b5a1360fee18c2875185a3d23ab21cbdd8a4cdb2e94639433a148f34809ac5e4
sp29_ol2_s0.5	29	1240	raceline2	0.5	seed1_iter10	overtaking	False	False	0	4dde873cb0c81ac9836eeeb3b0b740d82ff1887a23b8e568008abffd27476312
sp29_ol2_s0.5	29	1240	raceline2	0.5	seed1_iter20	overtaking	False	False	0	e3190c2aa3683e6b63371e609efb909c817dc23c6ad43018d09a8749288a72a8
sp29_ol2_s0.5	29	1240	raceline2	0.5	seed1_iter30	overtaking	False	False	0	ce250ee39be7e56d0383e003cf49262d75d3c7fbe0d161ddf010651e7c37065c
sp29_ol2_s0.6	29	1240	raceline2	0.6	BC	overtaking	False	False	0	b5a1360fee18c2875185a3d23ab21cbdd8a4cdb2e94639433a148f34809ac5e4
sp29_ol2_s0.6	29	1240	raceline2	0.6	seed1_iter10	overtaking	False	False	0	4dde873cb0c81ac9836eeeb3b0b740d82ff1887a23b8e568008abffd27476312
sp29_ol2_s0.6	29	1240	raceline2	0.6	seed1_iter20	overtaking	False	False	0	e3190c2aa3683e6b63371e609efb909c817dc23c6ad43018d09a8749288a72a8
sp29_ol2_s0.6	29	1240	raceline2	0.6	seed1_iter30	overtaking	False	False	0	ce250ee39be7e56d0383e003cf49262d75d3c7fbe0d161ddf010651e7c37065c
sp29_ol2_s0.7	29	1240	raceline2	0.7	BC	overtaking	False	False	0	b5a1360fee18c2875185a3d23ab21cbdd8a4cdb2e94639433a148f34809ac5e4
sp29_ol2_s0.7	29	1240	raceline2	0.7	seed1_iter10	overtaking	False	False	0	4dde873cb0c81ac9836eeeb3b0b740d82ff1887a23b8e568008abffd27476312
sp29_ol2_s0.7	29	1240	raceline2	0.7	seed1_iter20	overtaking	False	False	0	e3190c2aa3683e6b63371e609efb909c817dc23c6ad43018d09a8749288a72a8
sp29_ol2_s0.7	29	1240	raceline2	0.7	seed1_iter30	overtaking	False	False	0	ce250ee39be7e56d0383e003cf49262d75d3c7fbe0d161ddf010651e7c37065c
sp29_ol2_s0.8	29	1240	raceline2	0.8	BC	overtaking	False	False	0	b5a1360fee18c2875185a3d23ab21cbdd8a4cdb2e94639433a148f34809ac5e4
sp29_ol2_s0.8	29	1240	raceline2	0.8	seed1_iter10	overtaking	False	False	0	4dde873cb0c81ac9836eeeb3b0b740d82ff1887a23b8e568008abffd27476312
sp29_ol2_s0.8	29	1240	raceline2	0.8	seed1_iter20	overtaking	False	False	0	e3190c2aa3683e6b63371e609efb909c817dc23c6ad43018d09a8749288a72a8
sp29_ol2_s0.8	29	1240	raceline2	0.8	seed1_iter30	overtaking	False	False	0	ce250ee39be7e56d0383e003cf49262d75d3c7fbe0d161ddf010651e7c37065c
sp30_ol0_s0.5	30	1283	raceline0	0.5	BC	overtaking	False	False	0	b5a1360fee18c2875185a3d23ab21cbdd8a4cdb2e94639433a148f34809ac5e4
sp30_ol0_s0.5	30	1283	raceline0	0.5	seed1_iter10	overtaking	False	False	0	4dde873cb0c81ac9836eeeb3b0b740d82ff1887a23b8e568008abffd27476312
sp30_ol0_s0.5	30	1283	raceline0	0.5	seed1_iter20	overtaking	False	False	0	e3190c2aa3683e6b63371e609efb909c817dc23c6ad43018d09a8749288a72a8
sp30_ol0_s0.5	30	1283	raceline0	0.5	seed1_iter30	overtaking	False	False	0	ce250ee39be7e56d0383e003cf49262d75d3c7fbe0d161ddf010651e7c37065c
sp30_ol0_s0.6	30	1283	raceline0	0.6	BC	overtaking	False	False	0	b5a1360fee18c2875185a3d23ab21cbdd8a4cdb2e94639433a148f34809ac5e4
sp30_ol0_s0.6	30	1283	raceline0	0.6	seed1_iter10	overtaking	False	False	0	4dde873cb0c81ac9836eeeb3b0b740d82ff1887a23b8e568008abffd27476312
sp30_ol0_s0.6	30	1283	raceline0	0.6	seed1_iter20	overtaking	False	False	0	e3190c2aa3683e6b63371e609efb909c817dc23c6ad43018d09a8749288a72a8
sp30_ol0_s0.6	30	1283	raceline0	0.6	seed1_iter30	overtaking	False	False	0	ce250ee39be7e56d0383e003cf49262d75d3c7fbe0d161ddf010651e7c37065c
sp30_ol0_s0.7	30	1283	raceline0	0.7	BC	overtaking	False	False	0	b5a1360fee18c2875185a3d23ab21cbdd8a4cdb2e94639433a148f34809ac5e4
sp30_ol0_s0.7	30	1283	raceline0	0.7	seed1_iter10	overtaking	False	False	0	4dde873cb0c81ac9836eeeb3b0b740d82ff1887a23b8e568008abffd27476312
sp30_ol0_s0.7	30	1283	raceline0	0.7	seed1_iter20	overtaking	False	False	0	e3190c2aa3683e6b63371e609efb909c817dc23c6ad43018d09a8749288a72a8
sp30_ol0_s0.7	30	1283	raceline0	0.7	seed1_iter30	overtaking	False	False	0	ce250ee39be7e56d0383e003cf49262d75d3c7fbe0d161ddf010651e7c37065c
sp30_ol0_s0.8	30	1283	raceline0	0.8	BC	following	False	False	0	b5a1360fee18c2875185a3d23ab21cbdd8a4cdb2e94639433a148f34809ac5e4
sp30_ol0_s0.8	30	1283	raceline0	0.8	seed1_iter10	following	False	False	0	4dde873cb0c81ac9836eeeb3b0b740d82ff1887a23b8e568008abffd27476312
sp30_ol0_s0.8	30	1283	raceline0	0.8	seed1_iter20	following	False	False	0	e3190c2aa3683e6b63371e609efb909c817dc23c6ad43018d09a8749288a72a8
sp30_ol0_s0.8	30	1283	raceline0	0.8	seed1_iter30	following	False	False	0	ce250ee39be7e56d0383e003cf49262d75d3c7fbe0d161ddf010651e7c37065c
sp30_ol1_s0.5	30	1283	raceline1	0.5	BC	following	False	False	0	b5a1360fee18c2875185a3d23ab21cbdd8a4cdb2e94639433a148f34809ac5e4
sp30_ol1_s0.5	30	1283	raceline1	0.5	seed1_iter10	following	False	False	0	4dde873cb0c81ac9836eeeb3b0b740d82ff1887a23b8e568008abffd27476312
sp30_ol1_s0.5	30	1283	raceline1	0.5	seed1_iter20	following	False	False	0	e3190c2aa3683e6b63371e609efb909c817dc23c6ad43018d09a8749288a72a8
sp30_ol1_s0.5	30	1283	raceline1	0.5	seed1_iter30	following	False	False	0	ce250ee39be7e56d0383e003cf49262d75d3c7fbe0d161ddf010651e7c37065c
sp30_ol1_s0.6	30	1283	raceline1	0.6	BC	following	False	False	0	b5a1360fee18c2875185a3d23ab21cbdd8a4cdb2e94639433a148f34809ac5e4
sp30_ol1_s0.6	30	1283	raceline1	0.6	seed1_iter10	following	False	False	0	4dde873cb0c81ac9836eeeb3b0b740d82ff1887a23b8e568008abffd27476312
sp30_ol1_s0.6	30	1283	raceline1	0.6	seed1_iter20	following	False	False	0	e3190c2aa3683e6b63371e609efb909c817dc23c6ad43018d09a8749288a72a8
sp30_ol1_s0.6	30	1283	raceline1	0.6	seed1_iter30	following	False	False	0	ce250ee39be7e56d0383e003cf49262d75d3c7fbe0d161ddf010651e7c37065c
sp30_ol1_s0.7	30	1283	raceline1	0.7	BC	following	False	False	0	b5a1360fee18c2875185a3d23ab21cbdd8a4cdb2e94639433a148f34809ac5e4
sp30_ol1_s0.7	30	1283	raceline1	0.7	seed1_iter10	following	False	False	0	4dde873cb0c81ac9836eeeb3b0b740d82ff1887a23b8e568008abffd27476312
sp30_ol1_s0.7	30	1283	raceline1	0.7	seed1_iter20	following	False	False	0	e3190c2aa3683e6b63371e609efb909c817dc23c6ad43018d09a8749288a72a8
sp30_ol1_s0.7	30	1283	raceline1	0.7	seed1_iter30	following	False	False	0	ce250ee39be7e56d0383e003cf49262d75d3c7fbe0d161ddf010651e7c37065c
sp30_ol1_s0.8	30	1283	raceline1	0.8	BC	following	False	False	0	b5a1360fee18c2875185a3d23ab21cbdd8a4cdb2e94639433a148f34809ac5e4
sp30_ol1_s0.8	30	1283	raceline1	0.8	seed1_iter10	following	False	False	0	4dde873cb0c81ac9836eeeb3b0b740d82ff1887a23b8e568008abffd27476312
sp30_ol1_s0.8	30	1283	raceline1	0.8	seed1_iter20	following	False	False	0	e3190c2aa3683e6b63371e609efb909c817dc23c6ad43018d09a8749288a72a8
sp30_ol1_s0.8	30	1283	raceline1	0.8	seed1_iter30	following	False	False	0	ce250ee39be7e56d0383e003cf49262d75d3c7fbe0d161ddf010651e7c37065c
sp30_ol2_s0.5	30	1283	raceline2	0.5	BC	overtaking	False	False	0	b5a1360fee18c2875185a3d23ab21cbdd8a4cdb2e94639433a148f34809ac5e4
sp30_ol2_s0.5	30	1283	raceline2	0.5	seed1_iter10	overtaking	False	False	0	4dde873cb0c81ac9836eeeb3b0b740d82ff1887a23b8e568008abffd27476312
sp30_ol2_s0.5	30	1283	raceline2	0.5	seed1_iter20	overtaking	False	False	0	e3190c2aa3683e6b63371e609efb909c817dc23c6ad43018d09a8749288a72a8
sp30_ol2_s0.5	30	1283	raceline2	0.5	seed1_iter30	overtaking	False	False	0	ce250ee39be7e56d0383e003cf49262d75d3c7fbe0d161ddf010651e7c37065c
sp30_ol2_s0.6	30	1283	raceline2	0.6	BC	overtaking	False	False	0	b5a1360fee18c2875185a3d23ab21cbdd8a4cdb2e94639433a148f34809ac5e4
sp30_ol2_s0.6	30	1283	raceline2	0.6	seed1_iter10	overtaking	False	False	0	4dde873cb0c81ac9836eeeb3b0b740d82ff1887a23b8e568008abffd27476312
sp30_ol2_s0.6	30	1283	raceline2	0.6	seed1_iter20	overtaking	False	False	0	e3190c2aa3683e6b63371e609efb909c817dc23c6ad43018d09a8749288a72a8
sp30_ol2_s0.6	30	1283	raceline2	0.6	seed1_iter30	overtaking	False	False	0	ce250ee39be7e56d0383e003cf49262d75d3c7fbe0d161ddf010651e7c37065c
sp30_ol2_s0.7	30	1283	raceline2	0.7	BC	overtaking	False	False	0	b5a1360fee18c2875185a3d23ab21cbdd8a4cdb2e94639433a148f34809ac5e4
sp30_ol2_s0.7	30	1283	raceline2	0.7	seed1_iter10	overtaking	False	False	0	4dde873cb0c81ac9836eeeb3b0b740d82ff1887a23b8e568008abffd27476312
sp30_ol2_s0.7	30	1283	raceline2	0.7	seed1_iter20	overtaking	False	False	0	e3190c2aa3683e6b63371e609efb909c817dc23c6ad43018d09a8749288a72a8
sp30_ol2_s0.7	30	1283	raceline2	0.7	seed1_iter30	overtaking	False	False	0	ce250ee39be7e56d0383e003cf49262d75d3c7fbe0d161ddf010651e7c37065c
sp30_ol2_s0.8	30	1283	raceline2	0.8	BC	overtaking	False	False	0	b5a1360fee18c2875185a3d23ab21cbdd8a4cdb2e94639433a148f34809ac5e4
sp30_ol2_s0.8	30	1283	raceline2	0.8	seed1_iter10	overtaking	False	False	0	4dde873cb0c81ac9836eeeb3b0b740d82ff1887a23b8e568008abffd27476312
sp30_ol2_s0.8	30	1283	raceline2	0.8	seed1_iter20	overtaking	False	False	0	e3190c2aa3683e6b63371e609efb909c817dc23c6ad43018d09a8749288a72a8
sp30_ol2_s0.8	30	1283	raceline2	0.8	seed1_iter30	overtaking	False	False	0	ce250ee39be7e56d0383e003cf49262d75d3c7fbe0d161ddf010651e7c37065c
sp31_ol0_s0.5	31	1326	raceline0	0.5	BC	overtaking	False	False	0	b5a1360fee18c2875185a3d23ab21cbdd8a4cdb2e94639433a148f34809ac5e4
sp31_ol0_s0.5	31	1326	raceline0	0.5	seed1_iter10	overtaking	False	False	0	4dde873cb0c81ac9836eeeb3b0b740d82ff1887a23b8e568008abffd27476312
sp31_ol0_s0.5	31	1326	raceline0	0.5	seed1_iter20	overtaking	False	False	0	e3190c2aa3683e6b63371e609efb909c817dc23c6ad43018d09a8749288a72a8
sp31_ol0_s0.5	31	1326	raceline0	0.5	seed1_iter30	overtaking	False	False	0	ce250ee39be7e56d0383e003cf49262d75d3c7fbe0d161ddf010651e7c37065c
sp31_ol0_s0.6	31	1326	raceline0	0.6	BC	overtaking	False	False	0	b5a1360fee18c2875185a3d23ab21cbdd8a4cdb2e94639433a148f34809ac5e4
sp31_ol0_s0.6	31	1326	raceline0	0.6	seed1_iter10	overtaking	False	False	0	4dde873cb0c81ac9836eeeb3b0b740d82ff1887a23b8e568008abffd27476312
sp31_ol0_s0.6	31	1326	raceline0	0.6	seed1_iter20	overtaking	False	False	0	e3190c2aa3683e6b63371e609efb909c817dc23c6ad43018d09a8749288a72a8
sp31_ol0_s0.6	31	1326	raceline0	0.6	seed1_iter30	overtaking	False	False	0	ce250ee39be7e56d0383e003cf49262d75d3c7fbe0d161ddf010651e7c37065c
sp31_ol0_s0.7	31	1326	raceline0	0.7	BC	overtaking	False	False	0	b5a1360fee18c2875185a3d23ab21cbdd8a4cdb2e94639433a148f34809ac5e4
sp31_ol0_s0.7	31	1326	raceline0	0.7	seed1_iter10	overtaking	False	False	0	4dde873cb0c81ac9836eeeb3b0b740d82ff1887a23b8e568008abffd27476312
sp31_ol0_s0.7	31	1326	raceline0	0.7	seed1_iter20	overtaking	False	False	0	e3190c2aa3683e6b63371e609efb909c817dc23c6ad43018d09a8749288a72a8
sp31_ol0_s0.7	31	1326	raceline0	0.7	seed1_iter30	overtaking	False	False	0	ce250ee39be7e56d0383e003cf49262d75d3c7fbe0d161ddf010651e7c37065c
sp31_ol0_s0.8	31	1326	raceline0	0.8	BC	following	False	False	0	b5a1360fee18c2875185a3d23ab21cbdd8a4cdb2e94639433a148f34809ac5e4
sp31_ol0_s0.8	31	1326	raceline0	0.8	seed1_iter10	collision	True	False	0	4dde873cb0c81ac9836eeeb3b0b740d82ff1887a23b8e568008abffd27476312
sp31_ol0_s0.8	31	1326	raceline0	0.8	seed1_iter20	following	False	False	0	e3190c2aa3683e6b63371e609efb909c817dc23c6ad43018d09a8749288a72a8
sp31_ol0_s0.8	31	1326	raceline0	0.8	seed1_iter30	following	False	False	0	ce250ee39be7e56d0383e003cf49262d75d3c7fbe0d161ddf010651e7c37065c
sp31_ol1_s0.5	31	1326	raceline1	0.5	BC	following	False	False	0	b5a1360fee18c2875185a3d23ab21cbdd8a4cdb2e94639433a148f34809ac5e4
sp31_ol1_s0.5	31	1326	raceline1	0.5	seed1_iter10	following	False	False	0	4dde873cb0c81ac9836eeeb3b0b740d82ff1887a23b8e568008abffd27476312
sp31_ol1_s0.5	31	1326	raceline1	0.5	seed1_iter20	following	False	False	0	e3190c2aa3683e6b63371e609efb909c817dc23c6ad43018d09a8749288a72a8
sp31_ol1_s0.5	31	1326	raceline1	0.5	seed1_iter30	following	False	False	0	ce250ee39be7e56d0383e003cf49262d75d3c7fbe0d161ddf010651e7c37065c
sp31_ol1_s0.6	31	1326	raceline1	0.6	BC	following	False	False	0	b5a1360fee18c2875185a3d23ab21cbdd8a4cdb2e94639433a148f34809ac5e4
sp31_ol1_s0.6	31	1326	raceline1	0.6	seed1_iter10	following	False	False	0	4dde873cb0c81ac9836eeeb3b0b740d82ff1887a23b8e568008abffd27476312
sp31_ol1_s0.6	31	1326	raceline1	0.6	seed1_iter20	following	False	False	0	e3190c2aa3683e6b63371e609efb909c817dc23c6ad43018d09a8749288a72a8
sp31_ol1_s0.6	31	1326	raceline1	0.6	seed1_iter30	following	False	False	0	ce250ee39be7e56d0383e003cf49262d75d3c7fbe0d161ddf010651e7c37065c
sp31_ol1_s0.7	31	1326	raceline1	0.7	BC	following	False	False	0	b5a1360fee18c2875185a3d23ab21cbdd8a4cdb2e94639433a148f34809ac5e4
sp31_ol1_s0.7	31	1326	raceline1	0.7	seed1_iter10	following	False	False	0	4dde873cb0c81ac9836eeeb3b0b740d82ff1887a23b8e568008abffd27476312
sp31_ol1_s0.7	31	1326	raceline1	0.7	seed1_iter20	following	False	False	0	e3190c2aa3683e6b63371e609efb909c817dc23c6ad43018d09a8749288a72a8
sp31_ol1_s0.7	31	1326	raceline1	0.7	seed1_iter30	following	False	False	0	ce250ee39be7e56d0383e003cf49262d75d3c7fbe0d161ddf010651e7c37065c
sp31_ol1_s0.8	31	1326	raceline1	0.8	BC	following	False	False	0	b5a1360fee18c2875185a3d23ab21cbdd8a4cdb2e94639433a148f34809ac5e4
sp31_ol1_s0.8	31	1326	raceline1	0.8	seed1_iter10	following	False	False	0	4dde873cb0c81ac9836eeeb3b0b740d82ff1887a23b8e568008abffd27476312
sp31_ol1_s0.8	31	1326	raceline1	0.8	seed1_iter20	following	False	False	0	e3190c2aa3683e6b63371e609efb909c817dc23c6ad43018d09a8749288a72a8
sp31_ol1_s0.8	31	1326	raceline1	0.8	seed1_iter30	following	False	False	0	ce250ee39be7e56d0383e003cf49262d75d3c7fbe0d161ddf010651e7c37065c
sp31_ol2_s0.5	31	1326	raceline2	0.5	BC	overtaking	False	False	0	b5a1360fee18c2875185a3d23ab21cbdd8a4cdb2e94639433a148f34809ac5e4
sp31_ol2_s0.5	31	1326	raceline2	0.5	seed1_iter10	overtaking	False	False	0	4dde873cb0c81ac9836eeeb3b0b740d82ff1887a23b8e568008abffd27476312
sp31_ol2_s0.5	31	1326	raceline2	0.5	seed1_iter20	overtaking	False	False	0	e3190c2aa3683e6b63371e609efb909c817dc23c6ad43018d09a8749288a72a8
sp31_ol2_s0.5	31	1326	raceline2	0.5	seed1_iter30	overtaking	False	False	0	ce250ee39be7e56d0383e003cf49262d75d3c7fbe0d161ddf010651e7c37065c
sp31_ol2_s0.6	31	1326	raceline2	0.6	BC	overtaking	False	False	0	b5a1360fee18c2875185a3d23ab21cbdd8a4cdb2e94639433a148f34809ac5e4
sp31_ol2_s0.6	31	1326	raceline2	0.6	seed1_iter10	overtaking	False	False	0	4dde873cb0c81ac9836eeeb3b0b740d82ff1887a23b8e568008abffd27476312
sp31_ol2_s0.6	31	1326	raceline2	0.6	seed1_iter20	overtaking	False	False	0	e3190c2aa3683e6b63371e609efb909c817dc23c6ad43018d09a8749288a72a8
sp31_ol2_s0.6	31	1326	raceline2	0.6	seed1_iter30	overtaking	False	False	0	ce250ee39be7e56d0383e003cf49262d75d3c7fbe0d161ddf010651e7c37065c
sp31_ol2_s0.7	31	1326	raceline2	0.7	BC	overtaking	False	False	0	b5a1360fee18c2875185a3d23ab21cbdd8a4cdb2e94639433a148f34809ac5e4
sp31_ol2_s0.7	31	1326	raceline2	0.7	seed1_iter10	overtaking	False	False	0	4dde873cb0c81ac9836eeeb3b0b740d82ff1887a23b8e568008abffd27476312
sp31_ol2_s0.7	31	1326	raceline2	0.7	seed1_iter20	overtaking	False	False	0	e3190c2aa3683e6b63371e609efb909c817dc23c6ad43018d09a8749288a72a8
sp31_ol2_s0.7	31	1326	raceline2	0.7	seed1_iter30	overtaking	False	False	0	ce250ee39be7e56d0383e003cf49262d75d3c7fbe0d161ddf010651e7c37065c
sp31_ol2_s0.8	31	1326	raceline2	0.8	BC	overtaking	False	False	0	b5a1360fee18c2875185a3d23ab21cbdd8a4cdb2e94639433a148f34809ac5e4
sp31_ol2_s0.8	31	1326	raceline2	0.8	seed1_iter10	overtaking	False	False	0	4dde873cb0c81ac9836eeeb3b0b740d82ff1887a23b8e568008abffd27476312
sp31_ol2_s0.8	31	1326	raceline2	0.8	seed1_iter20	overtaking	False	False	0	e3190c2aa3683e6b63371e609efb909c817dc23c6ad43018d09a8749288a72a8
sp31_ol2_s0.8	31	1326	raceline2	0.8	seed1_iter30	overtaking	False	False	0	ce250ee39be7e56d0383e003cf49262d75d3c7fbe0d161ddf010651e7c37065c
sp32_ol0_s0.5	32	1368	raceline0	0.5	BC	overtaking	False	False	0	b5a1360fee18c2875185a3d23ab21cbdd8a4cdb2e94639433a148f34809ac5e4
sp32_ol0_s0.5	32	1368	raceline0	0.5	seed1_iter10	overtaking	False	False	0	4dde873cb0c81ac9836eeeb3b0b740d82ff1887a23b8e568008abffd27476312
sp32_ol0_s0.5	32	1368	raceline0	0.5	seed1_iter20	overtaking	False	False	0	e3190c2aa3683e6b63371e609efb909c817dc23c6ad43018d09a8749288a72a8
sp32_ol0_s0.5	32	1368	raceline0	0.5	seed1_iter30	overtaking	False	False	0	ce250ee39be7e56d0383e003cf49262d75d3c7fbe0d161ddf010651e7c37065c
sp32_ol0_s0.6	32	1368	raceline0	0.6	BC	overtaking	False	False	0	b5a1360fee18c2875185a3d23ab21cbdd8a4cdb2e94639433a148f34809ac5e4
sp32_ol0_s0.6	32	1368	raceline0	0.6	seed1_iter10	overtaking	False	False	0	4dde873cb0c81ac9836eeeb3b0b740d82ff1887a23b8e568008abffd27476312
sp32_ol0_s0.6	32	1368	raceline0	0.6	seed1_iter20	overtaking	False	False	0	e3190c2aa3683e6b63371e609efb909c817dc23c6ad43018d09a8749288a72a8
sp32_ol0_s0.6	32	1368	raceline0	0.6	seed1_iter30	overtaking	False	False	0	ce250ee39be7e56d0383e003cf49262d75d3c7fbe0d161ddf010651e7c37065c
sp32_ol0_s0.7	32	1368	raceline0	0.7	BC	overtaking	False	False	0	b5a1360fee18c2875185a3d23ab21cbdd8a4cdb2e94639433a148f34809ac5e4
sp32_ol0_s0.7	32	1368	raceline0	0.7	seed1_iter10	overtaking	False	False	0	4dde873cb0c81ac9836eeeb3b0b740d82ff1887a23b8e568008abffd27476312
sp32_ol0_s0.7	32	1368	raceline0	0.7	seed1_iter20	overtaking	False	False	0	e3190c2aa3683e6b63371e609efb909c817dc23c6ad43018d09a8749288a72a8
sp32_ol0_s0.7	32	1368	raceline0	0.7	seed1_iter30	overtaking	False	False	0	ce250ee39be7e56d0383e003cf49262d75d3c7fbe0d161ddf010651e7c37065c
sp32_ol0_s0.8	32	1368	raceline0	0.8	BC	collision	False	True	0	b5a1360fee18c2875185a3d23ab21cbdd8a4cdb2e94639433a148f34809ac5e4
sp32_ol0_s0.8	32	1368	raceline0	0.8	seed1_iter10	collision	False	True	0	4dde873cb0c81ac9836eeeb3b0b740d82ff1887a23b8e568008abffd27476312
sp32_ol0_s0.8	32	1368	raceline0	0.8	seed1_iter20	collision	False	True	0	e3190c2aa3683e6b63371e609efb909c817dc23c6ad43018d09a8749288a72a8
sp32_ol0_s0.8	32	1368	raceline0	0.8	seed1_iter30	collision	False	True	0	ce250ee39be7e56d0383e003cf49262d75d3c7fbe0d161ddf010651e7c37065c
sp32_ol1_s0.5	32	1368	raceline1	0.5	BC	collision	True	True	0	b5a1360fee18c2875185a3d23ab21cbdd8a4cdb2e94639433a148f34809ac5e4
sp32_ol1_s0.5	32	1368	raceline1	0.5	seed1_iter10	following	False	False	0	4dde873cb0c81ac9836eeeb3b0b740d82ff1887a23b8e568008abffd27476312
sp32_ol1_s0.5	32	1368	raceline1	0.5	seed1_iter20	following	False	False	0	e3190c2aa3683e6b63371e609efb909c817dc23c6ad43018d09a8749288a72a8
sp32_ol1_s0.5	32	1368	raceline1	0.5	seed1_iter30	collision	True	True	0	ce250ee39be7e56d0383e003cf49262d75d3c7fbe0d161ddf010651e7c37065c
sp32_ol1_s0.6	32	1368	raceline1	0.6	BC	collision	True	True	0	b5a1360fee18c2875185a3d23ab21cbdd8a4cdb2e94639433a148f34809ac5e4
sp32_ol1_s0.6	32	1368	raceline1	0.6	seed1_iter10	collision	True	True	0	4dde873cb0c81ac9836eeeb3b0b740d82ff1887a23b8e568008abffd27476312
sp32_ol1_s0.6	32	1368	raceline1	0.6	seed1_iter20	collision	True	True	0	e3190c2aa3683e6b63371e609efb909c817dc23c6ad43018d09a8749288a72a8
sp32_ol1_s0.6	32	1368	raceline1	0.6	seed1_iter30	collision	True	True	0	ce250ee39be7e56d0383e003cf49262d75d3c7fbe0d161ddf010651e7c37065c
sp32_ol1_s0.7	32	1368	raceline1	0.7	BC	following	False	False	0	b5a1360fee18c2875185a3d23ab21cbdd8a4cdb2e94639433a148f34809ac5e4
sp32_ol1_s0.7	32	1368	raceline1	0.7	seed1_iter10	following	False	False	0	4dde873cb0c81ac9836eeeb3b0b740d82ff1887a23b8e568008abffd27476312
sp32_ol1_s0.7	32	1368	raceline1	0.7	seed1_iter20	following	False	False	0	e3190c2aa3683e6b63371e609efb909c817dc23c6ad43018d09a8749288a72a8
sp32_ol1_s0.7	32	1368	raceline1	0.7	seed1_iter30	following	False	False	0	ce250ee39be7e56d0383e003cf49262d75d3c7fbe0d161ddf010651e7c37065c
sp32_ol1_s0.8	32	1368	raceline1	0.8	BC	following	False	False	0	b5a1360fee18c2875185a3d23ab21cbdd8a4cdb2e94639433a148f34809ac5e4
sp32_ol1_s0.8	32	1368	raceline1	0.8	seed1_iter10	following	False	False	0	4dde873cb0c81ac9836eeeb3b0b740d82ff1887a23b8e568008abffd27476312
sp32_ol1_s0.8	32	1368	raceline1	0.8	seed1_iter20	following	False	False	0	e3190c2aa3683e6b63371e609efb909c817dc23c6ad43018d09a8749288a72a8
sp32_ol1_s0.8	32	1368	raceline1	0.8	seed1_iter30	following	False	False	0	ce250ee39be7e56d0383e003cf49262d75d3c7fbe0d161ddf010651e7c37065c
sp32_ol2_s0.5	32	1368	raceline2	0.5	BC	overtaking	False	False	0	b5a1360fee18c2875185a3d23ab21cbdd8a4cdb2e94639433a148f34809ac5e4
sp32_ol2_s0.5	32	1368	raceline2	0.5	seed1_iter10	overtaking	False	False	0	4dde873cb0c81ac9836eeeb3b0b740d82ff1887a23b8e568008abffd27476312
sp32_ol2_s0.5	32	1368	raceline2	0.5	seed1_iter20	overtaking	False	False	0	e3190c2aa3683e6b63371e609efb909c817dc23c6ad43018d09a8749288a72a8
sp32_ol2_s0.5	32	1368	raceline2	0.5	seed1_iter30	overtaking	False	False	0	ce250ee39be7e56d0383e003cf49262d75d3c7fbe0d161ddf010651e7c37065c
sp32_ol2_s0.6	32	1368	raceline2	0.6	BC	overtaking	False	False	0	b5a1360fee18c2875185a3d23ab21cbdd8a4cdb2e94639433a148f34809ac5e4
sp32_ol2_s0.6	32	1368	raceline2	0.6	seed1_iter10	overtaking	False	False	0	4dde873cb0c81ac9836eeeb3b0b740d82ff1887a23b8e568008abffd27476312
sp32_ol2_s0.6	32	1368	raceline2	0.6	seed1_iter20	overtaking	False	False	0	e3190c2aa3683e6b63371e609efb909c817dc23c6ad43018d09a8749288a72a8
sp32_ol2_s0.6	32	1368	raceline2	0.6	seed1_iter30	overtaking	False	False	0	ce250ee39be7e56d0383e003cf49262d75d3c7fbe0d161ddf010651e7c37065c
sp32_ol2_s0.7	32	1368	raceline2	0.7	BC	overtaking	False	False	0	b5a1360fee18c2875185a3d23ab21cbdd8a4cdb2e94639433a148f34809ac5e4
sp32_ol2_s0.7	32	1368	raceline2	0.7	seed1_iter10	overtaking	False	False	0	4dde873cb0c81ac9836eeeb3b0b740d82ff1887a23b8e568008abffd27476312
sp32_ol2_s0.7	32	1368	raceline2	0.7	seed1_iter20	overtaking	False	False	0	e3190c2aa3683e6b63371e609efb909c817dc23c6ad43018d09a8749288a72a8
sp32_ol2_s0.7	32	1368	raceline2	0.7	seed1_iter30	collision	True	True	0	ce250ee39be7e56d0383e003cf49262d75d3c7fbe0d161ddf010651e7c37065c
sp32_ol2_s0.8	32	1368	raceline2	0.8	BC	overtaking	False	False	0	b5a1360fee18c2875185a3d23ab21cbdd8a4cdb2e94639433a148f34809ac5e4
sp32_ol2_s0.8	32	1368	raceline2	0.8	seed1_iter10	overtaking	False	False	0	4dde873cb0c81ac9836eeeb3b0b740d82ff1887a23b8e568008abffd27476312
sp32_ol2_s0.8	32	1368	raceline2	0.8	seed1_iter20	overtaking	False	False	0	e3190c2aa3683e6b63371e609efb909c817dc23c6ad43018d09a8749288a72a8
sp32_ol2_s0.8	32	1368	raceline2	0.8	seed1_iter30	overtaking	False	False	0	ce250ee39be7e56d0383e003cf49262d75d3c7fbe0d161ddf010651e7c37065c
sp33_ol0_s0.5	33	1411	raceline0	0.5	BC	overtaking	False	False	0	b5a1360fee18c2875185a3d23ab21cbdd8a4cdb2e94639433a148f34809ac5e4
sp33_ol0_s0.5	33	1411	raceline0	0.5	seed1_iter10	overtaking	False	False	0	4dde873cb0c81ac9836eeeb3b0b740d82ff1887a23b8e568008abffd27476312
sp33_ol0_s0.5	33	1411	raceline0	0.5	seed1_iter20	overtaking	False	False	0	e3190c2aa3683e6b63371e609efb909c817dc23c6ad43018d09a8749288a72a8
sp33_ol0_s0.5	33	1411	raceline0	0.5	seed1_iter30	overtaking	False	False	0	ce250ee39be7e56d0383e003cf49262d75d3c7fbe0d161ddf010651e7c37065c
sp33_ol0_s0.6	33	1411	raceline0	0.6	BC	overtaking	False	False	0	b5a1360fee18c2875185a3d23ab21cbdd8a4cdb2e94639433a148f34809ac5e4
sp33_ol0_s0.6	33	1411	raceline0	0.6	seed1_iter10	overtaking	False	False	0	4dde873cb0c81ac9836eeeb3b0b740d82ff1887a23b8e568008abffd27476312
sp33_ol0_s0.6	33	1411	raceline0	0.6	seed1_iter20	overtaking	False	False	0	e3190c2aa3683e6b63371e609efb909c817dc23c6ad43018d09a8749288a72a8
sp33_ol0_s0.6	33	1411	raceline0	0.6	seed1_iter30	overtaking	False	False	0	ce250ee39be7e56d0383e003cf49262d75d3c7fbe0d161ddf010651e7c37065c
sp33_ol0_s0.7	33	1411	raceline0	0.7	BC	overtaking	False	False	0	b5a1360fee18c2875185a3d23ab21cbdd8a4cdb2e94639433a148f34809ac5e4
sp33_ol0_s0.7	33	1411	raceline0	0.7	seed1_iter10	overtaking	False	False	0	4dde873cb0c81ac9836eeeb3b0b740d82ff1887a23b8e568008abffd27476312
sp33_ol0_s0.7	33	1411	raceline0	0.7	seed1_iter20	overtaking	False	False	0	e3190c2aa3683e6b63371e609efb909c817dc23c6ad43018d09a8749288a72a8
sp33_ol0_s0.7	33	1411	raceline0	0.7	seed1_iter30	overtaking	False	False	0	ce250ee39be7e56d0383e003cf49262d75d3c7fbe0d161ddf010651e7c37065c
sp33_ol0_s0.8	33	1411	raceline0	0.8	BC	overtaking	False	False	0	b5a1360fee18c2875185a3d23ab21cbdd8a4cdb2e94639433a148f34809ac5e4
sp33_ol0_s0.8	33	1411	raceline0	0.8	seed1_iter10	overtaking	False	False	0	4dde873cb0c81ac9836eeeb3b0b740d82ff1887a23b8e568008abffd27476312
sp33_ol0_s0.8	33	1411	raceline0	0.8	seed1_iter20	overtaking	False	False	0	e3190c2aa3683e6b63371e609efb909c817dc23c6ad43018d09a8749288a72a8
sp33_ol0_s0.8	33	1411	raceline0	0.8	seed1_iter30	overtaking	False	False	0	ce250ee39be7e56d0383e003cf49262d75d3c7fbe0d161ddf010651e7c37065c
sp33_ol1_s0.5	33	1411	raceline1	0.5	BC	overtaking	False	False	0	b5a1360fee18c2875185a3d23ab21cbdd8a4cdb2e94639433a148f34809ac5e4
sp33_ol1_s0.5	33	1411	raceline1	0.5	seed1_iter10	collision	True	True	0	4dde873cb0c81ac9836eeeb3b0b740d82ff1887a23b8e568008abffd27476312
sp33_ol1_s0.5	33	1411	raceline1	0.5	seed1_iter20	following	False	False	0	e3190c2aa3683e6b63371e609efb909c817dc23c6ad43018d09a8749288a72a8
sp33_ol1_s0.5	33	1411	raceline1	0.5	seed1_iter30	following	False	False	0	ce250ee39be7e56d0383e003cf49262d75d3c7fbe0d161ddf010651e7c37065c
sp33_ol1_s0.6	33	1411	raceline1	0.6	BC	following	False	False	0	b5a1360fee18c2875185a3d23ab21cbdd8a4cdb2e94639433a148f34809ac5e4
sp33_ol1_s0.6	33	1411	raceline1	0.6	seed1_iter10	following	False	False	0	4dde873cb0c81ac9836eeeb3b0b740d82ff1887a23b8e568008abffd27476312
sp33_ol1_s0.6	33	1411	raceline1	0.6	seed1_iter20	following	False	False	0	e3190c2aa3683e6b63371e609efb909c817dc23c6ad43018d09a8749288a72a8
sp33_ol1_s0.6	33	1411	raceline1	0.6	seed1_iter30	following	False	False	0	ce250ee39be7e56d0383e003cf49262d75d3c7fbe0d161ddf010651e7c37065c
sp33_ol1_s0.7	33	1411	raceline1	0.7	BC	following	False	False	0	b5a1360fee18c2875185a3d23ab21cbdd8a4cdb2e94639433a148f34809ac5e4
sp33_ol1_s0.7	33	1411	raceline1	0.7	seed1_iter10	following	False	False	0	4dde873cb0c81ac9836eeeb3b0b740d82ff1887a23b8e568008abffd27476312
sp33_ol1_s0.7	33	1411	raceline1	0.7	seed1_iter20	following	False	False	0	e3190c2aa3683e6b63371e609efb909c817dc23c6ad43018d09a8749288a72a8
sp33_ol1_s0.7	33	1411	raceline1	0.7	seed1_iter30	following	False	False	0	ce250ee39be7e56d0383e003cf49262d75d3c7fbe0d161ddf010651e7c37065c
sp33_ol1_s0.8	33	1411	raceline1	0.8	BC	following	False	False	0	b5a1360fee18c2875185a3d23ab21cbdd8a4cdb2e94639433a148f34809ac5e4
sp33_ol1_s0.8	33	1411	raceline1	0.8	seed1_iter10	following	False	False	0	4dde873cb0c81ac9836eeeb3b0b740d82ff1887a23b8e568008abffd27476312
sp33_ol1_s0.8	33	1411	raceline1	0.8	seed1_iter20	following	False	False	0	e3190c2aa3683e6b63371e609efb909c817dc23c6ad43018d09a8749288a72a8
sp33_ol1_s0.8	33	1411	raceline1	0.8	seed1_iter30	following	False	False	0	ce250ee39be7e56d0383e003cf49262d75d3c7fbe0d161ddf010651e7c37065c
sp33_ol2_s0.5	33	1411	raceline2	0.5	BC	overtaking	False	False	0	b5a1360fee18c2875185a3d23ab21cbdd8a4cdb2e94639433a148f34809ac5e4
sp33_ol2_s0.5	33	1411	raceline2	0.5	seed1_iter10	overtaking	False	False	0	4dde873cb0c81ac9836eeeb3b0b740d82ff1887a23b8e568008abffd27476312
sp33_ol2_s0.5	33	1411	raceline2	0.5	seed1_iter20	overtaking	False	False	0	e3190c2aa3683e6b63371e609efb909c817dc23c6ad43018d09a8749288a72a8
sp33_ol2_s0.5	33	1411	raceline2	0.5	seed1_iter30	overtaking	False	False	0	ce250ee39be7e56d0383e003cf49262d75d3c7fbe0d161ddf010651e7c37065c
sp33_ol2_s0.6	33	1411	raceline2	0.6	BC	overtaking	False	False	0	b5a1360fee18c2875185a3d23ab21cbdd8a4cdb2e94639433a148f34809ac5e4
sp33_ol2_s0.6	33	1411	raceline2	0.6	seed1_iter10	overtaking	False	False	0	4dde873cb0c81ac9836eeeb3b0b740d82ff1887a23b8e568008abffd27476312
sp33_ol2_s0.6	33	1411	raceline2	0.6	seed1_iter20	overtaking	False	False	0	e3190c2aa3683e6b63371e609efb909c817dc23c6ad43018d09a8749288a72a8
sp33_ol2_s0.6	33	1411	raceline2	0.6	seed1_iter30	overtaking	False	False	0	ce250ee39be7e56d0383e003cf49262d75d3c7fbe0d161ddf010651e7c37065c
sp33_ol2_s0.7	33	1411	raceline2	0.7	BC	overtaking	False	False	0	b5a1360fee18c2875185a3d23ab21cbdd8a4cdb2e94639433a148f34809ac5e4
sp33_ol2_s0.7	33	1411	raceline2	0.7	seed1_iter10	overtaking	False	False	0	4dde873cb0c81ac9836eeeb3b0b740d82ff1887a23b8e568008abffd27476312
sp33_ol2_s0.7	33	1411	raceline2	0.7	seed1_iter20	overtaking	False	False	0	e3190c2aa3683e6b63371e609efb909c817dc23c6ad43018d09a8749288a72a8
sp33_ol2_s0.7	33	1411	raceline2	0.7	seed1_iter30	overtaking	False	False	0	ce250ee39be7e56d0383e003cf49262d75d3c7fbe0d161ddf010651e7c37065c
sp33_ol2_s0.8	33	1411	raceline2	0.8	BC	overtaking	False	False	0	b5a1360fee18c2875185a3d23ab21cbdd8a4cdb2e94639433a148f34809ac5e4
sp33_ol2_s0.8	33	1411	raceline2	0.8	seed1_iter10	overtaking	False	False	0	4dde873cb0c81ac9836eeeb3b0b740d82ff1887a23b8e568008abffd27476312
sp33_ol2_s0.8	33	1411	raceline2	0.8	seed1_iter20	overtaking	False	False	0	e3190c2aa3683e6b63371e609efb909c817dc23c6ad43018d09a8749288a72a8
sp33_ol2_s0.8	33	1411	raceline2	0.8	seed1_iter30	overtaking	False	False	0	ce250ee39be7e56d0383e003cf49262d75d3c7fbe0d161ddf010651e7c37065c
sp34_ol0_s0.5	34	1454	raceline0	0.5	BC	overtaking	False	False	0	b5a1360fee18c2875185a3d23ab21cbdd8a4cdb2e94639433a148f34809ac5e4
sp34_ol0_s0.5	34	1454	raceline0	0.5	seed1_iter10	overtaking	False	False	0	4dde873cb0c81ac9836eeeb3b0b740d82ff1887a23b8e568008abffd27476312
sp34_ol0_s0.5	34	1454	raceline0	0.5	seed1_iter20	overtaking	False	False	0	e3190c2aa3683e6b63371e609efb909c817dc23c6ad43018d09a8749288a72a8
sp34_ol0_s0.5	34	1454	raceline0	0.5	seed1_iter30	overtaking	False	False	0	ce250ee39be7e56d0383e003cf49262d75d3c7fbe0d161ddf010651e7c37065c
sp34_ol0_s0.6	34	1454	raceline0	0.6	BC	overtaking	False	False	0	b5a1360fee18c2875185a3d23ab21cbdd8a4cdb2e94639433a148f34809ac5e4
sp34_ol0_s0.6	34	1454	raceline0	0.6	seed1_iter10	overtaking	False	False	0	4dde873cb0c81ac9836eeeb3b0b740d82ff1887a23b8e568008abffd27476312
sp34_ol0_s0.6	34	1454	raceline0	0.6	seed1_iter20	overtaking	False	False	0	e3190c2aa3683e6b63371e609efb909c817dc23c6ad43018d09a8749288a72a8
sp34_ol0_s0.6	34	1454	raceline0	0.6	seed1_iter30	overtaking	False	False	0	ce250ee39be7e56d0383e003cf49262d75d3c7fbe0d161ddf010651e7c37065c
sp34_ol0_s0.7	34	1454	raceline0	0.7	BC	overtaking	False	False	0	b5a1360fee18c2875185a3d23ab21cbdd8a4cdb2e94639433a148f34809ac5e4
sp34_ol0_s0.7	34	1454	raceline0	0.7	seed1_iter10	overtaking	False	False	0	4dde873cb0c81ac9836eeeb3b0b740d82ff1887a23b8e568008abffd27476312
sp34_ol0_s0.7	34	1454	raceline0	0.7	seed1_iter20	overtaking	False	False	0	e3190c2aa3683e6b63371e609efb909c817dc23c6ad43018d09a8749288a72a8
sp34_ol0_s0.7	34	1454	raceline0	0.7	seed1_iter30	overtaking	False	False	0	ce250ee39be7e56d0383e003cf49262d75d3c7fbe0d161ddf010651e7c37065c
sp34_ol0_s0.8	34	1454	raceline0	0.8	BC	overtaking	False	False	0	b5a1360fee18c2875185a3d23ab21cbdd8a4cdb2e94639433a148f34809ac5e4
sp34_ol0_s0.8	34	1454	raceline0	0.8	seed1_iter10	overtaking	False	False	0	4dde873cb0c81ac9836eeeb3b0b740d82ff1887a23b8e568008abffd27476312
sp34_ol0_s0.8	34	1454	raceline0	0.8	seed1_iter20	overtaking	False	False	0	e3190c2aa3683e6b63371e609efb909c817dc23c6ad43018d09a8749288a72a8
sp34_ol0_s0.8	34	1454	raceline0	0.8	seed1_iter30	overtaking	False	False	0	ce250ee39be7e56d0383e003cf49262d75d3c7fbe0d161ddf010651e7c37065c
sp34_ol1_s0.5	34	1454	raceline1	0.5	BC	following	False	False	0	b5a1360fee18c2875185a3d23ab21cbdd8a4cdb2e94639433a148f34809ac5e4
sp34_ol1_s0.5	34	1454	raceline1	0.5	seed1_iter10	following	False	False	0	4dde873cb0c81ac9836eeeb3b0b740d82ff1887a23b8e568008abffd27476312
sp34_ol1_s0.5	34	1454	raceline1	0.5	seed1_iter20	following	False	False	0	e3190c2aa3683e6b63371e609efb909c817dc23c6ad43018d09a8749288a72a8
sp34_ol1_s0.5	34	1454	raceline1	0.5	seed1_iter30	following	False	False	0	ce250ee39be7e56d0383e003cf49262d75d3c7fbe0d161ddf010651e7c37065c
sp34_ol1_s0.6	34	1454	raceline1	0.6	BC	following	False	False	0	b5a1360fee18c2875185a3d23ab21cbdd8a4cdb2e94639433a148f34809ac5e4
sp34_ol1_s0.6	34	1454	raceline1	0.6	seed1_iter10	following	False	False	0	4dde873cb0c81ac9836eeeb3b0b740d82ff1887a23b8e568008abffd27476312
sp34_ol1_s0.6	34	1454	raceline1	0.6	seed1_iter20	following	False	False	0	e3190c2aa3683e6b63371e609efb909c817dc23c6ad43018d09a8749288a72a8
sp34_ol1_s0.6	34	1454	raceline1	0.6	seed1_iter30	following	False	False	0	ce250ee39be7e56d0383e003cf49262d75d3c7fbe0d161ddf010651e7c37065c
sp34_ol1_s0.7	34	1454	raceline1	0.7	BC	following	False	False	0	b5a1360fee18c2875185a3d23ab21cbdd8a4cdb2e94639433a148f34809ac5e4
sp34_ol1_s0.7	34	1454	raceline1	0.7	seed1_iter10	following	False	False	0	4dde873cb0c81ac9836eeeb3b0b740d82ff1887a23b8e568008abffd27476312
sp34_ol1_s0.7	34	1454	raceline1	0.7	seed1_iter20	following	False	False	0	e3190c2aa3683e6b63371e609efb909c817dc23c6ad43018d09a8749288a72a8
sp34_ol1_s0.7	34	1454	raceline1	0.7	seed1_iter30	following	False	False	0	ce250ee39be7e56d0383e003cf49262d75d3c7fbe0d161ddf010651e7c37065c
sp34_ol1_s0.8	34	1454	raceline1	0.8	BC	following	False	False	0	b5a1360fee18c2875185a3d23ab21cbdd8a4cdb2e94639433a148f34809ac5e4
sp34_ol1_s0.8	34	1454	raceline1	0.8	seed1_iter10	following	False	False	0	4dde873cb0c81ac9836eeeb3b0b740d82ff1887a23b8e568008abffd27476312
sp34_ol1_s0.8	34	1454	raceline1	0.8	seed1_iter20	following	False	False	0	e3190c2aa3683e6b63371e609efb909c817dc23c6ad43018d09a8749288a72a8
sp34_ol1_s0.8	34	1454	raceline1	0.8	seed1_iter30	following	False	False	0	ce250ee39be7e56d0383e003cf49262d75d3c7fbe0d161ddf010651e7c37065c
sp34_ol2_s0.5	34	1454	raceline2	0.5	BC	overtaking	False	False	0	b5a1360fee18c2875185a3d23ab21cbdd8a4cdb2e94639433a148f34809ac5e4
sp34_ol2_s0.5	34	1454	raceline2	0.5	seed1_iter10	overtaking	False	False	0	4dde873cb0c81ac9836eeeb3b0b740d82ff1887a23b8e568008abffd27476312
sp34_ol2_s0.5	34	1454	raceline2	0.5	seed1_iter20	overtaking	False	False	0	e3190c2aa3683e6b63371e609efb909c817dc23c6ad43018d09a8749288a72a8
sp34_ol2_s0.5	34	1454	raceline2	0.5	seed1_iter30	overtaking	False	False	0	ce250ee39be7e56d0383e003cf49262d75d3c7fbe0d161ddf010651e7c37065c
sp34_ol2_s0.6	34	1454	raceline2	0.6	BC	overtaking	False	False	0	b5a1360fee18c2875185a3d23ab21cbdd8a4cdb2e94639433a148f34809ac5e4
sp34_ol2_s0.6	34	1454	raceline2	0.6	seed1_iter10	overtaking	False	False	0	4dde873cb0c81ac9836eeeb3b0b740d82ff1887a23b8e568008abffd27476312
sp34_ol2_s0.6	34	1454	raceline2	0.6	seed1_iter20	overtaking	False	False	0	e3190c2aa3683e6b63371e609efb909c817dc23c6ad43018d09a8749288a72a8
sp34_ol2_s0.6	34	1454	raceline2	0.6	seed1_iter30	overtaking	False	False	0	ce250ee39be7e56d0383e003cf49262d75d3c7fbe0d161ddf010651e7c37065c
sp34_ol2_s0.7	34	1454	raceline2	0.7	BC	overtaking	False	False	0	b5a1360fee18c2875185a3d23ab21cbdd8a4cdb2e94639433a148f34809ac5e4
sp34_ol2_s0.7	34	1454	raceline2	0.7	seed1_iter10	overtaking	False	False	0	4dde873cb0c81ac9836eeeb3b0b740d82ff1887a23b8e568008abffd27476312
sp34_ol2_s0.7	34	1454	raceline2	0.7	seed1_iter20	overtaking	False	False	0	e3190c2aa3683e6b63371e609efb909c817dc23c6ad43018d09a8749288a72a8
sp34_ol2_s0.7	34	1454	raceline2	0.7	seed1_iter30	overtaking	False	False	0	ce250ee39be7e56d0383e003cf49262d75d3c7fbe0d161ddf010651e7c37065c
sp34_ol2_s0.8	34	1454	raceline2	0.8	BC	overtaking	False	False	0	b5a1360fee18c2875185a3d23ab21cbdd8a4cdb2e94639433a148f34809ac5e4
sp34_ol2_s0.8	34	1454	raceline2	0.8	seed1_iter10	overtaking	False	False	0	4dde873cb0c81ac9836eeeb3b0b740d82ff1887a23b8e568008abffd27476312
sp34_ol2_s0.8	34	1454	raceline2	0.8	seed1_iter20	overtaking	False	False	0	e3190c2aa3683e6b63371e609efb909c817dc23c6ad43018d09a8749288a72a8
sp34_ol2_s0.8	34	1454	raceline2	0.8	seed1_iter30	overtaking	False	False	0	ce250ee39be7e56d0383e003cf49262d75d3c7fbe0d161ddf010651e7c37065c
sp35_ol0_s0.5	35	1497	raceline0	0.5	BC	overtaking	False	False	0	b5a1360fee18c2875185a3d23ab21cbdd8a4cdb2e94639433a148f34809ac5e4
sp35_ol0_s0.5	35	1497	raceline0	0.5	seed1_iter10	overtaking	False	False	0	4dde873cb0c81ac9836eeeb3b0b740d82ff1887a23b8e568008abffd27476312
sp35_ol0_s0.5	35	1497	raceline0	0.5	seed1_iter20	overtaking	False	False	0	e3190c2aa3683e6b63371e609efb909c817dc23c6ad43018d09a8749288a72a8
sp35_ol0_s0.5	35	1497	raceline0	0.5	seed1_iter30	overtaking	False	False	0	ce250ee39be7e56d0383e003cf49262d75d3c7fbe0d161ddf010651e7c37065c
sp35_ol0_s0.6	35	1497	raceline0	0.6	BC	overtaking	False	False	0	b5a1360fee18c2875185a3d23ab21cbdd8a4cdb2e94639433a148f34809ac5e4
sp35_ol0_s0.6	35	1497	raceline0	0.6	seed1_iter10	overtaking	False	False	0	4dde873cb0c81ac9836eeeb3b0b740d82ff1887a23b8e568008abffd27476312
sp35_ol0_s0.6	35	1497	raceline0	0.6	seed1_iter20	overtaking	False	False	0	e3190c2aa3683e6b63371e609efb909c817dc23c6ad43018d09a8749288a72a8
sp35_ol0_s0.6	35	1497	raceline0	0.6	seed1_iter30	overtaking	False	False	0	ce250ee39be7e56d0383e003cf49262d75d3c7fbe0d161ddf010651e7c37065c
sp35_ol0_s0.7	35	1497	raceline0	0.7	BC	overtaking	False	False	0	b5a1360fee18c2875185a3d23ab21cbdd8a4cdb2e94639433a148f34809ac5e4
sp35_ol0_s0.7	35	1497	raceline0	0.7	seed1_iter10	overtaking	False	False	0	4dde873cb0c81ac9836eeeb3b0b740d82ff1887a23b8e568008abffd27476312
sp35_ol0_s0.7	35	1497	raceline0	0.7	seed1_iter20	overtaking	False	False	0	e3190c2aa3683e6b63371e609efb909c817dc23c6ad43018d09a8749288a72a8
sp35_ol0_s0.7	35	1497	raceline0	0.7	seed1_iter30	overtaking	False	False	0	ce250ee39be7e56d0383e003cf49262d75d3c7fbe0d161ddf010651e7c37065c
sp35_ol0_s0.8	35	1497	raceline0	0.8	BC	overtaking	False	False	0	b5a1360fee18c2875185a3d23ab21cbdd8a4cdb2e94639433a148f34809ac5e4
sp35_ol0_s0.8	35	1497	raceline0	0.8	seed1_iter10	overtaking	False	False	0	4dde873cb0c81ac9836eeeb3b0b740d82ff1887a23b8e568008abffd27476312
sp35_ol0_s0.8	35	1497	raceline0	0.8	seed1_iter20	overtaking	False	False	0	e3190c2aa3683e6b63371e609efb909c817dc23c6ad43018d09a8749288a72a8
sp35_ol0_s0.8	35	1497	raceline0	0.8	seed1_iter30	overtaking	False	False	0	ce250ee39be7e56d0383e003cf49262d75d3c7fbe0d161ddf010651e7c37065c
sp35_ol1_s0.5	35	1497	raceline1	0.5	BC	collision	True	True	0	b5a1360fee18c2875185a3d23ab21cbdd8a4cdb2e94639433a148f34809ac5e4
sp35_ol1_s0.5	35	1497	raceline1	0.5	seed1_iter10	collision	True	True	0	4dde873cb0c81ac9836eeeb3b0b740d82ff1887a23b8e568008abffd27476312
sp35_ol1_s0.5	35	1497	raceline1	0.5	seed1_iter20	collision	True	True	0	e3190c2aa3683e6b63371e609efb909c817dc23c6ad43018d09a8749288a72a8
sp35_ol1_s0.5	35	1497	raceline1	0.5	seed1_iter30	collision	True	True	0	ce250ee39be7e56d0383e003cf49262d75d3c7fbe0d161ddf010651e7c37065c
sp35_ol1_s0.6	35	1497	raceline1	0.6	BC	collision	True	True	0	b5a1360fee18c2875185a3d23ab21cbdd8a4cdb2e94639433a148f34809ac5e4
sp35_ol1_s0.6	35	1497	raceline1	0.6	seed1_iter10	collision	True	True	0	4dde873cb0c81ac9836eeeb3b0b740d82ff1887a23b8e568008abffd27476312
sp35_ol1_s0.6	35	1497	raceline1	0.6	seed1_iter20	collision	True	True	0	e3190c2aa3683e6b63371e609efb909c817dc23c6ad43018d09a8749288a72a8
sp35_ol1_s0.6	35	1497	raceline1	0.6	seed1_iter30	collision	True	True	0	ce250ee39be7e56d0383e003cf49262d75d3c7fbe0d161ddf010651e7c37065c
sp35_ol1_s0.7	35	1497	raceline1	0.7	BC	following	False	False	0	b5a1360fee18c2875185a3d23ab21cbdd8a4cdb2e94639433a148f34809ac5e4
sp35_ol1_s0.7	35	1497	raceline1	0.7	seed1_iter10	following	False	False	0	4dde873cb0c81ac9836eeeb3b0b740d82ff1887a23b8e568008abffd27476312
sp35_ol1_s0.7	35	1497	raceline1	0.7	seed1_iter20	following	False	False	0	e3190c2aa3683e6b63371e609efb909c817dc23c6ad43018d09a8749288a72a8
sp35_ol1_s0.7	35	1497	raceline1	0.7	seed1_iter30	following	False	False	0	ce250ee39be7e56d0383e003cf49262d75d3c7fbe0d161ddf010651e7c37065c
sp35_ol1_s0.8	35	1497	raceline1	0.8	BC	following	False	False	0	b5a1360fee18c2875185a3d23ab21cbdd8a4cdb2e94639433a148f34809ac5e4
sp35_ol1_s0.8	35	1497	raceline1	0.8	seed1_iter10	following	False	False	0	4dde873cb0c81ac9836eeeb3b0b740d82ff1887a23b8e568008abffd27476312
sp35_ol1_s0.8	35	1497	raceline1	0.8	seed1_iter20	following	False	False	0	e3190c2aa3683e6b63371e609efb909c817dc23c6ad43018d09a8749288a72a8
sp35_ol1_s0.8	35	1497	raceline1	0.8	seed1_iter30	following	False	False	0	ce250ee39be7e56d0383e003cf49262d75d3c7fbe0d161ddf010651e7c37065c
sp35_ol2_s0.5	35	1497	raceline2	0.5	BC	overtaking	False	False	0	b5a1360fee18c2875185a3d23ab21cbdd8a4cdb2e94639433a148f34809ac5e4
sp35_ol2_s0.5	35	1497	raceline2	0.5	seed1_iter10	overtaking	False	False	0	4dde873cb0c81ac9836eeeb3b0b740d82ff1887a23b8e568008abffd27476312
sp35_ol2_s0.5	35	1497	raceline2	0.5	seed1_iter20	overtaking	False	False	0	e3190c2aa3683e6b63371e609efb909c817dc23c6ad43018d09a8749288a72a8
sp35_ol2_s0.5	35	1497	raceline2	0.5	seed1_iter30	overtaking	False	False	0	ce250ee39be7e56d0383e003cf49262d75d3c7fbe0d161ddf010651e7c37065c
sp35_ol2_s0.6	35	1497	raceline2	0.6	BC	overtaking	False	False	0	b5a1360fee18c2875185a3d23ab21cbdd8a4cdb2e94639433a148f34809ac5e4
sp35_ol2_s0.6	35	1497	raceline2	0.6	seed1_iter10	overtaking	False	False	0	4dde873cb0c81ac9836eeeb3b0b740d82ff1887a23b8e568008abffd27476312
sp35_ol2_s0.6	35	1497	raceline2	0.6	seed1_iter20	overtaking	False	False	0	e3190c2aa3683e6b63371e609efb909c817dc23c6ad43018d09a8749288a72a8
sp35_ol2_s0.6	35	1497	raceline2	0.6	seed1_iter30	overtaking	False	False	0	ce250ee39be7e56d0383e003cf49262d75d3c7fbe0d161ddf010651e7c37065c
sp35_ol2_s0.7	35	1497	raceline2	0.7	BC	overtaking	False	False	0	b5a1360fee18c2875185a3d23ab21cbdd8a4cdb2e94639433a148f34809ac5e4
sp35_ol2_s0.7	35	1497	raceline2	0.7	seed1_iter10	overtaking	False	False	0	4dde873cb0c81ac9836eeeb3b0b740d82ff1887a23b8e568008abffd27476312
sp35_ol2_s0.7	35	1497	raceline2	0.7	seed1_iter20	overtaking	False	False	0	e3190c2aa3683e6b63371e609efb909c817dc23c6ad43018d09a8749288a72a8
sp35_ol2_s0.7	35	1497	raceline2	0.7	seed1_iter30	overtaking	False	False	0	ce250ee39be7e56d0383e003cf49262d75d3c7fbe0d161ddf010651e7c37065c
sp35_ol2_s0.8	35	1497	raceline2	0.8	BC	overtaking	False	False	0	b5a1360fee18c2875185a3d23ab21cbdd8a4cdb2e94639433a148f34809ac5e4
sp35_ol2_s0.8	35	1497	raceline2	0.8	seed1_iter10	overtaking	False	False	0	4dde873cb0c81ac9836eeeb3b0b740d82ff1887a23b8e568008abffd27476312
sp35_ol2_s0.8	35	1497	raceline2	0.8	seed1_iter20	overtaking	False	False	0	e3190c2aa3683e6b63371e609efb909c817dc23c6ad43018d09a8749288a72a8
sp35_ol2_s0.8	35	1497	raceline2	0.8	seed1_iter30	overtaking	False	False	0	ce250ee39be7e56d0383e003cf49262d75d3c7fbe0d161ddf010651e7c37065c
sp36_ol0_s0.5	36	1539	raceline0	0.5	BC	overtaking	False	False	0	b5a1360fee18c2875185a3d23ab21cbdd8a4cdb2e94639433a148f34809ac5e4
sp36_ol0_s0.5	36	1539	raceline0	0.5	seed1_iter10	overtaking	False	False	0	4dde873cb0c81ac9836eeeb3b0b740d82ff1887a23b8e568008abffd27476312
sp36_ol0_s0.5	36	1539	raceline0	0.5	seed1_iter20	overtaking	False	False	0	e3190c2aa3683e6b63371e609efb909c817dc23c6ad43018d09a8749288a72a8
sp36_ol0_s0.5	36	1539	raceline0	0.5	seed1_iter30	overtaking	False	False	0	ce250ee39be7e56d0383e003cf49262d75d3c7fbe0d161ddf010651e7c37065c
sp36_ol0_s0.6	36	1539	raceline0	0.6	BC	overtaking	False	False	0	b5a1360fee18c2875185a3d23ab21cbdd8a4cdb2e94639433a148f34809ac5e4
sp36_ol0_s0.6	36	1539	raceline0	0.6	seed1_iter10	overtaking	False	False	0	4dde873cb0c81ac9836eeeb3b0b740d82ff1887a23b8e568008abffd27476312
sp36_ol0_s0.6	36	1539	raceline0	0.6	seed1_iter20	overtaking	False	False	0	e3190c2aa3683e6b63371e609efb909c817dc23c6ad43018d09a8749288a72a8
sp36_ol0_s0.6	36	1539	raceline0	0.6	seed1_iter30	overtaking	False	False	0	ce250ee39be7e56d0383e003cf49262d75d3c7fbe0d161ddf010651e7c37065c
sp36_ol0_s0.7	36	1539	raceline0	0.7	BC	overtaking	False	False	0	b5a1360fee18c2875185a3d23ab21cbdd8a4cdb2e94639433a148f34809ac5e4
sp36_ol0_s0.7	36	1539	raceline0	0.7	seed1_iter10	overtaking	False	False	0	4dde873cb0c81ac9836eeeb3b0b740d82ff1887a23b8e568008abffd27476312
sp36_ol0_s0.7	36	1539	raceline0	0.7	seed1_iter20	overtaking	False	False	0	e3190c2aa3683e6b63371e609efb909c817dc23c6ad43018d09a8749288a72a8
sp36_ol0_s0.7	36	1539	raceline0	0.7	seed1_iter30	overtaking	False	False	0	ce250ee39be7e56d0383e003cf49262d75d3c7fbe0d161ddf010651e7c37065c
sp36_ol0_s0.8	36	1539	raceline0	0.8	BC	overtaking	False	False	0	b5a1360fee18c2875185a3d23ab21cbdd8a4cdb2e94639433a148f34809ac5e4
sp36_ol0_s0.8	36	1539	raceline0	0.8	seed1_iter10	overtaking	False	False	0	4dde873cb0c81ac9836eeeb3b0b740d82ff1887a23b8e568008abffd27476312
sp36_ol0_s0.8	36	1539	raceline0	0.8	seed1_iter20	overtaking	False	False	0	e3190c2aa3683e6b63371e609efb909c817dc23c6ad43018d09a8749288a72a8
sp36_ol0_s0.8	36	1539	raceline0	0.8	seed1_iter30	overtaking	False	False	0	ce250ee39be7e56d0383e003cf49262d75d3c7fbe0d161ddf010651e7c37065c
sp36_ol1_s0.5	36	1539	raceline1	0.5	BC	overtaking	False	False	0	b5a1360fee18c2875185a3d23ab21cbdd8a4cdb2e94639433a148f34809ac5e4
sp36_ol1_s0.5	36	1539	raceline1	0.5	seed1_iter10	overtaking	False	False	0	4dde873cb0c81ac9836eeeb3b0b740d82ff1887a23b8e568008abffd27476312
sp36_ol1_s0.5	36	1539	raceline1	0.5	seed1_iter20	collision	True	True	0	e3190c2aa3683e6b63371e609efb909c817dc23c6ad43018d09a8749288a72a8
sp36_ol1_s0.5	36	1539	raceline1	0.5	seed1_iter30	collision	True	True	0	ce250ee39be7e56d0383e003cf49262d75d3c7fbe0d161ddf010651e7c37065c
sp36_ol1_s0.6	36	1539	raceline1	0.6	BC	following	False	False	0	b5a1360fee18c2875185a3d23ab21cbdd8a4cdb2e94639433a148f34809ac5e4
sp36_ol1_s0.6	36	1539	raceline1	0.6	seed1_iter10	following	False	False	0	4dde873cb0c81ac9836eeeb3b0b740d82ff1887a23b8e568008abffd27476312
sp36_ol1_s0.6	36	1539	raceline1	0.6	seed1_iter20	following	False	False	0	e3190c2aa3683e6b63371e609efb909c817dc23c6ad43018d09a8749288a72a8
sp36_ol1_s0.6	36	1539	raceline1	0.6	seed1_iter30	following	False	False	0	ce250ee39be7e56d0383e003cf49262d75d3c7fbe0d161ddf010651e7c37065c
sp36_ol1_s0.7	36	1539	raceline1	0.7	BC	following	False	False	0	b5a1360fee18c2875185a3d23ab21cbdd8a4cdb2e94639433a148f34809ac5e4
sp36_ol1_s0.7	36	1539	raceline1	0.7	seed1_iter10	following	False	False	0	4dde873cb0c81ac9836eeeb3b0b740d82ff1887a23b8e568008abffd27476312
sp36_ol1_s0.7	36	1539	raceline1	0.7	seed1_iter20	following	False	False	0	e3190c2aa3683e6b63371e609efb909c817dc23c6ad43018d09a8749288a72a8
sp36_ol1_s0.7	36	1539	raceline1	0.7	seed1_iter30	following	False	False	0	ce250ee39be7e56d0383e003cf49262d75d3c7fbe0d161ddf010651e7c37065c
sp36_ol1_s0.8	36	1539	raceline1	0.8	BC	following	False	False	0	b5a1360fee18c2875185a3d23ab21cbdd8a4cdb2e94639433a148f34809ac5e4
sp36_ol1_s0.8	36	1539	raceline1	0.8	seed1_iter10	following	False	False	0	4dde873cb0c81ac9836eeeb3b0b740d82ff1887a23b8e568008abffd27476312
sp36_ol1_s0.8	36	1539	raceline1	0.8	seed1_iter20	following	False	False	0	e3190c2aa3683e6b63371e609efb909c817dc23c6ad43018d09a8749288a72a8
sp36_ol1_s0.8	36	1539	raceline1	0.8	seed1_iter30	following	False	False	0	ce250ee39be7e56d0383e003cf49262d75d3c7fbe0d161ddf010651e7c37065c
sp36_ol2_s0.5	36	1539	raceline2	0.5	BC	collision	False	True	0	b5a1360fee18c2875185a3d23ab21cbdd8a4cdb2e94639433a148f34809ac5e4
sp36_ol2_s0.5	36	1539	raceline2	0.5	seed1_iter10	collision	False	True	0	4dde873cb0c81ac9836eeeb3b0b740d82ff1887a23b8e568008abffd27476312
sp36_ol2_s0.5	36	1539	raceline2	0.5	seed1_iter20	collision	False	True	0	e3190c2aa3683e6b63371e609efb909c817dc23c6ad43018d09a8749288a72a8
sp36_ol2_s0.5	36	1539	raceline2	0.5	seed1_iter30	collision	False	True	0	ce250ee39be7e56d0383e003cf49262d75d3c7fbe0d161ddf010651e7c37065c
sp36_ol2_s0.6	36	1539	raceline2	0.6	BC	collision	False	True	0	b5a1360fee18c2875185a3d23ab21cbdd8a4cdb2e94639433a148f34809ac5e4
sp36_ol2_s0.6	36	1539	raceline2	0.6	seed1_iter10	collision	False	True	0	4dde873cb0c81ac9836eeeb3b0b740d82ff1887a23b8e568008abffd27476312
sp36_ol2_s0.6	36	1539	raceline2	0.6	seed1_iter20	collision	False	True	0	e3190c2aa3683e6b63371e609efb909c817dc23c6ad43018d09a8749288a72a8
sp36_ol2_s0.6	36	1539	raceline2	0.6	seed1_iter30	collision	False	True	0	ce250ee39be7e56d0383e003cf49262d75d3c7fbe0d161ddf010651e7c37065c
sp36_ol2_s0.7	36	1539	raceline2	0.7	BC	overtaking	False	False	0	b5a1360fee18c2875185a3d23ab21cbdd8a4cdb2e94639433a148f34809ac5e4
sp36_ol2_s0.7	36	1539	raceline2	0.7	seed1_iter10	overtaking	False	False	0	4dde873cb0c81ac9836eeeb3b0b740d82ff1887a23b8e568008abffd27476312
sp36_ol2_s0.7	36	1539	raceline2	0.7	seed1_iter20	overtaking	False	False	0	e3190c2aa3683e6b63371e609efb909c817dc23c6ad43018d09a8749288a72a8
sp36_ol2_s0.7	36	1539	raceline2	0.7	seed1_iter30	overtaking	False	False	0	ce250ee39be7e56d0383e003cf49262d75d3c7fbe0d161ddf010651e7c37065c
sp36_ol2_s0.8	36	1539	raceline2	0.8	BC	overtaking	False	False	0	b5a1360fee18c2875185a3d23ab21cbdd8a4cdb2e94639433a148f34809ac5e4
sp36_ol2_s0.8	36	1539	raceline2	0.8	seed1_iter10	overtaking	False	False	0	4dde873cb0c81ac9836eeeb3b0b740d82ff1887a23b8e568008abffd27476312
sp36_ol2_s0.8	36	1539	raceline2	0.8	seed1_iter20	overtaking	False	False	0	e3190c2aa3683e6b63371e609efb909c817dc23c6ad43018d09a8749288a72a8
sp36_ol2_s0.8	36	1539	raceline2	0.8	seed1_iter30	overtaking	False	False	0	ce250ee39be7e56d0383e003cf49262d75d3c7fbe0d161ddf010651e7c37065c
sp37_ol0_s0.5	37	1582	raceline0	0.5	BC	overtaking	False	False	0	b5a1360fee18c2875185a3d23ab21cbdd8a4cdb2e94639433a148f34809ac5e4
sp37_ol0_s0.5	37	1582	raceline0	0.5	seed1_iter10	overtaking	False	False	0	4dde873cb0c81ac9836eeeb3b0b740d82ff1887a23b8e568008abffd27476312
sp37_ol0_s0.5	37	1582	raceline0	0.5	seed1_iter20	overtaking	False	False	0	e3190c2aa3683e6b63371e609efb909c817dc23c6ad43018d09a8749288a72a8
sp37_ol0_s0.5	37	1582	raceline0	0.5	seed1_iter30	overtaking	False	False	0	ce250ee39be7e56d0383e003cf49262d75d3c7fbe0d161ddf010651e7c37065c
sp37_ol0_s0.6	37	1582	raceline0	0.6	BC	overtaking	False	False	0	b5a1360fee18c2875185a3d23ab21cbdd8a4cdb2e94639433a148f34809ac5e4
sp37_ol0_s0.6	37	1582	raceline0	0.6	seed1_iter10	overtaking	False	False	0	4dde873cb0c81ac9836eeeb3b0b740d82ff1887a23b8e568008abffd27476312
sp37_ol0_s0.6	37	1582	raceline0	0.6	seed1_iter20	overtaking	False	False	0	e3190c2aa3683e6b63371e609efb909c817dc23c6ad43018d09a8749288a72a8
sp37_ol0_s0.6	37	1582	raceline0	0.6	seed1_iter30	overtaking	False	False	0	ce250ee39be7e56d0383e003cf49262d75d3c7fbe0d161ddf010651e7c37065c
sp37_ol0_s0.7	37	1582	raceline0	0.7	BC	overtaking	False	False	0	b5a1360fee18c2875185a3d23ab21cbdd8a4cdb2e94639433a148f34809ac5e4
sp37_ol0_s0.7	37	1582	raceline0	0.7	seed1_iter10	overtaking	False	False	0	4dde873cb0c81ac9836eeeb3b0b740d82ff1887a23b8e568008abffd27476312
sp37_ol0_s0.7	37	1582	raceline0	0.7	seed1_iter20	overtaking	False	False	0	e3190c2aa3683e6b63371e609efb909c817dc23c6ad43018d09a8749288a72a8
sp37_ol0_s0.7	37	1582	raceline0	0.7	seed1_iter30	overtaking	False	False	0	ce250ee39be7e56d0383e003cf49262d75d3c7fbe0d161ddf010651e7c37065c
sp37_ol0_s0.8	37	1582	raceline0	0.8	BC	overtaking	False	False	0	b5a1360fee18c2875185a3d23ab21cbdd8a4cdb2e94639433a148f34809ac5e4
sp37_ol0_s0.8	37	1582	raceline0	0.8	seed1_iter10	overtaking	False	False	0	4dde873cb0c81ac9836eeeb3b0b740d82ff1887a23b8e568008abffd27476312
sp37_ol0_s0.8	37	1582	raceline0	0.8	seed1_iter20	overtaking	False	False	0	e3190c2aa3683e6b63371e609efb909c817dc23c6ad43018d09a8749288a72a8
sp37_ol0_s0.8	37	1582	raceline0	0.8	seed1_iter30	overtaking	False	False	0	ce250ee39be7e56d0383e003cf49262d75d3c7fbe0d161ddf010651e7c37065c
sp37_ol1_s0.5	37	1582	raceline1	0.5	BC	following	False	False	0	b5a1360fee18c2875185a3d23ab21cbdd8a4cdb2e94639433a148f34809ac5e4
sp37_ol1_s0.5	37	1582	raceline1	0.5	seed1_iter10	following	False	False	0	4dde873cb0c81ac9836eeeb3b0b740d82ff1887a23b8e568008abffd27476312
sp37_ol1_s0.5	37	1582	raceline1	0.5	seed1_iter20	following	False	False	0	e3190c2aa3683e6b63371e609efb909c817dc23c6ad43018d09a8749288a72a8
sp37_ol1_s0.5	37	1582	raceline1	0.5	seed1_iter30	following	False	False	0	ce250ee39be7e56d0383e003cf49262d75d3c7fbe0d161ddf010651e7c37065c
sp37_ol1_s0.6	37	1582	raceline1	0.6	BC	following	False	False	0	b5a1360fee18c2875185a3d23ab21cbdd8a4cdb2e94639433a148f34809ac5e4
sp37_ol1_s0.6	37	1582	raceline1	0.6	seed1_iter10	following	False	False	0	4dde873cb0c81ac9836eeeb3b0b740d82ff1887a23b8e568008abffd27476312
sp37_ol1_s0.6	37	1582	raceline1	0.6	seed1_iter20	following	False	False	0	e3190c2aa3683e6b63371e609efb909c817dc23c6ad43018d09a8749288a72a8
sp37_ol1_s0.6	37	1582	raceline1	0.6	seed1_iter30	following	False	False	0	ce250ee39be7e56d0383e003cf49262d75d3c7fbe0d161ddf010651e7c37065c
sp37_ol1_s0.7	37	1582	raceline1	0.7	BC	following	False	False	0	b5a1360fee18c2875185a3d23ab21cbdd8a4cdb2e94639433a148f34809ac5e4
sp37_ol1_s0.7	37	1582	raceline1	0.7	seed1_iter10	following	False	False	0	4dde873cb0c81ac9836eeeb3b0b740d82ff1887a23b8e568008abffd27476312
sp37_ol1_s0.7	37	1582	raceline1	0.7	seed1_iter20	following	False	False	0	e3190c2aa3683e6b63371e609efb909c817dc23c6ad43018d09a8749288a72a8
sp37_ol1_s0.7	37	1582	raceline1	0.7	seed1_iter30	following	False	False	0	ce250ee39be7e56d0383e003cf49262d75d3c7fbe0d161ddf010651e7c37065c
sp37_ol1_s0.8	37	1582	raceline1	0.8	BC	following	False	False	0	b5a1360fee18c2875185a3d23ab21cbdd8a4cdb2e94639433a148f34809ac5e4
sp37_ol1_s0.8	37	1582	raceline1	0.8	seed1_iter10	following	False	False	0	4dde873cb0c81ac9836eeeb3b0b740d82ff1887a23b8e568008abffd27476312
sp37_ol1_s0.8	37	1582	raceline1	0.8	seed1_iter20	following	False	False	0	e3190c2aa3683e6b63371e609efb909c817dc23c6ad43018d09a8749288a72a8
sp37_ol1_s0.8	37	1582	raceline1	0.8	seed1_iter30	following	False	False	0	ce250ee39be7e56d0383e003cf49262d75d3c7fbe0d161ddf010651e7c37065c
sp37_ol2_s0.5	37	1582	raceline2	0.5	BC	overtaking	False	False	0	b5a1360fee18c2875185a3d23ab21cbdd8a4cdb2e94639433a148f34809ac5e4
sp37_ol2_s0.5	37	1582	raceline2	0.5	seed1_iter10	overtaking	False	False	0	4dde873cb0c81ac9836eeeb3b0b740d82ff1887a23b8e568008abffd27476312
sp37_ol2_s0.5	37	1582	raceline2	0.5	seed1_iter20	overtaking	False	False	0	e3190c2aa3683e6b63371e609efb909c817dc23c6ad43018d09a8749288a72a8
sp37_ol2_s0.5	37	1582	raceline2	0.5	seed1_iter30	overtaking	False	False	0	ce250ee39be7e56d0383e003cf49262d75d3c7fbe0d161ddf010651e7c37065c
sp37_ol2_s0.6	37	1582	raceline2	0.6	BC	overtaking	False	False	0	b5a1360fee18c2875185a3d23ab21cbdd8a4cdb2e94639433a148f34809ac5e4
sp37_ol2_s0.6	37	1582	raceline2	0.6	seed1_iter10	overtaking	False	False	0	4dde873cb0c81ac9836eeeb3b0b740d82ff1887a23b8e568008abffd27476312
sp37_ol2_s0.6	37	1582	raceline2	0.6	seed1_iter20	overtaking	False	False	0	e3190c2aa3683e6b63371e609efb909c817dc23c6ad43018d09a8749288a72a8
sp37_ol2_s0.6	37	1582	raceline2	0.6	seed1_iter30	overtaking	False	False	0	ce250ee39be7e56d0383e003cf49262d75d3c7fbe0d161ddf010651e7c37065c
sp37_ol2_s0.7	37	1582	raceline2	0.7	BC	collision	True	True	0	b5a1360fee18c2875185a3d23ab21cbdd8a4cdb2e94639433a148f34809ac5e4
sp37_ol2_s0.7	37	1582	raceline2	0.7	seed1_iter10	collision	True	True	0	4dde873cb0c81ac9836eeeb3b0b740d82ff1887a23b8e568008abffd27476312
sp37_ol2_s0.7	37	1582	raceline2	0.7	seed1_iter20	collision	True	True	0	e3190c2aa3683e6b63371e609efb909c817dc23c6ad43018d09a8749288a72a8
sp37_ol2_s0.7	37	1582	raceline2	0.7	seed1_iter30	collision	True	True	0	ce250ee39be7e56d0383e003cf49262d75d3c7fbe0d161ddf010651e7c37065c
sp37_ol2_s0.8	37	1582	raceline2	0.8	BC	overtaking	False	False	0	b5a1360fee18c2875185a3d23ab21cbdd8a4cdb2e94639433a148f34809ac5e4
sp37_ol2_s0.8	37	1582	raceline2	0.8	seed1_iter10	overtaking	False	False	0	4dde873cb0c81ac9836eeeb3b0b740d82ff1887a23b8e568008abffd27476312
sp37_ol2_s0.8	37	1582	raceline2	0.8	seed1_iter20	overtaking	False	False	0	e3190c2aa3683e6b63371e609efb909c817dc23c6ad43018d09a8749288a72a8
sp37_ol2_s0.8	37	1582	raceline2	0.8	seed1_iter30	overtaking	False	False	0	ce250ee39be7e56d0383e003cf49262d75d3c7fbe0d161ddf010651e7c37065c
sp38_ol0_s0.5	38	1625	raceline0	0.5	BC	overtaking	False	False	0	b5a1360fee18c2875185a3d23ab21cbdd8a4cdb2e94639433a148f34809ac5e4
sp38_ol0_s0.5	38	1625	raceline0	0.5	seed1_iter10	overtaking	False	False	0	4dde873cb0c81ac9836eeeb3b0b740d82ff1887a23b8e568008abffd27476312
sp38_ol0_s0.5	38	1625	raceline0	0.5	seed1_iter20	overtaking	False	False	0	e3190c2aa3683e6b63371e609efb909c817dc23c6ad43018d09a8749288a72a8
sp38_ol0_s0.5	38	1625	raceline0	0.5	seed1_iter30	overtaking	False	False	0	ce250ee39be7e56d0383e003cf49262d75d3c7fbe0d161ddf010651e7c37065c
sp38_ol0_s0.6	38	1625	raceline0	0.6	BC	overtaking	False	False	0	b5a1360fee18c2875185a3d23ab21cbdd8a4cdb2e94639433a148f34809ac5e4
sp38_ol0_s0.6	38	1625	raceline0	0.6	seed1_iter10	overtaking	False	False	0	4dde873cb0c81ac9836eeeb3b0b740d82ff1887a23b8e568008abffd27476312
sp38_ol0_s0.6	38	1625	raceline0	0.6	seed1_iter20	overtaking	False	False	0	e3190c2aa3683e6b63371e609efb909c817dc23c6ad43018d09a8749288a72a8
sp38_ol0_s0.6	38	1625	raceline0	0.6	seed1_iter30	overtaking	False	False	0	ce250ee39be7e56d0383e003cf49262d75d3c7fbe0d161ddf010651e7c37065c
sp38_ol0_s0.7	38	1625	raceline0	0.7	BC	overtaking	False	False	0	b5a1360fee18c2875185a3d23ab21cbdd8a4cdb2e94639433a148f34809ac5e4
sp38_ol0_s0.7	38	1625	raceline0	0.7	seed1_iter10	overtaking	False	False	0	4dde873cb0c81ac9836eeeb3b0b740d82ff1887a23b8e568008abffd27476312
sp38_ol0_s0.7	38	1625	raceline0	0.7	seed1_iter20	overtaking	False	False	0	e3190c2aa3683e6b63371e609efb909c817dc23c6ad43018d09a8749288a72a8
sp38_ol0_s0.7	38	1625	raceline0	0.7	seed1_iter30	overtaking	False	False	0	ce250ee39be7e56d0383e003cf49262d75d3c7fbe0d161ddf010651e7c37065c
sp38_ol0_s0.8	38	1625	raceline0	0.8	BC	overtaking	False	False	0	b5a1360fee18c2875185a3d23ab21cbdd8a4cdb2e94639433a148f34809ac5e4
sp38_ol0_s0.8	38	1625	raceline0	0.8	seed1_iter10	overtaking	False	False	0	4dde873cb0c81ac9836eeeb3b0b740d82ff1887a23b8e568008abffd27476312
sp38_ol0_s0.8	38	1625	raceline0	0.8	seed1_iter20	overtaking	False	False	0	e3190c2aa3683e6b63371e609efb909c817dc23c6ad43018d09a8749288a72a8
sp38_ol0_s0.8	38	1625	raceline0	0.8	seed1_iter30	overtaking	False	False	0	ce250ee39be7e56d0383e003cf49262d75d3c7fbe0d161ddf010651e7c37065c
sp38_ol1_s0.5	38	1625	raceline1	0.5	BC	following	False	False	0	b5a1360fee18c2875185a3d23ab21cbdd8a4cdb2e94639433a148f34809ac5e4
sp38_ol1_s0.5	38	1625	raceline1	0.5	seed1_iter10	following	False	False	0	4dde873cb0c81ac9836eeeb3b0b740d82ff1887a23b8e568008abffd27476312
sp38_ol1_s0.5	38	1625	raceline1	0.5	seed1_iter20	following	False	False	0	e3190c2aa3683e6b63371e609efb909c817dc23c6ad43018d09a8749288a72a8
sp38_ol1_s0.5	38	1625	raceline1	0.5	seed1_iter30	following	False	False	0	ce250ee39be7e56d0383e003cf49262d75d3c7fbe0d161ddf010651e7c37065c
sp38_ol1_s0.6	38	1625	raceline1	0.6	BC	following	False	False	0	b5a1360fee18c2875185a3d23ab21cbdd8a4cdb2e94639433a148f34809ac5e4
sp38_ol1_s0.6	38	1625	raceline1	0.6	seed1_iter10	following	False	False	0	4dde873cb0c81ac9836eeeb3b0b740d82ff1887a23b8e568008abffd27476312
sp38_ol1_s0.6	38	1625	raceline1	0.6	seed1_iter20	following	False	False	0	e3190c2aa3683e6b63371e609efb909c817dc23c6ad43018d09a8749288a72a8
sp38_ol1_s0.6	38	1625	raceline1	0.6	seed1_iter30	following	False	False	0	ce250ee39be7e56d0383e003cf49262d75d3c7fbe0d161ddf010651e7c37065c
sp38_ol1_s0.7	38	1625	raceline1	0.7	BC	following	False	False	0	b5a1360fee18c2875185a3d23ab21cbdd8a4cdb2e94639433a148f34809ac5e4
sp38_ol1_s0.7	38	1625	raceline1	0.7	seed1_iter10	following	False	False	0	4dde873cb0c81ac9836eeeb3b0b740d82ff1887a23b8e568008abffd27476312
sp38_ol1_s0.7	38	1625	raceline1	0.7	seed1_iter20	following	False	False	0	e3190c2aa3683e6b63371e609efb909c817dc23c6ad43018d09a8749288a72a8
sp38_ol1_s0.7	38	1625	raceline1	0.7	seed1_iter30	following	False	False	0	ce250ee39be7e56d0383e003cf49262d75d3c7fbe0d161ddf010651e7c37065c
sp38_ol1_s0.8	38	1625	raceline1	0.8	BC	following	False	False	0	b5a1360fee18c2875185a3d23ab21cbdd8a4cdb2e94639433a148f34809ac5e4
sp38_ol1_s0.8	38	1625	raceline1	0.8	seed1_iter10	following	False	False	0	4dde873cb0c81ac9836eeeb3b0b740d82ff1887a23b8e568008abffd27476312
sp38_ol1_s0.8	38	1625	raceline1	0.8	seed1_iter20	following	False	False	0	e3190c2aa3683e6b63371e609efb909c817dc23c6ad43018d09a8749288a72a8
sp38_ol1_s0.8	38	1625	raceline1	0.8	seed1_iter30	following	False	False	0	ce250ee39be7e56d0383e003cf49262d75d3c7fbe0d161ddf010651e7c37065c
sp38_ol2_s0.5	38	1625	raceline2	0.5	BC	overtaking	False	False	0	b5a1360fee18c2875185a3d23ab21cbdd8a4cdb2e94639433a148f34809ac5e4
sp38_ol2_s0.5	38	1625	raceline2	0.5	seed1_iter10	overtaking	False	False	0	4dde873cb0c81ac9836eeeb3b0b740d82ff1887a23b8e568008abffd27476312
sp38_ol2_s0.5	38	1625	raceline2	0.5	seed1_iter20	overtaking	False	False	0	e3190c2aa3683e6b63371e609efb909c817dc23c6ad43018d09a8749288a72a8
sp38_ol2_s0.5	38	1625	raceline2	0.5	seed1_iter30	overtaking	False	False	0	ce250ee39be7e56d0383e003cf49262d75d3c7fbe0d161ddf010651e7c37065c
sp38_ol2_s0.6	38	1625	raceline2	0.6	BC	overtaking	False	False	0	b5a1360fee18c2875185a3d23ab21cbdd8a4cdb2e94639433a148f34809ac5e4
sp38_ol2_s0.6	38	1625	raceline2	0.6	seed1_iter10	overtaking	False	False	0	4dde873cb0c81ac9836eeeb3b0b740d82ff1887a23b8e568008abffd27476312
sp38_ol2_s0.6	38	1625	raceline2	0.6	seed1_iter20	overtaking	False	False	0	e3190c2aa3683e6b63371e609efb909c817dc23c6ad43018d09a8749288a72a8
sp38_ol2_s0.6	38	1625	raceline2	0.6	seed1_iter30	overtaking	False	False	0	ce250ee39be7e56d0383e003cf49262d75d3c7fbe0d161ddf010651e7c37065c
sp38_ol2_s0.7	38	1625	raceline2	0.7	BC	overtaking	False	False	0	b5a1360fee18c2875185a3d23ab21cbdd8a4cdb2e94639433a148f34809ac5e4
sp38_ol2_s0.7	38	1625	raceline2	0.7	seed1_iter10	overtaking	False	False	0	4dde873cb0c81ac9836eeeb3b0b740d82ff1887a23b8e568008abffd27476312
sp38_ol2_s0.7	38	1625	raceline2	0.7	seed1_iter20	overtaking	False	False	0	e3190c2aa3683e6b63371e609efb909c817dc23c6ad43018d09a8749288a72a8
sp38_ol2_s0.7	38	1625	raceline2	0.7	seed1_iter30	overtaking	False	False	0	ce250ee39be7e56d0383e003cf49262d75d3c7fbe0d161ddf010651e7c37065c
sp38_ol2_s0.8	38	1625	raceline2	0.8	BC	overtaking	False	False	0	b5a1360fee18c2875185a3d23ab21cbdd8a4cdb2e94639433a148f34809ac5e4
sp38_ol2_s0.8	38	1625	raceline2	0.8	seed1_iter10	overtaking	False	False	0	4dde873cb0c81ac9836eeeb3b0b740d82ff1887a23b8e568008abffd27476312
sp38_ol2_s0.8	38	1625	raceline2	0.8	seed1_iter20	overtaking	False	False	0	e3190c2aa3683e6b63371e609efb909c817dc23c6ad43018d09a8749288a72a8
sp38_ol2_s0.8	38	1625	raceline2	0.8	seed1_iter30	overtaking	False	False	0	ce250ee39be7e56d0383e003cf49262d75d3c7fbe0d161ddf010651e7c37065c
sp39_ol0_s0.5	39	1668	raceline0	0.5	BC	overtaking	False	False	0	b5a1360fee18c2875185a3d23ab21cbdd8a4cdb2e94639433a148f34809ac5e4
sp39_ol0_s0.5	39	1668	raceline0	0.5	seed1_iter10	overtaking	False	False	0	4dde873cb0c81ac9836eeeb3b0b740d82ff1887a23b8e568008abffd27476312
sp39_ol0_s0.5	39	1668	raceline0	0.5	seed1_iter20	overtaking	False	False	0	e3190c2aa3683e6b63371e609efb909c817dc23c6ad43018d09a8749288a72a8
sp39_ol0_s0.5	39	1668	raceline0	0.5	seed1_iter30	overtaking	False	False	0	ce250ee39be7e56d0383e003cf49262d75d3c7fbe0d161ddf010651e7c37065c
sp39_ol0_s0.6	39	1668	raceline0	0.6	BC	overtaking	False	False	0	b5a1360fee18c2875185a3d23ab21cbdd8a4cdb2e94639433a148f34809ac5e4
sp39_ol0_s0.6	39	1668	raceline0	0.6	seed1_iter10	overtaking	False	False	0	4dde873cb0c81ac9836eeeb3b0b740d82ff1887a23b8e568008abffd27476312
sp39_ol0_s0.6	39	1668	raceline0	0.6	seed1_iter20	overtaking	False	False	0	e3190c2aa3683e6b63371e609efb909c817dc23c6ad43018d09a8749288a72a8
sp39_ol0_s0.6	39	1668	raceline0	0.6	seed1_iter30	overtaking	False	False	0	ce250ee39be7e56d0383e003cf49262d75d3c7fbe0d161ddf010651e7c37065c
sp39_ol0_s0.7	39	1668	raceline0	0.7	BC	overtaking	False	False	0	b5a1360fee18c2875185a3d23ab21cbdd8a4cdb2e94639433a148f34809ac5e4
sp39_ol0_s0.7	39	1668	raceline0	0.7	seed1_iter10	overtaking	False	False	0	4dde873cb0c81ac9836eeeb3b0b740d82ff1887a23b8e568008abffd27476312
sp39_ol0_s0.7	39	1668	raceline0	0.7	seed1_iter20	overtaking	False	False	0	e3190c2aa3683e6b63371e609efb909c817dc23c6ad43018d09a8749288a72a8
sp39_ol0_s0.7	39	1668	raceline0	0.7	seed1_iter30	overtaking	False	False	0	ce250ee39be7e56d0383e003cf49262d75d3c7fbe0d161ddf010651e7c37065c
sp39_ol0_s0.8	39	1668	raceline0	0.8	BC	following	False	False	0	b5a1360fee18c2875185a3d23ab21cbdd8a4cdb2e94639433a148f34809ac5e4
sp39_ol0_s0.8	39	1668	raceline0	0.8	seed1_iter10	following	False	False	0	4dde873cb0c81ac9836eeeb3b0b740d82ff1887a23b8e568008abffd27476312
sp39_ol0_s0.8	39	1668	raceline0	0.8	seed1_iter20	following	False	False	0	e3190c2aa3683e6b63371e609efb909c817dc23c6ad43018d09a8749288a72a8
sp39_ol0_s0.8	39	1668	raceline0	0.8	seed1_iter30	following	False	False	0	ce250ee39be7e56d0383e003cf49262d75d3c7fbe0d161ddf010651e7c37065c
sp39_ol1_s0.5	39	1668	raceline1	0.5	BC	following	False	False	0	b5a1360fee18c2875185a3d23ab21cbdd8a4cdb2e94639433a148f34809ac5e4
sp39_ol1_s0.5	39	1668	raceline1	0.5	seed1_iter10	following	False	False	0	4dde873cb0c81ac9836eeeb3b0b740d82ff1887a23b8e568008abffd27476312
sp39_ol1_s0.5	39	1668	raceline1	0.5	seed1_iter20	following	False	False	0	e3190c2aa3683e6b63371e609efb909c817dc23c6ad43018d09a8749288a72a8
sp39_ol1_s0.5	39	1668	raceline1	0.5	seed1_iter30	following	False	False	0	ce250ee39be7e56d0383e003cf49262d75d3c7fbe0d161ddf010651e7c37065c
sp39_ol1_s0.6	39	1668	raceline1	0.6	BC	following	False	False	0	b5a1360fee18c2875185a3d23ab21cbdd8a4cdb2e94639433a148f34809ac5e4
sp39_ol1_s0.6	39	1668	raceline1	0.6	seed1_iter10	following	False	False	0	4dde873cb0c81ac9836eeeb3b0b740d82ff1887a23b8e568008abffd27476312
sp39_ol1_s0.6	39	1668	raceline1	0.6	seed1_iter20	following	False	False	0	e3190c2aa3683e6b63371e609efb909c817dc23c6ad43018d09a8749288a72a8
sp39_ol1_s0.6	39	1668	raceline1	0.6	seed1_iter30	following	False	False	0	ce250ee39be7e56d0383e003cf49262d75d3c7fbe0d161ddf010651e7c37065c
sp39_ol1_s0.7	39	1668	raceline1	0.7	BC	following	False	False	0	b5a1360fee18c2875185a3d23ab21cbdd8a4cdb2e94639433a148f34809ac5e4
sp39_ol1_s0.7	39	1668	raceline1	0.7	seed1_iter10	following	False	False	0	4dde873cb0c81ac9836eeeb3b0b740d82ff1887a23b8e568008abffd27476312
sp39_ol1_s0.7	39	1668	raceline1	0.7	seed1_iter20	following	False	False	0	e3190c2aa3683e6b63371e609efb909c817dc23c6ad43018d09a8749288a72a8
sp39_ol1_s0.7	39	1668	raceline1	0.7	seed1_iter30	following	False	False	0	ce250ee39be7e56d0383e003cf49262d75d3c7fbe0d161ddf010651e7c37065c
sp39_ol1_s0.8	39	1668	raceline1	0.8	BC	following	False	False	0	b5a1360fee18c2875185a3d23ab21cbdd8a4cdb2e94639433a148f34809ac5e4
sp39_ol1_s0.8	39	1668	raceline1	0.8	seed1_iter10	following	False	False	0	4dde873cb0c81ac9836eeeb3b0b740d82ff1887a23b8e568008abffd27476312
sp39_ol1_s0.8	39	1668	raceline1	0.8	seed1_iter20	following	False	False	0	e3190c2aa3683e6b63371e609efb909c817dc23c6ad43018d09a8749288a72a8
sp39_ol1_s0.8	39	1668	raceline1	0.8	seed1_iter30	following	False	False	0	ce250ee39be7e56d0383e003cf49262d75d3c7fbe0d161ddf010651e7c37065c
sp39_ol2_s0.5	39	1668	raceline2	0.5	BC	overtaking	False	False	0	b5a1360fee18c2875185a3d23ab21cbdd8a4cdb2e94639433a148f34809ac5e4
sp39_ol2_s0.5	39	1668	raceline2	0.5	seed1_iter10	overtaking	False	False	0	4dde873cb0c81ac9836eeeb3b0b740d82ff1887a23b8e568008abffd27476312
sp39_ol2_s0.5	39	1668	raceline2	0.5	seed1_iter20	overtaking	False	False	0	e3190c2aa3683e6b63371e609efb909c817dc23c6ad43018d09a8749288a72a8
sp39_ol2_s0.5	39	1668	raceline2	0.5	seed1_iter30	overtaking	False	False	0	ce250ee39be7e56d0383e003cf49262d75d3c7fbe0d161ddf010651e7c37065c
sp39_ol2_s0.6	39	1668	raceline2	0.6	BC	overtaking	False	False	0	b5a1360fee18c2875185a3d23ab21cbdd8a4cdb2e94639433a148f34809ac5e4
sp39_ol2_s0.6	39	1668	raceline2	0.6	seed1_iter10	overtaking	False	False	0	4dde873cb0c81ac9836eeeb3b0b740d82ff1887a23b8e568008abffd27476312
sp39_ol2_s0.6	39	1668	raceline2	0.6	seed1_iter20	overtaking	False	False	0	e3190c2aa3683e6b63371e609efb909c817dc23c6ad43018d09a8749288a72a8
sp39_ol2_s0.6	39	1668	raceline2	0.6	seed1_iter30	overtaking	False	False	0	ce250ee39be7e56d0383e003cf49262d75d3c7fbe0d161ddf010651e7c37065c
sp39_ol2_s0.7	39	1668	raceline2	0.7	BC	overtaking	False	False	0	b5a1360fee18c2875185a3d23ab21cbdd8a4cdb2e94639433a148f34809ac5e4
sp39_ol2_s0.7	39	1668	raceline2	0.7	seed1_iter10	overtaking	False	False	0	4dde873cb0c81ac9836eeeb3b0b740d82ff1887a23b8e568008abffd27476312
sp39_ol2_s0.7	39	1668	raceline2	0.7	seed1_iter20	overtaking	False	False	0	e3190c2aa3683e6b63371e609efb909c817dc23c6ad43018d09a8749288a72a8
sp39_ol2_s0.7	39	1668	raceline2	0.7	seed1_iter30	overtaking	False	False	0	ce250ee39be7e56d0383e003cf49262d75d3c7fbe0d161ddf010651e7c37065c
sp39_ol2_s0.8	39	1668	raceline2	0.8	BC	following	False	False	0	b5a1360fee18c2875185a3d23ab21cbdd8a4cdb2e94639433a148f34809ac5e4
sp39_ol2_s0.8	39	1668	raceline2	0.8	seed1_iter10	following	False	False	0	4dde873cb0c81ac9836eeeb3b0b740d82ff1887a23b8e568008abffd27476312
sp39_ol2_s0.8	39	1668	raceline2	0.8	seed1_iter20	overtaking	False	False	0	e3190c2aa3683e6b63371e609efb909c817dc23c6ad43018d09a8749288a72a8
sp39_ol2_s0.8	39	1668	raceline2	0.8	seed1_iter30	following	False	False	0	ce250ee39be7e56d0383e003cf49262d75d3c7fbe0d161ddf010651e7c37065c
sp40_ol0_s0.5	40	1711	raceline0	0.5	BC	overtaking	False	False	0	b5a1360fee18c2875185a3d23ab21cbdd8a4cdb2e94639433a148f34809ac5e4
sp40_ol0_s0.5	40	1711	raceline0	0.5	seed1_iter10	overtaking	False	False	0	4dde873cb0c81ac9836eeeb3b0b740d82ff1887a23b8e568008abffd27476312
sp40_ol0_s0.5	40	1711	raceline0	0.5	seed1_iter20	overtaking	False	False	0	e3190c2aa3683e6b63371e609efb909c817dc23c6ad43018d09a8749288a72a8
sp40_ol0_s0.5	40	1711	raceline0	0.5	seed1_iter30	overtaking	False	False	0	ce250ee39be7e56d0383e003cf49262d75d3c7fbe0d161ddf010651e7c37065c
sp40_ol0_s0.6	40	1711	raceline0	0.6	BC	overtaking	False	False	0	b5a1360fee18c2875185a3d23ab21cbdd8a4cdb2e94639433a148f34809ac5e4
sp40_ol0_s0.6	40	1711	raceline0	0.6	seed1_iter10	overtaking	False	False	0	4dde873cb0c81ac9836eeeb3b0b740d82ff1887a23b8e568008abffd27476312
sp40_ol0_s0.6	40	1711	raceline0	0.6	seed1_iter20	overtaking	False	False	0	e3190c2aa3683e6b63371e609efb909c817dc23c6ad43018d09a8749288a72a8
sp40_ol0_s0.6	40	1711	raceline0	0.6	seed1_iter30	overtaking	False	False	0	ce250ee39be7e56d0383e003cf49262d75d3c7fbe0d161ddf010651e7c37065c
sp40_ol0_s0.7	40	1711	raceline0	0.7	BC	overtaking	False	False	0	b5a1360fee18c2875185a3d23ab21cbdd8a4cdb2e94639433a148f34809ac5e4
sp40_ol0_s0.7	40	1711	raceline0	0.7	seed1_iter10	overtaking	False	False	0	4dde873cb0c81ac9836eeeb3b0b740d82ff1887a23b8e568008abffd27476312
sp40_ol0_s0.7	40	1711	raceline0	0.7	seed1_iter20	overtaking	False	False	0	e3190c2aa3683e6b63371e609efb909c817dc23c6ad43018d09a8749288a72a8
sp40_ol0_s0.7	40	1711	raceline0	0.7	seed1_iter30	overtaking	False	False	0	ce250ee39be7e56d0383e003cf49262d75d3c7fbe0d161ddf010651e7c37065c
sp40_ol0_s0.8	40	1711	raceline0	0.8	BC	following	False	False	0	b5a1360fee18c2875185a3d23ab21cbdd8a4cdb2e94639433a148f34809ac5e4
sp40_ol0_s0.8	40	1711	raceline0	0.8	seed1_iter10	following	False	False	0	4dde873cb0c81ac9836eeeb3b0b740d82ff1887a23b8e568008abffd27476312
sp40_ol0_s0.8	40	1711	raceline0	0.8	seed1_iter20	following	False	False	0	e3190c2aa3683e6b63371e609efb909c817dc23c6ad43018d09a8749288a72a8
sp40_ol0_s0.8	40	1711	raceline0	0.8	seed1_iter30	following	False	False	0	ce250ee39be7e56d0383e003cf49262d75d3c7fbe0d161ddf010651e7c37065c
sp40_ol1_s0.5	40	1711	raceline1	0.5	BC	following	False	False	0	b5a1360fee18c2875185a3d23ab21cbdd8a4cdb2e94639433a148f34809ac5e4
sp40_ol1_s0.5	40	1711	raceline1	0.5	seed1_iter10	following	False	False	0	4dde873cb0c81ac9836eeeb3b0b740d82ff1887a23b8e568008abffd27476312
sp40_ol1_s0.5	40	1711	raceline1	0.5	seed1_iter20	following	False	False	0	e3190c2aa3683e6b63371e609efb909c817dc23c6ad43018d09a8749288a72a8
sp40_ol1_s0.5	40	1711	raceline1	0.5	seed1_iter30	following	False	False	0	ce250ee39be7e56d0383e003cf49262d75d3c7fbe0d161ddf010651e7c37065c
sp40_ol1_s0.6	40	1711	raceline1	0.6	BC	following	False	False	0	b5a1360fee18c2875185a3d23ab21cbdd8a4cdb2e94639433a148f34809ac5e4
sp40_ol1_s0.6	40	1711	raceline1	0.6	seed1_iter10	following	False	False	0	4dde873cb0c81ac9836eeeb3b0b740d82ff1887a23b8e568008abffd27476312
sp40_ol1_s0.6	40	1711	raceline1	0.6	seed1_iter20	following	False	False	0	e3190c2aa3683e6b63371e609efb909c817dc23c6ad43018d09a8749288a72a8
sp40_ol1_s0.6	40	1711	raceline1	0.6	seed1_iter30	following	False	False	0	ce250ee39be7e56d0383e003cf49262d75d3c7fbe0d161ddf010651e7c37065c
sp40_ol1_s0.7	40	1711	raceline1	0.7	BC	following	False	False	0	b5a1360fee18c2875185a3d23ab21cbdd8a4cdb2e94639433a148f34809ac5e4
sp40_ol1_s0.7	40	1711	raceline1	0.7	seed1_iter10	following	False	False	0	4dde873cb0c81ac9836eeeb3b0b740d82ff1887a23b8e568008abffd27476312
sp40_ol1_s0.7	40	1711	raceline1	0.7	seed1_iter20	following	False	False	0	e3190c2aa3683e6b63371e609efb909c817dc23c6ad43018d09a8749288a72a8
sp40_ol1_s0.7	40	1711	raceline1	0.7	seed1_iter30	following	False	False	0	ce250ee39be7e56d0383e003cf49262d75d3c7fbe0d161ddf010651e7c37065c
sp40_ol1_s0.8	40	1711	raceline1	0.8	BC	following	False	False	0	b5a1360fee18c2875185a3d23ab21cbdd8a4cdb2e94639433a148f34809ac5e4
sp40_ol1_s0.8	40	1711	raceline1	0.8	seed1_iter10	following	False	False	0	4dde873cb0c81ac9836eeeb3b0b740d82ff1887a23b8e568008abffd27476312
sp40_ol1_s0.8	40	1711	raceline1	0.8	seed1_iter20	following	False	False	0	e3190c2aa3683e6b63371e609efb909c817dc23c6ad43018d09a8749288a72a8
sp40_ol1_s0.8	40	1711	raceline1	0.8	seed1_iter30	following	False	False	0	ce250ee39be7e56d0383e003cf49262d75d3c7fbe0d161ddf010651e7c37065c
sp40_ol2_s0.5	40	1711	raceline2	0.5	BC	overtaking	False	False	0	b5a1360fee18c2875185a3d23ab21cbdd8a4cdb2e94639433a148f34809ac5e4
sp40_ol2_s0.5	40	1711	raceline2	0.5	seed1_iter10	overtaking	False	False	0	4dde873cb0c81ac9836eeeb3b0b740d82ff1887a23b8e568008abffd27476312
sp40_ol2_s0.5	40	1711	raceline2	0.5	seed1_iter20	overtaking	False	False	0	e3190c2aa3683e6b63371e609efb909c817dc23c6ad43018d09a8749288a72a8
sp40_ol2_s0.5	40	1711	raceline2	0.5	seed1_iter30	overtaking	False	False	0	ce250ee39be7e56d0383e003cf49262d75d3c7fbe0d161ddf010651e7c37065c
sp40_ol2_s0.6	40	1711	raceline2	0.6	BC	overtaking	False	False	0	b5a1360fee18c2875185a3d23ab21cbdd8a4cdb2e94639433a148f34809ac5e4
sp40_ol2_s0.6	40	1711	raceline2	0.6	seed1_iter10	overtaking	False	False	0	4dde873cb0c81ac9836eeeb3b0b740d82ff1887a23b8e568008abffd27476312
sp40_ol2_s0.6	40	1711	raceline2	0.6	seed1_iter20	overtaking	False	False	0	e3190c2aa3683e6b63371e609efb909c817dc23c6ad43018d09a8749288a72a8
sp40_ol2_s0.6	40	1711	raceline2	0.6	seed1_iter30	overtaking	False	False	0	ce250ee39be7e56d0383e003cf49262d75d3c7fbe0d161ddf010651e7c37065c
sp40_ol2_s0.7	40	1711	raceline2	0.7	BC	overtaking	False	False	0	b5a1360fee18c2875185a3d23ab21cbdd8a4cdb2e94639433a148f34809ac5e4
sp40_ol2_s0.7	40	1711	raceline2	0.7	seed1_iter10	overtaking	False	False	0	4dde873cb0c81ac9836eeeb3b0b740d82ff1887a23b8e568008abffd27476312
sp40_ol2_s0.7	40	1711	raceline2	0.7	seed1_iter20	overtaking	False	False	0	e3190c2aa3683e6b63371e609efb909c817dc23c6ad43018d09a8749288a72a8
sp40_ol2_s0.7	40	1711	raceline2	0.7	seed1_iter30	overtaking	False	False	0	ce250ee39be7e56d0383e003cf49262d75d3c7fbe0d161ddf010651e7c37065c
sp40_ol2_s0.8	40	1711	raceline2	0.8	BC	following	False	False	0	b5a1360fee18c2875185a3d23ab21cbdd8a4cdb2e94639433a148f34809ac5e4
sp40_ol2_s0.8	40	1711	raceline2	0.8	seed1_iter10	following	False	False	0	4dde873cb0c81ac9836eeeb3b0b740d82ff1887a23b8e568008abffd27476312
sp40_ol2_s0.8	40	1711	raceline2	0.8	seed1_iter20	following	False	False	0	e3190c2aa3683e6b63371e609efb909c817dc23c6ad43018d09a8749288a72a8
sp40_ol2_s0.8	40	1711	raceline2	0.8	seed1_iter30	following	False	False	0	ce250ee39be7e56d0383e003cf49262d75d3c7fbe0d161ddf010651e7c37065c
sp41_ol0_s0.5	41	1753	raceline0	0.5	BC	overtaking	False	False	0	b5a1360fee18c2875185a3d23ab21cbdd8a4cdb2e94639433a148f34809ac5e4
sp41_ol0_s0.5	41	1753	raceline0	0.5	seed1_iter10	overtaking	False	False	0	4dde873cb0c81ac9836eeeb3b0b740d82ff1887a23b8e568008abffd27476312
sp41_ol0_s0.5	41	1753	raceline0	0.5	seed1_iter20	overtaking	False	False	0	e3190c2aa3683e6b63371e609efb909c817dc23c6ad43018d09a8749288a72a8
sp41_ol0_s0.5	41	1753	raceline0	0.5	seed1_iter30	overtaking	False	False	0	ce250ee39be7e56d0383e003cf49262d75d3c7fbe0d161ddf010651e7c37065c
sp41_ol0_s0.6	41	1753	raceline0	0.6	BC	overtaking	False	False	0	b5a1360fee18c2875185a3d23ab21cbdd8a4cdb2e94639433a148f34809ac5e4
sp41_ol0_s0.6	41	1753	raceline0	0.6	seed1_iter10	overtaking	False	False	0	4dde873cb0c81ac9836eeeb3b0b740d82ff1887a23b8e568008abffd27476312
sp41_ol0_s0.6	41	1753	raceline0	0.6	seed1_iter20	overtaking	False	False	0	e3190c2aa3683e6b63371e609efb909c817dc23c6ad43018d09a8749288a72a8
sp41_ol0_s0.6	41	1753	raceline0	0.6	seed1_iter30	overtaking	False	False	0	ce250ee39be7e56d0383e003cf49262d75d3c7fbe0d161ddf010651e7c37065c
sp41_ol0_s0.7	41	1753	raceline0	0.7	BC	overtaking	False	False	0	b5a1360fee18c2875185a3d23ab21cbdd8a4cdb2e94639433a148f34809ac5e4
sp41_ol0_s0.7	41	1753	raceline0	0.7	seed1_iter10	overtaking	False	False	0	4dde873cb0c81ac9836eeeb3b0b740d82ff1887a23b8e568008abffd27476312
sp41_ol0_s0.7	41	1753	raceline0	0.7	seed1_iter20	overtaking	False	False	0	e3190c2aa3683e6b63371e609efb909c817dc23c6ad43018d09a8749288a72a8
sp41_ol0_s0.7	41	1753	raceline0	0.7	seed1_iter30	overtaking	False	False	0	ce250ee39be7e56d0383e003cf49262d75d3c7fbe0d161ddf010651e7c37065c
sp41_ol0_s0.8	41	1753	raceline0	0.8	BC	following	False	False	0	b5a1360fee18c2875185a3d23ab21cbdd8a4cdb2e94639433a148f34809ac5e4
sp41_ol0_s0.8	41	1753	raceline0	0.8	seed1_iter10	following	False	False	0	4dde873cb0c81ac9836eeeb3b0b740d82ff1887a23b8e568008abffd27476312
sp41_ol0_s0.8	41	1753	raceline0	0.8	seed1_iter20	following	False	False	0	e3190c2aa3683e6b63371e609efb909c817dc23c6ad43018d09a8749288a72a8
sp41_ol0_s0.8	41	1753	raceline0	0.8	seed1_iter30	following	False	False	0	ce250ee39be7e56d0383e003cf49262d75d3c7fbe0d161ddf010651e7c37065c
sp41_ol1_s0.5	41	1753	raceline1	0.5	BC	following	False	False	0	b5a1360fee18c2875185a3d23ab21cbdd8a4cdb2e94639433a148f34809ac5e4
sp41_ol1_s0.5	41	1753	raceline1	0.5	seed1_iter10	following	False	False	0	4dde873cb0c81ac9836eeeb3b0b740d82ff1887a23b8e568008abffd27476312
sp41_ol1_s0.5	41	1753	raceline1	0.5	seed1_iter20	following	False	False	0	e3190c2aa3683e6b63371e609efb909c817dc23c6ad43018d09a8749288a72a8
sp41_ol1_s0.5	41	1753	raceline1	0.5	seed1_iter30	following	False	False	0	ce250ee39be7e56d0383e003cf49262d75d3c7fbe0d161ddf010651e7c37065c
sp41_ol1_s0.6	41	1753	raceline1	0.6	BC	following	False	False	0	b5a1360fee18c2875185a3d23ab21cbdd8a4cdb2e94639433a148f34809ac5e4
sp41_ol1_s0.6	41	1753	raceline1	0.6	seed1_iter10	following	False	False	0	4dde873cb0c81ac9836eeeb3b0b740d82ff1887a23b8e568008abffd27476312
sp41_ol1_s0.6	41	1753	raceline1	0.6	seed1_iter20	following	False	False	0	e3190c2aa3683e6b63371e609efb909c817dc23c6ad43018d09a8749288a72a8
sp41_ol1_s0.6	41	1753	raceline1	0.6	seed1_iter30	following	False	False	0	ce250ee39be7e56d0383e003cf49262d75d3c7fbe0d161ddf010651e7c37065c
sp41_ol1_s0.7	41	1753	raceline1	0.7	BC	following	False	False	0	b5a1360fee18c2875185a3d23ab21cbdd8a4cdb2e94639433a148f34809ac5e4
sp41_ol1_s0.7	41	1753	raceline1	0.7	seed1_iter10	following	False	False	0	4dde873cb0c81ac9836eeeb3b0b740d82ff1887a23b8e568008abffd27476312
sp41_ol1_s0.7	41	1753	raceline1	0.7	seed1_iter20	following	False	False	0	e3190c2aa3683e6b63371e609efb909c817dc23c6ad43018d09a8749288a72a8
sp41_ol1_s0.7	41	1753	raceline1	0.7	seed1_iter30	following	False	False	0	ce250ee39be7e56d0383e003cf49262d75d3c7fbe0d161ddf010651e7c37065c
sp41_ol1_s0.8	41	1753	raceline1	0.8	BC	following	False	False	0	b5a1360fee18c2875185a3d23ab21cbdd8a4cdb2e94639433a148f34809ac5e4
sp41_ol1_s0.8	41	1753	raceline1	0.8	seed1_iter10	following	False	False	0	4dde873cb0c81ac9836eeeb3b0b740d82ff1887a23b8e568008abffd27476312
sp41_ol1_s0.8	41	1753	raceline1	0.8	seed1_iter20	following	False	False	0	e3190c2aa3683e6b63371e609efb909c817dc23c6ad43018d09a8749288a72a8
sp41_ol1_s0.8	41	1753	raceline1	0.8	seed1_iter30	following	False	False	0	ce250ee39be7e56d0383e003cf49262d75d3c7fbe0d161ddf010651e7c37065c
sp41_ol2_s0.5	41	1753	raceline2	0.5	BC	overtaking	False	False	0	b5a1360fee18c2875185a3d23ab21cbdd8a4cdb2e94639433a148f34809ac5e4
sp41_ol2_s0.5	41	1753	raceline2	0.5	seed1_iter10	overtaking	False	False	0	4dde873cb0c81ac9836eeeb3b0b740d82ff1887a23b8e568008abffd27476312
sp41_ol2_s0.5	41	1753	raceline2	0.5	seed1_iter20	overtaking	False	False	0	e3190c2aa3683e6b63371e609efb909c817dc23c6ad43018d09a8749288a72a8
sp41_ol2_s0.5	41	1753	raceline2	0.5	seed1_iter30	overtaking	False	False	0	ce250ee39be7e56d0383e003cf49262d75d3c7fbe0d161ddf010651e7c37065c
sp41_ol2_s0.6	41	1753	raceline2	0.6	BC	overtaking	False	False	0	b5a1360fee18c2875185a3d23ab21cbdd8a4cdb2e94639433a148f34809ac5e4
sp41_ol2_s0.6	41	1753	raceline2	0.6	seed1_iter10	overtaking	False	False	0	4dde873cb0c81ac9836eeeb3b0b740d82ff1887a23b8e568008abffd27476312
sp41_ol2_s0.6	41	1753	raceline2	0.6	seed1_iter20	overtaking	False	False	0	e3190c2aa3683e6b63371e609efb909c817dc23c6ad43018d09a8749288a72a8
sp41_ol2_s0.6	41	1753	raceline2	0.6	seed1_iter30	overtaking	False	False	0	ce250ee39be7e56d0383e003cf49262d75d3c7fbe0d161ddf010651e7c37065c
sp41_ol2_s0.7	41	1753	raceline2	0.7	BC	overtaking	False	False	0	b5a1360fee18c2875185a3d23ab21cbdd8a4cdb2e94639433a148f34809ac5e4
sp41_ol2_s0.7	41	1753	raceline2	0.7	seed1_iter10	overtaking	False	False	0	4dde873cb0c81ac9836eeeb3b0b740d82ff1887a23b8e568008abffd27476312
sp41_ol2_s0.7	41	1753	raceline2	0.7	seed1_iter20	overtaking	False	False	0	e3190c2aa3683e6b63371e609efb909c817dc23c6ad43018d09a8749288a72a8
sp41_ol2_s0.7	41	1753	raceline2	0.7	seed1_iter30	overtaking	False	False	0	ce250ee39be7e56d0383e003cf49262d75d3c7fbe0d161ddf010651e7c37065c
sp41_ol2_s0.8	41	1753	raceline2	0.8	BC	following	False	False	0	b5a1360fee18c2875185a3d23ab21cbdd8a4cdb2e94639433a148f34809ac5e4
sp41_ol2_s0.8	41	1753	raceline2	0.8	seed1_iter10	following	False	False	0	4dde873cb0c81ac9836eeeb3b0b740d82ff1887a23b8e568008abffd27476312
sp41_ol2_s0.8	41	1753	raceline2	0.8	seed1_iter20	following	False	False	0	e3190c2aa3683e6b63371e609efb909c817dc23c6ad43018d09a8749288a72a8
sp41_ol2_s0.8	41	1753	raceline2	0.8	seed1_iter30	following	False	False	0	ce250ee39be7e56d0383e003cf49262d75d3c7fbe0d161ddf010651e7c37065c
sp42_ol0_s0.5	42	1796	raceline0	0.5	BC	overtaking	False	False	0	b5a1360fee18c2875185a3d23ab21cbdd8a4cdb2e94639433a148f34809ac5e4
sp42_ol0_s0.5	42	1796	raceline0	0.5	seed1_iter10	overtaking	False	False	0	4dde873cb0c81ac9836eeeb3b0b740d82ff1887a23b8e568008abffd27476312
sp42_ol0_s0.5	42	1796	raceline0	0.5	seed1_iter20	overtaking	False	False	0	e3190c2aa3683e6b63371e609efb909c817dc23c6ad43018d09a8749288a72a8
sp42_ol0_s0.5	42	1796	raceline0	0.5	seed1_iter30	overtaking	False	False	0	ce250ee39be7e56d0383e003cf49262d75d3c7fbe0d161ddf010651e7c37065c
sp42_ol0_s0.6	42	1796	raceline0	0.6	BC	overtaking	False	False	0	b5a1360fee18c2875185a3d23ab21cbdd8a4cdb2e94639433a148f34809ac5e4
sp42_ol0_s0.6	42	1796	raceline0	0.6	seed1_iter10	overtaking	False	False	0	4dde873cb0c81ac9836eeeb3b0b740d82ff1887a23b8e568008abffd27476312
sp42_ol0_s0.6	42	1796	raceline0	0.6	seed1_iter20	overtaking	False	False	0	e3190c2aa3683e6b63371e609efb909c817dc23c6ad43018d09a8749288a72a8
sp42_ol0_s0.6	42	1796	raceline0	0.6	seed1_iter30	overtaking	False	False	0	ce250ee39be7e56d0383e003cf49262d75d3c7fbe0d161ddf010651e7c37065c
sp42_ol0_s0.7	42	1796	raceline0	0.7	BC	overtaking	False	False	0	b5a1360fee18c2875185a3d23ab21cbdd8a4cdb2e94639433a148f34809ac5e4
sp42_ol0_s0.7	42	1796	raceline0	0.7	seed1_iter10	overtaking	False	False	0	4dde873cb0c81ac9836eeeb3b0b740d82ff1887a23b8e568008abffd27476312
sp42_ol0_s0.7	42	1796	raceline0	0.7	seed1_iter20	overtaking	False	False	0	e3190c2aa3683e6b63371e609efb909c817dc23c6ad43018d09a8749288a72a8
sp42_ol0_s0.7	42	1796	raceline0	0.7	seed1_iter30	overtaking	False	False	0	ce250ee39be7e56d0383e003cf49262d75d3c7fbe0d161ddf010651e7c37065c
sp42_ol0_s0.8	42	1796	raceline0	0.8	BC	following	False	False	0	b5a1360fee18c2875185a3d23ab21cbdd8a4cdb2e94639433a148f34809ac5e4
sp42_ol0_s0.8	42	1796	raceline0	0.8	seed1_iter10	following	False	False	0	4dde873cb0c81ac9836eeeb3b0b740d82ff1887a23b8e568008abffd27476312
sp42_ol0_s0.8	42	1796	raceline0	0.8	seed1_iter20	following	False	False	0	e3190c2aa3683e6b63371e609efb909c817dc23c6ad43018d09a8749288a72a8
sp42_ol0_s0.8	42	1796	raceline0	0.8	seed1_iter30	following	False	False	0	ce250ee39be7e56d0383e003cf49262d75d3c7fbe0d161ddf010651e7c37065c
sp42_ol1_s0.5	42	1796	raceline1	0.5	BC	following	False	False	0	b5a1360fee18c2875185a3d23ab21cbdd8a4cdb2e94639433a148f34809ac5e4
sp42_ol1_s0.5	42	1796	raceline1	0.5	seed1_iter10	following	False	False	0	4dde873cb0c81ac9836eeeb3b0b740d82ff1887a23b8e568008abffd27476312
sp42_ol1_s0.5	42	1796	raceline1	0.5	seed1_iter20	following	False	False	0	e3190c2aa3683e6b63371e609efb909c817dc23c6ad43018d09a8749288a72a8
sp42_ol1_s0.5	42	1796	raceline1	0.5	seed1_iter30	following	False	False	0	ce250ee39be7e56d0383e003cf49262d75d3c7fbe0d161ddf010651e7c37065c
sp42_ol1_s0.6	42	1796	raceline1	0.6	BC	following	False	False	0	b5a1360fee18c2875185a3d23ab21cbdd8a4cdb2e94639433a148f34809ac5e4
sp42_ol1_s0.6	42	1796	raceline1	0.6	seed1_iter10	following	False	False	0	4dde873cb0c81ac9836eeeb3b0b740d82ff1887a23b8e568008abffd27476312
sp42_ol1_s0.6	42	1796	raceline1	0.6	seed1_iter20	following	False	False	0	e3190c2aa3683e6b63371e609efb909c817dc23c6ad43018d09a8749288a72a8
sp42_ol1_s0.6	42	1796	raceline1	0.6	seed1_iter30	following	False	False	0	ce250ee39be7e56d0383e003cf49262d75d3c7fbe0d161ddf010651e7c37065c
sp42_ol1_s0.7	42	1796	raceline1	0.7	BC	following	False	False	0	b5a1360fee18c2875185a3d23ab21cbdd8a4cdb2e94639433a148f34809ac5e4
sp42_ol1_s0.7	42	1796	raceline1	0.7	seed1_iter10	following	False	False	0	4dde873cb0c81ac9836eeeb3b0b740d82ff1887a23b8e568008abffd27476312
sp42_ol1_s0.7	42	1796	raceline1	0.7	seed1_iter20	following	False	False	0	e3190c2aa3683e6b63371e609efb909c817dc23c6ad43018d09a8749288a72a8
sp42_ol1_s0.7	42	1796	raceline1	0.7	seed1_iter30	following	False	False	0	ce250ee39be7e56d0383e003cf49262d75d3c7fbe0d161ddf010651e7c37065c
sp42_ol1_s0.8	42	1796	raceline1	0.8	BC	following	False	False	0	b5a1360fee18c2875185a3d23ab21cbdd8a4cdb2e94639433a148f34809ac5e4
sp42_ol1_s0.8	42	1796	raceline1	0.8	seed1_iter10	following	False	False	0	4dde873cb0c81ac9836eeeb3b0b740d82ff1887a23b8e568008abffd27476312
sp42_ol1_s0.8	42	1796	raceline1	0.8	seed1_iter20	following	False	False	0	e3190c2aa3683e6b63371e609efb909c817dc23c6ad43018d09a8749288a72a8
sp42_ol1_s0.8	42	1796	raceline1	0.8	seed1_iter30	following	False	False	0	ce250ee39be7e56d0383e003cf49262d75d3c7fbe0d161ddf010651e7c37065c
sp42_ol2_s0.5	42	1796	raceline2	0.5	BC	overtaking	False	False	0	b5a1360fee18c2875185a3d23ab21cbdd8a4cdb2e94639433a148f34809ac5e4
sp42_ol2_s0.5	42	1796	raceline2	0.5	seed1_iter10	overtaking	False	False	0	4dde873cb0c81ac9836eeeb3b0b740d82ff1887a23b8e568008abffd27476312
sp42_ol2_s0.5	42	1796	raceline2	0.5	seed1_iter20	overtaking	False	False	0	e3190c2aa3683e6b63371e609efb909c817dc23c6ad43018d09a8749288a72a8
sp42_ol2_s0.5	42	1796	raceline2	0.5	seed1_iter30	overtaking	False	False	0	ce250ee39be7e56d0383e003cf49262d75d3c7fbe0d161ddf010651e7c37065c
sp42_ol2_s0.6	42	1796	raceline2	0.6	BC	overtaking	False	False	0	b5a1360fee18c2875185a3d23ab21cbdd8a4cdb2e94639433a148f34809ac5e4
sp42_ol2_s0.6	42	1796	raceline2	0.6	seed1_iter10	overtaking	False	False	0	4dde873cb0c81ac9836eeeb3b0b740d82ff1887a23b8e568008abffd27476312
sp42_ol2_s0.6	42	1796	raceline2	0.6	seed1_iter20	overtaking	False	False	0	e3190c2aa3683e6b63371e609efb909c817dc23c6ad43018d09a8749288a72a8
sp42_ol2_s0.6	42	1796	raceline2	0.6	seed1_iter30	overtaking	False	False	0	ce250ee39be7e56d0383e003cf49262d75d3c7fbe0d161ddf010651e7c37065c
sp42_ol2_s0.7	42	1796	raceline2	0.7	BC	overtaking	False	False	0	b5a1360fee18c2875185a3d23ab21cbdd8a4cdb2e94639433a148f34809ac5e4
sp42_ol2_s0.7	42	1796	raceline2	0.7	seed1_iter10	overtaking	False	False	0	4dde873cb0c81ac9836eeeb3b0b740d82ff1887a23b8e568008abffd27476312
sp42_ol2_s0.7	42	1796	raceline2	0.7	seed1_iter20	overtaking	False	False	0	e3190c2aa3683e6b63371e609efb909c817dc23c6ad43018d09a8749288a72a8
sp42_ol2_s0.7	42	1796	raceline2	0.7	seed1_iter30	overtaking	False	False	0	ce250ee39be7e56d0383e003cf49262d75d3c7fbe0d161ddf010651e7c37065c
sp42_ol2_s0.8	42	1796	raceline2	0.8	BC	following	False	False	0	b5a1360fee18c2875185a3d23ab21cbdd8a4cdb2e94639433a148f34809ac5e4
sp42_ol2_s0.8	42	1796	raceline2	0.8	seed1_iter10	following	False	False	0	4dde873cb0c81ac9836eeeb3b0b740d82ff1887a23b8e568008abffd27476312
sp42_ol2_s0.8	42	1796	raceline2	0.8	seed1_iter20	following	False	False	0	e3190c2aa3683e6b63371e609efb909c817dc23c6ad43018d09a8749288a72a8
sp42_ol2_s0.8	42	1796	raceline2	0.8	seed1_iter30	following	False	False	0	ce250ee39be7e56d0383e003cf49262d75d3c7fbe0d161ddf010651e7c37065c
sp43_ol0_s0.5	43	1839	raceline0	0.5	BC	overtaking	False	False	0	b5a1360fee18c2875185a3d23ab21cbdd8a4cdb2e94639433a148f34809ac5e4
sp43_ol0_s0.5	43	1839	raceline0	0.5	seed1_iter10	overtaking	False	False	0	4dde873cb0c81ac9836eeeb3b0b740d82ff1887a23b8e568008abffd27476312
sp43_ol0_s0.5	43	1839	raceline0	0.5	seed1_iter20	overtaking	False	False	0	e3190c2aa3683e6b63371e609efb909c817dc23c6ad43018d09a8749288a72a8
sp43_ol0_s0.5	43	1839	raceline0	0.5	seed1_iter30	overtaking	False	False	0	ce250ee39be7e56d0383e003cf49262d75d3c7fbe0d161ddf010651e7c37065c
sp43_ol0_s0.6	43	1839	raceline0	0.6	BC	overtaking	False	False	0	b5a1360fee18c2875185a3d23ab21cbdd8a4cdb2e94639433a148f34809ac5e4
sp43_ol0_s0.6	43	1839	raceline0	0.6	seed1_iter10	overtaking	False	False	0	4dde873cb0c81ac9836eeeb3b0b740d82ff1887a23b8e568008abffd27476312
sp43_ol0_s0.6	43	1839	raceline0	0.6	seed1_iter20	overtaking	False	False	0	e3190c2aa3683e6b63371e609efb909c817dc23c6ad43018d09a8749288a72a8
sp43_ol0_s0.6	43	1839	raceline0	0.6	seed1_iter30	overtaking	False	False	0	ce250ee39be7e56d0383e003cf49262d75d3c7fbe0d161ddf010651e7c37065c
sp43_ol0_s0.7	43	1839	raceline0	0.7	BC	following	False	False	0	b5a1360fee18c2875185a3d23ab21cbdd8a4cdb2e94639433a148f34809ac5e4
sp43_ol0_s0.7	43	1839	raceline0	0.7	seed1_iter10	overtaking	False	False	0	4dde873cb0c81ac9836eeeb3b0b740d82ff1887a23b8e568008abffd27476312
sp43_ol0_s0.7	43	1839	raceline0	0.7	seed1_iter20	overtaking	False	False	0	e3190c2aa3683e6b63371e609efb909c817dc23c6ad43018d09a8749288a72a8
sp43_ol0_s0.7	43	1839	raceline0	0.7	seed1_iter30	overtaking	False	False	0	ce250ee39be7e56d0383e003cf49262d75d3c7fbe0d161ddf010651e7c37065c
sp43_ol0_s0.8	43	1839	raceline0	0.8	BC	following	False	False	0	b5a1360fee18c2875185a3d23ab21cbdd8a4cdb2e94639433a148f34809ac5e4
sp43_ol0_s0.8	43	1839	raceline0	0.8	seed1_iter10	following	False	False	0	4dde873cb0c81ac9836eeeb3b0b740d82ff1887a23b8e568008abffd27476312
sp43_ol0_s0.8	43	1839	raceline0	0.8	seed1_iter20	following	False	False	0	e3190c2aa3683e6b63371e609efb909c817dc23c6ad43018d09a8749288a72a8
sp43_ol0_s0.8	43	1839	raceline0	0.8	seed1_iter30	following	False	False	0	ce250ee39be7e56d0383e003cf49262d75d3c7fbe0d161ddf010651e7c37065c
sp43_ol1_s0.5	43	1839	raceline1	0.5	BC	following	False	False	0	b5a1360fee18c2875185a3d23ab21cbdd8a4cdb2e94639433a148f34809ac5e4
sp43_ol1_s0.5	43	1839	raceline1	0.5	seed1_iter10	following	False	False	0	4dde873cb0c81ac9836eeeb3b0b740d82ff1887a23b8e568008abffd27476312
sp43_ol1_s0.5	43	1839	raceline1	0.5	seed1_iter20	following	False	False	0	e3190c2aa3683e6b63371e609efb909c817dc23c6ad43018d09a8749288a72a8
sp43_ol1_s0.5	43	1839	raceline1	0.5	seed1_iter30	following	False	False	0	ce250ee39be7e56d0383e003cf49262d75d3c7fbe0d161ddf010651e7c37065c
sp43_ol1_s0.6	43	1839	raceline1	0.6	BC	following	False	False	0	b5a1360fee18c2875185a3d23ab21cbdd8a4cdb2e94639433a148f34809ac5e4
sp43_ol1_s0.6	43	1839	raceline1	0.6	seed1_iter10	following	False	False	0	4dde873cb0c81ac9836eeeb3b0b740d82ff1887a23b8e568008abffd27476312
sp43_ol1_s0.6	43	1839	raceline1	0.6	seed1_iter20	following	False	False	0	e3190c2aa3683e6b63371e609efb909c817dc23c6ad43018d09a8749288a72a8
sp43_ol1_s0.6	43	1839	raceline1	0.6	seed1_iter30	following	False	False	0	ce250ee39be7e56d0383e003cf49262d75d3c7fbe0d161ddf010651e7c37065c
sp43_ol1_s0.7	43	1839	raceline1	0.7	BC	following	False	False	0	b5a1360fee18c2875185a3d23ab21cbdd8a4cdb2e94639433a148f34809ac5e4
sp43_ol1_s0.7	43	1839	raceline1	0.7	seed1_iter10	following	False	False	0	4dde873cb0c81ac9836eeeb3b0b740d82ff1887a23b8e568008abffd27476312
sp43_ol1_s0.7	43	1839	raceline1	0.7	seed1_iter20	following	False	False	0	e3190c2aa3683e6b63371e609efb909c817dc23c6ad43018d09a8749288a72a8
sp43_ol1_s0.7	43	1839	raceline1	0.7	seed1_iter30	following	False	False	0	ce250ee39be7e56d0383e003cf49262d75d3c7fbe0d161ddf010651e7c37065c
sp43_ol1_s0.8	43	1839	raceline1	0.8	BC	following	False	False	0	b5a1360fee18c2875185a3d23ab21cbdd8a4cdb2e94639433a148f34809ac5e4
sp43_ol1_s0.8	43	1839	raceline1	0.8	seed1_iter10	following	False	False	0	4dde873cb0c81ac9836eeeb3b0b740d82ff1887a23b8e568008abffd27476312
sp43_ol1_s0.8	43	1839	raceline1	0.8	seed1_iter20	following	False	False	0	e3190c2aa3683e6b63371e609efb909c817dc23c6ad43018d09a8749288a72a8
sp43_ol1_s0.8	43	1839	raceline1	0.8	seed1_iter30	following	False	False	0	ce250ee39be7e56d0383e003cf49262d75d3c7fbe0d161ddf010651e7c37065c
sp43_ol2_s0.5	43	1839	raceline2	0.5	BC	overtaking	False	False	0	b5a1360fee18c2875185a3d23ab21cbdd8a4cdb2e94639433a148f34809ac5e4
sp43_ol2_s0.5	43	1839	raceline2	0.5	seed1_iter10	overtaking	False	False	0	4dde873cb0c81ac9836eeeb3b0b740d82ff1887a23b8e568008abffd27476312
sp43_ol2_s0.5	43	1839	raceline2	0.5	seed1_iter20	overtaking	False	False	0	e3190c2aa3683e6b63371e609efb909c817dc23c6ad43018d09a8749288a72a8
sp43_ol2_s0.5	43	1839	raceline2	0.5	seed1_iter30	overtaking	False	False	0	ce250ee39be7e56d0383e003cf49262d75d3c7fbe0d161ddf010651e7c37065c
sp43_ol2_s0.6	43	1839	raceline2	0.6	BC	overtaking	False	False	0	b5a1360fee18c2875185a3d23ab21cbdd8a4cdb2e94639433a148f34809ac5e4
sp43_ol2_s0.6	43	1839	raceline2	0.6	seed1_iter10	overtaking	False	False	0	4dde873cb0c81ac9836eeeb3b0b740d82ff1887a23b8e568008abffd27476312
sp43_ol2_s0.6	43	1839	raceline2	0.6	seed1_iter20	overtaking	False	False	0	e3190c2aa3683e6b63371e609efb909c817dc23c6ad43018d09a8749288a72a8
sp43_ol2_s0.6	43	1839	raceline2	0.6	seed1_iter30	overtaking	False	False	0	ce250ee39be7e56d0383e003cf49262d75d3c7fbe0d161ddf010651e7c37065c
sp43_ol2_s0.7	43	1839	raceline2	0.7	BC	overtaking	False	False	0	b5a1360fee18c2875185a3d23ab21cbdd8a4cdb2e94639433a148f34809ac5e4
sp43_ol2_s0.7	43	1839	raceline2	0.7	seed1_iter10	overtaking	False	False	0	4dde873cb0c81ac9836eeeb3b0b740d82ff1887a23b8e568008abffd27476312
sp43_ol2_s0.7	43	1839	raceline2	0.7	seed1_iter20	overtaking	False	False	0	e3190c2aa3683e6b63371e609efb909c817dc23c6ad43018d09a8749288a72a8
sp43_ol2_s0.7	43	1839	raceline2	0.7	seed1_iter30	overtaking	False	False	0	ce250ee39be7e56d0383e003cf49262d75d3c7fbe0d161ddf010651e7c37065c
sp43_ol2_s0.8	43	1839	raceline2	0.8	BC	following	False	False	0	b5a1360fee18c2875185a3d23ab21cbdd8a4cdb2e94639433a148f34809ac5e4
sp43_ol2_s0.8	43	1839	raceline2	0.8	seed1_iter10	following	False	False	0	4dde873cb0c81ac9836eeeb3b0b740d82ff1887a23b8e568008abffd27476312
sp43_ol2_s0.8	43	1839	raceline2	0.8	seed1_iter20	following	False	False	0	e3190c2aa3683e6b63371e609efb909c817dc23c6ad43018d09a8749288a72a8
sp43_ol2_s0.8	43	1839	raceline2	0.8	seed1_iter30	following	False	False	0	ce250ee39be7e56d0383e003cf49262d75d3c7fbe0d161ddf010651e7c37065c
sp44_ol0_s0.5	44	1882	raceline0	0.5	BC	overtaking	False	False	0	b5a1360fee18c2875185a3d23ab21cbdd8a4cdb2e94639433a148f34809ac5e4
sp44_ol0_s0.5	44	1882	raceline0	0.5	seed1_iter10	overtaking	False	False	0	4dde873cb0c81ac9836eeeb3b0b740d82ff1887a23b8e568008abffd27476312
sp44_ol0_s0.5	44	1882	raceline0	0.5	seed1_iter20	overtaking	False	False	0	e3190c2aa3683e6b63371e609efb909c817dc23c6ad43018d09a8749288a72a8
sp44_ol0_s0.5	44	1882	raceline0	0.5	seed1_iter30	overtaking	False	False	0	ce250ee39be7e56d0383e003cf49262d75d3c7fbe0d161ddf010651e7c37065c
sp44_ol0_s0.6	44	1882	raceline0	0.6	BC	overtaking	False	False	0	b5a1360fee18c2875185a3d23ab21cbdd8a4cdb2e94639433a148f34809ac5e4
sp44_ol0_s0.6	44	1882	raceline0	0.6	seed1_iter10	overtaking	False	False	0	4dde873cb0c81ac9836eeeb3b0b740d82ff1887a23b8e568008abffd27476312
sp44_ol0_s0.6	44	1882	raceline0	0.6	seed1_iter20	overtaking	False	False	0	e3190c2aa3683e6b63371e609efb909c817dc23c6ad43018d09a8749288a72a8
sp44_ol0_s0.6	44	1882	raceline0	0.6	seed1_iter30	overtaking	False	False	0	ce250ee39be7e56d0383e003cf49262d75d3c7fbe0d161ddf010651e7c37065c
sp44_ol0_s0.7	44	1882	raceline0	0.7	BC	overtaking	False	False	0	b5a1360fee18c2875185a3d23ab21cbdd8a4cdb2e94639433a148f34809ac5e4
sp44_ol0_s0.7	44	1882	raceline0	0.7	seed1_iter10	overtaking	False	False	0	4dde873cb0c81ac9836eeeb3b0b740d82ff1887a23b8e568008abffd27476312
sp44_ol0_s0.7	44	1882	raceline0	0.7	seed1_iter20	overtaking	False	False	0	e3190c2aa3683e6b63371e609efb909c817dc23c6ad43018d09a8749288a72a8
sp44_ol0_s0.7	44	1882	raceline0	0.7	seed1_iter30	overtaking	False	False	0	ce250ee39be7e56d0383e003cf49262d75d3c7fbe0d161ddf010651e7c37065c
sp44_ol0_s0.8	44	1882	raceline0	0.8	BC	following	False	False	0	b5a1360fee18c2875185a3d23ab21cbdd8a4cdb2e94639433a148f34809ac5e4
sp44_ol0_s0.8	44	1882	raceline0	0.8	seed1_iter10	following	False	False	0	4dde873cb0c81ac9836eeeb3b0b740d82ff1887a23b8e568008abffd27476312
sp44_ol0_s0.8	44	1882	raceline0	0.8	seed1_iter20	overtaking	False	False	0	e3190c2aa3683e6b63371e609efb909c817dc23c6ad43018d09a8749288a72a8
sp44_ol0_s0.8	44	1882	raceline0	0.8	seed1_iter30	overtaking	False	False	0	ce250ee39be7e56d0383e003cf49262d75d3c7fbe0d161ddf010651e7c37065c
sp44_ol1_s0.5	44	1882	raceline1	0.5	BC	following	False	False	0	b5a1360fee18c2875185a3d23ab21cbdd8a4cdb2e94639433a148f34809ac5e4
sp44_ol1_s0.5	44	1882	raceline1	0.5	seed1_iter10	following	False	False	0	4dde873cb0c81ac9836eeeb3b0b740d82ff1887a23b8e568008abffd27476312
sp44_ol1_s0.5	44	1882	raceline1	0.5	seed1_iter20	following	False	False	0	e3190c2aa3683e6b63371e609efb909c817dc23c6ad43018d09a8749288a72a8
sp44_ol1_s0.5	44	1882	raceline1	0.5	seed1_iter30	following	False	False	0	ce250ee39be7e56d0383e003cf49262d75d3c7fbe0d161ddf010651e7c37065c
sp44_ol1_s0.6	44	1882	raceline1	0.6	BC	following	False	False	0	b5a1360fee18c2875185a3d23ab21cbdd8a4cdb2e94639433a148f34809ac5e4
sp44_ol1_s0.6	44	1882	raceline1	0.6	seed1_iter10	following	False	False	0	4dde873cb0c81ac9836eeeb3b0b740d82ff1887a23b8e568008abffd27476312
sp44_ol1_s0.6	44	1882	raceline1	0.6	seed1_iter20	following	False	False	0	e3190c2aa3683e6b63371e609efb909c817dc23c6ad43018d09a8749288a72a8
sp44_ol1_s0.6	44	1882	raceline1	0.6	seed1_iter30	following	False	False	0	ce250ee39be7e56d0383e003cf49262d75d3c7fbe0d161ddf010651e7c37065c
sp44_ol1_s0.7	44	1882	raceline1	0.7	BC	following	False	False	0	b5a1360fee18c2875185a3d23ab21cbdd8a4cdb2e94639433a148f34809ac5e4
sp44_ol1_s0.7	44	1882	raceline1	0.7	seed1_iter10	following	False	False	0	4dde873cb0c81ac9836eeeb3b0b740d82ff1887a23b8e568008abffd27476312
sp44_ol1_s0.7	44	1882	raceline1	0.7	seed1_iter20	following	False	False	0	e3190c2aa3683e6b63371e609efb909c817dc23c6ad43018d09a8749288a72a8
sp44_ol1_s0.7	44	1882	raceline1	0.7	seed1_iter30	following	False	False	0	ce250ee39be7e56d0383e003cf49262d75d3c7fbe0d161ddf010651e7c37065c
sp44_ol1_s0.8	44	1882	raceline1	0.8	BC	following	False	False	0	b5a1360fee18c2875185a3d23ab21cbdd8a4cdb2e94639433a148f34809ac5e4
sp44_ol1_s0.8	44	1882	raceline1	0.8	seed1_iter10	following	False	False	0	4dde873cb0c81ac9836eeeb3b0b740d82ff1887a23b8e568008abffd27476312
sp44_ol1_s0.8	44	1882	raceline1	0.8	seed1_iter20	following	False	False	0	e3190c2aa3683e6b63371e609efb909c817dc23c6ad43018d09a8749288a72a8
sp44_ol1_s0.8	44	1882	raceline1	0.8	seed1_iter30	following	False	False	0	ce250ee39be7e56d0383e003cf49262d75d3c7fbe0d161ddf010651e7c37065c
sp44_ol2_s0.5	44	1882	raceline2	0.5	BC	overtaking	False	False	0	b5a1360fee18c2875185a3d23ab21cbdd8a4cdb2e94639433a148f34809ac5e4
sp44_ol2_s0.5	44	1882	raceline2	0.5	seed1_iter10	overtaking	False	False	0	4dde873cb0c81ac9836eeeb3b0b740d82ff1887a23b8e568008abffd27476312
sp44_ol2_s0.5	44	1882	raceline2	0.5	seed1_iter20	overtaking	False	False	0	e3190c2aa3683e6b63371e609efb909c817dc23c6ad43018d09a8749288a72a8
sp44_ol2_s0.5	44	1882	raceline2	0.5	seed1_iter30	overtaking	False	False	0	ce250ee39be7e56d0383e003cf49262d75d3c7fbe0d161ddf010651e7c37065c
sp44_ol2_s0.6	44	1882	raceline2	0.6	BC	overtaking	False	False	0	b5a1360fee18c2875185a3d23ab21cbdd8a4cdb2e94639433a148f34809ac5e4
sp44_ol2_s0.6	44	1882	raceline2	0.6	seed1_iter10	overtaking	False	False	0	4dde873cb0c81ac9836eeeb3b0b740d82ff1887a23b8e568008abffd27476312
sp44_ol2_s0.6	44	1882	raceline2	0.6	seed1_iter20	overtaking	False	False	0	e3190c2aa3683e6b63371e609efb909c817dc23c6ad43018d09a8749288a72a8
sp44_ol2_s0.6	44	1882	raceline2	0.6	seed1_iter30	overtaking	False	False	0	ce250ee39be7e56d0383e003cf49262d75d3c7fbe0d161ddf010651e7c37065c
sp44_ol2_s0.7	44	1882	raceline2	0.7	BC	overtaking	False	False	0	b5a1360fee18c2875185a3d23ab21cbdd8a4cdb2e94639433a148f34809ac5e4
sp44_ol2_s0.7	44	1882	raceline2	0.7	seed1_iter10	overtaking	False	False	0	4dde873cb0c81ac9836eeeb3b0b740d82ff1887a23b8e568008abffd27476312
sp44_ol2_s0.7	44	1882	raceline2	0.7	seed1_iter20	overtaking	False	False	0	e3190c2aa3683e6b63371e609efb909c817dc23c6ad43018d09a8749288a72a8
sp44_ol2_s0.7	44	1882	raceline2	0.7	seed1_iter30	overtaking	False	False	0	ce250ee39be7e56d0383e003cf49262d75d3c7fbe0d161ddf010651e7c37065c
sp44_ol2_s0.8	44	1882	raceline2	0.8	BC	overtaking	False	False	0	b5a1360fee18c2875185a3d23ab21cbdd8a4cdb2e94639433a148f34809ac5e4
sp44_ol2_s0.8	44	1882	raceline2	0.8	seed1_iter10	overtaking	False	False	0	4dde873cb0c81ac9836eeeb3b0b740d82ff1887a23b8e568008abffd27476312
sp44_ol2_s0.8	44	1882	raceline2	0.8	seed1_iter20	overtaking	False	False	0	e3190c2aa3683e6b63371e609efb909c817dc23c6ad43018d09a8749288a72a8
sp44_ol2_s0.8	44	1882	raceline2	0.8	seed1_iter30	overtaking	False	False	0	ce250ee39be7e56d0383e003cf49262d75d3c7fbe0d161ddf010651e7c37065c
sp45_ol0_s0.5	45	1924	raceline0	0.5	BC	overtaking	False	False	0	b5a1360fee18c2875185a3d23ab21cbdd8a4cdb2e94639433a148f34809ac5e4
sp45_ol0_s0.5	45	1924	raceline0	0.5	seed1_iter10	overtaking	False	False	0	4dde873cb0c81ac9836eeeb3b0b740d82ff1887a23b8e568008abffd27476312
sp45_ol0_s0.5	45	1924	raceline0	0.5	seed1_iter20	overtaking	False	False	0	e3190c2aa3683e6b63371e609efb909c817dc23c6ad43018d09a8749288a72a8
sp45_ol0_s0.5	45	1924	raceline0	0.5	seed1_iter30	overtaking	False	False	0	ce250ee39be7e56d0383e003cf49262d75d3c7fbe0d161ddf010651e7c37065c
sp45_ol0_s0.6	45	1924	raceline0	0.6	BC	overtaking	False	False	0	b5a1360fee18c2875185a3d23ab21cbdd8a4cdb2e94639433a148f34809ac5e4
sp45_ol0_s0.6	45	1924	raceline0	0.6	seed1_iter10	overtaking	False	False	0	4dde873cb0c81ac9836eeeb3b0b740d82ff1887a23b8e568008abffd27476312
sp45_ol0_s0.6	45	1924	raceline0	0.6	seed1_iter20	overtaking	False	False	0	e3190c2aa3683e6b63371e609efb909c817dc23c6ad43018d09a8749288a72a8
sp45_ol0_s0.6	45	1924	raceline0	0.6	seed1_iter30	overtaking	False	False	0	ce250ee39be7e56d0383e003cf49262d75d3c7fbe0d161ddf010651e7c37065c
sp45_ol0_s0.7	45	1924	raceline0	0.7	BC	collision	True	True	0	b5a1360fee18c2875185a3d23ab21cbdd8a4cdb2e94639433a148f34809ac5e4
sp45_ol0_s0.7	45	1924	raceline0	0.7	seed1_iter10	overtaking	False	False	0	4dde873cb0c81ac9836eeeb3b0b740d82ff1887a23b8e568008abffd27476312
sp45_ol0_s0.7	45	1924	raceline0	0.7	seed1_iter20	collision	True	True	0	e3190c2aa3683e6b63371e609efb909c817dc23c6ad43018d09a8749288a72a8
sp45_ol0_s0.7	45	1924	raceline0	0.7	seed1_iter30	collision	True	True	0	ce250ee39be7e56d0383e003cf49262d75d3c7fbe0d161ddf010651e7c37065c
sp45_ol0_s0.8	45	1924	raceline0	0.8	BC	overtaking	False	False	0	b5a1360fee18c2875185a3d23ab21cbdd8a4cdb2e94639433a148f34809ac5e4
sp45_ol0_s0.8	45	1924	raceline0	0.8	seed1_iter10	overtaking	False	False	0	4dde873cb0c81ac9836eeeb3b0b740d82ff1887a23b8e568008abffd27476312
sp45_ol0_s0.8	45	1924	raceline0	0.8	seed1_iter20	overtaking	False	False	0	e3190c2aa3683e6b63371e609efb909c817dc23c6ad43018d09a8749288a72a8
sp45_ol0_s0.8	45	1924	raceline0	0.8	seed1_iter30	overtaking	False	False	0	ce250ee39be7e56d0383e003cf49262d75d3c7fbe0d161ddf010651e7c37065c
sp45_ol1_s0.5	45	1924	raceline1	0.5	BC	following	False	False	0	b5a1360fee18c2875185a3d23ab21cbdd8a4cdb2e94639433a148f34809ac5e4
sp45_ol1_s0.5	45	1924	raceline1	0.5	seed1_iter10	following	False	False	0	4dde873cb0c81ac9836eeeb3b0b740d82ff1887a23b8e568008abffd27476312
sp45_ol1_s0.5	45	1924	raceline1	0.5	seed1_iter20	following	False	False	0	e3190c2aa3683e6b63371e609efb909c817dc23c6ad43018d09a8749288a72a8
sp45_ol1_s0.5	45	1924	raceline1	0.5	seed1_iter30	following	False	False	0	ce250ee39be7e56d0383e003cf49262d75d3c7fbe0d161ddf010651e7c37065c
sp45_ol1_s0.6	45	1924	raceline1	0.6	BC	following	False	False	0	b5a1360fee18c2875185a3d23ab21cbdd8a4cdb2e94639433a148f34809ac5e4
sp45_ol1_s0.6	45	1924	raceline1	0.6	seed1_iter10	following	False	False	0	4dde873cb0c81ac9836eeeb3b0b740d82ff1887a23b8e568008abffd27476312
sp45_ol1_s0.6	45	1924	raceline1	0.6	seed1_iter20	following	False	False	0	e3190c2aa3683e6b63371e609efb909c817dc23c6ad43018d09a8749288a72a8
sp45_ol1_s0.6	45	1924	raceline1	0.6	seed1_iter30	following	False	False	0	ce250ee39be7e56d0383e003cf49262d75d3c7fbe0d161ddf010651e7c37065c
sp45_ol1_s0.7	45	1924	raceline1	0.7	BC	following	False	False	0	b5a1360fee18c2875185a3d23ab21cbdd8a4cdb2e94639433a148f34809ac5e4
sp45_ol1_s0.7	45	1924	raceline1	0.7	seed1_iter10	following	False	False	0	4dde873cb0c81ac9836eeeb3b0b740d82ff1887a23b8e568008abffd27476312
sp45_ol1_s0.7	45	1924	raceline1	0.7	seed1_iter20	following	False	False	0	e3190c2aa3683e6b63371e609efb909c817dc23c6ad43018d09a8749288a72a8
sp45_ol1_s0.7	45	1924	raceline1	0.7	seed1_iter30	following	False	False	0	ce250ee39be7e56d0383e003cf49262d75d3c7fbe0d161ddf010651e7c37065c
sp45_ol1_s0.8	45	1924	raceline1	0.8	BC	following	False	False	0	b5a1360fee18c2875185a3d23ab21cbdd8a4cdb2e94639433a148f34809ac5e4
sp45_ol1_s0.8	45	1924	raceline1	0.8	seed1_iter10	following	False	False	0	4dde873cb0c81ac9836eeeb3b0b740d82ff1887a23b8e568008abffd27476312
sp45_ol1_s0.8	45	1924	raceline1	0.8	seed1_iter20	following	False	False	0	e3190c2aa3683e6b63371e609efb909c817dc23c6ad43018d09a8749288a72a8
sp45_ol1_s0.8	45	1924	raceline1	0.8	seed1_iter30	following	False	False	0	ce250ee39be7e56d0383e003cf49262d75d3c7fbe0d161ddf010651e7c37065c
sp45_ol2_s0.5	45	1924	raceline2	0.5	BC	overtaking	False	False	0	b5a1360fee18c2875185a3d23ab21cbdd8a4cdb2e94639433a148f34809ac5e4
sp45_ol2_s0.5	45	1924	raceline2	0.5	seed1_iter10	overtaking	False	False	0	4dde873cb0c81ac9836eeeb3b0b740d82ff1887a23b8e568008abffd27476312
sp45_ol2_s0.5	45	1924	raceline2	0.5	seed1_iter20	overtaking	False	False	0	e3190c2aa3683e6b63371e609efb909c817dc23c6ad43018d09a8749288a72a8
sp45_ol2_s0.5	45	1924	raceline2	0.5	seed1_iter30	overtaking	False	False	0	ce250ee39be7e56d0383e003cf49262d75d3c7fbe0d161ddf010651e7c37065c
sp45_ol2_s0.6	45	1924	raceline2	0.6	BC	overtaking	False	False	0	b5a1360fee18c2875185a3d23ab21cbdd8a4cdb2e94639433a148f34809ac5e4
sp45_ol2_s0.6	45	1924	raceline2	0.6	seed1_iter10	overtaking	False	False	0	4dde873cb0c81ac9836eeeb3b0b740d82ff1887a23b8e568008abffd27476312
sp45_ol2_s0.6	45	1924	raceline2	0.6	seed1_iter20	overtaking	False	False	0	e3190c2aa3683e6b63371e609efb909c817dc23c6ad43018d09a8749288a72a8
sp45_ol2_s0.6	45	1924	raceline2	0.6	seed1_iter30	overtaking	False	False	0	ce250ee39be7e56d0383e003cf49262d75d3c7fbe0d161ddf010651e7c37065c
sp45_ol2_s0.7	45	1924	raceline2	0.7	BC	overtaking	False	False	0	b5a1360fee18c2875185a3d23ab21cbdd8a4cdb2e94639433a148f34809ac5e4
sp45_ol2_s0.7	45	1924	raceline2	0.7	seed1_iter10	overtaking	False	False	0	4dde873cb0c81ac9836eeeb3b0b740d82ff1887a23b8e568008abffd27476312
sp45_ol2_s0.7	45	1924	raceline2	0.7	seed1_iter20	overtaking	False	False	0	e3190c2aa3683e6b63371e609efb909c817dc23c6ad43018d09a8749288a72a8
sp45_ol2_s0.7	45	1924	raceline2	0.7	seed1_iter30	overtaking	False	False	0	ce250ee39be7e56d0383e003cf49262d75d3c7fbe0d161ddf010651e7c37065c
sp45_ol2_s0.8	45	1924	raceline2	0.8	BC	overtaking	False	False	0	b5a1360fee18c2875185a3d23ab21cbdd8a4cdb2e94639433a148f34809ac5e4
sp45_ol2_s0.8	45	1924	raceline2	0.8	seed1_iter10	overtaking	False	False	0	4dde873cb0c81ac9836eeeb3b0b740d82ff1887a23b8e568008abffd27476312
sp45_ol2_s0.8	45	1924	raceline2	0.8	seed1_iter20	overtaking	False	False	0	e3190c2aa3683e6b63371e609efb909c817dc23c6ad43018d09a8749288a72a8
sp45_ol2_s0.8	45	1924	raceline2	0.8	seed1_iter30	overtaking	False	False	0	ce250ee39be7e56d0383e003cf49262d75d3c7fbe0d161ddf010651e7c37065c
sp46_ol0_s0.5	46	1967	raceline0	0.5	BC	overtaking	False	False	0	b5a1360fee18c2875185a3d23ab21cbdd8a4cdb2e94639433a148f34809ac5e4
sp46_ol0_s0.5	46	1967	raceline0	0.5	seed1_iter10	overtaking	False	False	0	4dde873cb0c81ac9836eeeb3b0b740d82ff1887a23b8e568008abffd27476312
sp46_ol0_s0.5	46	1967	raceline0	0.5	seed1_iter20	overtaking	False	False	0	e3190c2aa3683e6b63371e609efb909c817dc23c6ad43018d09a8749288a72a8
sp46_ol0_s0.5	46	1967	raceline0	0.5	seed1_iter30	overtaking	False	False	0	ce250ee39be7e56d0383e003cf49262d75d3c7fbe0d161ddf010651e7c37065c
sp46_ol0_s0.6	46	1967	raceline0	0.6	BC	overtaking	False	False	0	b5a1360fee18c2875185a3d23ab21cbdd8a4cdb2e94639433a148f34809ac5e4
sp46_ol0_s0.6	46	1967	raceline0	0.6	seed1_iter10	overtaking	False	False	0	4dde873cb0c81ac9836eeeb3b0b740d82ff1887a23b8e568008abffd27476312
sp46_ol0_s0.6	46	1967	raceline0	0.6	seed1_iter20	overtaking	False	False	0	e3190c2aa3683e6b63371e609efb909c817dc23c6ad43018d09a8749288a72a8
sp46_ol0_s0.6	46	1967	raceline0	0.6	seed1_iter30	overtaking	False	False	0	ce250ee39be7e56d0383e003cf49262d75d3c7fbe0d161ddf010651e7c37065c
sp46_ol0_s0.7	46	1967	raceline0	0.7	BC	overtaking	False	False	0	b5a1360fee18c2875185a3d23ab21cbdd8a4cdb2e94639433a148f34809ac5e4
sp46_ol0_s0.7	46	1967	raceline0	0.7	seed1_iter10	overtaking	False	False	0	4dde873cb0c81ac9836eeeb3b0b740d82ff1887a23b8e568008abffd27476312
sp46_ol0_s0.7	46	1967	raceline0	0.7	seed1_iter20	overtaking	False	False	0	e3190c2aa3683e6b63371e609efb909c817dc23c6ad43018d09a8749288a72a8
sp46_ol0_s0.7	46	1967	raceline0	0.7	seed1_iter30	overtaking	False	False	0	ce250ee39be7e56d0383e003cf49262d75d3c7fbe0d161ddf010651e7c37065c
sp46_ol0_s0.8	46	1967	raceline0	0.8	BC	overtaking	False	False	0	b5a1360fee18c2875185a3d23ab21cbdd8a4cdb2e94639433a148f34809ac5e4
sp46_ol0_s0.8	46	1967	raceline0	0.8	seed1_iter10	overtaking	False	False	0	4dde873cb0c81ac9836eeeb3b0b740d82ff1887a23b8e568008abffd27476312
sp46_ol0_s0.8	46	1967	raceline0	0.8	seed1_iter20	overtaking	False	False	0	e3190c2aa3683e6b63371e609efb909c817dc23c6ad43018d09a8749288a72a8
sp46_ol0_s0.8	46	1967	raceline0	0.8	seed1_iter30	overtaking	False	False	0	ce250ee39be7e56d0383e003cf49262d75d3c7fbe0d161ddf010651e7c37065c
sp46_ol1_s0.5	46	1967	raceline1	0.5	BC	following	False	False	0	b5a1360fee18c2875185a3d23ab21cbdd8a4cdb2e94639433a148f34809ac5e4
sp46_ol1_s0.5	46	1967	raceline1	0.5	seed1_iter10	following	False	False	0	4dde873cb0c81ac9836eeeb3b0b740d82ff1887a23b8e568008abffd27476312
sp46_ol1_s0.5	46	1967	raceline1	0.5	seed1_iter20	following	False	False	0	e3190c2aa3683e6b63371e609efb909c817dc23c6ad43018d09a8749288a72a8
sp46_ol1_s0.5	46	1967	raceline1	0.5	seed1_iter30	following	False	False	0	ce250ee39be7e56d0383e003cf49262d75d3c7fbe0d161ddf010651e7c37065c
sp46_ol1_s0.6	46	1967	raceline1	0.6	BC	following	False	False	0	b5a1360fee18c2875185a3d23ab21cbdd8a4cdb2e94639433a148f34809ac5e4
sp46_ol1_s0.6	46	1967	raceline1	0.6	seed1_iter10	following	False	False	0	4dde873cb0c81ac9836eeeb3b0b740d82ff1887a23b8e568008abffd27476312
sp46_ol1_s0.6	46	1967	raceline1	0.6	seed1_iter20	following	False	False	0	e3190c2aa3683e6b63371e609efb909c817dc23c6ad43018d09a8749288a72a8
sp46_ol1_s0.6	46	1967	raceline1	0.6	seed1_iter30	following	False	False	0	ce250ee39be7e56d0383e003cf49262d75d3c7fbe0d161ddf010651e7c37065c
sp46_ol1_s0.7	46	1967	raceline1	0.7	BC	following	False	False	0	b5a1360fee18c2875185a3d23ab21cbdd8a4cdb2e94639433a148f34809ac5e4
sp46_ol1_s0.7	46	1967	raceline1	0.7	seed1_iter10	following	False	False	0	4dde873cb0c81ac9836eeeb3b0b740d82ff1887a23b8e568008abffd27476312
sp46_ol1_s0.7	46	1967	raceline1	0.7	seed1_iter20	following	False	False	0	e3190c2aa3683e6b63371e609efb909c817dc23c6ad43018d09a8749288a72a8
sp46_ol1_s0.7	46	1967	raceline1	0.7	seed1_iter30	following	False	False	0	ce250ee39be7e56d0383e003cf49262d75d3c7fbe0d161ddf010651e7c37065c
sp46_ol1_s0.8	46	1967	raceline1	0.8	BC	following	False	False	0	b5a1360fee18c2875185a3d23ab21cbdd8a4cdb2e94639433a148f34809ac5e4
sp46_ol1_s0.8	46	1967	raceline1	0.8	seed1_iter10	following	False	False	0	4dde873cb0c81ac9836eeeb3b0b740d82ff1887a23b8e568008abffd27476312
sp46_ol1_s0.8	46	1967	raceline1	0.8	seed1_iter20	following	False	False	0	e3190c2aa3683e6b63371e609efb909c817dc23c6ad43018d09a8749288a72a8
sp46_ol1_s0.8	46	1967	raceline1	0.8	seed1_iter30	following	False	False	0	ce250ee39be7e56d0383e003cf49262d75d3c7fbe0d161ddf010651e7c37065c
sp46_ol2_s0.5	46	1967	raceline2	0.5	BC	overtaking	False	False	0	b5a1360fee18c2875185a3d23ab21cbdd8a4cdb2e94639433a148f34809ac5e4
sp46_ol2_s0.5	46	1967	raceline2	0.5	seed1_iter10	overtaking	False	False	0	4dde873cb0c81ac9836eeeb3b0b740d82ff1887a23b8e568008abffd27476312
sp46_ol2_s0.5	46	1967	raceline2	0.5	seed1_iter20	overtaking	False	False	0	e3190c2aa3683e6b63371e609efb909c817dc23c6ad43018d09a8749288a72a8
sp46_ol2_s0.5	46	1967	raceline2	0.5	seed1_iter30	overtaking	False	False	0	ce250ee39be7e56d0383e003cf49262d75d3c7fbe0d161ddf010651e7c37065c
sp46_ol2_s0.6	46	1967	raceline2	0.6	BC	overtaking	False	False	0	b5a1360fee18c2875185a3d23ab21cbdd8a4cdb2e94639433a148f34809ac5e4
sp46_ol2_s0.6	46	1967	raceline2	0.6	seed1_iter10	overtaking	False	False	0	4dde873cb0c81ac9836eeeb3b0b740d82ff1887a23b8e568008abffd27476312
sp46_ol2_s0.6	46	1967	raceline2	0.6	seed1_iter20	overtaking	False	False	0	e3190c2aa3683e6b63371e609efb909c817dc23c6ad43018d09a8749288a72a8
sp46_ol2_s0.6	46	1967	raceline2	0.6	seed1_iter30	overtaking	False	False	0	ce250ee39be7e56d0383e003cf49262d75d3c7fbe0d161ddf010651e7c37065c
sp46_ol2_s0.7	46	1967	raceline2	0.7	BC	overtaking	False	False	0	b5a1360fee18c2875185a3d23ab21cbdd8a4cdb2e94639433a148f34809ac5e4
sp46_ol2_s0.7	46	1967	raceline2	0.7	seed1_iter10	overtaking	False	False	0	4dde873cb0c81ac9836eeeb3b0b740d82ff1887a23b8e568008abffd27476312
sp46_ol2_s0.7	46	1967	raceline2	0.7	seed1_iter20	overtaking	False	False	0	e3190c2aa3683e6b63371e609efb909c817dc23c6ad43018d09a8749288a72a8
sp46_ol2_s0.7	46	1967	raceline2	0.7	seed1_iter30	overtaking	False	False	0	ce250ee39be7e56d0383e003cf49262d75d3c7fbe0d161ddf010651e7c37065c
sp46_ol2_s0.8	46	1967	raceline2	0.8	BC	overtaking	False	False	0	b5a1360fee18c2875185a3d23ab21cbdd8a4cdb2e94639433a148f34809ac5e4
sp46_ol2_s0.8	46	1967	raceline2	0.8	seed1_iter10	collision	True	True	0	4dde873cb0c81ac9836eeeb3b0b740d82ff1887a23b8e568008abffd27476312
sp46_ol2_s0.8	46	1967	raceline2	0.8	seed1_iter20	overtaking	False	False	0	e3190c2aa3683e6b63371e609efb909c817dc23c6ad43018d09a8749288a72a8
sp46_ol2_s0.8	46	1967	raceline2	0.8	seed1_iter30	collision	True	True	0	ce250ee39be7e56d0383e003cf49262d75d3c7fbe0d161ddf010651e7c37065c
sp47_ol0_s0.5	47	2010	raceline0	0.5	BC	overtaking	False	False	0	b5a1360fee18c2875185a3d23ab21cbdd8a4cdb2e94639433a148f34809ac5e4
sp47_ol0_s0.5	47	2010	raceline0	0.5	seed1_iter10	overtaking	False	False	0	4dde873cb0c81ac9836eeeb3b0b740d82ff1887a23b8e568008abffd27476312
sp47_ol0_s0.5	47	2010	raceline0	0.5	seed1_iter20	overtaking	False	False	0	e3190c2aa3683e6b63371e609efb909c817dc23c6ad43018d09a8749288a72a8
sp47_ol0_s0.5	47	2010	raceline0	0.5	seed1_iter30	overtaking	False	False	0	ce250ee39be7e56d0383e003cf49262d75d3c7fbe0d161ddf010651e7c37065c
sp47_ol0_s0.6	47	2010	raceline0	0.6	BC	overtaking	False	False	0	b5a1360fee18c2875185a3d23ab21cbdd8a4cdb2e94639433a148f34809ac5e4
sp47_ol0_s0.6	47	2010	raceline0	0.6	seed1_iter10	overtaking	False	False	0	4dde873cb0c81ac9836eeeb3b0b740d82ff1887a23b8e568008abffd27476312
sp47_ol0_s0.6	47	2010	raceline0	0.6	seed1_iter20	overtaking	False	False	0	e3190c2aa3683e6b63371e609efb909c817dc23c6ad43018d09a8749288a72a8
sp47_ol0_s0.6	47	2010	raceline0	0.6	seed1_iter30	overtaking	False	False	0	ce250ee39be7e56d0383e003cf49262d75d3c7fbe0d161ddf010651e7c37065c
sp47_ol0_s0.7	47	2010	raceline0	0.7	BC	overtaking	False	False	0	b5a1360fee18c2875185a3d23ab21cbdd8a4cdb2e94639433a148f34809ac5e4
sp47_ol0_s0.7	47	2010	raceline0	0.7	seed1_iter10	overtaking	False	False	0	4dde873cb0c81ac9836eeeb3b0b740d82ff1887a23b8e568008abffd27476312
sp47_ol0_s0.7	47	2010	raceline0	0.7	seed1_iter20	overtaking	False	False	0	e3190c2aa3683e6b63371e609efb909c817dc23c6ad43018d09a8749288a72a8
sp47_ol0_s0.7	47	2010	raceline0	0.7	seed1_iter30	overtaking	False	False	0	ce250ee39be7e56d0383e003cf49262d75d3c7fbe0d161ddf010651e7c37065c
sp47_ol0_s0.8	47	2010	raceline0	0.8	BC	overtaking	False	False	0	b5a1360fee18c2875185a3d23ab21cbdd8a4cdb2e94639433a148f34809ac5e4
sp47_ol0_s0.8	47	2010	raceline0	0.8	seed1_iter10	overtaking	False	False	0	4dde873cb0c81ac9836eeeb3b0b740d82ff1887a23b8e568008abffd27476312
sp47_ol0_s0.8	47	2010	raceline0	0.8	seed1_iter20	overtaking	False	False	0	e3190c2aa3683e6b63371e609efb909c817dc23c6ad43018d09a8749288a72a8
sp47_ol0_s0.8	47	2010	raceline0	0.8	seed1_iter30	overtaking	False	False	0	ce250ee39be7e56d0383e003cf49262d75d3c7fbe0d161ddf010651e7c37065c
sp47_ol1_s0.5	47	2010	raceline1	0.5	BC	following	False	False	0	b5a1360fee18c2875185a3d23ab21cbdd8a4cdb2e94639433a148f34809ac5e4
sp47_ol1_s0.5	47	2010	raceline1	0.5	seed1_iter10	following	False	False	0	4dde873cb0c81ac9836eeeb3b0b740d82ff1887a23b8e568008abffd27476312
sp47_ol1_s0.5	47	2010	raceline1	0.5	seed1_iter20	following	False	False	0	e3190c2aa3683e6b63371e609efb909c817dc23c6ad43018d09a8749288a72a8
sp47_ol1_s0.5	47	2010	raceline1	0.5	seed1_iter30	following	False	False	0	ce250ee39be7e56d0383e003cf49262d75d3c7fbe0d161ddf010651e7c37065c
sp47_ol1_s0.6	47	2010	raceline1	0.6	BC	following	False	False	0	b5a1360fee18c2875185a3d23ab21cbdd8a4cdb2e94639433a148f34809ac5e4
sp47_ol1_s0.6	47	2010	raceline1	0.6	seed1_iter10	following	False	False	0	4dde873cb0c81ac9836eeeb3b0b740d82ff1887a23b8e568008abffd27476312
sp47_ol1_s0.6	47	2010	raceline1	0.6	seed1_iter20	following	False	False	0	e3190c2aa3683e6b63371e609efb909c817dc23c6ad43018d09a8749288a72a8
sp47_ol1_s0.6	47	2010	raceline1	0.6	seed1_iter30	following	False	False	0	ce250ee39be7e56d0383e003cf49262d75d3c7fbe0d161ddf010651e7c37065c
sp47_ol1_s0.7	47	2010	raceline1	0.7	BC	following	False	False	0	b5a1360fee18c2875185a3d23ab21cbdd8a4cdb2e94639433a148f34809ac5e4
sp47_ol1_s0.7	47	2010	raceline1	0.7	seed1_iter10	following	False	False	0	4dde873cb0c81ac9836eeeb3b0b740d82ff1887a23b8e568008abffd27476312
sp47_ol1_s0.7	47	2010	raceline1	0.7	seed1_iter20	following	False	False	0	e3190c2aa3683e6b63371e609efb909c817dc23c6ad43018d09a8749288a72a8
sp47_ol1_s0.7	47	2010	raceline1	0.7	seed1_iter30	following	False	False	0	ce250ee39be7e56d0383e003cf49262d75d3c7fbe0d161ddf010651e7c37065c
sp47_ol1_s0.8	47	2010	raceline1	0.8	BC	following	False	False	0	b5a1360fee18c2875185a3d23ab21cbdd8a4cdb2e94639433a148f34809ac5e4
sp47_ol1_s0.8	47	2010	raceline1	0.8	seed1_iter10	following	False	False	0	4dde873cb0c81ac9836eeeb3b0b740d82ff1887a23b8e568008abffd27476312
sp47_ol1_s0.8	47	2010	raceline1	0.8	seed1_iter20	following	False	False	0	e3190c2aa3683e6b63371e609efb909c817dc23c6ad43018d09a8749288a72a8
sp47_ol1_s0.8	47	2010	raceline1	0.8	seed1_iter30	following	False	False	0	ce250ee39be7e56d0383e003cf49262d75d3c7fbe0d161ddf010651e7c37065c
sp47_ol2_s0.5	47	2010	raceline2	0.5	BC	overtaking	False	False	0	b5a1360fee18c2875185a3d23ab21cbdd8a4cdb2e94639433a148f34809ac5e4
sp47_ol2_s0.5	47	2010	raceline2	0.5	seed1_iter10	overtaking	False	False	0	4dde873cb0c81ac9836eeeb3b0b740d82ff1887a23b8e568008abffd27476312
sp47_ol2_s0.5	47	2010	raceline2	0.5	seed1_iter20	overtaking	False	False	0	e3190c2aa3683e6b63371e609efb909c817dc23c6ad43018d09a8749288a72a8
sp47_ol2_s0.5	47	2010	raceline2	0.5	seed1_iter30	overtaking	False	False	0	ce250ee39be7e56d0383e003cf49262d75d3c7fbe0d161ddf010651e7c37065c
sp47_ol2_s0.6	47	2010	raceline2	0.6	BC	overtaking	False	False	0	b5a1360fee18c2875185a3d23ab21cbdd8a4cdb2e94639433a148f34809ac5e4
sp47_ol2_s0.6	47	2010	raceline2	0.6	seed1_iter10	overtaking	False	False	0	4dde873cb0c81ac9836eeeb3b0b740d82ff1887a23b8e568008abffd27476312
sp47_ol2_s0.6	47	2010	raceline2	0.6	seed1_iter20	overtaking	False	False	0	e3190c2aa3683e6b63371e609efb909c817dc23c6ad43018d09a8749288a72a8
sp47_ol2_s0.6	47	2010	raceline2	0.6	seed1_iter30	overtaking	False	False	0	ce250ee39be7e56d0383e003cf49262d75d3c7fbe0d161ddf010651e7c37065c
sp47_ol2_s0.7	47	2010	raceline2	0.7	BC	overtaking	False	False	0	b5a1360fee18c2875185a3d23ab21cbdd8a4cdb2e94639433a148f34809ac5e4
sp47_ol2_s0.7	47	2010	raceline2	0.7	seed1_iter10	overtaking	False	False	0	4dde873cb0c81ac9836eeeb3b0b740d82ff1887a23b8e568008abffd27476312
sp47_ol2_s0.7	47	2010	raceline2	0.7	seed1_iter20	overtaking	False	False	0	e3190c2aa3683e6b63371e609efb909c817dc23c6ad43018d09a8749288a72a8
sp47_ol2_s0.7	47	2010	raceline2	0.7	seed1_iter30	overtaking	False	False	0	ce250ee39be7e56d0383e003cf49262d75d3c7fbe0d161ddf010651e7c37065c
sp47_ol2_s0.8	47	2010	raceline2	0.8	BC	overtaking	False	False	0	b5a1360fee18c2875185a3d23ab21cbdd8a4cdb2e94639433a148f34809ac5e4
sp47_ol2_s0.8	47	2010	raceline2	0.8	seed1_iter10	overtaking	False	False	0	4dde873cb0c81ac9836eeeb3b0b740d82ff1887a23b8e568008abffd27476312
sp47_ol2_s0.8	47	2010	raceline2	0.8	seed1_iter20	overtaking	False	False	0	e3190c2aa3683e6b63371e609efb909c817dc23c6ad43018d09a8749288a72a8
sp47_ol2_s0.8	47	2010	raceline2	0.8	seed1_iter30	overtaking	False	False	0	ce250ee39be7e56d0383e003cf49262d75d3c7fbe0d161ddf010651e7c37065c
sp48_ol0_s0.5	48	2053	raceline0	0.5	BC	overtaking	False	False	0	b5a1360fee18c2875185a3d23ab21cbdd8a4cdb2e94639433a148f34809ac5e4
sp48_ol0_s0.5	48	2053	raceline0	0.5	seed1_iter10	overtaking	False	False	0	4dde873cb0c81ac9836eeeb3b0b740d82ff1887a23b8e568008abffd27476312
sp48_ol0_s0.5	48	2053	raceline0	0.5	seed1_iter20	overtaking	False	False	0	e3190c2aa3683e6b63371e609efb909c817dc23c6ad43018d09a8749288a72a8
sp48_ol0_s0.5	48	2053	raceline0	0.5	seed1_iter30	overtaking	False	False	0	ce250ee39be7e56d0383e003cf49262d75d3c7fbe0d161ddf010651e7c37065c
sp48_ol0_s0.6	48	2053	raceline0	0.6	BC	overtaking	False	False	0	b5a1360fee18c2875185a3d23ab21cbdd8a4cdb2e94639433a148f34809ac5e4
sp48_ol0_s0.6	48	2053	raceline0	0.6	seed1_iter10	overtaking	False	False	0	4dde873cb0c81ac9836eeeb3b0b740d82ff1887a23b8e568008abffd27476312
sp48_ol0_s0.6	48	2053	raceline0	0.6	seed1_iter20	overtaking	False	False	0	e3190c2aa3683e6b63371e609efb909c817dc23c6ad43018d09a8749288a72a8
sp48_ol0_s0.6	48	2053	raceline0	0.6	seed1_iter30	overtaking	False	False	0	ce250ee39be7e56d0383e003cf49262d75d3c7fbe0d161ddf010651e7c37065c
sp48_ol0_s0.7	48	2053	raceline0	0.7	BC	overtaking	False	False	0	b5a1360fee18c2875185a3d23ab21cbdd8a4cdb2e94639433a148f34809ac5e4
sp48_ol0_s0.7	48	2053	raceline0	0.7	seed1_iter10	overtaking	False	False	0	4dde873cb0c81ac9836eeeb3b0b740d82ff1887a23b8e568008abffd27476312
sp48_ol0_s0.7	48	2053	raceline0	0.7	seed1_iter20	overtaking	False	False	0	e3190c2aa3683e6b63371e609efb909c817dc23c6ad43018d09a8749288a72a8
sp48_ol0_s0.7	48	2053	raceline0	0.7	seed1_iter30	overtaking	False	False	0	ce250ee39be7e56d0383e003cf49262d75d3c7fbe0d161ddf010651e7c37065c
sp48_ol0_s0.8	48	2053	raceline0	0.8	BC	overtaking	False	False	0	b5a1360fee18c2875185a3d23ab21cbdd8a4cdb2e94639433a148f34809ac5e4
sp48_ol0_s0.8	48	2053	raceline0	0.8	seed1_iter10	overtaking	False	False	0	4dde873cb0c81ac9836eeeb3b0b740d82ff1887a23b8e568008abffd27476312
sp48_ol0_s0.8	48	2053	raceline0	0.8	seed1_iter20	overtaking	False	False	0	e3190c2aa3683e6b63371e609efb909c817dc23c6ad43018d09a8749288a72a8
sp48_ol0_s0.8	48	2053	raceline0	0.8	seed1_iter30	overtaking	False	False	0	ce250ee39be7e56d0383e003cf49262d75d3c7fbe0d161ddf010651e7c37065c
sp48_ol1_s0.5	48	2053	raceline1	0.5	BC	following	False	False	0	b5a1360fee18c2875185a3d23ab21cbdd8a4cdb2e94639433a148f34809ac5e4
sp48_ol1_s0.5	48	2053	raceline1	0.5	seed1_iter10	following	False	False	0	4dde873cb0c81ac9836eeeb3b0b740d82ff1887a23b8e568008abffd27476312
sp48_ol1_s0.5	48	2053	raceline1	0.5	seed1_iter20	following	False	False	0	e3190c2aa3683e6b63371e609efb909c817dc23c6ad43018d09a8749288a72a8
sp48_ol1_s0.5	48	2053	raceline1	0.5	seed1_iter30	following	False	False	0	ce250ee39be7e56d0383e003cf49262d75d3c7fbe0d161ddf010651e7c37065c
sp48_ol1_s0.6	48	2053	raceline1	0.6	BC	following	False	False	0	b5a1360fee18c2875185a3d23ab21cbdd8a4cdb2e94639433a148f34809ac5e4
sp48_ol1_s0.6	48	2053	raceline1	0.6	seed1_iter10	following	False	False	0	4dde873cb0c81ac9836eeeb3b0b740d82ff1887a23b8e568008abffd27476312
sp48_ol1_s0.6	48	2053	raceline1	0.6	seed1_iter20	following	False	False	0	e3190c2aa3683e6b63371e609efb909c817dc23c6ad43018d09a8749288a72a8
sp48_ol1_s0.6	48	2053	raceline1	0.6	seed1_iter30	following	False	False	0	ce250ee39be7e56d0383e003cf49262d75d3c7fbe0d161ddf010651e7c37065c
sp48_ol1_s0.7	48	2053	raceline1	0.7	BC	following	False	False	0	b5a1360fee18c2875185a3d23ab21cbdd8a4cdb2e94639433a148f34809ac5e4
sp48_ol1_s0.7	48	2053	raceline1	0.7	seed1_iter10	following	False	False	0	4dde873cb0c81ac9836eeeb3b0b740d82ff1887a23b8e568008abffd27476312
sp48_ol1_s0.7	48	2053	raceline1	0.7	seed1_iter20	following	False	False	0	e3190c2aa3683e6b63371e609efb909c817dc23c6ad43018d09a8749288a72a8
sp48_ol1_s0.7	48	2053	raceline1	0.7	seed1_iter30	following	False	False	0	ce250ee39be7e56d0383e003cf49262d75d3c7fbe0d161ddf010651e7c37065c
sp48_ol1_s0.8	48	2053	raceline1	0.8	BC	following	False	False	0	b5a1360fee18c2875185a3d23ab21cbdd8a4cdb2e94639433a148f34809ac5e4
sp48_ol1_s0.8	48	2053	raceline1	0.8	seed1_iter10	following	False	False	0	4dde873cb0c81ac9836eeeb3b0b740d82ff1887a23b8e568008abffd27476312
sp48_ol1_s0.8	48	2053	raceline1	0.8	seed1_iter20	collision	True	True	0	e3190c2aa3683e6b63371e609efb909c817dc23c6ad43018d09a8749288a72a8
sp48_ol1_s0.8	48	2053	raceline1	0.8	seed1_iter30	following	False	False	0	ce250ee39be7e56d0383e003cf49262d75d3c7fbe0d161ddf010651e7c37065c
sp48_ol2_s0.5	48	2053	raceline2	0.5	BC	overtaking	False	False	0	b5a1360fee18c2875185a3d23ab21cbdd8a4cdb2e94639433a148f34809ac5e4
sp48_ol2_s0.5	48	2053	raceline2	0.5	seed1_iter10	overtaking	False	False	0	4dde873cb0c81ac9836eeeb3b0b740d82ff1887a23b8e568008abffd27476312
sp48_ol2_s0.5	48	2053	raceline2	0.5	seed1_iter20	overtaking	False	False	0	e3190c2aa3683e6b63371e609efb909c817dc23c6ad43018d09a8749288a72a8
sp48_ol2_s0.5	48	2053	raceline2	0.5	seed1_iter30	overtaking	False	False	0	ce250ee39be7e56d0383e003cf49262d75d3c7fbe0d161ddf010651e7c37065c
sp48_ol2_s0.6	48	2053	raceline2	0.6	BC	overtaking	False	False	0	b5a1360fee18c2875185a3d23ab21cbdd8a4cdb2e94639433a148f34809ac5e4
sp48_ol2_s0.6	48	2053	raceline2	0.6	seed1_iter10	overtaking	False	False	0	4dde873cb0c81ac9836eeeb3b0b740d82ff1887a23b8e568008abffd27476312
sp48_ol2_s0.6	48	2053	raceline2	0.6	seed1_iter20	overtaking	False	False	0	e3190c2aa3683e6b63371e609efb909c817dc23c6ad43018d09a8749288a72a8
sp48_ol2_s0.6	48	2053	raceline2	0.6	seed1_iter30	overtaking	False	False	0	ce250ee39be7e56d0383e003cf49262d75d3c7fbe0d161ddf010651e7c37065c
sp48_ol2_s0.7	48	2053	raceline2	0.7	BC	overtaking	False	False	0	b5a1360fee18c2875185a3d23ab21cbdd8a4cdb2e94639433a148f34809ac5e4
sp48_ol2_s0.7	48	2053	raceline2	0.7	seed1_iter10	overtaking	False	False	0	4dde873cb0c81ac9836eeeb3b0b740d82ff1887a23b8e568008abffd27476312
sp48_ol2_s0.7	48	2053	raceline2	0.7	seed1_iter20	overtaking	False	False	0	e3190c2aa3683e6b63371e609efb909c817dc23c6ad43018d09a8749288a72a8
sp48_ol2_s0.7	48	2053	raceline2	0.7	seed1_iter30	overtaking	False	False	0	ce250ee39be7e56d0383e003cf49262d75d3c7fbe0d161ddf010651e7c37065c
sp48_ol2_s0.8	48	2053	raceline2	0.8	BC	overtaking	False	False	0	b5a1360fee18c2875185a3d23ab21cbdd8a4cdb2e94639433a148f34809ac5e4
sp48_ol2_s0.8	48	2053	raceline2	0.8	seed1_iter10	overtaking	False	False	0	4dde873cb0c81ac9836eeeb3b0b740d82ff1887a23b8e568008abffd27476312
sp48_ol2_s0.8	48	2053	raceline2	0.8	seed1_iter20	overtaking	False	False	0	e3190c2aa3683e6b63371e609efb909c817dc23c6ad43018d09a8749288a72a8
sp48_ol2_s0.8	48	2053	raceline2	0.8	seed1_iter30	overtaking	False	False	0	ce250ee39be7e56d0383e003cf49262d75d3c7fbe0d161ddf010651e7c37065c
sp49_ol0_s0.5	49	2096	raceline0	0.5	BC	overtaking	False	False	0	b5a1360fee18c2875185a3d23ab21cbdd8a4cdb2e94639433a148f34809ac5e4
sp49_ol0_s0.5	49	2096	raceline0	0.5	seed1_iter10	overtaking	False	False	0	4dde873cb0c81ac9836eeeb3b0b740d82ff1887a23b8e568008abffd27476312
sp49_ol0_s0.5	49	2096	raceline0	0.5	seed1_iter20	overtaking	False	False	0	e3190c2aa3683e6b63371e609efb909c817dc23c6ad43018d09a8749288a72a8
sp49_ol0_s0.5	49	2096	raceline0	0.5	seed1_iter30	overtaking	False	False	0	ce250ee39be7e56d0383e003cf49262d75d3c7fbe0d161ddf010651e7c37065c
sp49_ol0_s0.6	49	2096	raceline0	0.6	BC	overtaking	False	False	0	b5a1360fee18c2875185a3d23ab21cbdd8a4cdb2e94639433a148f34809ac5e4
sp49_ol0_s0.6	49	2096	raceline0	0.6	seed1_iter10	overtaking	False	False	0	4dde873cb0c81ac9836eeeb3b0b740d82ff1887a23b8e568008abffd27476312
sp49_ol0_s0.6	49	2096	raceline0	0.6	seed1_iter20	overtaking	False	False	0	e3190c2aa3683e6b63371e609efb909c817dc23c6ad43018d09a8749288a72a8
sp49_ol0_s0.6	49	2096	raceline0	0.6	seed1_iter30	overtaking	False	False	0	ce250ee39be7e56d0383e003cf49262d75d3c7fbe0d161ddf010651e7c37065c
sp49_ol0_s0.7	49	2096	raceline0	0.7	BC	overtaking	False	False	0	b5a1360fee18c2875185a3d23ab21cbdd8a4cdb2e94639433a148f34809ac5e4
sp49_ol0_s0.7	49	2096	raceline0	0.7	seed1_iter10	overtaking	False	False	0	4dde873cb0c81ac9836eeeb3b0b740d82ff1887a23b8e568008abffd27476312
sp49_ol0_s0.7	49	2096	raceline0	0.7	seed1_iter20	overtaking	False	False	0	e3190c2aa3683e6b63371e609efb909c817dc23c6ad43018d09a8749288a72a8
sp49_ol0_s0.7	49	2096	raceline0	0.7	seed1_iter30	overtaking	False	False	0	ce250ee39be7e56d0383e003cf49262d75d3c7fbe0d161ddf010651e7c37065c
sp49_ol0_s0.8	49	2096	raceline0	0.8	BC	following	False	False	0	b5a1360fee18c2875185a3d23ab21cbdd8a4cdb2e94639433a148f34809ac5e4
sp49_ol0_s0.8	49	2096	raceline0	0.8	seed1_iter10	following	False	False	0	4dde873cb0c81ac9836eeeb3b0b740d82ff1887a23b8e568008abffd27476312
sp49_ol0_s0.8	49	2096	raceline0	0.8	seed1_iter20	following	False	False	0	e3190c2aa3683e6b63371e609efb909c817dc23c6ad43018d09a8749288a72a8
sp49_ol0_s0.8	49	2096	raceline0	0.8	seed1_iter30	following	False	False	0	ce250ee39be7e56d0383e003cf49262d75d3c7fbe0d161ddf010651e7c37065c
sp49_ol1_s0.5	49	2096	raceline1	0.5	BC	following	False	False	0	b5a1360fee18c2875185a3d23ab21cbdd8a4cdb2e94639433a148f34809ac5e4
sp49_ol1_s0.5	49	2096	raceline1	0.5	seed1_iter10	following	False	False	0	4dde873cb0c81ac9836eeeb3b0b740d82ff1887a23b8e568008abffd27476312
sp49_ol1_s0.5	49	2096	raceline1	0.5	seed1_iter20	following	False	False	0	e3190c2aa3683e6b63371e609efb909c817dc23c6ad43018d09a8749288a72a8
sp49_ol1_s0.5	49	2096	raceline1	0.5	seed1_iter30	following	False	False	0	ce250ee39be7e56d0383e003cf49262d75d3c7fbe0d161ddf010651e7c37065c
sp49_ol1_s0.6	49	2096	raceline1	0.6	BC	following	False	False	0	b5a1360fee18c2875185a3d23ab21cbdd8a4cdb2e94639433a148f34809ac5e4
sp49_ol1_s0.6	49	2096	raceline1	0.6	seed1_iter10	following	False	False	0	4dde873cb0c81ac9836eeeb3b0b740d82ff1887a23b8e568008abffd27476312
sp49_ol1_s0.6	49	2096	raceline1	0.6	seed1_iter20	following	False	False	0	e3190c2aa3683e6b63371e609efb909c817dc23c6ad43018d09a8749288a72a8
sp49_ol1_s0.6	49	2096	raceline1	0.6	seed1_iter30	following	False	False	0	ce250ee39be7e56d0383e003cf49262d75d3c7fbe0d161ddf010651e7c37065c
sp49_ol1_s0.7	49	2096	raceline1	0.7	BC	following	False	False	0	b5a1360fee18c2875185a3d23ab21cbdd8a4cdb2e94639433a148f34809ac5e4
sp49_ol1_s0.7	49	2096	raceline1	0.7	seed1_iter10	following	False	False	0	4dde873cb0c81ac9836eeeb3b0b740d82ff1887a23b8e568008abffd27476312
sp49_ol1_s0.7	49	2096	raceline1	0.7	seed1_iter20	following	False	False	0	e3190c2aa3683e6b63371e609efb909c817dc23c6ad43018d09a8749288a72a8
sp49_ol1_s0.7	49	2096	raceline1	0.7	seed1_iter30	following	False	False	0	ce250ee39be7e56d0383e003cf49262d75d3c7fbe0d161ddf010651e7c37065c
sp49_ol1_s0.8	49	2096	raceline1	0.8	BC	following	False	False	0	b5a1360fee18c2875185a3d23ab21cbdd8a4cdb2e94639433a148f34809ac5e4
sp49_ol1_s0.8	49	2096	raceline1	0.8	seed1_iter10	following	False	False	0	4dde873cb0c81ac9836eeeb3b0b740d82ff1887a23b8e568008abffd27476312
sp49_ol1_s0.8	49	2096	raceline1	0.8	seed1_iter20	following	False	False	0	e3190c2aa3683e6b63371e609efb909c817dc23c6ad43018d09a8749288a72a8
sp49_ol1_s0.8	49	2096	raceline1	0.8	seed1_iter30	following	False	False	0	ce250ee39be7e56d0383e003cf49262d75d3c7fbe0d161ddf010651e7c37065c
sp49_ol2_s0.5	49	2096	raceline2	0.5	BC	overtaking	False	False	0	b5a1360fee18c2875185a3d23ab21cbdd8a4cdb2e94639433a148f34809ac5e4
sp49_ol2_s0.5	49	2096	raceline2	0.5	seed1_iter10	overtaking	False	False	0	4dde873cb0c81ac9836eeeb3b0b740d82ff1887a23b8e568008abffd27476312
sp49_ol2_s0.5	49	2096	raceline2	0.5	seed1_iter20	overtaking	False	False	0	e3190c2aa3683e6b63371e609efb909c817dc23c6ad43018d09a8749288a72a8
sp49_ol2_s0.5	49	2096	raceline2	0.5	seed1_iter30	overtaking	False	False	0	ce250ee39be7e56d0383e003cf49262d75d3c7fbe0d161ddf010651e7c37065c
sp49_ol2_s0.6	49	2096	raceline2	0.6	BC	overtaking	False	False	0	b5a1360fee18c2875185a3d23ab21cbdd8a4cdb2e94639433a148f34809ac5e4
sp49_ol2_s0.6	49	2096	raceline2	0.6	seed1_iter10	overtaking	False	False	0	4dde873cb0c81ac9836eeeb3b0b740d82ff1887a23b8e568008abffd27476312
sp49_ol2_s0.6	49	2096	raceline2	0.6	seed1_iter20	overtaking	False	False	0	e3190c2aa3683e6b63371e609efb909c817dc23c6ad43018d09a8749288a72a8
sp49_ol2_s0.6	49	2096	raceline2	0.6	seed1_iter30	overtaking	False	False	0	ce250ee39be7e56d0383e003cf49262d75d3c7fbe0d161ddf010651e7c37065c
sp49_ol2_s0.7	49	2096	raceline2	0.7	BC	overtaking	False	False	0	b5a1360fee18c2875185a3d23ab21cbdd8a4cdb2e94639433a148f34809ac5e4
sp49_ol2_s0.7	49	2096	raceline2	0.7	seed1_iter10	overtaking	False	False	0	4dde873cb0c81ac9836eeeb3b0b740d82ff1887a23b8e568008abffd27476312
sp49_ol2_s0.7	49	2096	raceline2	0.7	seed1_iter20	overtaking	False	False	0	e3190c2aa3683e6b63371e609efb909c817dc23c6ad43018d09a8749288a72a8
sp49_ol2_s0.7	49	2096	raceline2	0.7	seed1_iter30	overtaking	False	False	0	ce250ee39be7e56d0383e003cf49262d75d3c7fbe0d161ddf010651e7c37065c
sp49_ol2_s0.8	49	2096	raceline2	0.8	BC	overtaking	False	False	0	b5a1360fee18c2875185a3d23ab21cbdd8a4cdb2e94639433a148f34809ac5e4
sp49_ol2_s0.8	49	2096	raceline2	0.8	seed1_iter10	overtaking	False	False	0	4dde873cb0c81ac9836eeeb3b0b740d82ff1887a23b8e568008abffd27476312
sp49_ol2_s0.8	49	2096	raceline2	0.8	seed1_iter20	overtaking	False	False	0	e3190c2aa3683e6b63371e609efb909c817dc23c6ad43018d09a8749288a72a8
sp49_ol2_s0.8	49	2096	raceline2	0.8	seed1_iter30	overtaking	False	False	0	ce250ee39be7e56d0383e003cf49262d75d3c7fbe0d161ddf010651e7c37065c
