panel,run,update,valid,scenario_id,outcome,ego_collision,merge_tail_primary,collision_class,final_relative_position_m
ppo_independent_gru_0721_base_u0001,ppo_independent_gru_0721_base,1,True,evaluation-sp12-ego513-raceline0-v0.8,ego_collision,True,True,post_overtake_merge_rear_sweep,0.34410697369725085
ppo_independent_gru_0721_base_u0001,ppo_independent_gru_0721_base,1,True,evaluation-sp13-ego556-raceline0-v0.8,ego_collision,True,True,post_overtake_merge_rear_sweep,0.3866112586661359
ppo_independent_gru_0721_base_u0001,ppo_independent_gru_0721_base,1,True,evaluation-sp15-ego641-raceline2-v0.7,ego_collision,True,True,post_overtake_merge_rear_sweep,0.2480019848579218
ppo_independent_gru_0721_base_u0001,ppo_independent_gru_0721_base,1,True,evaluation-sp2-ego85-raceline2-v0.8,ego_collision,True,False,prepass_or_front_side_opponent_contact,-0.016676242566774135
ppo_independent_gru_0721_base_u0001,ppo_independent_gru_0721_base,1,True,evaluation-sp21-ego898-raceline0-v0.7,ego_collision,True,False,prepass_or_front_side_opponent_contact,0.14403510340051184
ppo_independent_gru_0721_base_u0001,ppo_independent_gru_0721_base,1,True,evaluation-sp30-ego1283-raceline0-v0.7,ego_collision,True,True,post_overtake_merge_rear_sweep,0.26662744402540284
ppo_independent_gru_0721_base_u0001,ppo_independent_gru_0721_base,1,True,evaluation-sp37-ego1582-raceline2-v0.7,ego_collision,True,True,post_overtake_merge_rear_sweep,0.5244372692079082
ppo_independent_gru_0721_base_u0001,ppo_independent_gru_0721_base,1,True,evaluation-sp4-ego171-raceline2-v0.8,overtake,False,False,none,1.240438904914555
ppo_independent_gru_0721_base_u0001,ppo_independent_gru_0721_base,1,True,evaluation-sp45-ego1924-raceline0-v0.7,overtake,False,False,none,4.994548259855975
ppo_independent_gru_0721_base_u0001,ppo_independent_gru_0721_base,1,True,evaluation-sp5-ego213-raceline0-v0.7,ego_collision,True,True,post_overtake_merge_rear_sweep,0.37348708273398756
ppo_independent_gru_0721_base_u0001,ppo_independent_gru_0721_base,1,True,evaluation-sp9-ego384-raceline0-v0.7,ego_collision,True,True,post_overtake_merge_rear_sweep,0.2067473643325286
ppo_independent_gru_0721_base_u0005,ppo_independent_gru_0721_base,5,True,evaluation-sp12-ego513-raceline0-v0.8,overtake,False,False,none,0.8574412082077458
ppo_independent_gru_0721_base_u0005,ppo_independent_gru_0721_base,5,True,evaluation-sp13-ego556-raceline0-v0.8,overtake,False,False,none,0.21825328306042024
ppo_independent_gru_0721_base_u0005,ppo_independent_gru_0721_base,5,True,evaluation-sp15-ego641-raceline2-v0.7,ego_collision,True,True,post_overtake_merge_rear_sweep,0.1650712288676175
ppo_independent_gru_0721_base_u0005,ppo_independent_gru_0721_base,5,True,evaluation-sp2-ego85-raceline2-v0.8,overtake,False,False,none,0.110072867754468
ppo_independent_gru_0721_base_u0005,ppo_independent_gru_0721_base,5,True,evaluation-sp21-ego898-raceline0-v0.7,overtake,False,False,none,1.6767152080211076
ppo_independent_gru_0721_base_u0005,ppo_independent_gru_0721_base,5,True,evaluation-sp30-ego1283-raceline0-v0.7,ego_collision,True,True,post_overtake_merge_rear_sweep,0.8091035541141309
ppo_independent_gru_0721_base_u0005,ppo_independent_gru_0721_base,5,True,evaluation-sp37-ego1582-raceline2-v0.7,ego_collision,True,True,post_overtake_merge_rear_sweep,0.44297739766926725
ppo_independent_gru_0721_base_u0005,ppo_independent_gru_0721_base,5,True,evaluation-sp4-ego171-raceline2-v0.8,overtake,False,False,none,1.1576055935393867
ppo_independent_gru_0721_base_u0005,ppo_independent_gru_0721_base,5,True,evaluation-sp45-ego1924-raceline0-v0.7,overtake,False,False,none,4.12668979090526
ppo_independent_gru_0721_base_u0005,ppo_independent_gru_0721_base,5,True,evaluation-sp5-ego213-raceline0-v0.7,ego_collision,True,True,post_overtake_merge_rear_sweep,0.18549264411598188
ppo_independent_gru_0721_base_u0005,ppo_independent_gru_0721_base,5,True,evaluation-sp9-ego384-raceline0-v0.7,overtake,False,False,none,0.9446917695073296
ppo_independent_gru_0721_base_u0010,ppo_independent_gru_0721_base,10,True,evaluation-sp12-ego513-raceline0-v0.8,ego_collision,True,True,post_overtake_merge_rear_sweep,0.3541006359992025
ppo_independent_gru_0721_base_u0010,ppo_independent_gru_0721_base,10,True,evaluation-sp13-ego556-raceline0-v0.8,overtake,False,False,none,1.1699783948190827
ppo_independent_gru_0721_base_u0010,ppo_independent_gru_0721_base,10,True,evaluation-sp15-ego641-raceline2-v0.7,ego_collision,True,True,post_overtake_merge_rear_sweep,0.2691126969740196
ppo_independent_gru_0721_base_u0010,ppo_independent_gru_0721_base,10,True,evaluation-sp2-ego85-raceline2-v0.8,follow,False,False,none,-0.5477928846166265
ppo_independent_gru_0721_base_u0010,ppo_independent_gru_0721_base,10,True,evaluation-sp21-ego898-raceline0-v0.7,ego_collision,True,True,post_overtake_merge_rear_sweep,0.6269186251138876
ppo_independent_gru_0721_base_u0010,ppo_independent_gru_0721_base,10,True,evaluation-sp30-ego1283-raceline0-v0.7,overtake,False,False,none,1.8154488599190586
ppo_independent_gru_0721_base_u0010,ppo_independent_gru_0721_base,10,True,evaluation-sp37-ego1582-raceline2-v0.7,ego_collision,True,True,post_overtake_merge_rear_sweep,0.5144055739811506
ppo_independent_gru_0721_base_u0010,ppo_independent_gru_0721_base,10,True,evaluation-sp4-ego171-raceline2-v0.8,follow,False,False,none,-0.8399058651748135
ppo_independent_gru_0721_base_u0010,ppo_independent_gru_0721_base,10,True,evaluation-sp45-ego1924-raceline0-v0.7,overtake,False,False,none,6.502539667156725
ppo_independent_gru_0721_base_u0010,ppo_independent_gru_0721_base,10,True,evaluation-sp5-ego213-raceline0-v0.7,ego_collision,True,False,prepass_or_front_side_opponent_contact,0.06423253184473765
ppo_independent_gru_0721_base_u0010,ppo_independent_gru_0721_base,10,True,evaluation-sp9-ego384-raceline0-v0.7,overtake,False,False,none,0.9100065661187671
ppo_independent_gru_0721_base_u0015,ppo_independent_gru_0721_base,15,True,evaluation-sp12-ego513-raceline0-v0.8,overtake,False,False,none,0.6205377547714761
ppo_independent_gru_0721_base_u0015,ppo_independent_gru_0721_base,15,True,evaluation-sp13-ego556-raceline0-v0.8,overtake,False,False,none,0.38370227085437136
ppo_independent_gru_0721_base_u0015,ppo_independent_gru_0721_base,15,True,evaluation-sp15-ego641-raceline2-v0.7,ego_collision,True,False,prepass_or_front_side_opponent_contact,0.10778358690012624
ppo_independent_gru_0721_base_u0015,ppo_independent_gru_0721_base,15,True,evaluation-sp2-ego85-raceline2-v0.8,follow,False,False,none,-0.9037836960516472
ppo_independent_gru_0721_base_u0015,ppo_independent_gru_0721_base,15,True,evaluation-sp21-ego898-raceline0-v0.7,ego_collision,True,False,prepass_or_front_side_opponent_contact,0.1421322401907048
ppo_independent_gru_0721_base_u0015,ppo_independent_gru_0721_base,15,True,evaluation-sp30-ego1283-raceline0-v0.7,overtake,False,False,none,2.9101940171503315
ppo_independent_gru_0721_base_u0015,ppo_independent_gru_0721_base,15,True,evaluation-sp37-ego1582-raceline2-v0.7,ego_collision,True,True,post_overtake_merge_rear_sweep,0.46602430957159413
ppo_independent_gru_0721_base_u0015,ppo_independent_gru_0721_base,15,True,evaluation-sp4-ego171-raceline2-v0.8,follow,False,False,none,-0.9895938414374257
ppo_independent_gru_0721_base_u0015,ppo_independent_gru_0721_base,15,True,evaluation-sp45-ego1924-raceline0-v0.7,overtake,False,False,none,5.024375905238259
ppo_independent_gru_0721_base_u0015,ppo_independent_gru_0721_base,15,True,evaluation-sp5-ego213-raceline0-v0.7,ego_collision,True,True,post_overtake_merge_rear_sweep,0.19366679514379825
ppo_independent_gru_0721_base_u0015,ppo_independent_gru_0721_base,15,True,evaluation-sp9-ego384-raceline0-v0.7,overtake,False,False,none,0.9668798231744518
ppo_independent_gru_0721_base_u0020,ppo_independent_gru_0721_base,20,True,evaluation-sp12-ego513-raceline0-v0.8,overtake,False,False,none,0.4715072930473241
ppo_independent_gru_0721_base_u0020,ppo_independent_gru_0721_base,20,True,evaluation-sp13-ego556-raceline0-v0.8,overtake,False,False,none,0.295778112182262
ppo_independent_gru_0721_base_u0020,ppo_independent_gru_0721_base,20,True,evaluation-sp15-ego641-raceline2-v0.7,ego_collision,True,True,post_overtake_merge_rear_sweep,0.14965433268096717
ppo_independent_gru_0721_base_u0020,ppo_independent_gru_0721_base,20,True,evaluation-sp2-ego85-raceline2-v0.8,follow,False,False,none,-0.4848845193828879
ppo_independent_gru_0721_base_u0020,ppo_independent_gru_0721_base,20,True,evaluation-sp21-ego898-raceline0-v0.7,ego_collision,True,True,post_overtake_merge_rear_sweep,0.2116593213497424
ppo_independent_gru_0721_base_u0020,ppo_independent_gru_0721_base,20,True,evaluation-sp30-ego1283-raceline0-v0.7,overtake,False,False,none,5.079024141623563
ppo_independent_gru_0721_base_u0020,ppo_independent_gru_0721_base,20,True,evaluation-sp37-ego1582-raceline2-v0.7,ego_collision,True,True,post_overtake_merge_rear_sweep,0.38565298426766503
ppo_independent_gru_0721_base_u0020,ppo_independent_gru_0721_base,20,True,evaluation-sp4-ego171-raceline2-v0.8,follow,False,False,none,-0.8669326495073619
ppo_independent_gru_0721_base_u0020,ppo_independent_gru_0721_base,20,True,evaluation-sp45-ego1924-raceline0-v0.7,overtake,False,False,none,4.900482567457004
ppo_independent_gru_0721_base_u0020,ppo_independent_gru_0721_base,20,True,evaluation-sp5-ego213-raceline0-v0.7,ego_collision,True,False,prepass_or_front_side_opponent_contact,0.11255644835770795
ppo_independent_gru_0721_base_u0020,ppo_independent_gru_0721_base,20,True,evaluation-sp9-ego384-raceline0-v0.7,overtake,False,False,none,1.0515672811384036
ppo_privilege_gru_0721_base_u0001,ppo_privilege_gru_0721_base,1,True,evaluation-sp12-ego513-raceline0-v0.8,ego_collision,True,True,post_overtake_merge_rear_sweep,0.047117555420499
ppo_privilege_gru_0721_base_u0001,ppo_privilege_gru_0721_base,1,True,evaluation-sp13-ego556-raceline0-v0.8,overtake,False,False,none,0.4409523586091666
ppo_privilege_gru_0721_base_u0001,ppo_privilege_gru_0721_base,1,True,evaluation-sp15-ego641-raceline2-v0.7,ego_collision,True,True,post_overtake_merge_rear_sweep,0.24756309757535178
ppo_privilege_gru_0721_base_u0001,ppo_privilege_gru_0721_base,1,True,evaluation-sp2-ego85-raceline2-v0.8,ego_collision,True,True,post_overtake_merge_rear_sweep,0.20746215221331
ppo_privilege_gru_0721_base_u0001,ppo_privilege_gru_0721_base,1,True,evaluation-sp21-ego898-raceline0-v0.7,ego_collision,True,True,post_overtake_merge_rear_sweep,0.23482624864152513
ppo_privilege_gru_0721_base_u0001,ppo_privilege_gru_0721_base,1,True,evaluation-sp30-ego1283-raceline0-v0.7,overtake,False,False,none,6.430426981064954
ppo_privilege_gru_0721_base_u0001,ppo_privilege_gru_0721_base,1,True,evaluation-sp37-ego1582-raceline2-v0.7,overtake,False,False,none,12.23398565751944
ppo_privilege_gru_0721_base_u0001,ppo_privilege_gru_0721_base,1,True,evaluation-sp4-ego171-raceline2-v0.8,overtake,False,False,none,0.7077228532163247
ppo_privilege_gru_0721_base_u0001,ppo_privilege_gru_0721_base,1,True,evaluation-sp45-ego1924-raceline0-v0.7,overtake,False,False,none,4.163352766622353
ppo_privilege_gru_0721_base_u0001,ppo_privilege_gru_0721_base,1,True,evaluation-sp5-ego213-raceline0-v0.7,ego_collision,True,True,post_overtake_merge_rear_sweep,0.45126287480630367
ppo_privilege_gru_0721_base_u0001,ppo_privilege_gru_0721_base,1,True,evaluation-sp9-ego384-raceline0-v0.7,ego_collision,True,False,prepass_or_front_side_opponent_contact,-0.1330606654999258
ppo_privilege_gru_0721_base_u0005,ppo_privilege_gru_0721_base,5,True,evaluation-sp12-ego513-raceline0-v0.8,ego_collision,True,True,post_overtake_merge_rear_sweep,0.39581163208058
ppo_privilege_gru_0721_base_u0005,ppo_privilege_gru_0721_base,5,True,evaluation-sp13-ego556-raceline0-v0.8,overtake,False,False,none,0.21301562062890866
ppo_privilege_gru_0721_base_u0005,ppo_privilege_gru_0721_base,5,True,evaluation-sp15-ego641-raceline2-v0.7,ego_collision,True,True,post_overtake_merge_rear_sweep,0.3782400391200724
ppo_privilege_gru_0721_base_u0005,ppo_privilege_gru_0721_base,5,True,evaluation-sp2-ego85-raceline2-v0.8,ego_collision,True,False,prepass_or_front_side_opponent_contact,0.05234498889961969
ppo_privilege_gru_0721_base_u0005,ppo_privilege_gru_0721_base,5,True,evaluation-sp21-ego898-raceline0-v0.7,ego_collision,True,False,prepass_or_front_side_opponent_contact,0.146064310192628
ppo_privilege_gru_0721_base_u0005,ppo_privilege_gru_0721_base,5,True,evaluation-sp30-ego1283-raceline0-v0.7,ego_collision,True,True,post_overtake_merge_rear_sweep,0.7995770507800444
ppo_privilege_gru_0721_base_u0005,ppo_privilege_gru_0721_base,5,True,evaluation-sp37-ego1582-raceline2-v0.7,overtake,False,False,none,11.496487466034125
ppo_privilege_gru_0721_base_u0005,ppo_privilege_gru_0721_base,5,True,evaluation-sp4-ego171-raceline2-v0.8,ego_collision,True,True,post_overtake_merge_rear_sweep,0.4272416222190998
ppo_privilege_gru_0721_base_u0005,ppo_privilege_gru_0721_base,5,True,evaluation-sp45-ego1924-raceline0-v0.7,overtake,False,False,none,3.3884144969247814
ppo_privilege_gru_0721_base_u0005,ppo_privilege_gru_0721_base,5,True,evaluation-sp5-ego213-raceline0-v0.7,ego_collision,True,True,post_overtake_merge_rear_sweep,0.3723278425511296
ppo_privilege_gru_0721_base_u0005,ppo_privilege_gru_0721_base,5,True,evaluation-sp9-ego384-raceline0-v0.7,ego_collision,True,True,post_overtake_merge_rear_sweep,0.13473292110475654
ppo_privilege_gru_0721_base_u0010,ppo_privilege_gru_0721_base,10,True,evaluation-sp12-ego513-raceline0-v0.8,overtake,False,False,none,0.983677473108628
ppo_privilege_gru_0721_base_u0010,ppo_privilege_gru_0721_base,10,True,evaluation-sp13-ego556-raceline0-v0.8,overtake,False,False,none,0.18467658634057216
ppo_privilege_gru_0721_base_u0010,ppo_privilege_gru_0721_base,10,True,evaluation-sp15-ego641-raceline2-v0.7,ego_collision,True,True,post_overtake_merge_rear_sweep,0.36959682166670405
ppo_privilege_gru_0721_base_u0010,ppo_privilege_gru_0721_base,10,True,evaluation-sp2-ego85-raceline2-v0.8,follow,False,False,none,-0.28015039450176005
ppo_privilege_gru_0721_base_u0010,ppo_privilege_gru_0721_base,10,True,evaluation-sp21-ego898-raceline0-v0.7,overtake,False,False,none,2.030295073546256
ppo_privilege_gru_0721_base_u0010,ppo_privilege_gru_0721_base,10,True,evaluation-sp30-ego1283-raceline0-v0.7,ego_collision,True,True,post_overtake_merge_rear_sweep,1.5957067460763028
ppo_privilege_gru_0721_base_u0010,ppo_privilege_gru_0721_base,10,True,evaluation-sp37-ego1582-raceline2-v0.7,overtake,False,False,none,10.890388548923227
ppo_privilege_gru_0721_base_u0010,ppo_privilege_gru_0721_base,10,True,evaluation-sp4-ego171-raceline2-v0.8,ego_collision,True,True,post_overtake_merge_rear_sweep,0.4122741212561607
ppo_privilege_gru_0721_base_u0010,ppo_privilege_gru_0721_base,10,True,evaluation-sp45-ego1924-raceline0-v0.7,overtake,False,False,none,4.018408181290766
ppo_privilege_gru_0721_base_u0010,ppo_privilege_gru_0721_base,10,True,evaluation-sp5-ego213-raceline0-v0.7,ego_collision,True,True,post_overtake_merge_rear_sweep,0.23342983831796005
ppo_privilege_gru_0721_base_u0010,ppo_privilege_gru_0721_base,10,True,evaluation-sp9-ego384-raceline0-v0.7,overtake,False,False,none,1.2500485793082987
ppo_privilege_gru_0721_base_u0015,ppo_privilege_gru_0721_base,15,True,evaluation-sp12-ego513-raceline0-v0.8,overtake,False,False,none,1.8267178181821464
ppo_privilege_gru_0721_base_u0015,ppo_privilege_gru_0721_base,15,True,evaluation-sp13-ego556-raceline0-v0.8,overtake,False,False,none,2.6331236820406616
ppo_privilege_gru_0721_base_u0015,ppo_privilege_gru_0721_base,15,True,evaluation-sp15-ego641-raceline2-v0.7,ego_collision,True,True,post_overtake_merge_rear_sweep,0.34002897958427525
ppo_privilege_gru_0721_base_u0015,ppo_privilege_gru_0721_base,15,True,evaluation-sp2-ego85-raceline2-v0.8,overtake,False,False,none,0.7433461593852542
ppo_privilege_gru_0721_base_u0015,ppo_privilege_gru_0721_base,15,True,evaluation-sp21-ego898-raceline0-v0.7,overtake,False,False,none,4.331390467697588
ppo_privilege_gru_0721_base_u0015,ppo_privilege_gru_0721_base,15,True,evaluation-sp30-ego1283-raceline0-v0.7,overtake,False,False,none,5.658007348034857
ppo_privilege_gru_0721_base_u0015,ppo_privilege_gru_0721_base,15,True,evaluation-sp37-ego1582-raceline2-v0.7,ego_collision,True,True,post_overtake_merge_rear_sweep,0.5221938647259208
ppo_privilege_gru_0721_base_u0015,ppo_privilege_gru_0721_base,15,True,evaluation-sp4-ego171-raceline2-v0.8,overtake,False,False,none,1.0666031131189868
ppo_privilege_gru_0721_base_u0015,ppo_privilege_gru_0721_base,15,True,evaluation-sp45-ego1924-raceline0-v0.7,ego_collision,True,True,post_overtake_merge_rear_sweep,0.27780238345499697
ppo_privilege_gru_0721_base_u0015,ppo_privilege_gru_0721_base,15,True,evaluation-sp5-ego213-raceline0-v0.7,ego_collision,True,True,post_overtake_merge_rear_sweep,0.25248436330332424
ppo_privilege_gru_0721_base_u0015,ppo_privilege_gru_0721_base,15,True,evaluation-sp9-ego384-raceline0-v0.7,ego_collision,True,True,post_overtake_merge_rear_sweep,0.05687036981484539
ppo_privilege_gru_0721_base_u0020,ppo_privilege_gru_0721_base,20,True,evaluation-sp12-ego513-raceline0-v0.8,overtake,False,False,none,1.2488070225552121
ppo_privilege_gru_0721_base_u0020,ppo_privilege_gru_0721_base,20,True,evaluation-sp13-ego556-raceline0-v0.8,ego_collision,True,True,post_overtake_merge_rear_sweep,0.15871832281754905
ppo_privilege_gru_0721_base_u0020,ppo_privilege_gru_0721_base,20,True,evaluation-sp15-ego641-raceline2-v0.7,ego_collision,True,True,post_overtake_merge_rear_sweep,0.36224179516480604
ppo_privilege_gru_0721_base_u0020,ppo_privilege_gru_0721_base,20,True,evaluation-sp2-ego85-raceline2-v0.8,ego_collision,True,False,prepass_or_front_side_opponent_contact,0.000914844419014571
ppo_privilege_gru_0721_base_u0020,ppo_privilege_gru_0721_base,20,True,evaluation-sp21-ego898-raceline0-v0.7,ego_collision,True,True,post_overtake_merge_rear_sweep,0.4838892898842744
ppo_privilege_gru_0721_base_u0020,ppo_privilege_gru_0721_base,20,True,evaluation-sp30-ego1283-raceline0-v0.7,overtake,False,False,none,1.812177136443438
ppo_privilege_gru_0721_base_u0020,ppo_privilege_gru_0721_base,20,True,evaluation-sp37-ego1582-raceline2-v0.7,ego_collision,True,True,post_overtake_merge_rear_sweep,0.5041775788006362
ppo_privilege_gru_0721_base_u0020,ppo_privilege_gru_0721_base,20,True,evaluation-sp4-ego171-raceline2-v0.8,overtake,False,False,none,0.9967177830676803
ppo_privilege_gru_0721_base_u0020,ppo_privilege_gru_0721_base,20,True,evaluation-sp45-ego1924-raceline0-v0.7,ego_collision,True,True,post_overtake_merge_rear_sweep,0.4406334864144128
ppo_privilege_gru_0721_base_u0020,ppo_privilege_gru_0721_base,20,True,evaluation-sp5-ego213-raceline0-v0.7,ego_collision,True,True,post_overtake_merge_rear_sweep,0.2871413107079661
ppo_privilege_gru_0721_base_u0020,ppo_privilege_gru_0721_base,20,True,evaluation-sp9-ego384-raceline0-v0.7,ego_collision,True,False,prepass_or_front_side_opponent_contact,-0.22954175502280805
ppo_privilege_gru_0721_bs25600_u0001,ppo_privilege_gru_0721_bs25600,1,True,evaluation-sp12-ego513-raceline0-v0.8,overtake,False,False,none,1.7570210232280488
ppo_privilege_gru_0721_bs25600_u0001,ppo_privilege_gru_0721_bs25600,1,True,evaluation-sp13-ego556-raceline0-v0.8,ego_collision,True,False,prepass_or_front_side_opponent_contact,0.14908196774908333
ppo_privilege_gru_0721_bs25600_u0001,ppo_privilege_gru_0721_bs25600,1,True,evaluation-sp15-ego641-raceline2-v0.7,ego_collision,True,True,post_overtake_merge_rear_sweep,0.4356403315764794
ppo_privilege_gru_0721_bs25600_u0001,ppo_privilege_gru_0721_bs25600,1,True,evaluation-sp2-ego85-raceline2-v0.8,ego_collision,True,True,post_overtake_merge_rear_sweep,0.23451284747997647
ppo_privilege_gru_0721_bs25600_u0001,ppo_privilege_gru_0721_bs25600,1,True,evaluation-sp21-ego898-raceline0-v0.7,overtake,False,False,none,2.954391581997868
ppo_privilege_gru_0721_bs25600_u0001,ppo_privilege_gru_0721_bs25600,1,True,evaluation-sp30-ego1283-raceline0-v0.7,overtake,False,False,none,6.95449146714401
ppo_privilege_gru_0721_bs25600_u0001,ppo_privilege_gru_0721_bs25600,1,True,evaluation-sp37-ego1582-raceline2-v0.7,ego_collision,True,True,post_overtake_merge_rear_sweep,0.45008622290168887
ppo_privilege_gru_0721_bs25600_u0001,ppo_privilege_gru_0721_bs25600,1,True,evaluation-sp4-ego171-raceline2-v0.8,ego_collision,True,True,post_overtake_merge_rear_sweep,0.5677950399890506
ppo_privilege_gru_0721_bs25600_u0001,ppo_privilege_gru_0721_bs25600,1,True,evaluation-sp45-ego1924-raceline0-v0.7,overtake,False,False,none,5.247448801725199
ppo_privilege_gru_0721_bs25600_u0001,ppo_privilege_gru_0721_bs25600,1,True,evaluation-sp5-ego213-raceline0-v0.7,ego_collision,True,True,post_overtake_merge_rear_sweep,0.3679772063771054
ppo_privilege_gru_0721_bs25600_u0001,ppo_privilege_gru_0721_bs25600,1,True,evaluation-sp9-ego384-raceline0-v0.7,ego_collision,True,False,prepass_or_front_side_opponent_contact,-0.10931384070639183
ppo_privilege_gru_0721_bs25600_u0005,ppo_privilege_gru_0721_bs25600,5,True,evaluation-sp12-ego513-raceline0-v0.8,overtake,False,False,none,1.9169080539675178
ppo_privilege_gru_0721_bs25600_u0005,ppo_privilege_gru_0721_bs25600,5,True,evaluation-sp13-ego556-raceline0-v0.8,ego_collision,True,True,post_overtake_merge_rear_sweep,0.3668332677862054
ppo_privilege_gru_0721_bs25600_u0005,ppo_privilege_gru_0721_bs25600,5,True,evaluation-sp15-ego641-raceline2-v0.7,overtake,False,False,none,8.754365878827713
ppo_privilege_gru_0721_bs25600_u0005,ppo_privilege_gru_0721_bs25600,5,True,evaluation-sp2-ego85-raceline2-v0.8,overtake,False,False,none,0.8133560451153414
ppo_privilege_gru_0721_bs25600_u0005,ppo_privilege_gru_0721_bs25600,5,True,evaluation-sp21-ego898-raceline0-v0.7,ego_collision,True,True,post_overtake_merge_rear_sweep,0.49119876626414793
ppo_privilege_gru_0721_bs25600_u0005,ppo_privilege_gru_0721_bs25600,5,True,evaluation-sp30-ego1283-raceline0-v0.7,overtake,False,False,none,1.3935591697201062
ppo_privilege_gru_0721_bs25600_u0005,ppo_privilege_gru_0721_bs25600,5,True,evaluation-sp37-ego1582-raceline2-v0.7,ego_collision,True,True,post_overtake_merge_rear_sweep,0.510728506967439
ppo_privilege_gru_0721_bs25600_u0005,ppo_privilege_gru_0721_bs25600,5,True,evaluation-sp4-ego171-raceline2-v0.8,overtake,False,False,none,1.591961587140645
ppo_privilege_gru_0721_bs25600_u0005,ppo_privilege_gru_0721_bs25600,5,True,evaluation-sp45-ego1924-raceline0-v0.7,ego_collision,True,True,post_overtake_merge_rear_sweep,0.27180971543538135
ppo_privilege_gru_0721_bs25600_u0005,ppo_privilege_gru_0721_bs25600,5,True,evaluation-sp5-ego213-raceline0-v0.7,ego_collision,True,True,post_overtake_merge_rear_sweep,0.37007778043687267
ppo_privilege_gru_0721_bs25600_u0005,ppo_privilege_gru_0721_bs25600,5,True,evaluation-sp9-ego384-raceline0-v0.7,overtake,False,False,none,1.3430537439450916
ppo_privilege_gru_0721_bs25600_u0010,ppo_privilege_gru_0721_bs25600,10,True,evaluation-sp12-ego513-raceline0-v0.8,ego_collision,True,True,post_overtake_merge_rear_sweep,0.5494013886122673
ppo_privilege_gru_0721_bs25600_u0010,ppo_privilege_gru_0721_bs25600,10,True,evaluation-sp13-ego556-raceline0-v0.8,ego_collision,True,True,post_overtake_merge_rear_sweep,0.2755611926945676
ppo_privilege_gru_0721_bs25600_u0010,ppo_privilege_gru_0721_bs25600,10,True,evaluation-sp15-ego641-raceline2-v0.7,ego_collision,True,True,post_overtake_merge_rear_sweep,0.36481235746333596
ppo_privilege_gru_0721_bs25600_u0010,ppo_privilege_gru_0721_bs25600,10,True,evaluation-sp2-ego85-raceline2-v0.8,ego_collision,True,True,post_overtake_merge_rear_sweep,0.09369890660738633
ppo_privilege_gru_0721_bs25600_u0010,ppo_privilege_gru_0721_bs25600,10,True,evaluation-sp21-ego898-raceline0-v0.7,ego_collision,True,True,post_overtake_merge_rear_sweep,0.5072453766920262
ppo_privilege_gru_0721_bs25600_u0010,ppo_privilege_gru_0721_bs25600,10,True,evaluation-sp30-ego1283-raceline0-v0.7,overtake,False,False,none,5.731693396108938
ppo_privilege_gru_0721_bs25600_u0010,ppo_privilege_gru_0721_bs25600,10,True,evaluation-sp37-ego1582-raceline2-v0.7,overtake,False,False,none,12.06755414590566
ppo_privilege_gru_0721_bs25600_u0010,ppo_privilege_gru_0721_bs25600,10,True,evaluation-sp4-ego171-raceline2-v0.8,overtake,False,False,none,1.1665274298773056
ppo_privilege_gru_0721_bs25600_u0010,ppo_privilege_gru_0721_bs25600,10,True,evaluation-sp45-ego1924-raceline0-v0.7,ego_collision,True,True,post_overtake_merge_rear_sweep,0.32549431942206297
ppo_privilege_gru_0721_bs25600_u0010,ppo_privilege_gru_0721_bs25600,10,True,evaluation-sp5-ego213-raceline0-v0.7,ego_collision,True,True,post_overtake_merge_rear_sweep,0.5965631349549199
ppo_privilege_gru_0721_bs25600_u0010,ppo_privilege_gru_0721_bs25600,10,True,evaluation-sp9-ego384-raceline0-v0.7,ego_collision,True,False,prepass_or_front_side_opponent_contact,-0.05822735964213166
ppo_privilege_gru_0721_bs25600_u0015,ppo_privilege_gru_0721_bs25600,15,True,evaluation-sp12-ego513-raceline0-v0.8,ego_collision,True,True,post_overtake_merge_rear_sweep,0.46343808406001585
ppo_privilege_gru_0721_bs25600_u0015,ppo_privilege_gru_0721_bs25600,15,True,evaluation-sp13-ego556-raceline0-v0.8,ego_collision,True,True,post_overtake_merge_rear_sweep,0.29249182617803626
ppo_privilege_gru_0721_bs25600_u0015,ppo_privilege_gru_0721_bs25600,15,True,evaluation-sp15-ego641-raceline2-v0.7,ego_collision,True,True,post_overtake_merge_rear_sweep,0.4235228411877756
ppo_privilege_gru_0721_bs25600_u0015,ppo_privilege_gru_0721_bs25600,15,True,evaluation-sp2-ego85-raceline2-v0.8,ego_collision,True,False,prepass_or_front_side_opponent_contact,0.006662732025205287
ppo_privilege_gru_0721_bs25600_u0015,ppo_privilege_gru_0721_bs25600,15,True,evaluation-sp21-ego898-raceline0-v0.7,ego_collision,True,True,post_overtake_merge_rear_sweep,0.43224022231123627
ppo_privilege_gru_0721_bs25600_u0015,ppo_privilege_gru_0721_bs25600,15,True,evaluation-sp30-ego1283-raceline0-v0.7,overtake,False,False,none,6.715779318732757
ppo_privilege_gru_0721_bs25600_u0015,ppo_privilege_gru_0721_bs25600,15,True,evaluation-sp37-ego1582-raceline2-v0.7,ego_collision,True,True,post_overtake_merge_rear_sweep,0.5007351319313784
ppo_privilege_gru_0721_bs25600_u0015,ppo_privilege_gru_0721_bs25600,15,True,evaluation-sp4-ego171-raceline2-v0.8,overtake,False,False,none,0.991472968514671
ppo_privilege_gru_0721_bs25600_u0015,ppo_privilege_gru_0721_bs25600,15,True,evaluation-sp45-ego1924-raceline0-v0.7,ego_collision,True,True,post_overtake_merge_rear_sweep,0.2237955323462586
ppo_privilege_gru_0721_bs25600_u0015,ppo_privilege_gru_0721_bs25600,15,True,evaluation-sp5-ego213-raceline0-v0.7,ego_collision,True,True,post_overtake_merge_rear_sweep,0.5304536379190097
ppo_privilege_gru_0721_bs25600_u0015,ppo_privilege_gru_0721_bs25600,15,True,evaluation-sp9-ego384-raceline0-v0.7,ego_collision,True,True,post_overtake_merge_rear_sweep,0.25564997928003663
ppo_privilege_gru_0721_bs25600_u0020,ppo_privilege_gru_0721_bs25600,20,True,evaluation-sp12-ego513-raceline0-v0.8,overtake,False,False,none,1.0922221040208058
ppo_privilege_gru_0721_bs25600_u0020,ppo_privilege_gru_0721_bs25600,20,True,evaluation-sp13-ego556-raceline0-v0.8,ego_collision,True,True,post_overtake_merge_rear_sweep,0.23885161506251507
ppo_privilege_gru_0721_bs25600_u0020,ppo_privilege_gru_0721_bs25600,20,True,evaluation-sp15-ego641-raceline2-v0.7,overtake,False,False,none,8.656584954825064
ppo_privilege_gru_0721_bs25600_u0020,ppo_privilege_gru_0721_bs25600,20,True,evaluation-sp2-ego85-raceline2-v0.8,overtake,False,False,none,0.4090207749847252
ppo_privilege_gru_0721_bs25600_u0020,ppo_privilege_gru_0721_bs25600,20,True,evaluation-sp21-ego898-raceline0-v0.7,ego_collision,True,True,post_overtake_merge_rear_sweep,0.44526252104455466
ppo_privilege_gru_0721_bs25600_u0020,ppo_privilege_gru_0721_bs25600,20,True,evaluation-sp30-ego1283-raceline0-v0.7,overtake,False,False,none,6.839844959915865
ppo_privilege_gru_0721_bs25600_u0020,ppo_privilege_gru_0721_bs25600,20,True,evaluation-sp37-ego1582-raceline2-v0.7,ego_collision,True,True,post_overtake_merge_rear_sweep,0.38727541629492634
ppo_privilege_gru_0721_bs25600_u0020,ppo_privilege_gru_0721_bs25600,20,True,evaluation-sp4-ego171-raceline2-v0.8,overtake,False,False,none,1.1556400146608325
ppo_privilege_gru_0721_bs25600_u0020,ppo_privilege_gru_0721_bs25600,20,True,evaluation-sp45-ego1924-raceline0-v0.7,ego_collision,True,True,post_overtake_merge_rear_sweep,0.30801844352569674
ppo_privilege_gru_0721_bs25600_u0020,ppo_privilege_gru_0721_bs25600,20,True,evaluation-sp5-ego213-raceline0-v0.7,ego_collision,True,True,post_overtake_merge_rear_sweep,0.3661674599278797
ppo_privilege_gru_0721_bs25600_u0020,ppo_privilege_gru_0721_bs25600,20,True,evaluation-sp9-ego384-raceline0-v0.7,ego_collision,True,False,prepass_or_front_side_opponent_contact,-0.04629879763641043
ppo_privilege_gru_0721_bs51200_u0001,ppo_privilege_gru_0721_bs51200,1,True,evaluation-sp12-ego513-raceline0-v0.8,ego_collision,True,False,prepass_or_front_side_opponent_contact,-0.03828740856229729
ppo_privilege_gru_0721_bs51200_u0001,ppo_privilege_gru_0721_bs51200,1,True,evaluation-sp13-ego556-raceline0-v0.8,ego_collision,True,False,prepass_or_front_side_opponent_contact,0.08852238262900869
ppo_privilege_gru_0721_bs51200_u0001,ppo_privilege_gru_0721_bs51200,1,True,evaluation-sp15-ego641-raceline2-v0.7,ego_collision,True,True,post_overtake_merge_rear_sweep,0.3423964371088175
ppo_privilege_gru_0721_bs51200_u0001,ppo_privilege_gru_0721_bs51200,1,True,evaluation-sp2-ego85-raceline2-v0.8,ego_collision,True,False,prepass_or_front_side_opponent_contact,0.05127264574491619
ppo_privilege_gru_0721_bs51200_u0001,ppo_privilege_gru_0721_bs51200,1,True,evaluation-sp21-ego898-raceline0-v0.7,ego_collision,True,True,post_overtake_merge_rear_sweep,0.24611000964316077
ppo_privilege_gru_0721_bs51200_u0001,ppo_privilege_gru_0721_bs51200,1,True,evaluation-sp30-ego1283-raceline0-v0.7,ego_collision,True,True,post_overtake_merge_rear_sweep,1.0364425715804373
ppo_privilege_gru_0721_bs51200_u0001,ppo_privilege_gru_0721_bs51200,1,True,evaluation-sp37-ego1582-raceline2-v0.7,ego_collision,True,True,post_overtake_merge_rear_sweep,0.490810513733436
ppo_privilege_gru_0721_bs51200_u0001,ppo_privilege_gru_0721_bs51200,1,True,evaluation-sp4-ego171-raceline2-v0.8,overtake,False,False,none,1.047058651998924
ppo_privilege_gru_0721_bs51200_u0001,ppo_privilege_gru_0721_bs51200,1,True,evaluation-sp45-ego1924-raceline0-v0.7,overtake,False,False,none,4.878663199649395
ppo_privilege_gru_0721_bs51200_u0001,ppo_privilege_gru_0721_bs51200,1,True,evaluation-sp5-ego213-raceline0-v0.7,ego_collision,True,True,post_overtake_merge_rear_sweep,0.3601374574893157
ppo_privilege_gru_0721_bs51200_u0001,ppo_privilege_gru_0721_bs51200,1,True,evaluation-sp9-ego384-raceline0-v0.7,overtake,False,False,none,1.1967630787178791
ppo_privilege_gru_0721_bs51200_u0005,ppo_privilege_gru_0721_bs51200,5,True,evaluation-sp12-ego513-raceline0-v0.8,ego_collision,True,True,post_overtake_merge_rear_sweep,0.34726232844684546
ppo_privilege_gru_0721_bs51200_u0005,ppo_privilege_gru_0721_bs51200,5,True,evaluation-sp13-ego556-raceline0-v0.8,ego_collision,True,False,prepass_or_front_side_opponent_contact,0.1289074558283403
ppo_privilege_gru_0721_bs51200_u0005,ppo_privilege_gru_0721_bs51200,5,True,evaluation-sp15-ego641-raceline2-v0.7,ego_collision,True,True,post_overtake_merge_rear_sweep,0.37909090380597377
ppo_privilege_gru_0721_bs51200_u0005,ppo_privilege_gru_0721_bs51200,5,True,evaluation-sp2-ego85-raceline2-v0.8,follow,False,False,none,-0.28126766563590877
ppo_privilege_gru_0721_bs51200_u0005,ppo_privilege_gru_0721_bs51200,5,True,evaluation-sp21-ego898-raceline0-v0.7,ego_collision,True,True,post_overtake_merge_rear_sweep,0.2908153121835255
ppo_privilege_gru_0721_bs51200_u0005,ppo_privilege_gru_0721_bs51200,5,True,evaluation-sp30-ego1283-raceline0-v0.7,overtake,False,False,none,5.40710724497211
ppo_privilege_gru_0721_bs51200_u0005,ppo_privilege_gru_0721_bs51200,5,True,evaluation-sp37-ego1582-raceline2-v0.7,ego_collision,True,True,post_overtake_merge_rear_sweep,0.5035753866359869
ppo_privilege_gru_0721_bs51200_u0005,ppo_privilege_gru_0721_bs51200,5,True,evaluation-sp4-ego171-raceline2-v0.8,overtake,False,False,none,1.1198434830662052
ppo_privilege_gru_0721_bs51200_u0005,ppo_privilege_gru_0721_bs51200,5,True,evaluation-sp45-ego1924-raceline0-v0.7,overtake,False,False,none,4.274541880573679
ppo_privilege_gru_0721_bs51200_u0005,ppo_privilege_gru_0721_bs51200,5,True,evaluation-sp5-ego213-raceline0-v0.7,ego_collision,True,True,post_overtake_merge_rear_sweep,0.26647396870220064
ppo_privilege_gru_0721_bs51200_u0005,ppo_privilege_gru_0721_bs51200,5,True,evaluation-sp9-ego384-raceline0-v0.7,ego_collision,True,False,prepass_or_front_side_opponent_contact,-0.017878849983702594
ppo_privilege_gru_0721_bs51200_u0010,ppo_privilege_gru_0721_bs51200,10,True,evaluation-sp12-ego513-raceline0-v0.8,ego_collision,True,True,post_overtake_merge_rear_sweep,0.43470457113190264
ppo_privilege_gru_0721_bs51200_u0010,ppo_privilege_gru_0721_bs51200,10,True,evaluation-sp13-ego556-raceline0-v0.8,ego_collision,True,True,post_overtake_merge_rear_sweep,0.2329860575688656
ppo_privilege_gru_0721_bs51200_u0010,ppo_privilege_gru_0721_bs51200,10,True,evaluation-sp15-ego641-raceline2-v0.7,overtake,False,False,none,8.91524942819791
ppo_privilege_gru_0721_bs51200_u0010,ppo_privilege_gru_0721_bs51200,10,True,evaluation-sp2-ego85-raceline2-v0.8,ego_collision,True,False,prepass_or_front_side_opponent_contact,-0.009360712641466762
ppo_privilege_gru_0721_bs51200_u0010,ppo_privilege_gru_0721_bs51200,10,True,evaluation-sp21-ego898-raceline0-v0.7,ego_collision,True,True,post_overtake_merge_rear_sweep,0.5262094399933517
ppo_privilege_gru_0721_bs51200_u0010,ppo_privilege_gru_0721_bs51200,10,True,evaluation-sp30-ego1283-raceline0-v0.7,overtake,False,False,none,5.763681298822519
ppo_privilege_gru_0721_bs51200_u0010,ppo_privilege_gru_0721_bs51200,10,True,evaluation-sp37-ego1582-raceline2-v0.7,overtake,False,False,none,12.134804492410012
ppo_privilege_gru_0721_bs51200_u0010,ppo_privilege_gru_0721_bs51200,10,True,evaluation-sp4-ego171-raceline2-v0.8,overtake,False,False,none,0.8727007283155217
ppo_privilege_gru_0721_bs51200_u0010,ppo_privilege_gru_0721_bs51200,10,True,evaluation-sp45-ego1924-raceline0-v0.7,overtake,False,False,none,6.137567052636001
ppo_privilege_gru_0721_bs51200_u0010,ppo_privilege_gru_0721_bs51200,10,True,evaluation-sp5-ego213-raceline0-v0.7,ego_collision,True,True,post_overtake_merge_rear_sweep,0.26868657458672374
ppo_privilege_gru_0721_bs51200_u0010,ppo_privilege_gru_0721_bs51200,10,True,evaluation-sp9-ego384-raceline0-v0.7,ego_collision,True,False,prepass_or_front_side_opponent_contact,-0.08299748671092289
ppo_privilege_gru_0721_bs51200_u0015,ppo_privilege_gru_0721_bs51200,15,True,evaluation-sp12-ego513-raceline0-v0.8,ego_collision,True,True,post_overtake_merge_rear_sweep,0.3066087127549224
ppo_privilege_gru_0721_bs51200_u0015,ppo_privilege_gru_0721_bs51200,15,True,evaluation-sp13-ego556-raceline0-v0.8,ego_collision,True,True,post_overtake_merge_rear_sweep,0.48016902774631376
ppo_privilege_gru_0721_bs51200_u0015,ppo_privilege_gru_0721_bs51200,15,True,evaluation-sp15-ego641-raceline2-v0.7,ego_collision,True,True,post_overtake_merge_rear_sweep,0.3071211000262224
ppo_privilege_gru_0721_bs51200_u0015,ppo_privilege_gru_0721_bs51200,15,True,evaluation-sp2-ego85-raceline2-v0.8,ego_collision,True,False,prepass_or_front_side_opponent_contact,-0.14045935282567257
ppo_privilege_gru_0721_bs51200_u0015,ppo_privilege_gru_0721_bs51200,15,True,evaluation-sp21-ego898-raceline0-v0.7,overtake,False,False,none,1.90697655343007
ppo_privilege_gru_0721_bs51200_u0015,ppo_privilege_gru_0721_bs51200,15,True,evaluation-sp30-ego1283-raceline0-v0.7,ego_collision,True,True,post_overtake_merge_rear_sweep,0.8295590090078235
ppo_privilege_gru_0721_bs51200_u0015,ppo_privilege_gru_0721_bs51200,15,True,evaluation-sp37-ego1582-raceline2-v0.7,ego_collision,True,True,post_overtake_merge_rear_sweep,0.5196915004470384
ppo_privilege_gru_0721_bs51200_u0015,ppo_privilege_gru_0721_bs51200,15,True,evaluation-sp4-ego171-raceline2-v0.8,overtake,False,False,none,0.9120847586963237
ppo_privilege_gru_0721_bs51200_u0015,ppo_privilege_gru_0721_bs51200,15,True,evaluation-sp45-ego1924-raceline0-v0.7,ego_collision,True,True,post_overtake_merge_rear_sweep,0.5569373393698527
ppo_privilege_gru_0721_bs51200_u0015,ppo_privilege_gru_0721_bs51200,15,True,evaluation-sp5-ego213-raceline0-v0.7,ego_collision,True,False,post_overtake_rear_contact_without_merge_threshold,0.1963590238145514
ppo_privilege_gru_0721_bs51200_u0015,ppo_privilege_gru_0721_bs51200,15,True,evaluation-sp9-ego384-raceline0-v0.7,ego_collision,True,False,prepass_or_front_side_opponent_contact,-0.01434719206881141
ppo_privilege_gru_0721_bs51200_u0020,ppo_privilege_gru_0721_bs51200,20,True,evaluation-sp12-ego513-raceline0-v0.8,ego_collision,True,True,post_overtake_merge_rear_sweep,0.033569285760194134
ppo_privilege_gru_0721_bs51200_u0020,ppo_privilege_gru_0721_bs51200,20,True,evaluation-sp13-ego556-raceline0-v0.8,ego_collision,True,False,prepass_or_front_side_opponent_contact,0.08219586803392076
ppo_privilege_gru_0721_bs51200_u0020,ppo_privilege_gru_0721_bs51200,20,True,evaluation-sp15-ego641-raceline2-v0.7,ego_collision,True,True,post_overtake_merge_rear_sweep,0.34481867755391704
ppo_privilege_gru_0721_bs51200_u0020,ppo_privilege_gru_0721_bs51200,20,True,evaluation-sp2-ego85-raceline2-v0.8,overtake,False,False,none,0.11486987008694882
ppo_privilege_gru_0721_bs51200_u0020,ppo_privilege_gru_0721_bs51200,20,True,evaluation-sp21-ego898-raceline0-v0.7,overtake,False,False,none,1.171748899567234
ppo_privilege_gru_0721_bs51200_u0020,ppo_privilege_gru_0721_bs51200,20,True,evaluation-sp30-ego1283-raceline0-v0.7,overtake,False,False,none,6.430095811118633
ppo_privilege_gru_0721_bs51200_u0020,ppo_privilege_gru_0721_bs51200,20,True,evaluation-sp37-ego1582-raceline2-v0.7,ego_collision,True,True,post_overtake_merge_rear_sweep,0.5231791905038676
ppo_privilege_gru_0721_bs51200_u0020,ppo_privilege_gru_0721_bs51200,20,True,evaluation-sp4-ego171-raceline2-v0.8,ego_collision,True,True,post_overtake_merge_rear_sweep,0.3748904318210009
ppo_privilege_gru_0721_bs51200_u0020,ppo_privilege_gru_0721_bs51200,20,True,evaluation-sp45-ego1924-raceline0-v0.7,overtake,False,False,none,3.3684587668019503
ppo_privilege_gru_0721_bs51200_u0020,ppo_privilege_gru_0721_bs51200,20,True,evaluation-sp5-ego213-raceline0-v0.7,ego_collision,True,True,post_overtake_merge_rear_sweep,0.2487367132389693
ppo_privilege_gru_0721_bs51200_u0020,ppo_privilege_gru_0721_bs51200,20,True,evaluation-sp9-ego384-raceline0-v0.7,overtake,False,False,none,1.1311114116220722
ppo_privilege_gru_0721_clip010_u0001,ppo_privilege_gru_0721_clip010,1,True,evaluation-sp12-ego513-raceline0-v0.8,ego_collision,True,False,prepass_or_front_side_opponent_contact,-0.03240047071150798
ppo_privilege_gru_0721_clip010_u0001,ppo_privilege_gru_0721_clip010,1,True,evaluation-sp13-ego556-raceline0-v0.8,ego_collision,True,False,post_overtake_rear_contact_without_merge_threshold,0.2057349859627493
ppo_privilege_gru_0721_clip010_u0001,ppo_privilege_gru_0721_clip010,1,True,evaluation-sp15-ego641-raceline2-v0.7,ego_collision,True,True,post_overtake_merge_rear_sweep,0.20448203197395287
ppo_privilege_gru_0721_clip010_u0001,ppo_privilege_gru_0721_clip010,1,True,evaluation-sp2-ego85-raceline2-v0.8,ego_collision,True,True,post_overtake_merge_rear_sweep,0.2246919352752741
ppo_privilege_gru_0721_clip010_u0001,ppo_privilege_gru_0721_clip010,1,True,evaluation-sp21-ego898-raceline0-v0.7,ego_collision,True,False,prepass_or_front_side_opponent_contact,0.191880749153853
ppo_privilege_gru_0721_clip010_u0001,ppo_privilege_gru_0721_clip010,1,True,evaluation-sp30-ego1283-raceline0-v0.7,ego_collision,True,True,post_overtake_merge_rear_sweep,0.9953951198824029
ppo_privilege_gru_0721_clip010_u0001,ppo_privilege_gru_0721_clip010,1,True,evaluation-sp37-ego1582-raceline2-v0.7,ego_collision,True,True,post_overtake_merge_rear_sweep,0.5285493195041795
ppo_privilege_gru_0721_clip010_u0001,ppo_privilege_gru_0721_clip010,1,True,evaluation-sp4-ego171-raceline2-v0.8,overtake,False,False,none,0.928817907590826
ppo_privilege_gru_0721_clip010_u0001,ppo_privilege_gru_0721_clip010,1,True,evaluation-sp45-ego1924-raceline0-v0.7,ego_collision,True,True,post_overtake_merge_rear_sweep,0.4676134060211439
ppo_privilege_gru_0721_clip010_u0001,ppo_privilege_gru_0721_clip010,1,True,evaluation-sp5-ego213-raceline0-v0.7,ego_collision,True,True,post_overtake_merge_rear_sweep,0.3371748152541727
ppo_privilege_gru_0721_clip010_u0001,ppo_privilege_gru_0721_clip010,1,True,evaluation-sp9-ego384-raceline0-v0.7,overtake,False,False,none,1.5377862116654057
ppo_privilege_gru_0721_clip010_u0005,ppo_privilege_gru_0721_clip010,5,True,evaluation-sp12-ego513-raceline0-v0.8,ego_collision,True,True,post_overtake_merge_rear_sweep,0.09368439808511653
ppo_privilege_gru_0721_clip010_u0005,ppo_privilege_gru_0721_clip010,5,True,evaluation-sp13-ego556-raceline0-v0.8,overtake,False,False,none,2.517388995369572
ppo_privilege_gru_0721_clip010_u0005,ppo_privilege_gru_0721_clip010,5,True,evaluation-sp15-ego641-raceline2-v0.7,ego_collision,True,True,post_overtake_merge_rear_sweep,0.23256876284168015
ppo_privilege_gru_0721_clip010_u0005,ppo_privilege_gru_0721_clip010,5,True,evaluation-sp2-ego85-raceline2-v0.8,ego_collision,True,True,post_overtake_merge_rear_sweep,0.20736964506326672
ppo_privilege_gru_0721_clip010_u0005,ppo_privilege_gru_0721_clip010,5,True,evaluation-sp21-ego898-raceline0-v0.7,ego_collision,True,True,post_overtake_merge_rear_sweep,0.2962383737894072
ppo_privilege_gru_0721_clip010_u0005,ppo_privilege_gru_0721_clip010,5,True,evaluation-sp30-ego1283-raceline0-v0.7,follow,False,False,none,-0.24345569002940692
ppo_privilege_gru_0721_clip010_u0005,ppo_privilege_gru_0721_clip010,5,True,evaluation-sp37-ego1582-raceline2-v0.7,overtake,False,False,none,11.507391059434553
ppo_privilege_gru_0721_clip010_u0005,ppo_privilege_gru_0721_clip010,5,True,evaluation-sp4-ego171-raceline2-v0.8,overtake,False,False,none,1.0885945664912526
ppo_privilege_gru_0721_clip010_u0005,ppo_privilege_gru_0721_clip010,5,True,evaluation-sp45-ego1924-raceline0-v0.7,overtake,False,False,none,4.508249510117793
ppo_privilege_gru_0721_clip010_u0005,ppo_privilege_gru_0721_clip010,5,True,evaluation-sp5-ego213-raceline0-v0.7,ego_collision,True,True,post_overtake_merge_rear_sweep,0.4078782011175974
ppo_privilege_gru_0721_clip010_u0005,ppo_privilege_gru_0721_clip010,5,True,evaluation-sp9-ego384-raceline0-v0.7,overtake,False,False,none,1.2032911660596994
ppo_privilege_gru_0721_clip010_u0010,ppo_privilege_gru_0721_clip010,10,True,evaluation-sp12-ego513-raceline0-v0.8,ego_collision,True,True,post_overtake_merge_rear_sweep,0.3737627286677707
ppo_privilege_gru_0721_clip010_u0010,ppo_privilege_gru_0721_clip010,10,True,evaluation-sp13-ego556-raceline0-v0.8,overtake,False,False,none,2.5123595458955776
ppo_privilege_gru_0721_clip010_u0010,ppo_privilege_gru_0721_clip010,10,True,evaluation-sp15-ego641-raceline2-v0.7,ego_collision,True,True,post_overtake_merge_rear_sweep,0.15078271508684793
ppo_privilege_gru_0721_clip010_u0010,ppo_privilege_gru_0721_clip010,10,True,evaluation-sp2-ego85-raceline2-v0.8,ego_collision,True,True,post_overtake_merge_rear_sweep,0.12872339963340096
ppo_privilege_gru_0721_clip010_u0010,ppo_privilege_gru_0721_clip010,10,True,evaluation-sp21-ego898-raceline0-v0.7,ego_collision,True,False,prepass_or_front_side_opponent_contact,0.17613985467170323
ppo_privilege_gru_0721_clip010_u0010,ppo_privilege_gru_0721_clip010,10,True,evaluation-sp30-ego1283-raceline0-v0.7,ego_collision,True,True,post_overtake_merge_rear_sweep,0.5698915845114811
ppo_privilege_gru_0721_clip010_u0010,ppo_privilege_gru_0721_clip010,10,True,evaluation-sp37-ego1582-raceline2-v0.7,overtake,False,False,none,11.673043398437699
ppo_privilege_gru_0721_clip010_u0010,ppo_privilege_gru_0721_clip010,10,True,evaluation-sp4-ego171-raceline2-v0.8,overtake,False,False,none,1.1453582907880957
ppo_privilege_gru_0721_clip010_u0010,ppo_privilege_gru_0721_clip010,10,True,evaluation-sp45-ego1924-raceline0-v0.7,overtake,False,False,none,2.8029997330536673
ppo_privilege_gru_0721_clip010_u0010,ppo_privilege_gru_0721_clip010,10,True,evaluation-sp5-ego213-raceline0-v0.7,ego_collision,True,True,post_overtake_merge_rear_sweep,0.3830280294571935
ppo_privilege_gru_0721_clip010_u0010,ppo_privilege_gru_0721_clip010,10,True,evaluation-sp9-ego384-raceline0-v0.7,overtake,False,False,none,1.1986321603053227
ppo_privilege_gru_0721_clip010_u0015,ppo_privilege_gru_0721_clip010,15,True,evaluation-sp12-ego513-raceline0-v0.8,ego_collision,True,True,post_overtake_merge_rear_sweep,0.21677059906730278
ppo_privilege_gru_0721_clip010_u0015,ppo_privilege_gru_0721_clip010,15,True,evaluation-sp13-ego556-raceline0-v0.8,follow,False,False,none,-0.439121413811165
ppo_privilege_gru_0721_clip010_u0015,ppo_privilege_gru_0721_clip010,15,True,evaluation-sp15-ego641-raceline2-v0.7,ego_collision,True,True,post_overtake_merge_rear_sweep,0.2798885079667457
ppo_privilege_gru_0721_clip010_u0015,ppo_privilege_gru_0721_clip010,15,True,evaluation-sp2-ego85-raceline2-v0.8,follow,False,False,none,-0.240811668482678
ppo_privilege_gru_0721_clip010_u0015,ppo_privilege_gru_0721_clip010,15,True,evaluation-sp21-ego898-raceline0-v0.7,ego_collision,True,True,post_overtake_merge_rear_sweep,0.22058621443667903
ppo_privilege_gru_0721_clip010_u0015,ppo_privilege_gru_0721_clip010,15,True,evaluation-sp30-ego1283-raceline0-v0.7,ego_collision,True,True,post_overtake_merge_rear_sweep,0.9600368123553835
ppo_privilege_gru_0721_clip010_u0015,ppo_privilege_gru_0721_clip010,15,True,evaluation-sp37-ego1582-raceline2-v0.7,ego_collision,True,True,post_overtake_merge_rear_sweep,0.5176715206059157
ppo_privilege_gru_0721_clip010_u0015,ppo_privilege_gru_0721_clip010,15,True,evaluation-sp4-ego171-raceline2-v0.8,ego_collision,True,True,post_overtake_merge_rear_sweep,0.5228724597077132
ppo_privilege_gru_0721_clip010_u0015,ppo_privilege_gru_0721_clip010,15,True,evaluation-sp45-ego1924-raceline0-v0.7,ego_collision,True,True,post_overtake_merge_rear_sweep,0.4624302133946685
ppo_privilege_gru_0721_clip010_u0015,ppo_privilege_gru_0721_clip010,15,True,evaluation-sp5-ego213-raceline0-v0.7,ego_collision,True,True,post_overtake_merge_rear_sweep,0.34361382592683754
ppo_privilege_gru_0721_clip010_u0015,ppo_privilege_gru_0721_clip010,15,True,evaluation-sp9-ego384-raceline0-v0.7,overtake,False,False,none,1.1018137795103655
ppo_privilege_gru_0721_clip010_u0020,ppo_privilege_gru_0721_clip010,20,True,evaluation-sp12-ego513-raceline0-v0.8,overtake,False,False,none,0.892259104020809
ppo_privilege_gru_0721_clip010_u0020,ppo_privilege_gru_0721_clip010,20,True,evaluation-sp13-ego556-raceline0-v0.8,follow,False,False,none,-0.1495313325717973
ppo_privilege_gru_0721_clip010_u0020,ppo_privilege_gru_0721_clip010,20,True,evaluation-sp15-ego641-raceline2-v0.7,ego_collision,True,False,prepass_or_front_side_opponent_contact,0.13976735740476443
ppo_privilege_gru_0721_clip010_u0020,ppo_privilege_gru_0721_clip010,20,True,evaluation-sp2-ego85-raceline2-v0.8,follow,False,False,none,-0.3401767909389264
ppo_privilege_gru_0721_clip010_u0020,ppo_privilege_gru_0721_clip010,20,True,evaluation-sp21-ego898-raceline0-v0.7,ego_collision,True,True,post_overtake_merge_rear_sweep,0.236491267292962
ppo_privilege_gru_0721_clip010_u0020,ppo_privilege_gru_0721_clip010,20,True,evaluation-sp30-ego1283-raceline0-v0.7,ego_collision,True,True,post_overtake_merge_rear_sweep,0.36825483166006734
ppo_privilege_gru_0721_clip010_u0020,ppo_privilege_gru_0721_clip010,20,True,evaluation-sp37-ego1582-raceline2-v0.7,overtake,False,False,none,11.423035573783125
ppo_privilege_gru_0721_clip010_u0020,ppo_privilege_gru_0721_clip010,20,True,evaluation-sp4-ego171-raceline2-v0.8,overtake,False,False,none,0.7927224041240777
ppo_privilege_gru_0721_clip010_u0020,ppo_privilege_gru_0721_clip010,20,True,evaluation-sp45-ego1924-raceline0-v0.7,ego_collision,True,True,post_overtake_merge_rear_sweep,0.7340515749095857
ppo_privilege_gru_0721_clip010_u0020,ppo_privilege_gru_0721_clip010,20,True,evaluation-sp5-ego213-raceline0-v0.7,ego_collision,True,True,post_overtake_merge_rear_sweep,0.45924259431407677
ppo_privilege_gru_0721_clip010_u0020,ppo_privilege_gru_0721_clip010,20,True,evaluation-sp9-ego384-raceline0-v0.7,overtake,False,False,none,1.2687839247447243
ppo_privilege_gru_0721_clip020_u0001,ppo_privilege_gru_0721_clip020,1,True,evaluation-sp12-ego513-raceline0-v0.8,ego_collision,True,True,post_overtake_merge_rear_sweep,0.23945996612457066
ppo_privilege_gru_0721_clip020_u0001,ppo_privilege_gru_0721_clip020,1,True,evaluation-sp13-ego556-raceline0-v0.8,ego_collision,True,True,post_overtake_merge_rear_sweep,0.32746456798807344
ppo_privilege_gru_0721_clip020_u0001,ppo_privilege_gru_0721_clip020,1,True,evaluation-sp15-ego641-raceline2-v0.7,ego_collision,True,True,post_overtake_merge_rear_sweep,0.16359347363211896
ppo_privilege_gru_0721_clip020_u0001,ppo_privilege_gru_0721_clip020,1,True,evaluation-sp2-ego85-raceline2-v0.8,ego_collision,True,True,post_overtake_merge_rear_sweep,0.1896672462155209
ppo_privilege_gru_0721_clip020_u0001,ppo_privilege_gru_0721_clip020,1,True,evaluation-sp21-ego898-raceline0-v0.7,ego_collision,True,False,prepass_or_front_side_opponent_contact,0.1448505068841257
ppo_privilege_gru_0721_clip020_u0001,ppo_privilege_gru_0721_clip020,1,True,evaluation-sp30-ego1283-raceline0-v0.7,ego_collision,True,True,post_overtake_merge_rear_sweep,0.6007239887047149
ppo_privilege_gru_0721_clip020_u0001,ppo_privilege_gru_0721_clip020,1,True,evaluation-sp37-ego1582-raceline2-v0.7,overtake,False,False,none,11.370583479101754
ppo_privilege_gru_0721_clip020_u0001,ppo_privilege_gru_0721_clip020,1,True,evaluation-sp4-ego171-raceline2-v0.8,ego_collision,True,True,post_overtake_merge_rear_sweep,0.5654683888166971
ppo_privilege_gru_0721_clip020_u0001,ppo_privilege_gru_0721_clip020,1,True,evaluation-sp45-ego1924-raceline0-v0.7,overtake,False,False,none,3.6298795351670776
ppo_privilege_gru_0721_clip020_u0001,ppo_privilege_gru_0721_clip020,1,True,evaluation-sp5-ego213-raceline0-v0.7,ego_collision,True,True,post_overtake_merge_rear_sweep,0.31213172584156723
ppo_privilege_gru_0721_clip020_u0001,ppo_privilege_gru_0721_clip020,1,True,evaluation-sp9-ego384-raceline0-v0.7,overtake,False,False,none,1.6087082442388123
ppo_privilege_gru_0721_clip020_u0005,ppo_privilege_gru_0721_clip020,5,True,evaluation-sp12-ego513-raceline0-v0.8,overtake,False,False,none,1.0515641979151837
ppo_privilege_gru_0721_clip020_u0005,ppo_privilege_gru_0721_clip020,5,True,evaluation-sp13-ego556-raceline0-v0.8,follow,False,False,none,-0.21590936298136398
ppo_privilege_gru_0721_clip020_u0005,ppo_privilege_gru_0721_clip020,5,True,evaluation-sp15-ego641-raceline2-v0.7,overtake,False,False,none,6.962296204630604
ppo_privilege_gru_0721_clip020_u0005,ppo_privilege_gru_0721_clip020,5,True,evaluation-sp2-ego85-raceline2-v0.8,ego_collision,True,True,post_overtake_merge_rear_sweep,0.11584061053025607
ppo_privilege_gru_0721_clip020_u0005,ppo_privilege_gru_0721_clip020,5,True,evaluation-sp21-ego898-raceline0-v0.7,overtake,False,False,none,4.8901885972125
ppo_privilege_gru_0721_clip020_u0005,ppo_privilege_gru_0721_clip020,5,True,evaluation-sp30-ego1283-raceline0-v0.7,overtake,False,False,none,6.088036050776566
ppo_privilege_gru_0721_clip020_u0005,ppo_privilege_gru_0721_clip020,5,True,evaluation-sp37-ego1582-raceline2-v0.7,overtake,False,False,none,11.248051171940062
ppo_privilege_gru_0721_clip020_u0005,ppo_privilege_gru_0721_clip020,5,True,evaluation-sp4-ego171-raceline2-v0.8,ego_collision,True,True,post_overtake_merge_rear_sweep,0.5425492904802525
ppo_privilege_gru_0721_clip020_u0005,ppo_privilege_gru_0721_clip020,5,True,evaluation-sp45-ego1924-raceline0-v0.7,overtake,False,False,none,6.40359694457095
ppo_privilege_gru_0721_clip020_u0005,ppo_privilege_gru_0721_clip020,5,True,evaluation-sp5-ego213-raceline0-v0.7,ego_collision,True,True,post_overtake_merge_rear_sweep,0.28564312301324435
ppo_privilege_gru_0721_clip020_u0005,ppo_privilege_gru_0721_clip020,5,True,evaluation-sp9-ego384-raceline0-v0.7,overtake,False,False,none,1.1377315652545974
ppo_privilege_gru_0721_clip020_u0010,ppo_privilege_gru_0721_clip020,10,True,evaluation-sp12-ego513-raceline0-v0.8,overtake,False,False,none,1.4901490826743498
ppo_privilege_gru_0721_clip020_u0010,ppo_privilege_gru_0721_clip020,10,True,evaluation-sp13-ego556-raceline0-v0.8,overtake,False,False,none,0.40314558518835497
ppo_privilege_gru_0721_clip020_u0010,ppo_privilege_gru_0721_clip020,10,True,evaluation-sp15-ego641-raceline2-v0.7,overtake,False,False,none,5.532557681521894
ppo_privilege_gru_0721_clip020_u0010,ppo_privilege_gru_0721_clip020,10,True,evaluation-sp2-ego85-raceline2-v0.8,ego_collision,True,False,prepass_or_front_side_opponent_contact,0.06808889465528978
ppo_privilege_gru_0721_clip020_u0010,ppo_privilege_gru_0721_clip020,10,True,evaluation-sp21-ego898-raceline0-v0.7,overtake,False,False,none,5.092539588963348
ppo_privilege_gru_0721_clip020_u0010,ppo_privilege_gru_0721_clip020,10,True,evaluation-sp30-ego1283-raceline0-v0.7,overtake,False,False,none,3.2509498000778194
ppo_privilege_gru_0721_clip020_u0010,ppo_privilege_gru_0721_clip020,10,True,evaluation-sp37-ego1582-raceline2-v0.7,overtake,False,False,none,10.596323734334248
ppo_privilege_gru_0721_clip020_u0010,ppo_privilege_gru_0721_clip020,10,True,evaluation-sp4-ego171-raceline2-v0.8,ego_collision,True,True,post_overtake_merge_rear_sweep,0.42742564007639317
ppo_privilege_gru_0721_clip020_u0010,ppo_privilege_gru_0721_clip020,10,True,evaluation-sp45-ego1924-raceline0-v0.7,overtake,False,False,none,7.123081328937872
ppo_privilege_gru_0721_clip020_u0010,ppo_privilege_gru_0721_clip020,10,True,evaluation-sp5-ego213-raceline0-v0.7,ego_collision,True,True,post_overtake_merge_rear_sweep,0.32174499230589504
ppo_privilege_gru_0721_clip020_u0010,ppo_privilege_gru_0721_clip020,10,True,evaluation-sp9-ego384-raceline0-v0.7,overtake,False,False,none,1.1196266670429793
ppo_privilege_gru_0721_clip020_u0015,ppo_privilege_gru_0721_clip020,15,True,evaluation-sp12-ego513-raceline0-v0.8,overtake,False,False,none,1.6491725806904185
ppo_privilege_gru_0721_clip020_u0015,ppo_privilege_gru_0721_clip020,15,True,evaluation-sp13-ego556-raceline0-v0.8,overtake,False,False,none,0.3820840572726354
ppo_privilege_gru_0721_clip020_u0015,ppo_privilege_gru_0721_clip020,15,True,evaluation-sp15-ego641-raceline2-v0.7,overtake,False,False,none,4.154684735874838
ppo_privilege_gru_0721_clip020_u0015,ppo_privilege_gru_0721_clip020,15,True,evaluation-sp2-ego85-raceline2-v0.8,follow,False,False,none,-0.33313853303675955
ppo_privilege_gru_0721_clip020_u0015,ppo_privilege_gru_0721_clip020,15,True,evaluation-sp21-ego898-raceline0-v0.7,overtake,False,False,none,1.7457810615107974
ppo_privilege_gru_0721_clip020_u0015,ppo_privilege_gru_0721_clip020,15,True,evaluation-sp30-ego1283-raceline0-v0.7,overtake,False,False,none,3.16392888141462
ppo_privilege_gru_0721_clip020_u0015,ppo_privilege_gru_0721_clip020,15,True,evaluation-sp37-ego1582-raceline2-v0.7,overtake,False,False,none,11.17448209620909
ppo_privilege_gru_0721_clip020_u0015,ppo_privilege_gru_0721_clip020,15,True,evaluation-sp4-ego171-raceline2-v0.8,ego_collision,True,True,post_overtake_merge_rear_sweep,0.5546180423268936
ppo_privilege_gru_0721_clip020_u0015,ppo_privilege_gru_0721_clip020,15,True,evaluation-sp45-ego1924-raceline0-v0.7,overtake,False,False,none,6.64938654409616
ppo_privilege_gru_0721_clip020_u0015,ppo_privilege_gru_0721_clip020,15,True,evaluation-sp5-ego213-raceline0-v0.7,ego_collision,True,True,post_overtake_merge_rear_sweep,0.3683409894573799
ppo_privilege_gru_0721_clip020_u0015,ppo_privilege_gru_0721_clip020,15,True,evaluation-sp9-ego384-raceline0-v0.7,overtake,False,False,none,1.2049581171410466
ppo_privilege_gru_0721_clip020_u0020,ppo_privilege_gru_0721_clip020,20,True,evaluation-sp12-ego513-raceline0-v0.8,overtake,False,False,none,1.8046795649944158
ppo_privilege_gru_0721_clip020_u0020,ppo_privilege_gru_0721_clip020,20,True,evaluation-sp13-ego556-raceline0-v0.8,overtake,False,False,none,0.27355391051753486
ppo_privilege_gru_0721_clip020_u0020,ppo_privilege_gru_0721_clip020,20,True,evaluation-sp15-ego641-raceline2-v0.7,overtake,False,False,none,2.9679867473039394
ppo_privilege_gru_0721_clip020_u0020,ppo_privilege_gru_0721_clip020,20,True,evaluation-sp2-ego85-raceline2-v0.8,follow,False,False,none,-1.0033232062980915
ppo_privilege_gru_0721_clip020_u0020,ppo_privilege_gru_0721_clip020,20,True,evaluation-sp21-ego898-raceline0-v0.7,overtake,False,False,none,1.1840389811715113
ppo_privilege_gru_0721_clip020_u0020,ppo_privilege_gru_0721_clip020,20,True,evaluation-sp30-ego1283-raceline0-v0.7,overtake,False,False,none,5.955360378219723
ppo_privilege_gru_0721_clip020_u0020,ppo_privilege_gru_0721_clip020,20,True,evaluation-sp37-ego1582-raceline2-v0.7,overtake,False,False,none,11.157884541459168
ppo_privilege_gru_0721_clip020_u0020,ppo_privilege_gru_0721_clip020,20,True,evaluation-sp4-ego171-raceline2-v0.8,overtake,False,False,none,0.9689734432336365
ppo_privilege_gru_0721_clip020_u0020,ppo_privilege_gru_0721_clip020,20,True,evaluation-sp45-ego1924-raceline0-v0.7,overtake,False,False,none,7.369288026222534
ppo_privilege_gru_0721_clip020_u0020,ppo_privilege_gru_0721_clip020,20,True,evaluation-sp5-ego213-raceline0-v0.7,ego_collision,True,True,post_overtake_merge_rear_sweep,0.34260682389265185
ppo_privilege_gru_0721_clip020_u0020,ppo_privilege_gru_0721_clip020,20,True,evaluation-sp9-ego384-raceline0-v0.7,overtake,False,False,none,1.441400666993161
ppo_privilege_gru_0722_clip015_tkl002_u0001,ppo_privilege_gru_0722_clip015_tkl002,1,True,evaluation-sp12-ego513-raceline0-v0.8,overtake,False,False,none,1.041553294286615
ppo_privilege_gru_0722_clip015_tkl002_u0001,ppo_privilege_gru_0722_clip015_tkl002,1,True,evaluation-sp13-ego556-raceline0-v0.8,ego_collision,True,True,post_overtake_merge_rear_sweep,0.336226001925354
ppo_privilege_gru_0722_clip015_tkl002_u0001,ppo_privilege_gru_0722_clip015_tkl002,1,True,evaluation-sp15-ego641-raceline2-v0.7,ego_collision,True,True,post_overtake_merge_rear_sweep,0.2634561926437584
ppo_privilege_gru_0722_clip015_tkl002_u0001,ppo_privilege_gru_0722_clip015_tkl002,1,True,evaluation-sp2-ego85-raceline2-v0.8,ego_collision,True,False,post_overtake_rear_contact_without_merge_threshold,0.03322316112411272
ppo_privilege_gru_0722_clip015_tkl002_u0001,ppo_privilege_gru_0722_clip015_tkl002,1,True,evaluation-sp21-ego898-raceline0-v0.7,ego_collision,True,True,post_overtake_merge_rear_sweep,0.2036599898810323
ppo_privilege_gru_0722_clip015_tkl002_u0001,ppo_privilege_gru_0722_clip015_tkl002,1,True,evaluation-sp30-ego1283-raceline0-v0.7,ego_collision,True,True,post_overtake_merge_rear_sweep,0.38116186941459773
ppo_privilege_gru_0722_clip015_tkl002_u0001,ppo_privilege_gru_0722_clip015_tkl002,1,True,evaluation-sp37-ego1582-raceline2-v0.7,ego_collision,True,True,post_overtake_merge_rear_sweep,0.4332894580781499
ppo_privilege_gru_0722_clip015_tkl002_u0001,ppo_privilege_gru_0722_clip015_tkl002,1,True,evaluation-sp4-ego171-raceline2-v0.8,overtake,False,False,none,0.5936861081516724
ppo_privilege_gru_0722_clip015_tkl002_u0001,ppo_privilege_gru_0722_clip015_tkl002,1,True,evaluation-sp45-ego1924-raceline0-v0.7,overtake,False,False,none,3.728154804742161
ppo_privilege_gru_0722_clip015_tkl002_u0001,ppo_privilege_gru_0722_clip015_tkl002,1,True,evaluation-sp5-ego213-raceline0-v0.7,ego_collision,True,True,post_overtake_merge_rear_sweep,0.44739147260304435
ppo_privilege_gru_0722_clip015_tkl002_u0001,ppo_privilege_gru_0722_clip015_tkl002,1,True,evaluation-sp9-ego384-raceline0-v0.7,overtake,False,False,none,1.1692265477180115
ppo_privilege_gru_0722_clip015_tkl002_u0005,ppo_privilege_gru_0722_clip015_tkl002,5,True,evaluation-sp12-ego513-raceline0-v0.8,ego_collision,True,True,post_overtake_merge_rear_sweep,0.40413886418539846
ppo_privilege_gru_0722_clip015_tkl002_u0005,ppo_privilege_gru_0722_clip015_tkl002,5,True,evaluation-sp13-ego556-raceline0-v0.8,overtake,False,False,none,0.16641102798442375
ppo_privilege_gru_0722_clip015_tkl002_u0005,ppo_privilege_gru_0722_clip015_tkl002,5,True,evaluation-sp15-ego641-raceline2-v0.7,ego_collision,True,True,post_overtake_merge_rear_sweep,0.2016590823340323
ppo_privilege_gru_0722_clip015_tkl002_u0005,ppo_privilege_gru_0722_clip015_tkl002,5,True,evaluation-sp2-ego85-raceline2-v0.8,follow,False,False,none,-0.3164975127913294
ppo_privilege_gru_0722_clip015_tkl002_u0005,ppo_privilege_gru_0722_clip015_tkl002,5,True,evaluation-sp21-ego898-raceline0-v0.7,ego_collision,True,False,prepass_or_front_side_opponent_contact,0.10810098254037825
ppo_privilege_gru_0722_clip015_tkl002_u0005,ppo_privilege_gru_0722_clip015_tkl002,5,True,evaluation-sp30-ego1283-raceline0-v0.7,ego_collision,True,True,post_overtake_merge_rear_sweep,0.40030999378376464
ppo_privilege_gru_0722_clip015_tkl002_u0005,ppo_privilege_gru_0722_clip015_tkl002,5,True,evaluation-sp37-ego1582-raceline2-v0.7,overtake,False,False,none,11.40332869549917
ppo_privilege_gru_0722_clip015_tkl002_u0005,ppo_privilege_gru_0722_clip015_tkl002,5,True,evaluation-sp4-ego171-raceline2-v0.8,overtake,False,False,none,0.9866895007033634
ppo_privilege_gru_0722_clip015_tkl002_u0005,ppo_privilege_gru_0722_clip015_tkl002,5,True,evaluation-sp45-ego1924-raceline0-v0.7,overtake,False,False,none,4.092355768613203
ppo_privilege_gru_0722_clip015_tkl002_u0005,ppo_privilege_gru_0722_clip015_tkl002,5,True,evaluation-sp5-ego213-raceline0-v0.7,ego_collision,True,True,post_overtake_merge_rear_sweep,0.4536656816677862
ppo_privilege_gru_0722_clip015_tkl002_u0005,ppo_privilege_gru_0722_clip015_tkl002,5,True,evaluation-sp9-ego384-raceline0-v0.7,overtake,False,False,none,1.4594551777421714
ppo_privilege_gru_0722_clip015_tkl002_u0010,ppo_privilege_gru_0722_clip015_tkl002,10,True,evaluation-sp12-ego513-raceline0-v0.8,ego_collision,True,True,post_overtake_merge_rear_sweep,0.28894342177557064
ppo_privilege_gru_0722_clip015_tkl002_u0010,ppo_privilege_gru_0722_clip015_tkl002,10,True,evaluation-sp13-ego556-raceline0-v0.8,ego_collision,True,False,prepass_or_front_side_opponent_contact,0.1239437952812068
ppo_privilege_gru_0722_clip015_tkl002_u0010,ppo_privilege_gru_0722_clip015_tkl002,10,True,evaluation-sp15-ego641-raceline2-v0.7,ego_collision,True,True,post_overtake_merge_rear_sweep,0.17253872867877362
ppo_privilege_gru_0722_clip015_tkl002_u0010,ppo_privilege_gru_0722_clip015_tkl002,10,True,evaluation-sp2-ego85-raceline2-v0.8,ego_collision,True,True,post_overtake_merge_rear_sweep,0.47943134847815827
ppo_privilege_gru_0722_clip015_tkl002_u0010,ppo_privilege_gru_0722_clip015_tkl002,10,True,evaluation-sp21-ego898-raceline0-v0.7,overtake,False,False,none,4.10865368788609
ppo_privilege_gru_0722_clip015_tkl002_u0010,ppo_privilege_gru_0722_clip015_tkl002,10,True,evaluation-sp30-ego1283-raceline0-v0.7,overtake,False,False,none,6.536965351541767
ppo_privilege_gru_0722_clip015_tkl002_u0010,ppo_privilege_gru_0722_clip015_tkl002,10,True,evaluation-sp37-ego1582-raceline2-v0.7,overtake,False,False,none,12.390543432431457
ppo_privilege_gru_0722_clip015_tkl002_u0010,ppo_privilege_gru_0722_clip015_tkl002,10,True,evaluation-sp4-ego171-raceline2-v0.8,overtake,False,False,none,1.3737726196545452
ppo_privilege_gru_0722_clip015_tkl002_u0010,ppo_privilege_gru_0722_clip015_tkl002,10,True,evaluation-sp45-ego1924-raceline0-v0.7,overtake,False,False,none,6.202216489608588
ppo_privilege_gru_0722_clip015_tkl002_u0010,ppo_privilege_gru_0722_clip015_tkl002,10,True,evaluation-sp5-ego213-raceline0-v0.7,ego_collision,True,True,post_overtake_merge_rear_sweep,0.5426930164132955
ppo_privilege_gru_0722_clip015_tkl002_u0010,ppo_privilege_gru_0722_clip015_tkl002,10,True,evaluation-sp9-ego384-raceline0-v0.7,ego_collision,True,True,post_overtake_merge_rear_sweep,0.4238556074644464
ppo_privilege_gru_0722_clip015_tkl002_u0015,ppo_privilege_gru_0722_clip015_tkl002,15,True,evaluation-sp12-ego513-raceline0-v0.8,overtake,False,False,none,1.8926543456218496
ppo_privilege_gru_0722_clip015_tkl002_u0015,ppo_privilege_gru_0722_clip015_tkl002,15,True,evaluation-sp13-ego556-raceline0-v0.8,ego_collision,True,True,post_overtake_merge_rear_sweep,0.2797252968838677
ppo_privilege_gru_0722_clip015_tkl002_u0015,ppo_privilege_gru_0722_clip015_tkl002,15,True,evaluation-sp15-ego641-raceline2-v0.7,ego_collision,True,True,post_overtake_merge_rear_sweep,0.3010098769479157
ppo_privilege_gru_0722_clip015_tkl002_u0015,ppo_privilege_gru_0722_clip015_tkl002,15,True,evaluation-sp2-ego85-raceline2-v0.8,ego_collision,True,True,post_overtake_merge_rear_sweep,0.24247309874743905
ppo_privilege_gru_0722_clip015_tkl002_u0015,ppo_privilege_gru_0722_clip015_tkl002,15,True,evaluation-sp21-ego898-raceline0-v0.7,ego_collision,True,True,post_overtake_merge_rear_sweep,0.5104922292146341
ppo_privilege_gru_0722_clip015_tkl002_u0015,ppo_privilege_gru_0722_clip015_tkl002,15,True,evaluation-sp30-ego1283-raceline0-v0.7,overtake,False,False,none,6.953601386018988
ppo_privilege_gru_0722_clip015_tkl002_u0015,ppo_privilege_gru_0722_clip015_tkl002,15,True,evaluation-sp37-ego1582-raceline2-v0.7,overtake,False,False,none,12.377589080998064
ppo_privilege_gru_0722_clip015_tkl002_u0015,ppo_privilege_gru_0722_clip015_tkl002,15,True,evaluation-sp4-ego171-raceline2-v0.8,overtake,False,False,none,0.8340317558718198
ppo_privilege_gru_0722_clip015_tkl002_u0015,ppo_privilege_gru_0722_clip015_tkl002,15,True,evaluation-sp45-ego1924-raceline0-v0.7,overtake,False,False,none,1.0669260743943596
ppo_privilege_gru_0722_clip015_tkl002_u0015,ppo_privilege_gru_0722_clip015_tkl002,15,True,evaluation-sp5-ego213-raceline0-v0.7,ego_collision,True,True,post_overtake_merge_rear_sweep,0.5744357439226633
ppo_privilege_gru_0722_clip015_tkl002_u0015,ppo_privilege_gru_0722_clip015_tkl002,15,True,evaluation-sp9-ego384-raceline0-v0.7,ego_collision,True,False,prepass_or_front_side_opponent_contact,-0.08991146425577767
ppo_privilege_gru_0722_clip015_tkl002_u0020,ppo_privilege_gru_0722_clip015_tkl002,20,True,evaluation-sp12-ego513-raceline0-v0.8,ego_collision,True,True,post_overtake_merge_rear_sweep,0.2671949029304699
ppo_privilege_gru_0722_clip015_tkl002_u0020,ppo_privilege_gru_0722_clip015_tkl002,20,True,evaluation-sp13-ego556-raceline0-v0.8,ego_collision,True,False,prepass_or_front_side_opponent_contact,0.07632025622419292
ppo_privilege_gru_0722_clip015_tkl002_u0020,ppo_privilege_gru_0722_clip015_tkl002,20,True,evaluation-sp15-ego641-raceline2-v0.7,ego_collision,True,True,post_overtake_merge_rear_sweep,0.2985611980599572
ppo_privilege_gru_0722_clip015_tkl002_u0020,ppo_privilege_gru_0722_clip015_tkl002,20,True,evaluation-sp2-ego85-raceline2-v0.8,ego_collision,True,True,post_overtake_merge_rear_sweep,0.19081633088353556
ppo_privilege_gru_0722_clip015_tkl002_u0020,ppo_privilege_gru_0722_clip015_tkl002,20,True,evaluation-sp21-ego898-raceline0-v0.7,overtake,False,False,none,2.5211616522541647
ppo_privilege_gru_0722_clip015_tkl002_u0020,ppo_privilege_gru_0722_clip015_tkl002,20,True,evaluation-sp30-ego1283-raceline0-v0.7,overtake,False,False,none,5.86254852867927
ppo_privilege_gru_0722_clip015_tkl002_u0020,ppo_privilege_gru_0722_clip015_tkl002,20,True,evaluation-sp37-ego1582-raceline2-v0.7,overtake,False,False,none,12.18178823673395
ppo_privilege_gru_0722_clip015_tkl002_u0020,ppo_privilege_gru_0722_clip015_tkl002,20,True,evaluation-sp4-ego171-raceline2-v0.8,overtake,False,False,none,1.0967930970313375
ppo_privilege_gru_0722_clip015_tkl002_u0020,ppo_privilege_gru_0722_clip015_tkl002,20,True,evaluation-sp45-ego1924-raceline0-v0.7,ego_collision,True,True,post_overtake_merge_rear_sweep,0.5500731503070995
ppo_privilege_gru_0722_clip015_tkl002_u0020,ppo_privilege_gru_0722_clip015_tkl002,20,True,evaluation-sp5-ego213-raceline0-v0.7,ego_collision,True,True,post_overtake_merge_rear_sweep,0.47878388210702383
ppo_privilege_gru_0722_clip015_tkl002_u0020,ppo_privilege_gru_0722_clip015_tkl002,20,True,evaluation-sp9-ego384-raceline0-v0.7,ego_collision,True,False,prepass_or_front_side_opponent_contact,-0.02033844608794766
ppo_privilege_gru_0722_clip015_tkl004_u0001,ppo_privilege_gru_0722_clip015_tkl004,1,True,evaluation-sp12-ego513-raceline0-v0.8,overtake,False,False,none,1.5736555730812256
ppo_privilege_gru_0722_clip015_tkl004_u0001,ppo_privilege_gru_0722_clip015_tkl004,1,True,evaluation-sp13-ego556-raceline0-v0.8,ego_collision,True,True,post_overtake_merge_rear_sweep,0.2804594274373926
ppo_privilege_gru_0722_clip015_tkl004_u0001,ppo_privilege_gru_0722_clip015_tkl004,1,True,evaluation-sp15-ego641-raceline2-v0.7,ego_collision,True,True,post_overtake_merge_rear_sweep,0.17827603912007817
ppo_privilege_gru_0722_clip015_tkl004_u0001,ppo_privilege_gru_0722_clip015_tkl004,1,True,evaluation-sp2-ego85-raceline2-v0.8,ego_collision,True,False,prepass_or_front_side_opponent_contact,0.0008451265994722235
ppo_privilege_gru_0722_clip015_tkl004_u0001,ppo_privilege_gru_0722_clip015_tkl004,1,True,evaluation-sp21-ego898-raceline0-v0.7,overtake,False,False,none,6.388663303008002
ppo_privilege_gru_0722_clip015_tkl004_u0001,ppo_privilege_gru_0722_clip015_tkl004,1,True,evaluation-sp30-ego1283-raceline0-v0.7,overtake,False,False,none,6.895725328060109
ppo_privilege_gru_0722_clip015_tkl004_u0001,ppo_privilege_gru_0722_clip015_tkl004,1,True,evaluation-sp37-ego1582-raceline2-v0.7,overtake,False,False,none,11.940912880794428
ppo_privilege_gru_0722_clip015_tkl004_u0001,ppo_privilege_gru_0722_clip015_tkl004,1,True,evaluation-sp4-ego171-raceline2-v0.8,ego_collision,True,True,post_overtake_merge_rear_sweep,0.49258816696774943
ppo_privilege_gru_0722_clip015_tkl004_u0001,ppo_privilege_gru_0722_clip015_tkl004,1,True,evaluation-sp45-ego1924-raceline0-v0.7,overtake,False,False,none,8.295532889874352
ppo_privilege_gru_0722_clip015_tkl004_u0001,ppo_privilege_gru_0722_clip015_tkl004,1,True,evaluation-sp5-ego213-raceline0-v0.7,ego_collision,True,True,post_overtake_merge_rear_sweep,0.5818796597755238
ppo_privilege_gru_0722_clip015_tkl004_u0001,ppo_privilege_gru_0722_clip015_tkl004,1,True,evaluation-sp9-ego384-raceline0-v0.7,overtake,False,False,none,1.666374117283084
ppo_privilege_gru_0722_clip015_tkl004_u0005,ppo_privilege_gru_0722_clip015_tkl004,5,True,evaluation-sp12-ego513-raceline0-v0.8,overtake,False,False,none,0.3132224530426697
ppo_privilege_gru_0722_clip015_tkl004_u0005,ppo_privilege_gru_0722_clip015_tkl004,5,True,evaluation-sp13-ego556-raceline0-v0.8,overtake,False,False,none,4.608062863334368
ppo_privilege_gru_0722_clip015_tkl004_u0005,ppo_privilege_gru_0722_clip015_tkl004,5,True,evaluation-sp15-ego641-raceline2-v0.7,ego_collision,True,True,post_overtake_merge_rear_sweep,0.33445534484729933
ppo_privilege_gru_0722_clip015_tkl004_u0005,ppo_privilege_gru_0722_clip015_tkl004,5,True,evaluation-sp2-ego85-raceline2-v0.8,follow,False,False,none,-0.22903318771011527
ppo_privilege_gru_0722_clip015_tkl004_u0005,ppo_privilege_gru_0722_clip015_tkl004,5,True,evaluation-sp21-ego898-raceline0-v0.7,overtake,False,False,none,9.538052620474133
ppo_privilege_gru_0722_clip015_tkl004_u0005,ppo_privilege_gru_0722_clip015_tkl004,5,True,evaluation-sp30-ego1283-raceline0-v0.7,overtake,False,False,none,7.769784183152012
ppo_privilege_gru_0722_clip015_tkl004_u0005,ppo_privilege_gru_0722_clip015_tkl004,5,True,evaluation-sp37-ego1582-raceline2-v0.7,overtake,False,False,none,11.394967665460229
ppo_privilege_gru_0722_clip015_tkl004_u0005,ppo_privilege_gru_0722_clip015_tkl004,5,True,evaluation-sp4-ego171-raceline2-v0.8,ego_collision,True,True,post_overtake_merge_rear_sweep,0.5208723805243096
ppo_privilege_gru_0722_clip015_tkl004_u0005,ppo_privilege_gru_0722_clip015_tkl004,5,True,evaluation-sp45-ego1924-raceline0-v0.7,overtake,False,False,none,12.660809126907594
ppo_privilege_gru_0722_clip015_tkl004_u0005,ppo_privilege_gru_0722_clip015_tkl004,5,True,evaluation-sp5-ego213-raceline0-v0.7,overtake,False,False,none,8.66111540019827
ppo_privilege_gru_0722_clip015_tkl004_u0005,ppo_privilege_gru_0722_clip015_tkl004,5,True,evaluation-sp9-ego384-raceline0-v0.7,overtake,False,False,none,1.5296456194548966
ppo_privilege_gru_0722_clip015_tkl004_u0010,ppo_privilege_gru_0722_clip015_tkl004,10,True,evaluation-sp12-ego513-raceline0-v0.8,overtake,False,False,none,0.4334322370539496
ppo_privilege_gru_0722_clip015_tkl004_u0010,ppo_privilege_gru_0722_clip015_tkl004,10,True,evaluation-sp13-ego556-raceline0-v0.8,overtake,False,False,none,5.211650003793494
ppo_privilege_gru_0722_clip015_tkl004_u0010,ppo_privilege_gru_0722_clip015_tkl004,10,True,evaluation-sp15-ego641-raceline2-v0.7,overtake,False,False,none,8.440571789379362
ppo_privilege_gru_0722_clip015_tkl004_u0010,ppo_privilege_gru_0722_clip015_tkl004,10,True,evaluation-sp2-ego85-raceline2-v0.8,follow,False,False,none,-0.05611625496911188
ppo_privilege_gru_0722_clip015_tkl004_u0010,ppo_privilege_gru_0722_clip015_tkl004,10,True,evaluation-sp21-ego898-raceline0-v0.7,overtake,False,False,none,9.589748889840536
ppo_privilege_gru_0722_clip015_tkl004_u0010,ppo_privilege_gru_0722_clip015_tkl004,10,True,evaluation-sp30-ego1283-raceline0-v0.7,overtake,False,False,none,8.365661335891161
ppo_privilege_gru_0722_clip015_tkl004_u0010,ppo_privilege_gru_0722_clip015_tkl004,10,True,evaluation-sp37-ego1582-raceline2-v0.7,overtake,False,False,none,11.325628722928002
ppo_privilege_gru_0722_clip015_tkl004_u0010,ppo_privilege_gru_0722_clip015_tkl004,10,True,evaluation-sp4-ego171-raceline2-v0.8,overtake,False,False,none,1.2869849057537408
ppo_privilege_gru_0722_clip015_tkl004_u0010,ppo_privilege_gru_0722_clip015_tkl004,10,True,evaluation-sp45-ego1924-raceline0-v0.7,overtake,False,False,none,12.819602534107247
ppo_privilege_gru_0722_clip015_tkl004_u0010,ppo_privilege_gru_0722_clip015_tkl004,10,True,evaluation-sp5-ego213-raceline0-v0.7,overtake,False,False,none,8.109715739892664
ppo_privilege_gru_0722_clip015_tkl004_u0010,ppo_privilege_gru_0722_clip015_tkl004,10,True,evaluation-sp9-ego384-raceline0-v0.7,overtake,False,False,none,2.0751608208279606
ppo_privilege_gru_0722_clip015_tkl004_u0015,ppo_privilege_gru_0722_clip015_tkl004,15,True,evaluation-sp12-ego513-raceline0-v0.8,overtake,False,False,none,0.49233110402079205
ppo_privilege_gru_0722_clip015_tkl004_u0015,ppo_privilege_gru_0722_clip015_tkl004,15,True,evaluation-sp13-ego556-raceline0-v0.8,overtake,False,False,none,5.4407758196734335
ppo_privilege_gru_0722_clip015_tkl004_u0015,ppo_privilege_gru_0722_clip015_tkl004,15,True,evaluation-sp15-ego641-raceline2-v0.7,overtake,False,False,none,8.783840171544568
ppo_privilege_gru_0722_clip015_tkl004_u0015,ppo_privilege_gru_0722_clip015_tkl004,15,True,evaluation-sp2-ego85-raceline2-v0.8,overtake,False,False,none,4.354231019904574
ppo_privilege_gru_0722_clip015_tkl004_u0015,ppo_privilege_gru_0722_clip015_tkl004,15,True,evaluation-sp21-ego898-raceline0-v0.7,overtake,False,False,none,10.041812056951613
ppo_privilege_gru_0722_clip015_tkl004_u0015,ppo_privilege_gru_0722_clip015_tkl004,15,True,evaluation-sp30-ego1283-raceline0-v0.7,overtake,False,False,none,9.100810841862767
ppo_privilege_gru_0722_clip015_tkl004_u0015,ppo_privilege_gru_0722_clip015_tkl004,15,True,evaluation-sp37-ego1582-raceline2-v0.7,overtake,False,False,none,11.741674665427581
ppo_privilege_gru_0722_clip015_tkl004_u0015,ppo_privilege_gru_0722_clip015_tkl004,15,True,evaluation-sp4-ego171-raceline2-v0.8,ego_collision,True,True,post_overtake_merge_rear_sweep,0.562437129648373
ppo_privilege_gru_0722_clip015_tkl004_u0015,ppo_privilege_gru_0722_clip015_tkl004,15,True,evaluation-sp45-ego1924-raceline0-v0.7,overtake,False,False,none,13.004360196458379
ppo_privilege_gru_0722_clip015_tkl004_u0015,ppo_privilege_gru_0722_clip015_tkl004,15,True,evaluation-sp5-ego213-raceline0-v0.7,overtake,False,False,none,8.915122835395465
ppo_privilege_gru_0722_clip015_tkl004_u0015,ppo_privilege_gru_0722_clip015_tkl004,15,True,evaluation-sp9-ego384-raceline0-v0.7,overtake,False,False,none,2.3298447110356335
ppo_privilege_gru_0722_clip015_tkl004_u0020,ppo_privilege_gru_0722_clip015_tkl004,20,True,evaluation-sp12-ego513-raceline0-v0.8,overtake,False,False,none,1.84950605512239
ppo_privilege_gru_0722_clip015_tkl004_u0020,ppo_privilege_gru_0722_clip015_tkl004,20,True,evaluation-sp13-ego556-raceline0-v0.8,overtake,False,False,none,4.854958277992381
ppo_privilege_gru_0722_clip015_tkl004_u0020,ppo_privilege_gru_0722_clip015_tkl004,20,True,evaluation-sp15-ego641-raceline2-v0.7,ego_collision,True,True,post_overtake_merge_rear_sweep,0.36550085369165686
ppo_privilege_gru_0722_clip015_tkl004_u0020,ppo_privilege_gru_0722_clip015_tkl004,20,True,evaluation-sp2-ego85-raceline2-v0.8,follow,False,False,none,-0.40337111875507503
ppo_privilege_gru_0722_clip015_tkl004_u0020,ppo_privilege_gru_0722_clip015_tkl004,20,True,evaluation-sp21-ego898-raceline0-v0.7,overtake,False,False,none,8.595936465753226
ppo_privilege_gru_0722_clip015_tkl004_u0020,ppo_privilege_gru_0722_clip015_tkl004,20,True,evaluation-sp30-ego1283-raceline0-v0.7,overtake,False,False,none,8.237593192248085
ppo_privilege_gru_0722_clip015_tkl004_u0020,ppo_privilege_gru_0722_clip015_tkl004,20,True,evaluation-sp37-ego1582-raceline2-v0.7,overtake,False,False,none,12.557552230248461
ppo_privilege_gru_0722_clip015_tkl004_u0020,ppo_privilege_gru_0722_clip015_tkl004,20,True,evaluation-sp4-ego171-raceline2-v0.8,overtake,False,False,none,1.5232333095526371
ppo_privilege_gru_0722_clip015_tkl004_u0020,ppo_privilege_gru_0722_clip015_tkl004,20,True,evaluation-sp45-ego1924-raceline0-v0.7,overtake,False,False,none,9.94929657591976
ppo_privilege_gru_0722_clip015_tkl004_u0020,ppo_privilege_gru_0722_clip015_tkl004,20,True,evaluation-sp5-ego213-raceline0-v0.7,overtake,False,False,none,10.329064569300982
ppo_privilege_gru_0722_clip015_tkl004_u0020,ppo_privilege_gru_0722_clip015_tkl004,20,True,evaluation-sp9-ego384-raceline0-v0.7,overtake,False,False,none,1.0696626289069116
ppo_privilege_gru_0722_long45_clip020_u0035,ppo_privilege_gru_0722_long45_clip020,35,True,evaluation-sp12-ego513-raceline0-v0.8,overtake,False,False,none,1.6932807097294074
ppo_privilege_gru_0722_long45_clip020_u0035,ppo_privilege_gru_0722_long45_clip020,35,True,evaluation-sp13-ego556-raceline0-v0.8,ego_collision,True,True,post_overtake_merge_rear_sweep,0.45459247546295956
ppo_privilege_gru_0722_long45_clip020_u0035,ppo_privilege_gru_0722_long45_clip020,35,True,evaluation-sp15-ego641-raceline2-v0.7,ego_collision,True,True,post_overtake_merge_rear_sweep,0.4821284079280872
ppo_privilege_gru_0722_long45_clip020_u0035,ppo_privilege_gru_0722_long45_clip020,35,True,evaluation-sp2-ego85-raceline2-v0.8,overtake,False,False,none,0.014087802406436367
ppo_privilege_gru_0722_long45_clip020_u0035,ppo_privilege_gru_0722_long45_clip020,35,True,evaluation-sp21-ego898-raceline0-v0.7,ego_collision,True,True,post_overtake_merge_rear_sweep,0.34401390207381155
ppo_privilege_gru_0722_long45_clip020_u0035,ppo_privilege_gru_0722_long45_clip020,35,True,evaluation-sp30-ego1283-raceline0-v0.7,overtake,False,False,none,6.338645140349854
ppo_privilege_gru_0722_long45_clip020_u0035,ppo_privilege_gru_0722_long45_clip020,35,True,evaluation-sp37-ego1582-raceline2-v0.7,overtake,False,False,none,12.702507535932682
ppo_privilege_gru_0722_long45_clip020_u0035,ppo_privilege_gru_0722_long45_clip020,35,True,evaluation-sp4-ego171-raceline2-v0.8,overtake,False,False,none,1.3180521865622268
ppo_privilege_gru_0722_long45_clip020_u0035,ppo_privilege_gru_0722_long45_clip020,35,True,evaluation-sp45-ego1924-raceline0-v0.7,overtake,False,False,none,5.947444661415517
ppo_privilege_gru_0722_long45_clip020_u0035,ppo_privilege_gru_0722_long45_clip020,35,True,evaluation-sp5-ego213-raceline0-v0.7,ego_collision,True,True,post_overtake_merge_rear_sweep,0.5312186094279809
ppo_privilege_gru_0722_long45_clip020_u0035,ppo_privilege_gru_0722_long45_clip020,35,True,evaluation-sp9-ego384-raceline0-v0.7,ego_collision,True,False,post_overtake_rear_contact_without_merge_threshold,0.08574777287989832
ppo_privilege_gru_0722_long45_clip020_u0040,ppo_privilege_gru_0722_long45_clip020,40,True,evaluation-sp12-ego513-raceline0-v0.8,ego_collision,True,True,post_overtake_merge_rear_sweep,0.18477163022529908
ppo_privilege_gru_0722_long45_clip020_u0040,ppo_privilege_gru_0722_long45_clip020,40,True,evaluation-sp13-ego556-raceline0-v0.8,overtake,False,False,none,2.9258705267276923
ppo_privilege_gru_0722_long45_clip020_u0040,ppo_privilege_gru_0722_long45_clip020,40,True,evaluation-sp15-ego641-raceline2-v0.7,overtake,False,False,none,8.429506037340644
ppo_privilege_gru_0722_long45_clip020_u0040,ppo_privilege_gru_0722_long45_clip020,40,True,evaluation-sp2-ego85-raceline2-v0.8,overtake,False,False,none,1.1180947554359761
ppo_privilege_gru_0722_long45_clip020_u0040,ppo_privilege_gru_0722_long45_clip020,40,True,evaluation-sp21-ego898-raceline0-v0.7,overtake,False,False,none,6.711053567256982
ppo_privilege_gru_0722_long45_clip020_u0040,ppo_privilege_gru_0722_long45_clip020,40,True,evaluation-sp30-ego1283-raceline0-v0.7,overtake,False,False,none,6.727112889565092
ppo_privilege_gru_0722_long45_clip020_u0040,ppo_privilege_gru_0722_long45_clip020,40,True,evaluation-sp37-ego1582-raceline2-v0.7,overtake,False,False,none,12.868769516008854
ppo_privilege_gru_0722_long45_clip020_u0040,ppo_privilege_gru_0722_long45_clip020,40,True,evaluation-sp4-ego171-raceline2-v0.8,overtake,False,False,none,1.6830849768581686
ppo_privilege_gru_0722_long45_clip020_u0040,ppo_privilege_gru_0722_long45_clip020,40,True,evaluation-sp45-ego1924-raceline0-v0.7,overtake,False,False,none,8.031322195950622
ppo_privilege_gru_0722_long45_clip020_u0040,ppo_privilege_gru_0722_long45_clip020,40,True,evaluation-sp5-ego213-raceline0-v0.7,ego_collision,True,True,post_overtake_merge_rear_sweep,0.5547972181880141
ppo_privilege_gru_0722_long45_clip020_u0040,ppo_privilege_gru_0722_long45_clip020,40,True,evaluation-sp9-ego384-raceline0-v0.7,ego_collision,True,True,post_overtake_merge_rear_sweep,0.15801493305266945
ppo_privilege_gru_0722_long45_clip020_u0045,ppo_privilege_gru_0722_long45_clip020,45,True,evaluation-sp12-ego513-raceline0-v0.8,overtake,False,False,none,1.4929323977773663
ppo_privilege_gru_0722_long45_clip020_u0045,ppo_privilege_gru_0722_long45_clip020,45,True,evaluation-sp13-ego556-raceline0-v0.8,ego_collision,True,True,post_overtake_merge_rear_sweep,0.5041146705029576
ppo_privilege_gru_0722_long45_clip020_u0045,ppo_privilege_gru_0722_long45_clip020,45,True,evaluation-sp15-ego641-raceline2-v0.7,overtake,False,False,none,8.39882008161291
ppo_privilege_gru_0722_long45_clip020_u0045,ppo_privilege_gru_0722_long45_clip020,45,True,evaluation-sp2-ego85-raceline2-v0.8,overtake,False,False,none,0.648748509014041
ppo_privilege_gru_0722_long45_clip020_u0045,ppo_privilege_gru_0722_long45_clip020,45,True,evaluation-sp21-ego898-raceline0-v0.7,ego_collision,True,True,post_overtake_merge_rear_sweep,0.19780663441255797
ppo_privilege_gru_0722_long45_clip020_u0045,ppo_privilege_gru_0722_long45_clip020,45,True,evaluation-sp30-ego1283-raceline0-v0.7,overtake,False,False,none,6.392804907495702
ppo_privilege_gru_0722_long45_clip020_u0045,ppo_privilege_gru_0722_long45_clip020,45,True,evaluation-sp37-ego1582-raceline2-v0.7,overtake,False,False,none,12.233839467789323
ppo_privilege_gru_0722_long45_clip020_u0045,ppo_privilege_gru_0722_long45_clip020,45,True,evaluation-sp4-ego171-raceline2-v0.8,overtake,False,False,none,1.3828458600765714
ppo_privilege_gru_0722_long45_clip020_u0045,ppo_privilege_gru_0722_long45_clip020,45,True,evaluation-sp45-ego1924-raceline0-v0.7,overtake,False,False,none,6.04276131818915
ppo_privilege_gru_0722_long45_clip020_u0045,ppo_privilege_gru_0722_long45_clip020,45,True,evaluation-sp5-ego213-raceline0-v0.7,ego_collision,True,True,post_overtake_merge_rear_sweep,0.5590590754853508
ppo_privilege_gru_0722_long45_clip020_u0045,ppo_privilege_gru_0722_long45_clip020,45,True,evaluation-sp9-ego384-raceline0-v0.7,ego_collision,True,True,post_overtake_merge_rear_sweep,0.14948202996887971
ppo_privilege_gru_0722_long45_clip020_hard_u0001,ppo_privilege_gru_0722_long45_clip020_hard,1,True,evaluation-sp12-ego513-raceline0-v0.8,ego_collision,True,True,post_overtake_merge_rear_sweep,0.06508312978533581
ppo_privilege_gru_0722_long45_clip020_hard_u0001,ppo_privilege_gru_0722_long45_clip020_hard,1,True,evaluation-sp13-ego556-raceline0-v0.8,overtake,False,False,none,0.3784650000790748
ppo_privilege_gru_0722_long45_clip020_hard_u0001,ppo_privilege_gru_0722_long45_clip020_hard,1,True,evaluation-sp15-ego641-raceline2-v0.7,ego_collision,True,True,post_overtake_merge_rear_sweep,0.22558649916146578
ppo_privilege_gru_0722_long45_clip020_hard_u0001,ppo_privilege_gru_0722_long45_clip020_hard,1,True,evaluation-sp2-ego85-raceline2-v0.8,ego_collision,True,True,post_overtake_merge_rear_sweep,0.24063984106985004
ppo_privilege_gru_0722_long45_clip020_hard_u0001,ppo_privilege_gru_0722_long45_clip020_hard,1,True,evaluation-sp21-ego898-raceline0-v0.7,ego_collision,True,False,prepass_or_front_side_opponent_contact,0.1473945964205825
ppo_privilege_gru_0722_long45_clip020_hard_u0001,ppo_privilege_gru_0722_long45_clip020_hard,1,True,evaluation-sp30-ego1283-raceline0-v0.7,overtake,False,False,none,6.664884020993497
ppo_privilege_gru_0722_long45_clip020_hard_u0001,ppo_privilege_gru_0722_long45_clip020_hard,1,True,evaluation-sp37-ego1582-raceline2-v0.7,overtake,False,False,none,11.437520430867608
ppo_privilege_gru_0722_long45_clip020_hard_u0001,ppo_privilege_gru_0722_long45_clip020_hard,1,True,evaluation-sp4-ego171-raceline2-v0.8,overtake,False,False,none,0.9161109437602306
ppo_privilege_gru_0722_long45_clip020_hard_u0001,ppo_privilege_gru_0722_long45_clip020_hard,1,True,evaluation-sp45-ego1924-raceline0-v0.7,overtake,False,False,none,3.9333844685268105
ppo_privilege_gru_0722_long45_clip020_hard_u0001,ppo_privilege_gru_0722_long45_clip020_hard,1,True,evaluation-sp5-ego213-raceline0-v0.7,ego_collision,True,True,post_overtake_merge_rear_sweep,0.382571725894735
ppo_privilege_gru_0722_long45_clip020_hard_u0001,ppo_privilege_gru_0722_long45_clip020_hard,1,True,evaluation-sp9-ego384-raceline0-v0.7,ego_collision,True,True,post_overtake_merge_rear_sweep,0.10906006059187234
ppo_privilege_gru_0722_long45_clip020_hard_u0005,ppo_privilege_gru_0722_long45_clip020_hard,5,True,evaluation-sp12-ego513-raceline0-v0.8,ego_collision,True,True,post_overtake_merge_rear_sweep,0.44579765859194254
ppo_privilege_gru_0722_long45_clip020_hard_u0005,ppo_privilege_gru_0722_long45_clip020_hard,5,True,evaluation-sp13-ego556-raceline0-v0.8,ego_collision,True,True,post_overtake_merge_rear_sweep,0.3805736370502757
ppo_privilege_gru_0722_long45_clip020_hard_u0005,ppo_privilege_gru_0722_long45_clip020_hard,5,True,evaluation-sp15-ego641-raceline2-v0.7,ego_collision,True,True,post_overtake_merge_rear_sweep,0.27266132413564037
ppo_privilege_gru_0722_long45_clip020_hard_u0005,ppo_privilege_gru_0722_long45_clip020_hard,5,True,evaluation-sp2-ego85-raceline2-v0.8,overtake,False,False,none,0.38157668887376417
ppo_privilege_gru_0722_long45_clip020_hard_u0005,ppo_privilege_gru_0722_long45_clip020_hard,5,True,evaluation-sp21-ego898-raceline0-v0.7,overtake,False,False,none,1.8152993067051852
ppo_privilege_gru_0722_long45_clip020_hard_u0005,ppo_privilege_gru_0722_long45_clip020_hard,5,True,evaluation-sp30-ego1283-raceline0-v0.7,overtake,False,False,none,5.757297222256682
ppo_privilege_gru_0722_long45_clip020_hard_u0005,ppo_privilege_gru_0722_long45_clip020_hard,5,True,evaluation-sp37-ego1582-raceline2-v0.7,overtake,False,False,none,11.323798010890584
ppo_privilege_gru_0722_long45_clip020_hard_u0005,ppo_privilege_gru_0722_long45_clip020_hard,5,True,evaluation-sp4-ego171-raceline2-v0.8,overtake,False,False,none,1.0828912034857865
ppo_privilege_gru_0722_long45_clip020_hard_u0005,ppo_privilege_gru_0722_long45_clip020_hard,5,True,evaluation-sp45-ego1924-raceline0-v0.7,overtake,False,False,none,3.542010985740518
ppo_privilege_gru_0722_long45_clip020_hard_u0005,ppo_privilege_gru_0722_long45_clip020_hard,5,True,evaluation-sp5-ego213-raceline0-v0.7,ego_collision,True,True,post_overtake_merge_rear_sweep,0.3954154491302404
ppo_privilege_gru_0722_long45_clip020_hard_u0005,ppo_privilege_gru_0722_long45_clip020_hard,5,True,evaluation-sp9-ego384-raceline0-v0.7,ego_collision,True,False,prepass_or_front_side_opponent_contact,-0.03282388552545967
ppo_privilege_gru_0722_long45_clip020_hard_u0010,ppo_privilege_gru_0722_long45_clip020_hard,10,True,evaluation-sp12-ego513-raceline0-v0.8,ego_collision,True,True,post_overtake_merge_rear_sweep,0.04929916552606528
ppo_privilege_gru_0722_long45_clip020_hard_u0010,ppo_privilege_gru_0722_long45_clip020_hard,10,True,evaluation-sp13-ego556-raceline0-v0.8,ego_collision,True,True,post_overtake_merge_rear_sweep,0.3119350919067472
ppo_privilege_gru_0722_long45_clip020_hard_u0010,ppo_privilege_gru_0722_long45_clip020_hard,10,True,evaluation-sp15-ego641-raceline2-v0.7,ego_collision,True,True,post_overtake_merge_rear_sweep,0.2583594132695737
ppo_privilege_gru_0722_long45_clip020_hard_u0010,ppo_privilege_gru_0722_long45_clip020_hard,10,True,evaluation-sp2-ego85-raceline2-v0.8,ego_collision,True,True,post_overtake_merge_rear_sweep,0.3752476332557251
ppo_privilege_gru_0722_long45_clip020_hard_u0010,ppo_privilege_gru_0722_long45_clip020_hard,10,True,evaluation-sp21-ego898-raceline0-v0.7,ego_collision,True,True,post_overtake_merge_rear_sweep,0.2914434929760148
ppo_privilege_gru_0722_long45_clip020_hard_u0010,ppo_privilege_gru_0722_long45_clip020_hard,10,True,evaluation-sp30-ego1283-raceline0-v0.7,overtake,False,False,none,6.93037358898971
ppo_privilege_gru_0722_long45_clip020_hard_u0010,ppo_privilege_gru_0722_long45_clip020_hard,10,True,evaluation-sp37-ego1582-raceline2-v0.7,overtake,False,False,none,12.299529007589456
ppo_privilege_gru_0722_long45_clip020_hard_u0010,ppo_privilege_gru_0722_long45_clip020_hard,10,True,evaluation-sp4-ego171-raceline2-v0.8,overtake,False,False,none,1.0777990891761249
ppo_privilege_gru_0722_long45_clip020_hard_u0010,ppo_privilege_gru_0722_long45_clip020_hard,10,True,evaluation-sp45-ego1924-raceline0-v0.7,overtake,False,False,none,6.208080071854141
ppo_privilege_gru_0722_long45_clip020_hard_u0010,ppo_privilege_gru_0722_long45_clip020_hard,10,True,evaluation-sp5-ego213-raceline0-v0.7,ego_collision,True,True,post_overtake_merge_rear_sweep,0.3751996304467582
ppo_privilege_gru_0722_long45_clip020_hard_u0010,ppo_privilege_gru_0722_long45_clip020_hard,10,True,evaluation-sp9-ego384-raceline0-v0.7,ego_collision,True,False,prepass_or_front_side_opponent_contact,-0.035697489768040214
ppo_privilege_gru_0722_long45_clip020_hard_u0015,ppo_privilege_gru_0722_long45_clip020_hard,15,True,evaluation-sp12-ego513-raceline0-v0.8,ego_collision,True,True,post_overtake_merge_rear_sweep,0.52386434260643
ppo_privilege_gru_0722_long45_clip020_hard_u0015,ppo_privilege_gru_0722_long45_clip020_hard,15,True,evaluation-sp13-ego556-raceline0-v0.8,overtake,False,False,none,3.325193047091034
ppo_privilege_gru_0722_long45_clip020_hard_u0015,ppo_privilege_gru_0722_long45_clip020_hard,15,True,evaluation-sp15-ego641-raceline2-v0.7,ego_collision,True,True,post_overtake_merge_rear_sweep,0.23855038114706417
ppo_privilege_gru_0722_long45_clip020_hard_u0015,ppo_privilege_gru_0722_long45_clip020_hard,15,True,evaluation-sp2-ego85-raceline2-v0.8,overtake,False,False,none,3.143223080275561
ppo_privilege_gru_0722_long45_clip020_hard_u0015,ppo_privilege_gru_0722_long45_clip020_hard,15,True,evaluation-sp21-ego898-raceline0-v0.7,ego_collision,True,True,post_overtake_merge_rear_sweep,0.5603204810152533
ppo_privilege_gru_0722_long45_clip020_hard_u0015,ppo_privilege_gru_0722_long45_clip020_hard,15,True,evaluation-sp30-ego1283-raceline0-v0.7,overtake,False,False,none,5.161688880669487
ppo_privilege_gru_0722_long45_clip020_hard_u0015,ppo_privilege_gru_0722_long45_clip020_hard,15,True,evaluation-sp37-ego1582-raceline2-v0.7,overtake,False,False,none,12.479364510525045
ppo_privilege_gru_0722_long45_clip020_hard_u0015,ppo_privilege_gru_0722_long45_clip020_hard,15,True,evaluation-sp4-ego171-raceline2-v0.8,overtake,False,False,none,1.2993294531374033
ppo_privilege_gru_0722_long45_clip020_hard_u0015,ppo_privilege_gru_0722_long45_clip020_hard,15,True,evaluation-sp45-ego1924-raceline0-v0.7,overtake,False,False,none,5.77727342783075
ppo_privilege_gru_0722_long45_clip020_hard_u0015,ppo_privilege_gru_0722_long45_clip020_hard,15,True,evaluation-sp5-ego213-raceline0-v0.7,ego_collision,True,True,post_overtake_merge_rear_sweep,0.27602495041981
ppo_privilege_gru_0722_long45_clip020_hard_u0015,ppo_privilege_gru_0722_long45_clip020_hard,15,True,evaluation-sp9-ego384-raceline0-v0.7,ego_collision,True,False,prepass_or_front_side_opponent_contact,-0.06718805206702427
ppo_privilege_gru_0722_long45_clip020_hard_u0020,ppo_privilege_gru_0722_long45_clip020_hard,20,True,evaluation-sp12-ego513-raceline0-v0.8,ego_collision,True,True,post_overtake_merge_rear_sweep,0.3485682150774494
ppo_privilege_gru_0722_long45_clip020_hard_u0020,ppo_privilege_gru_0722_long45_clip020_hard,20,True,evaluation-sp13-ego556-raceline0-v0.8,ego_collision,True,True,post_overtake_merge_rear_sweep,0.2362326770840184
ppo_privilege_gru_0722_long45_clip020_hard_u0020,ppo_privilege_gru_0722_long45_clip020_hard,20,True,evaluation-sp15-ego641-raceline2-v0.7,ego_collision,True,True,post_overtake_merge_rear_sweep,0.18914038836629743
ppo_privilege_gru_0722_long45_clip020_hard_u0020,ppo_privilege_gru_0722_long45_clip020_hard,20,True,evaluation-sp2-ego85-raceline2-v0.8,overtake,False,False,none,3.238194168286469
ppo_privilege_gru_0722_long45_clip020_hard_u0020,ppo_privilege_gru_0722_long45_clip020_hard,20,True,evaluation-sp21-ego898-raceline0-v0.7,ego_collision,True,True,post_overtake_merge_rear_sweep,0.37675894396258514
ppo_privilege_gru_0722_long45_clip020_hard_u0020,ppo_privilege_gru_0722_long45_clip020_hard,20,True,evaluation-sp30-ego1283-raceline0-v0.7,overtake,False,False,none,6.805515943404771
ppo_privilege_gru_0722_long45_clip020_hard_u0020,ppo_privilege_gru_0722_long45_clip020_hard,20,True,evaluation-sp37-ego1582-raceline2-v0.7,overtake,False,False,none,12.877907671509718
ppo_privilege_gru_0722_long45_clip020_hard_u0020,ppo_privilege_gru_0722_long45_clip020_hard,20,True,evaluation-sp4-ego171-raceline2-v0.8,overtake,False,False,none,1.4384675988499964
ppo_privilege_gru_0722_long45_clip020_hard_u0020,ppo_privilege_gru_0722_long45_clip020_hard,20,True,evaluation-sp45-ego1924-raceline0-v0.7,overtake,False,False,none,6.151262840421708
ppo_privilege_gru_0722_long45_clip020_hard_u0020,ppo_privilege_gru_0722_long45_clip020_hard,20,True,evaluation-sp5-ego213-raceline0-v0.7,ego_collision,True,True,post_overtake_merge_rear_sweep,0.5167272284227522
ppo_privilege_gru_0722_long45_clip020_hard_u0020,ppo_privilege_gru_0722_long45_clip020_hard,20,True,evaluation-sp9-ego384-raceline0-v0.7,ego_collision,True,False,prepass_or_front_side_opponent_contact,-0.30718329188323423
ppo_privilege_gru_0722_long45_clip020_hard_u0025,ppo_privilege_gru_0722_long45_clip020_hard,25,True,evaluation-sp12-ego513-raceline0-v0.8,ego_collision,True,True,post_overtake_merge_rear_sweep,0.4465555605483189
ppo_privilege_gru_0722_long45_clip020_hard_u0025,ppo_privilege_gru_0722_long45_clip020_hard,25,True,evaluation-sp13-ego556-raceline0-v0.8,overtake,False,False,none,3.921317865913352
ppo_privilege_gru_0722_long45_clip020_hard_u0025,ppo_privilege_gru_0722_long45_clip020_hard,25,True,evaluation-sp15-ego641-raceline2-v0.7,overtake,False,False,none,7.987998317153
ppo_privilege_gru_0722_long45_clip020_hard_u0025,ppo_privilege_gru_0722_long45_clip020_hard,25,True,evaluation-sp2-ego85-raceline2-v0.8,ego_collision,True,True,post_overtake_merge_rear_sweep,0.4346877671716243
ppo_privilege_gru_0722_long45_clip020_hard_u0025,ppo_privilege_gru_0722_long45_clip020_hard,25,True,evaluation-sp21-ego898-raceline0-v0.7,overtake,False,False,none,8.411038734763224
ppo_privilege_gru_0722_long45_clip020_hard_u0025,ppo_privilege_gru_0722_long45_clip020_hard,25,True,evaluation-sp30-ego1283-raceline0-v0.7,overtake,False,False,none,7.39496877633519
ppo_privilege_gru_0722_long45_clip020_hard_u0025,ppo_privilege_gru_0722_long45_clip020_hard,25,True,evaluation-sp37-ego1582-raceline2-v0.7,overtake,False,False,none,13.486008636515749
ppo_privilege_gru_0722_long45_clip020_hard_u0025,ppo_privilege_gru_0722_long45_clip020_hard,25,True,evaluation-sp4-ego171-raceline2-v0.8,overtake,False,False,none,1.6984085943670664
ppo_privilege_gru_0722_long45_clip020_hard_u0025,ppo_privilege_gru_0722_long45_clip020_hard,25,True,evaluation-sp45-ego1924-raceline0-v0.7,overtake,False,False,none,9.751956800325843
ppo_privilege_gru_0722_long45_clip020_hard_u0025,ppo_privilege_gru_0722_long45_clip020_hard,25,True,evaluation-sp5-ego213-raceline0-v0.7,overtake,False,False,none,10.619493652393402
ppo_privilege_gru_0722_long45_clip020_hard_u0025,ppo_privilege_gru_0722_long45_clip020_hard,25,True,evaluation-sp9-ego384-raceline0-v0.7,overtake,False,False,none,1.5468973568731315
ppo_privilege_gru_0722_long45_clip020_hard_u0030,ppo_privilege_gru_0722_long45_clip020_hard,30,True,evaluation-sp12-ego513-raceline0-v0.8,overtake,False,False,none,2.369357920863706
ppo_privilege_gru_0722_long45_clip020_hard_u0030,ppo_privilege_gru_0722_long45_clip020_hard,30,True,evaluation-sp13-ego556-raceline0-v0.8,overtake,False,False,none,5.750238261403638
ppo_privilege_gru_0722_long45_clip020_hard_u0030,ppo_privilege_gru_0722_long45_clip020_hard,30,True,evaluation-sp15-ego641-raceline2-v0.7,overtake,False,False,none,9.163873318921162
ppo_privilege_gru_0722_long45_clip020_hard_u0030,ppo_privilege_gru_0722_long45_clip020_hard,30,True,evaluation-sp2-ego85-raceline2-v0.8,overtake,False,False,none,4.440582284995656
ppo_privilege_gru_0722_long45_clip020_hard_u0030,ppo_privilege_gru_0722_long45_clip020_hard,30,True,evaluation-sp21-ego898-raceline0-v0.7,overtake,False,False,none,9.036433712586643
ppo_privilege_gru_0722_long45_clip020_hard_u0030,ppo_privilege_gru_0722_long45_clip020_hard,30,True,evaluation-sp30-ego1283-raceline0-v0.7,overtake,False,False,none,8.430504654487777
ppo_privilege_gru_0722_long45_clip020_hard_u0030,ppo_privilege_gru_0722_long45_clip020_hard,30,True,evaluation-sp37-ego1582-raceline2-v0.7,overtake,False,False,none,14.387198309516634
ppo_privilege_gru_0722_long45_clip020_hard_u0030,ppo_privilege_gru_0722_long45_clip020_hard,30,True,evaluation-sp4-ego171-raceline2-v0.8,overtake,False,False,none,2.178713525237441
ppo_privilege_gru_0722_long45_clip020_hard_u0030,ppo_privilege_gru_0722_long45_clip020_hard,30,True,evaluation-sp45-ego1924-raceline0-v0.7,overtake,False,False,none,10.049074805104993
ppo_privilege_gru_0722_long45_clip020_hard_u0030,ppo_privilege_gru_0722_long45_clip020_hard,30,True,evaluation-sp5-ego213-raceline0-v0.7,overtake,False,False,none,11.217064326960582
ppo_privilege_gru_0722_long45_clip020_hard_u0030,ppo_privilege_gru_0722_long45_clip020_hard,30,True,evaluation-sp9-ego384-raceline0-v0.7,ego_collision,True,True,post_overtake_merge_rear_sweep,0.11086482990847912
ppo_privilege_gru_0722_long45_clip020_hard_u0035,ppo_privilege_gru_0722_long45_clip020_hard,35,True,evaluation-sp12-ego513-raceline0-v0.8,overtake,False,False,none,2.413942522330103
ppo_privilege_gru_0722_long45_clip020_hard_u0035,ppo_privilege_gru_0722_long45_clip020_hard,35,True,evaluation-sp13-ego556-raceline0-v0.8,overtake,False,False,none,5.4753708845948665
ppo_privilege_gru_0722_long45_clip020_hard_u0035,ppo_privilege_gru_0722_long45_clip020_hard,35,True,evaluation-sp15-ego641-raceline2-v0.7,overtake,False,False,none,9.510407895054584
ppo_privilege_gru_0722_long45_clip020_hard_u0035,ppo_privilege_gru_0722_long45_clip020_hard,35,True,evaluation-sp2-ego85-raceline2-v0.8,overtake,False,False,none,4.192805154784338
ppo_privilege_gru_0722_long45_clip020_hard_u0035,ppo_privilege_gru_0722_long45_clip020_hard,35,True,evaluation-sp21-ego898-raceline0-v0.7,overtake,False,False,none,8.452994831337946
ppo_privilege_gru_0722_long45_clip020_hard_u0035,ppo_privilege_gru_0722_long45_clip020_hard,35,True,evaluation-sp30-ego1283-raceline0-v0.7,overtake,False,False,none,8.52947618115769
ppo_privilege_gru_0722_long45_clip020_hard_u0035,ppo_privilege_gru_0722_long45_clip020_hard,35,True,evaluation-sp37-ego1582-raceline2-v0.7,overtake,False,False,none,14.195548956557275
ppo_privilege_gru_0722_long45_clip020_hard_u0035,ppo_privilege_gru_0722_long45_clip020_hard,35,True,evaluation-sp4-ego171-raceline2-v0.8,overtake,False,False,none,2.20189426806067
ppo_privilege_gru_0722_long45_clip020_hard_u0035,ppo_privilege_gru_0722_long45_clip020_hard,35,True,evaluation-sp45-ego1924-raceline0-v0.7,overtake,False,False,none,9.81733150242573
ppo_privilege_gru_0722_long45_clip020_hard_u0035,ppo_privilege_gru_0722_long45_clip020_hard,35,True,evaluation-sp5-ego213-raceline0-v0.7,overtake,False,False,none,10.952774689921341
ppo_privilege_gru_0722_long45_clip020_hard_u0035,ppo_privilege_gru_0722_long45_clip020_hard,35,True,evaluation-sp9-ego384-raceline0-v0.7,overtake,False,False,none,0.8539424309974208
ppo_privilege_gru_0722_long45_clip020_hard_u0040,ppo_privilege_gru_0722_long45_clip020_hard,40,True,evaluation-sp12-ego513-raceline0-v0.8,overtake,False,False,none,1.6267624791300364
ppo_privilege_gru_0722_long45_clip020_hard_u0040,ppo_privilege_gru_0722_long45_clip020_hard,40,True,evaluation-sp13-ego556-raceline0-v0.8,overtake,False,False,none,5.507345784426889
ppo_privilege_gru_0722_long45_clip020_hard_u0040,ppo_privilege_gru_0722_long45_clip020_hard,40,True,evaluation-sp15-ego641-raceline2-v0.7,overtake,False,False,none,9.127553716986483
ppo_privilege_gru_0722_long45_clip020_hard_u0040,ppo_privilege_gru_0722_long45_clip020_hard,40,True,evaluation-sp2-ego85-raceline2-v0.8,overtake,False,False,none,2.6861436474426625
ppo_privilege_gru_0722_long45_clip020_hard_u0040,ppo_privilege_gru_0722_long45_clip020_hard,40,True,evaluation-sp21-ego898-raceline0-v0.7,overtake,False,False,none,9.60191260435272
ppo_privilege_gru_0722_long45_clip020_hard_u0040,ppo_privilege_gru_0722_long45_clip020_hard,40,True,evaluation-sp30-ego1283-raceline0-v0.7,overtake,False,False,none,8.531802709282033
ppo_privilege_gru_0722_long45_clip020_hard_u0040,ppo_privilege_gru_0722_long45_clip020_hard,40,True,evaluation-sp37-ego1582-raceline2-v0.7,overtake,False,False,none,14.118041006318208
ppo_privilege_gru_0722_long45_clip020_hard_u0040,ppo_privilege_gru_0722_long45_clip020_hard,40,True,evaluation-sp4-ego171-raceline2-v0.8,overtake,False,False,none,2.146788207872106
ppo_privilege_gru_0722_long45_clip020_hard_u0040,ppo_privilege_gru_0722_long45_clip020_hard,40,True,evaluation-sp45-ego1924-raceline0-v0.7,overtake,False,False,none,10.860367035616662
ppo_privilege_gru_0722_long45_clip020_hard_u0040,ppo_privilege_gru_0722_long45_clip020_hard,40,True,evaluation-sp5-ego213-raceline0-v0.7,overtake,False,False,none,10.903016945574905
ppo_privilege_gru_0722_long45_clip020_hard_u0040,ppo_privilege_gru_0722_long45_clip020_hard,40,True,evaluation-sp9-ego384-raceline0-v0.7,overtake,False,False,none,1.0581404485258474
ppo_privilege_gru_0722_long45_clip020_hard_u0045,ppo_privilege_gru_0722_long45_clip020_hard,45,True,evaluation-sp12-ego513-raceline0-v0.8,overtake,False,False,none,2.1999144042728744
ppo_privilege_gru_0722_long45_clip020_hard_u0045,ppo_privilege_gru_0722_long45_clip020_hard,45,True,evaluation-sp13-ego556-raceline0-v0.8,overtake,False,False,none,5.092596527870938
ppo_privilege_gru_0722_long45_clip020_hard_u0045,ppo_privilege_gru_0722_long45_clip020_hard,45,True,evaluation-sp15-ego641-raceline2-v0.7,overtake,False,False,none,8.102826278018625
ppo_privilege_gru_0722_long45_clip020_hard_u0045,ppo_privilege_gru_0722_long45_clip020_hard,45,True,evaluation-sp2-ego85-raceline2-v0.8,overtake,False,False,none,3.972936264791315
ppo_privilege_gru_0722_long45_clip020_hard_u0045,ppo_privilege_gru_0722_long45_clip020_hard,45,True,evaluation-sp21-ego898-raceline0-v0.7,overtake,False,False,none,8.538401122262002
ppo_privilege_gru_0722_long45_clip020_hard_u0045,ppo_privilege_gru_0722_long45_clip020_hard,45,True,evaluation-sp30-ego1283-raceline0-v0.7,overtake,False,False,none,7.5302848851478075
ppo_privilege_gru_0722_long45_clip020_hard_u0045,ppo_privilege_gru_0722_long45_clip020_hard,45,True,evaluation-sp37-ego1582-raceline2-v0.7,overtake,False,False,none,14.004120117349146
ppo_privilege_gru_0722_long45_clip020_hard_u0045,ppo_privilege_gru_0722_long45_clip020_hard,45,True,evaluation-sp4-ego171-raceline2-v0.8,overtake,False,False,none,1.639859603780934
ppo_privilege_gru_0722_long45_clip020_hard_u0045,ppo_privilege_gru_0722_long45_clip020_hard,45,True,evaluation-sp45-ego1924-raceline0-v0.7,overtake,False,False,none,9.582836920568951
ppo_privilege_gru_0722_long45_clip020_hard_u0045,ppo_privilege_gru_0722_long45_clip020_hard,45,True,evaluation-sp5-ego213-raceline0-v0.7,overtake,False,False,none,10.445956537176727
ppo_privilege_gru_0722_long45_clip020_hard_u0045,ppo_privilege_gru_0722_long45_clip020_hard,45,True,evaluation-sp9-ego384-raceline0-v0.7,overtake,False,False,none,1.0602852536427747
ppo_privilege_gru_0722_long45_clip025_u0001,ppo_privilege_gru_0722_long45_clip025,1,True,evaluation-sp12-ego513-raceline0-v0.8,ego_collision,True,True,post_overtake_merge_rear_sweep,0.1357490180013201
ppo_privilege_gru_0722_long45_clip025_u0001,ppo_privilege_gru_0722_long45_clip025,1,True,evaluation-sp13-ego556-raceline0-v0.8,ego_collision,True,False,prepass_or_front_side_opponent_contact,0.045109000327727244
ppo_privilege_gru_0722_long45_clip025_u0001,ppo_privilege_gru_0722_long45_clip025,1,True,evaluation-sp15-ego641-raceline2-v0.7,ego_collision,True,True,post_overtake_merge_rear_sweep,0.19170559285686295
ppo_privilege_gru_0722_long45_clip025_u0001,ppo_privilege_gru_0722_long45_clip025,1,True,evaluation-sp2-ego85-raceline2-v0.8,ego_collision,True,True,post_overtake_merge_rear_sweep,0.1198890581106582
ppo_privilege_gru_0722_long45_clip025_u0001,ppo_privilege_gru_0722_long45_clip025,1,True,evaluation-sp21-ego898-raceline0-v0.7,ego_collision,True,True,post_overtake_merge_rear_sweep,0.2537239567234053
ppo_privilege_gru_0722_long45_clip025_u0001,ppo_privilege_gru_0722_long45_clip025,1,True,evaluation-sp30-ego1283-raceline0-v0.7,ego_collision,True,True,post_overtake_merge_rear_sweep,0.394424768668614
ppo_privilege_gru_0722_long45_clip025_u0001,ppo_privilege_gru_0722_long45_clip025,1,True,evaluation-sp37-ego1582-raceline2-v0.7,overtake,False,False,none,11.418985067166147
ppo_privilege_gru_0722_long45_clip025_u0001,ppo_privilege_gru_0722_long45_clip025,1,True,evaluation-sp4-ego171-raceline2-v0.8,overtake,False,False,none,1.161130519728232
ppo_privilege_gru_0722_long45_clip025_u0001,ppo_privilege_gru_0722_long45_clip025,1,True,evaluation-sp45-ego1924-raceline0-v0.7,overtake,False,False,none,1.2943611708934384
ppo_privilege_gru_0722_long45_clip025_u0001,ppo_privilege_gru_0722_long45_clip025,1,True,evaluation-sp5-ego213-raceline0-v0.7,ego_collision,True,True,post_overtake_merge_rear_sweep,0.39963670709838084
ppo_privilege_gru_0722_long45_clip025_u0001,ppo_privilege_gru_0722_long45_clip025,1,True,evaluation-sp9-ego384-raceline0-v0.7,overtake,False,False,none,1.383463140125201
ppo_privilege_gru_0722_long45_clip025_u0005,ppo_privilege_gru_0722_long45_clip025,5,True,evaluation-sp12-ego513-raceline0-v0.8,overtake,False,False,none,2.173569927339827
ppo_privilege_gru_0722_long45_clip025_u0005,ppo_privilege_gru_0722_long45_clip025,5,True,evaluation-sp13-ego556-raceline0-v0.8,ego_collision,True,True,post_overtake_merge_rear_sweep,0.18083750921866226
ppo_privilege_gru_0722_long45_clip025_u0005,ppo_privilege_gru_0722_long45_clip025,5,True,evaluation-sp15-ego641-raceline2-v0.7,ego_collision,True,True,post_overtake_merge_rear_sweep,0.30738238182669875
ppo_privilege_gru_0722_long45_clip025_u0005,ppo_privilege_gru_0722_long45_clip025,5,True,evaluation-sp2-ego85-raceline2-v0.8,ego_collision,True,True,post_overtake_merge_rear_sweep,0.34390005521902367
ppo_privilege_gru_0722_long45_clip025_u0005,ppo_privilege_gru_0722_long45_clip025,5,True,evaluation-sp21-ego898-raceline0-v0.7,ego_collision,True,True,post_overtake_merge_rear_sweep,0.4137062806819358
ppo_privilege_gru_0722_long45_clip025_u0005,ppo_privilege_gru_0722_long45_clip025,5,True,evaluation-sp30-ego1283-raceline0-v0.7,overtake,False,False,none,6.926849811977263
ppo_privilege_gru_0722_long45_clip025_u0005,ppo_privilege_gru_0722_long45_clip025,5,True,evaluation-sp37-ego1582-raceline2-v0.7,overtake,False,False,none,11.930322369295709
ppo_privilege_gru_0722_long45_clip025_u0005,ppo_privilege_gru_0722_long45_clip025,5,True,evaluation-sp4-ego171-raceline2-v0.8,ego_collision,True,True,post_overtake_merge_rear_sweep,0.5709748087393507
ppo_privilege_gru_0722_long45_clip025_u0005,ppo_privilege_gru_0722_long45_clip025,5,True,evaluation-sp45-ego1924-raceline0-v0.7,overtake,False,False,none,2.478694934296385
ppo_privilege_gru_0722_long45_clip025_u0005,ppo_privilege_gru_0722_long45_clip025,5,True,evaluation-sp5-ego213-raceline0-v0.7,ego_collision,True,True,post_overtake_merge_rear_sweep,0.37279668256118725
ppo_privilege_gru_0722_long45_clip025_u0005,ppo_privilege_gru_0722_long45_clip025,5,True,evaluation-sp9-ego384-raceline0-v0.7,ego_collision,True,True,post_overtake_merge_rear_sweep,0.18787359979043572
ppo_privilege_gru_0722_long45_clip025_u0010,ppo_privilege_gru_0722_long45_clip025,10,True,evaluation-sp12-ego513-raceline0-v0.8,overtake,False,False,none,1.9496524586154464
ppo_privilege_gru_0722_long45_clip025_u0010,ppo_privilege_gru_0722_long45_clip025,10,True,evaluation-sp13-ego556-raceline0-v0.8,ego_collision,True,False,prepass_or_front_side_opponent_contact,0.0841198547996953
ppo_privilege_gru_0722_long45_clip025_u0010,ppo_privilege_gru_0722_long45_clip025,10,True,evaluation-sp15-ego641-raceline2-v0.7,ego_collision,True,True,post_overtake_merge_rear_sweep,0.38336476772428796
ppo_privilege_gru_0722_long45_clip025_u0010,ppo_privilege_gru_0722_long45_clip025,10,True,evaluation-sp2-ego85-raceline2-v0.8,overtake,False,False,none,0.8383175402076688
ppo_privilege_gru_0722_long45_clip025_u0010,ppo_privilege_gru_0722_long45_clip025,10,True,evaluation-sp21-ego898-raceline0-v0.7,overtake,False,False,none,4.754480845856762
ppo_privilege_gru_0722_long45_clip025_u0010,ppo_privilege_gru_0722_long45_clip025,10,True,evaluation-sp30-ego1283-raceline0-v0.7,overtake,False,False,none,5.677240058474297
ppo_privilege_gru_0722_long45_clip025_u0010,ppo_privilege_gru_0722_long45_clip025,10,True,evaluation-sp37-ego1582-raceline2-v0.7,overtake,False,False,none,12.812901935826176
ppo_privilege_gru_0722_long45_clip025_u0010,ppo_privilege_gru_0722_long45_clip025,10,True,evaluation-sp4-ego171-raceline2-v0.8,overtake,False,False,none,0.9606099277767726
ppo_privilege_gru_0722_long45_clip025_u0010,ppo_privilege_gru_0722_long45_clip025,10,True,evaluation-sp45-ego1924-raceline0-v0.7,overtake,False,False,none,1.9547090824319753
ppo_privilege_gru_0722_long45_clip025_u0010,ppo_privilege_gru_0722_long45_clip025,10,True,evaluation-sp5-ego213-raceline0-v0.7,ego_collision,True,True,post_overtake_merge_rear_sweep,0.6009768089820113
ppo_privilege_gru_0722_long45_clip025_u0010,ppo_privilege_gru_0722_long45_clip025,10,True,evaluation-sp9-ego384-raceline0-v0.7,ego_collision,True,False,prepass_or_front_side_opponent_contact,-0.03479093123337407
ppo_privilege_gru_0722_long45_clip025_u0015,ppo_privilege_gru_0722_long45_clip025,15,True,evaluation-sp12-ego513-raceline0-v0.8,ego_collision,True,True,post_overtake_merge_rear_sweep,0.38653848574691096
ppo_privilege_gru_0722_long45_clip025_u0015,ppo_privilege_gru_0722_long45_clip025,15,True,evaluation-sp13-ego556-raceline0-v0.8,ego_collision,True,True,post_overtake_merge_rear_sweep,0.32732405057700475
ppo_privilege_gru_0722_long45_clip025_u0015,ppo_privilege_gru_0722_long45_clip025,15,True,evaluation-sp15-ego641-raceline2-v0.7,ego_collision,True,True,post_overtake_merge_rear_sweep,0.35540516040228454
ppo_privilege_gru_0722_long45_clip025_u0015,ppo_privilege_gru_0722_long45_clip025,15,True,evaluation-sp2-ego85-raceline2-v0.8,ego_collision,True,False,prepass_or_front_side_opponent_contact,-0.1839609491692329
ppo_privilege_gru_0722_long45_clip025_u0015,ppo_privilege_gru_0722_long45_clip025,15,True,evaluation-sp21-ego898-raceline0-v0.7,overtake,False,False,none,4.4626686795105
ppo_privilege_gru_0722_long45_clip025_u0015,ppo_privilege_gru_0722_long45_clip025,15,True,evaluation-sp30-ego1283-raceline0-v0.7,overtake,False,False,none,6.522387193911129
ppo_privilege_gru_0722_long45_clip025_u0015,ppo_privilege_gru_0722_long45_clip025,15,True,evaluation-sp37-ego1582-raceline2-v0.7,overtake,False,False,none,12.653458978224592
ppo_privilege_gru_0722_long45_clip025_u0015,ppo_privilege_gru_0722_long45_clip025,15,True,evaluation-sp4-ego171-raceline2-v0.8,ego_collision,True,True,post_overtake_merge_rear_sweep,0.5230581843752304
ppo_privilege_gru_0722_long45_clip025_u0015,ppo_privilege_gru_0722_long45_clip025,15,True,evaluation-sp45-ego1924-raceline0-v0.7,overtake,False,False,none,2.5803929382500996
ppo_privilege_gru_0722_long45_clip025_u0015,ppo_privilege_gru_0722_long45_clip025,15,True,evaluation-sp5-ego213-raceline0-v0.7,ego_collision,True,True,post_overtake_merge_rear_sweep,0.5286493686368203
ppo_privilege_gru_0722_long45_clip025_u0015,ppo_privilege_gru_0722_long45_clip025,15,True,evaluation-sp9-ego384-raceline0-v0.7,ego_collision,True,False,prepass_or_front_side_opponent_contact,-0.1800301119193648
ppo_privilege_gru_0722_long45_clip025_u0020,ppo_privilege_gru_0722_long45_clip025,20,True,evaluation-sp12-ego513-raceline0-v0.8,overtake,False,False,none,1.8435808470403856
ppo_privilege_gru_0722_long45_clip025_u0020,ppo_privilege_gru_0722_long45_clip025,20,True,evaluation-sp13-ego556-raceline0-v0.8,ego_collision,True,True,post_overtake_merge_rear_sweep,0.5133568677315168
ppo_privilege_gru_0722_long45_clip025_u0020,ppo_privilege_gru_0722_long45_clip025,20,True,evaluation-sp15-ego641-raceline2-v0.7,ego_collision,True,True,post_overtake_merge_rear_sweep,0.3691427074724629
ppo_privilege_gru_0722_long45_clip025_u0020,ppo_privilege_gru_0722_long45_clip025,20,True,evaluation-sp2-ego85-raceline2-v0.8,follow,False,False,none,-0.10809674677457792
ppo_privilege_gru_0722_long45_clip025_u0020,ppo_privilege_gru_0722_long45_clip025,20,True,evaluation-sp21-ego898-raceline0-v0.7,ego_collision,True,True,post_overtake_merge_rear_sweep,0.6271310634806184
ppo_privilege_gru_0722_long45_clip025_u0020,ppo_privilege_gru_0722_long45_clip025,20,True,evaluation-sp30-ego1283-raceline0-v0.7,overtake,False,False,none,6.835623559802912
ppo_privilege_gru_0722_long45_clip025_u0020,ppo_privilege_gru_0722_long45_clip025,20,True,evaluation-sp37-ego1582-raceline2-v0.7,overtake,False,False,none,12.468257572930781
ppo_privilege_gru_0722_long45_clip025_u0020,ppo_privilege_gru_0722_long45_clip025,20,True,evaluation-sp4-ego171-raceline2-v0.8,ego_collision,True,True,post_overtake_merge_rear_sweep,0.5945006091550056
ppo_privilege_gru_0722_long45_clip025_u0020,ppo_privilege_gru_0722_long45_clip025,20,True,evaluation-sp45-ego1924-raceline0-v0.7,ego_collision,True,True,post_overtake_merge_rear_sweep,0.2715840101965341
ppo_privilege_gru_0722_long45_clip025_u0020,ppo_privilege_gru_0722_long45_clip025,20,True,evaluation-sp5-ego213-raceline0-v0.7,ego_collision,True,True,post_overtake_merge_rear_sweep,0.46873988684424717
ppo_privilege_gru_0722_long45_clip025_u0020,ppo_privilege_gru_0722_long45_clip025,20,True,evaluation-sp9-ego384-raceline0-v0.7,ego_collision,True,False,prepass_or_front_side_opponent_contact,-0.06852428012567202
ppo_privilege_gru_0722_long45_clip025_u0025,ppo_privilege_gru_0722_long45_clip025,25,True,evaluation-sp12-ego513-raceline0-v0.8,overtake,False,False,none,1.9203285407294004
ppo_privilege_gru_0722_long45_clip025_u0025,ppo_privilege_gru_0722_long45_clip025,25,True,evaluation-sp13-ego556-raceline0-v0.8,ego_collision,True,True,post_overtake_merge_rear_sweep,0.18174939634508291
ppo_privilege_gru_0722_long45_clip025_u0025,ppo_privilege_gru_0722_long45_clip025,25,True,evaluation-sp15-ego641-raceline2-v0.7,overtake,False,False,none,9.060848397937093
ppo_privilege_gru_0722_long45_clip025_u0025,ppo_privilege_gru_0722_long45_clip025,25,True,evaluation-sp2-ego85-raceline2-v0.8,overtake,False,False,none,0.0201271899494202
ppo_privilege_gru_0722_long45_clip025_u0025,ppo_privilege_gru_0722_long45_clip025,25,True,evaluation-sp21-ego898-raceline0-v0.7,overtake,False,False,none,4.861213647890253
ppo_privilege_gru_0722_long45_clip025_u0025,ppo_privilege_gru_0722_long45_clip025,25,True,evaluation-sp30-ego1283-raceline0-v0.7,overtake,False,False,none,6.860318843521611
ppo_privilege_gru_0722_long45_clip025_u0025,ppo_privilege_gru_0722_long45_clip025,25,True,evaluation-sp37-ego1582-raceline2-v0.7,overtake,False,False,none,12.138736126168453
ppo_privilege_gru_0722_long45_clip025_u0025,ppo_privilege_gru_0722_long45_clip025,25,True,evaluation-sp4-ego171-raceline2-v0.8,overtake,False,False,none,1.0434340291956516
ppo_privilege_gru_0722_long45_clip025_u0025,ppo_privilege_gru_0722_long45_clip025,25,True,evaluation-sp45-ego1924-raceline0-v0.7,ego_collision,True,True,post_overtake_merge_rear_sweep,0.6473196373839869
ppo_privilege_gru_0722_long45_clip025_u0025,ppo_privilege_gru_0722_long45_clip025,25,True,evaluation-sp5-ego213-raceline0-v0.7,ego_collision,True,True,post_overtake_merge_rear_sweep,0.336366490280426
ppo_privilege_gru_0722_long45_clip025_u0025,ppo_privilege_gru_0722_long45_clip025,25,True,evaluation-sp9-ego384-raceline0-v0.7,ego_collision,True,False,prepass_or_front_side_opponent_contact,-0.12415910476499903
ppo_privilege_gru_0722_long45_clip025_u0030,ppo_privilege_gru_0722_long45_clip025,30,True,evaluation-sp12-ego513-raceline0-v0.8,overtake,False,False,none,2.0994066857373355
ppo_privilege_gru_0722_long45_clip025_u0030,ppo_privilege_gru_0722_long45_clip025,30,True,evaluation-sp13-ego556-raceline0-v0.8,overtake,False,False,none,2.5468301060615204
ppo_privilege_gru_0722_long45_clip025_u0030,ppo_privilege_gru_0722_long45_clip025,30,True,evaluation-sp15-ego641-raceline2-v0.7,overtake,False,False,none,9.611047921284182
ppo_privilege_gru_0722_long45_clip025_u0030,ppo_privilege_gru_0722_long45_clip025,30,True,evaluation-sp2-ego85-raceline2-v0.8,overtake,False,False,none,0.2660886479386875
ppo_privilege_gru_0722_long45_clip025_u0030,ppo_privilege_gru_0722_long45_clip025,30,True,evaluation-sp21-ego898-raceline0-v0.7,overtake,False,False,none,3.983113047539632
ppo_privilege_gru_0722_long45_clip025_u0030,ppo_privilege_gru_0722_long45_clip025,30,True,evaluation-sp30-ego1283-raceline0-v0.7,overtake,False,False,none,6.823092252122535
ppo_privilege_gru_0722_long45_clip025_u0030,ppo_privilege_gru_0722_long45_clip025,30,True,evaluation-sp37-ego1582-raceline2-v0.7,overtake,False,False,none,12.643571747950432
ppo_privilege_gru_0722_long45_clip025_u0030,ppo_privilege_gru_0722_long45_clip025,30,True,evaluation-sp4-ego171-raceline2-v0.8,overtake,False,False,none,1.4813203631833574
ppo_privilege_gru_0722_long45_clip025_u0030,ppo_privilege_gru_0722_long45_clip025,30,True,evaluation-sp45-ego1924-raceline0-v0.7,overtake,False,False,none,5.12637852656303
ppo_privilege_gru_0722_long45_clip025_u0030,ppo_privilege_gru_0722_long45_clip025,30,True,evaluation-sp5-ego213-raceline0-v0.7,ego_collision,True,True,post_overtake_merge_rear_sweep,0.5226577733158138
ppo_privilege_gru_0722_long45_clip025_u0030,ppo_privilege_gru_0722_long45_clip025,30,True,evaluation-sp9-ego384-raceline0-v0.7,ego_collision,True,False,prepass_or_front_side_opponent_contact,-0.07457769467629305
ppo_privilege_gru_0722_long45_clip025_u0035,ppo_privilege_gru_0722_long45_clip025,35,True,evaluation-sp12-ego513-raceline0-v0.8,overtake,False,False,none,1.1848976119611052
ppo_privilege_gru_0722_long45_clip025_u0035,ppo_privilege_gru_0722_long45_clip025,35,True,evaluation-sp13-ego556-raceline0-v0.8,overtake,False,False,none,3.736318506044455
ppo_privilege_gru_0722_long45_clip025_u0035,ppo_privilege_gru_0722_long45_clip025,35,True,evaluation-sp15-ego641-raceline2-v0.7,overtake,False,False,none,9.355349131129714
ppo_privilege_gru_0722_long45_clip025_u0035,ppo_privilege_gru_0722_long45_clip025,35,True,evaluation-sp2-ego85-raceline2-v0.8,ego_collision,True,False,prepass_or_front_side_opponent_contact,-0.20158454584492347
ppo_privilege_gru_0722_long45_clip025_u0035,ppo_privilege_gru_0722_long45_clip025,35,True,evaluation-sp21-ego898-raceline0-v0.7,overtake,False,False,none,6.558508523614336
ppo_privilege_gru_0722_long45_clip025_u0035,ppo_privilege_gru_0722_long45_clip025,35,True,evaluation-sp30-ego1283-raceline0-v0.7,overtake,False,False,none,7.2035605892109515
ppo_privilege_gru_0722_long45_clip025_u0035,ppo_privilege_gru_0722_long45_clip025,35,True,evaluation-sp37-ego1582-raceline2-v0.7,overtake,False,False,none,12.775894917290088
ppo_privilege_gru_0722_long45_clip025_u0035,ppo_privilege_gru_0722_long45_clip025,35,True,evaluation-sp4-ego171-raceline2-v0.8,overtake,False,False,none,1.6650977046516857
ppo_privilege_gru_0722_long45_clip025_u0035,ppo_privilege_gru_0722_long45_clip025,35,True,evaluation-sp45-ego1924-raceline0-v0.7,overtake,False,False,none,7.118290293797969
ppo_privilege_gru_0722_long45_clip025_u0035,ppo_privilege_gru_0722_long45_clip025,35,True,evaluation-sp5-ego213-raceline0-v0.7,ego_collision,True,True,post_overtake_merge_rear_sweep,0.2695276616055935
ppo_privilege_gru_0722_long45_clip025_u0035,ppo_privilege_gru_0722_long45_clip025,35,True,evaluation-sp9-ego384-raceline0-v0.7,ego_collision,True,False,prepass_or_front_side_opponent_contact,-0.18871190041326713
ppo_privilege_gru_0722_long45_clip025_u0040,ppo_privilege_gru_0722_long45_clip025,40,True,evaluation-sp12-ego513-raceline0-v0.8,overtake,False,False,none,1.9272530317038559
ppo_privilege_gru_0722_long45_clip025_u0040,ppo_privilege_gru_0722_long45_clip025,40,True,evaluation-sp13-ego556-raceline0-v0.8,overtake,False,False,none,3.7587260170560626
ppo_privilege_gru_0722_long45_clip025_u0040,ppo_privilege_gru_0722_long45_clip025,40,True,evaluation-sp15-ego641-raceline2-v0.7,overtake,False,False,none,9.60789063423752
ppo_privilege_gru_0722_long45_clip025_u0040,ppo_privilege_gru_0722_long45_clip025,40,True,evaluation-sp2-ego85-raceline2-v0.8,ego_collision,True,False,post_overtake_rear_contact_without_merge_threshold,0.08948017698193667
ppo_privilege_gru_0722_long45_clip025_u0040,ppo_privilege_gru_0722_long45_clip025,40,True,evaluation-sp21-ego898-raceline0-v0.7,ego_collision,True,True,post_overtake_merge_rear_sweep,0.8493287546385488
ppo_privilege_gru_0722_long45_clip025_u0040,ppo_privilege_gru_0722_long45_clip025,40,True,evaluation-sp30-ego1283-raceline0-v0.7,overtake,False,False,none,6.905106265229676
ppo_privilege_gru_0722_long45_clip025_u0040,ppo_privilege_gru_0722_long45_clip025,40,True,evaluation-sp37-ego1582-raceline2-v0.7,overtake,False,False,none,12.7748725062998
ppo_privilege_gru_0722_long45_clip025_u0040,ppo_privilege_gru_0722_long45_clip025,40,True,evaluation-sp4-ego171-raceline2-v0.8,overtake,False,False,none,1.3893608310065986
ppo_privilege_gru_0722_long45_clip025_u0040,ppo_privilege_gru_0722_long45_clip025,40,True,evaluation-sp45-ego1924-raceline0-v0.7,overtake,False,False,none,7.132452734638463
ppo_privilege_gru_0722_long45_clip025_u0040,ppo_privilege_gru_0722_long45_clip025,40,True,evaluation-sp5-ego213-raceline0-v0.7,ego_collision,True,True,post_overtake_merge_rear_sweep,0.4416749054178979
ppo_privilege_gru_0722_long45_clip025_u0040,ppo_privilege_gru_0722_long45_clip025,40,True,evaluation-sp9-ego384-raceline0-v0.7,ego_collision,True,False,prepass_or_front_side_opponent_contact,-0.12822640686567865
ppo_privilege_gru_0722_long45_clip025_u0045,ppo_privilege_gru_0722_long45_clip025,45,True,evaluation-sp12-ego513-raceline0-v0.8,overtake,False,False,none,1.7357125313508561
ppo_privilege_gru_0722_long45_clip025_u0045,ppo_privilege_gru_0722_long45_clip025,45,True,evaluation-sp13-ego556-raceline0-v0.8,ego_collision,True,True,post_overtake_merge_rear_sweep,0.3117832285941802
ppo_privilege_gru_0722_long45_clip025_u0045,ppo_privilege_gru_0722_long45_clip025,45,True,evaluation-sp15-ego641-raceline2-v0.7,overtake,False,False,none,9.075204629313248
ppo_privilege_gru_0722_long45_clip025_u0045,ppo_privilege_gru_0722_long45_clip025,45,True,evaluation-sp2-ego85-raceline2-v0.8,overtake,False,False,none,1.5375769452227246
ppo_privilege_gru_0722_long45_clip025_u0045,ppo_privilege_gru_0722_long45_clip025,45,True,evaluation-sp21-ego898-raceline0-v0.7,overtake,False,False,none,5.138846071777039
ppo_privilege_gru_0722_long45_clip025_u0045,ppo_privilege_gru_0722_long45_clip025,45,True,evaluation-sp30-ego1283-raceline0-v0.7,overtake,False,False,none,7.344810254304036
ppo_privilege_gru_0722_long45_clip025_u0045,ppo_privilege_gru_0722_long45_clip025,45,True,evaluation-sp37-ego1582-raceline2-v0.7,overtake,False,False,none,12.379126330964255
ppo_privilege_gru_0722_long45_clip025_u0045,ppo_privilege_gru_0722_long45_clip025,45,True,evaluation-sp4-ego171-raceline2-v0.8,ego_collision,True,True,post_overtake_merge_rear_sweep,0.5393178328595525
ppo_privilege_gru_0722_long45_clip025_u0045,ppo_privilege_gru_0722_long45_clip025,45,True,evaluation-sp45-ego1924-raceline0-v0.7,overtake,False,False,none,3.117561535634991
ppo_privilege_gru_0722_long45_clip025_u0045,ppo_privilege_gru_0722_long45_clip025,45,True,evaluation-sp5-ego213-raceline0-v0.7,ego_collision,True,True,post_overtake_merge_rear_sweep,0.25756039465650815
ppo_privilege_gru_0722_long45_clip025_u0045,ppo_privilege_gru_0722_long45_clip025,45,True,evaluation-sp9-ego384-raceline0-v0.7,ego_collision,True,False,prepass_or_front_side_opponent_contact,-0.040350506522656815
ppo_privilege_gru_0722_long_clip015_u0001,ppo_privilege_gru_0722_long_clip015,1,True,evaluation-sp12-ego513-raceline0-v0.8,ego_collision,True,True,post_overtake_merge_rear_sweep,0.047117555420499
ppo_privilege_gru_0722_long_clip015_u0001,ppo_privilege_gru_0722_long_clip015,1,True,evaluation-sp13-ego556-raceline0-v0.8,overtake,False,False,none,0.4409523586091666
ppo_privilege_gru_0722_long_clip015_u0001,ppo_privilege_gru_0722_long_clip015,1,True,evaluation-sp15-ego641-raceline2-v0.7,ego_collision,True,True,post_overtake_merge_rear_sweep,0.24756309757535178
ppo_privilege_gru_0722_long_clip015_u0001,ppo_privilege_gru_0722_long_clip015,1,True,evaluation-sp2-ego85-raceline2-v0.8,ego_collision,True,True,post_overtake_merge_rear_sweep,0.20746215221331
ppo_privilege_gru_0722_long_clip015_u0001,ppo_privilege_gru_0722_long_clip015,1,True,evaluation-sp21-ego898-raceline0-v0.7,ego_collision,True,True,post_overtake_merge_rear_sweep,0.23482624864152513
ppo_privilege_gru_0722_long_clip015_u0001,ppo_privilege_gru_0722_long_clip015,1,True,evaluation-sp30-ego1283-raceline0-v0.7,overtake,False,False,none,6.430426981064954
ppo_privilege_gru_0722_long_clip015_u0001,ppo_privilege_gru_0722_long_clip015,1,True,evaluation-sp37-ego1582-raceline2-v0.7,overtake,False,False,none,12.23398565751944
ppo_privilege_gru_0722_long_clip015_u0001,ppo_privilege_gru_0722_long_clip015,1,True,evaluation-sp4-ego171-raceline2-v0.8,overtake,False,False,none,0.7077228532163247
ppo_privilege_gru_0722_long_clip015_u0001,ppo_privilege_gru_0722_long_clip015,1,True,evaluation-sp45-ego1924-raceline0-v0.7,overtake,False,False,none,4.163352766622353
ppo_privilege_gru_0722_long_clip015_u0001,ppo_privilege_gru_0722_long_clip015,1,True,evaluation-sp5-ego213-raceline0-v0.7,ego_collision,True,True,post_overtake_merge_rear_sweep,0.45126287480630367
ppo_privilege_gru_0722_long_clip015_u0001,ppo_privilege_gru_0722_long_clip015,1,True,evaluation-sp9-ego384-raceline0-v0.7,ego_collision,True,False,prepass_or_front_side_opponent_contact,-0.1330606654999258
ppo_privilege_gru_0722_long_clip015_u0005,ppo_privilege_gru_0722_long_clip015,5,True,evaluation-sp12-ego513-raceline0-v0.8,ego_collision,True,True,post_overtake_merge_rear_sweep,0.39581163208058
ppo_privilege_gru_0722_long_clip015_u0005,ppo_privilege_gru_0722_long_clip015,5,True,evaluation-sp13-ego556-raceline0-v0.8,overtake,False,False,none,0.21301562062890866
ppo_privilege_gru_0722_long_clip015_u0005,ppo_privilege_gru_0722_long_clip015,5,True,evaluation-sp15-ego641-raceline2-v0.7,ego_collision,True,True,post_overtake_merge_rear_sweep,0.3782400391200724
ppo_privilege_gru_0722_long_clip015_u0005,ppo_privilege_gru_0722_long_clip015,5,True,evaluation-sp2-ego85-raceline2-v0.8,ego_collision,True,False,prepass_or_front_side_opponent_contact,0.05234498889961969
ppo_privilege_gru_0722_long_clip015_u0005,ppo_privilege_gru_0722_long_clip015,5,True,evaluation-sp21-ego898-raceline0-v0.7,ego_collision,True,False,prepass_or_front_side_opponent_contact,0.146064310192628
ppo_privilege_gru_0722_long_clip015_u0005,ppo_privilege_gru_0722_long_clip015,5,True,evaluation-sp30-ego1283-raceline0-v0.7,ego_collision,True,True,post_overtake_merge_rear_sweep,0.7995770507800444
ppo_privilege_gru_0722_long_clip015_u0005,ppo_privilege_gru_0722_long_clip015,5,True,evaluation-sp37-ego1582-raceline2-v0.7,overtake,False,False,none,11.496487466034125
ppo_privilege_gru_0722_long_clip015_u0005,ppo_privilege_gru_0722_long_clip015,5,True,evaluation-sp4-ego171-raceline2-v0.8,ego_collision,True,True,post_overtake_merge_rear_sweep,0.4272416222190998
ppo_privilege_gru_0722_long_clip015_u0005,ppo_privilege_gru_0722_long_clip015,5,True,evaluation-sp45-ego1924-raceline0-v0.7,overtake,False,False,none,3.3884144969247814
ppo_privilege_gru_0722_long_clip015_u0005,ppo_privilege_gru_0722_long_clip015,5,True,evaluation-sp5-ego213-raceline0-v0.7,ego_collision,True,True,post_overtake_merge_rear_sweep,0.3723278425511296
ppo_privilege_gru_0722_long_clip015_u0005,ppo_privilege_gru_0722_long_clip015,5,True,evaluation-sp9-ego384-raceline0-v0.7,ego_collision,True,True,post_overtake_merge_rear_sweep,0.13473292110475654
ppo_privilege_gru_0722_long_clip015_u0010,ppo_privilege_gru_0722_long_clip015,10,True,evaluation-sp12-ego513-raceline0-v0.8,overtake,False,False,none,0.983677473108628
ppo_privilege_gru_0722_long_clip015_u0010,ppo_privilege_gru_0722_long_clip015,10,True,evaluation-sp13-ego556-raceline0-v0.8,overtake,False,False,none,0.18467658634057216
ppo_privilege_gru_0722_long_clip015_u0010,ppo_privilege_gru_0722_long_clip015,10,True,evaluation-sp15-ego641-raceline2-v0.7,ego_collision,True,True,post_overtake_merge_rear_sweep,0.36959682166670405
ppo_privilege_gru_0722_long_clip015_u0010,ppo_privilege_gru_0722_long_clip015,10,True,evaluation-sp2-ego85-raceline2-v0.8,follow,False,False,none,-0.28015039450176005
ppo_privilege_gru_0722_long_clip015_u0010,ppo_privilege_gru_0722_long_clip015,10,True,evaluation-sp21-ego898-raceline0-v0.7,overtake,False,False,none,2.030295073546256
ppo_privilege_gru_0722_long_clip015_u0010,ppo_privilege_gru_0722_long_clip015,10,True,evaluation-sp30-ego1283-raceline0-v0.7,ego_collision,True,True,post_overtake_merge_rear_sweep,1.5957067460763028
ppo_privilege_gru_0722_long_clip015_u0010,ppo_privilege_gru_0722_long_clip015,10,True,evaluation-sp37-ego1582-raceline2-v0.7,overtake,False,False,none,10.890388548923227
ppo_privilege_gru_0722_long_clip015_u0010,ppo_privilege_gru_0722_long_clip015,10,True,evaluation-sp4-ego171-raceline2-v0.8,ego_collision,True,True,post_overtake_merge_rear_sweep,0.4122741212561607
ppo_privilege_gru_0722_long_clip015_u0010,ppo_privilege_gru_0722_long_clip015,10,True,evaluation-sp45-ego1924-raceline0-v0.7,overtake,False,False,none,4.018408181290766
ppo_privilege_gru_0722_long_clip015_u0010,ppo_privilege_gru_0722_long_clip015,10,True,evaluation-sp5-ego213-raceline0-v0.7,ego_collision,True,True,post_overtake_merge_rear_sweep,0.23342983831796005
ppo_privilege_gru_0722_long_clip015_u0010,ppo_privilege_gru_0722_long_clip015,10,True,evaluation-sp9-ego384-raceline0-v0.7,overtake,False,False,none,1.2500485793082987
ppo_privilege_gru_0722_long_clip015_u0015,ppo_privilege_gru_0722_long_clip015,15,True,evaluation-sp12-ego513-raceline0-v0.8,overtake,False,False,none,1.8267178181821464
ppo_privilege_gru_0722_long_clip015_u0015,ppo_privilege_gru_0722_long_clip015,15,True,evaluation-sp13-ego556-raceline0-v0.8,overtake,False,False,none,2.6331236820406616
ppo_privilege_gru_0722_long_clip015_u0015,ppo_privilege_gru_0722_long_clip015,15,True,evaluation-sp15-ego641-raceline2-v0.7,ego_collision,True,True,post_overtake_merge_rear_sweep,0.34002897958427525
ppo_privilege_gru_0722_long_clip015_u0015,ppo_privilege_gru_0722_long_clip015,15,True,evaluation-sp2-ego85-raceline2-v0.8,overtake,False,False,none,0.7433461593852542
ppo_privilege_gru_0722_long_clip015_u0015,ppo_privilege_gru_0722_long_clip015,15,True,evaluation-sp21-ego898-raceline0-v0.7,overtake,False,False,none,4.331390467697588
ppo_privilege_gru_0722_long_clip015_u0015,ppo_privilege_gru_0722_long_clip015,15,True,evaluation-sp30-ego1283-raceline0-v0.7,overtake,False,False,none,5.658007348034857
ppo_privilege_gru_0722_long_clip015_u0015,ppo_privilege_gru_0722_long_clip015,15,True,evaluation-sp37-ego1582-raceline2-v0.7,ego_collision,True,True,post_overtake_merge_rear_sweep,0.5221938647259208
ppo_privilege_gru_0722_long_clip015_u0015,ppo_privilege_gru_0722_long_clip015,15,True,evaluation-sp4-ego171-raceline2-v0.8,overtake,False,False,none,1.0666031131189868
ppo_privilege_gru_0722_long_clip015_u0015,ppo_privilege_gru_0722_long_clip015,15,True,evaluation-sp45-ego1924-raceline0-v0.7,ego_collision,True,True,post_overtake_merge_rear_sweep,0.27780238345499697
ppo_privilege_gru_0722_long_clip015_u0015,ppo_privilege_gru_0722_long_clip015,15,True,evaluation-sp5-ego213-raceline0-v0.7,ego_collision,True,True,post_overtake_merge_rear_sweep,0.25248436330332424
ppo_privilege_gru_0722_long_clip015_u0015,ppo_privilege_gru_0722_long_clip015,15,True,evaluation-sp9-ego384-raceline0-v0.7,ego_collision,True,True,post_overtake_merge_rear_sweep,0.05687036981484539
ppo_privilege_gru_0722_long_clip015_u0020,ppo_privilege_gru_0722_long_clip015,20,True,evaluation-sp12-ego513-raceline0-v0.8,overtake,False,False,none,1.2488070225552121
ppo_privilege_gru_0722_long_clip015_u0020,ppo_privilege_gru_0722_long_clip015,20,True,evaluation-sp13-ego556-raceline0-v0.8,ego_collision,True,True,post_overtake_merge_rear_sweep,0.15871832281754905
ppo_privilege_gru_0722_long_clip015_u0020,ppo_privilege_gru_0722_long_clip015,20,True,evaluation-sp15-ego641-raceline2-v0.7,ego_collision,True,True,post_overtake_merge_rear_sweep,0.36224179516480604
ppo_privilege_gru_0722_long_clip015_u0020,ppo_privilege_gru_0722_long_clip015,20,True,evaluation-sp2-ego85-raceline2-v0.8,ego_collision,True,False,prepass_or_front_side_opponent_contact,0.000914844419014571
ppo_privilege_gru_0722_long_clip015_u0020,ppo_privilege_gru_0722_long_clip015,20,True,evaluation-sp21-ego898-raceline0-v0.7,ego_collision,True,True,post_overtake_merge_rear_sweep,0.4838892898842744
ppo_privilege_gru_0722_long_clip015_u0020,ppo_privilege_gru_0722_long_clip015,20,True,evaluation-sp30-ego1283-raceline0-v0.7,overtake,False,False,none,1.812177136443438
ppo_privilege_gru_0722_long_clip015_u0020,ppo_privilege_gru_0722_long_clip015,20,True,evaluation-sp37-ego1582-raceline2-v0.7,ego_collision,True,True,post_overtake_merge_rear_sweep,0.5041775788006362
ppo_privilege_gru_0722_long_clip015_u0020,ppo_privilege_gru_0722_long_clip015,20,True,evaluation-sp4-ego171-raceline2-v0.8,overtake,False,False,none,0.9967177830676803
ppo_privilege_gru_0722_long_clip015_u0020,ppo_privilege_gru_0722_long_clip015,20,True,evaluation-sp45-ego1924-raceline0-v0.7,ego_collision,True,True,post_overtake_merge_rear_sweep,0.4406334864144128
ppo_privilege_gru_0722_long_clip015_u0020,ppo_privilege_gru_0722_long_clip015,20,True,evaluation-sp5-ego213-raceline0-v0.7,ego_collision,True,True,post_overtake_merge_rear_sweep,0.2871413107079661
ppo_privilege_gru_0722_long_clip015_u0020,ppo_privilege_gru_0722_long_clip015,20,True,evaluation-sp9-ego384-raceline0-v0.7,ego_collision,True,False,prepass_or_front_side_opponent_contact,-0.22954175502280805
ppo_privilege_gru_0722_long_clip015_u0025,ppo_privilege_gru_0722_long_clip015,25,True,evaluation-sp12-ego513-raceline0-v0.8,overtake,False,False,none,0.9108389563218395
ppo_privilege_gru_0722_long_clip015_u0025,ppo_privilege_gru_0722_long_clip015,25,True,evaluation-sp13-ego556-raceline0-v0.8,ego_collision,True,True,post_overtake_merge_rear_sweep,0.0812313286077142
ppo_privilege_gru_0722_long_clip015_u0025,ppo_privilege_gru_0722_long_clip015,25,True,evaluation-sp15-ego641-raceline2-v0.7,ego_collision,True,True,post_overtake_merge_rear_sweep,0.4501004024931774
ppo_privilege_gru_0722_long_clip015_u0025,ppo_privilege_gru_0722_long_clip015,25,True,evaluation-sp2-ego85-raceline2-v0.8,follow,False,False,none,-0.355408041640942
ppo_privilege_gru_0722_long_clip015_u0025,ppo_privilege_gru_0722_long_clip015,25,True,evaluation-sp21-ego898-raceline0-v0.7,ego_collision,True,True,post_overtake_merge_rear_sweep,0.33126882040650685
ppo_privilege_gru_0722_long_clip015_u0025,ppo_privilege_gru_0722_long_clip015,25,True,evaluation-sp30-ego1283-raceline0-v0.7,overtake,False,False,none,3.4884727025258258
ppo_privilege_gru_0722_long_clip015_u0025,ppo_privilege_gru_0722_long_clip015,25,True,evaluation-sp37-ego1582-raceline2-v0.7,ego_collision,True,True,post_overtake_merge_rear_sweep,0.5092583315634442
ppo_privilege_gru_0722_long_clip015_u0025,ppo_privilege_gru_0722_long_clip015,25,True,evaluation-sp4-ego171-raceline2-v0.8,ego_collision,True,True,post_overtake_merge_rear_sweep,0.4634243277799044
ppo_privilege_gru_0722_long_clip015_u0025,ppo_privilege_gru_0722_long_clip015,25,True,evaluation-sp45-ego1924-raceline0-v0.7,overtake,False,False,none,1.177691720039121
ppo_privilege_gru_0722_long_clip015_u0025,ppo_privilege_gru_0722_long_clip015,25,True,evaluation-sp5-ego213-raceline0-v0.7,ego_collision,True,True,post_overtake_merge_rear_sweep,0.31059663963873163
ppo_privilege_gru_0722_long_clip015_u0025,ppo_privilege_gru_0722_long_clip015,25,True,evaluation-sp9-ego384-raceline0-v0.7,overtake,False,False,none,1.4886602270477454
ppo_privilege_gru_0722_long_clip015_u0030,ppo_privilege_gru_0722_long_clip015,30,True,evaluation-sp12-ego513-raceline0-v0.8,overtake,False,False,none,0.8537777727090656
ppo_privilege_gru_0722_long_clip015_u0030,ppo_privilege_gru_0722_long_clip015,30,True,evaluation-sp13-ego556-raceline0-v0.8,follow,False,False,none,-0.04457774691113059
ppo_privilege_gru_0722_long_clip015_u0030,ppo_privilege_gru_0722_long_clip015,30,True,evaluation-sp15-ego641-raceline2-v0.7,ego_collision,True,True,post_overtake_merge_rear_sweep,0.4543561083374925
ppo_privilege_gru_0722_long_clip015_u0030,ppo_privilege_gru_0722_long_clip015,30,True,evaluation-sp2-ego85-raceline2-v0.8,overtake,False,False,none,0.23492230068498543
ppo_privilege_gru_0722_long_clip015_u0030,ppo_privilege_gru_0722_long_clip015,30,True,evaluation-sp21-ego898-raceline0-v0.7,ego_collision,True,True,post_overtake_merge_rear_sweep,0.10241216908150363
ppo_privilege_gru_0722_long_clip015_u0030,ppo_privilege_gru_0722_long_clip015,30,True,evaluation-sp30-ego1283-raceline0-v0.7,overtake,False,False,none,4.500862529265532
ppo_privilege_gru_0722_long_clip015_u0030,ppo_privilege_gru_0722_long_clip015,30,True,evaluation-sp37-ego1582-raceline2-v0.7,overtake,False,False,none,11.022718404133343
ppo_privilege_gru_0722_long_clip015_u0030,ppo_privilege_gru_0722_long_clip015,30,True,evaluation-sp4-ego171-raceline2-v0.8,ego_collision,True,True,post_overtake_merge_rear_sweep,0.4812928100236604
ppo_privilege_gru_0722_long_clip015_u0030,ppo_privilege_gru_0722_long_clip015,30,True,evaluation-sp45-ego1924-raceline0-v0.7,ego_collision,True,True,post_overtake_merge_rear_sweep,0.9357679079586205
ppo_privilege_gru_0722_long_clip015_u0030,ppo_privilege_gru_0722_long_clip015,30,True,evaluation-sp5-ego213-raceline0-v0.7,ego_collision,True,True,post_overtake_merge_rear_sweep,0.21609906819142566
ppo_privilege_gru_0722_long_clip015_u0030,ppo_privilege_gru_0722_long_clip015,30,True,evaluation-sp9-ego384-raceline0-v0.7,overtake,False,False,none,1.0485839310533436
ppo_privilege_gru_0722_long_clip020_u0001,ppo_privilege_gru_0722_long_clip020,1,True,evaluation-sp12-ego513-raceline0-v0.8,ego_collision,True,True,post_overtake_merge_rear_sweep,0.3305591131698691
ppo_privilege_gru_0722_long_clip020_u0001,ppo_privilege_gru_0722_long_clip020,1,True,evaluation-sp13-ego556-raceline0-v0.8,follow,False,False,none,-0.18154572770714594
ppo_privilege_gru_0722_long_clip020_u0001,ppo_privilege_gru_0722_long_clip020,1,True,evaluation-sp15-ego641-raceline2-v0.7,ego_collision,True,True,post_overtake_merge_rear_sweep,0.22980634495152685
ppo_privilege_gru_0722_long_clip020_u0001,ppo_privilege_gru_0722_long_clip020,1,True,evaluation-sp2-ego85-raceline2-v0.8,ego_collision,True,False,prepass_or_front_side_opponent_contact,-0.06894706314832888
ppo_privilege_gru_0722_long_clip020_u0001,ppo_privilege_gru_0722_long_clip020,1,True,evaluation-sp21-ego898-raceline0-v0.7,ego_collision,True,True,post_overtake_merge_rear_sweep,0.18888621683856854
ppo_privilege_gru_0722_long_clip020_u0001,ppo_privilege_gru_0722_long_clip020,1,True,evaluation-sp30-ego1283-raceline0-v0.7,follow,False,False,none,-0.09499627987497661
ppo_privilege_gru_0722_long_clip020_u0001,ppo_privilege_gru_0722_long_clip020,1,True,evaluation-sp37-ego1582-raceline2-v0.7,ego_collision,True,True,post_overtake_merge_rear_sweep,0.5623754913997345
ppo_privilege_gru_0722_long_clip020_u0001,ppo_privilege_gru_0722_long_clip020,1,True,evaluation-sp4-ego171-raceline2-v0.8,ego_collision,True,True,post_overtake_merge_rear_sweep,0.5513070693013731
ppo_privilege_gru_0722_long_clip020_u0001,ppo_privilege_gru_0722_long_clip020,1,True,evaluation-sp45-ego1924-raceline0-v0.7,overtake,False,False,none,5.297442087133646
ppo_privilege_gru_0722_long_clip020_u0001,ppo_privilege_gru_0722_long_clip020,1,True,evaluation-sp5-ego213-raceline0-v0.7,ego_collision,True,True,post_overtake_merge_rear_sweep,0.3428448367544945
ppo_privilege_gru_0722_long_clip020_u0001,ppo_privilege_gru_0722_long_clip020,1,True,evaluation-sp9-ego384-raceline0-v0.7,overtake,False,False,none,1.4342107589817203
ppo_privilege_gru_0722_long_clip020_u0005,ppo_privilege_gru_0722_long_clip020,5,True,evaluation-sp12-ego513-raceline0-v0.8,ego_collision,True,True,post_overtake_merge_rear_sweep,0.3628404968313248
ppo_privilege_gru_0722_long_clip020_u0005,ppo_privilege_gru_0722_long_clip020,5,True,evaluation-sp13-ego556-raceline0-v0.8,ego_collision,True,False,prepass_or_front_side_opponent_contact,0.10179111363225957
ppo_privilege_gru_0722_long_clip020_u0005,ppo_privilege_gru_0722_long_clip020,5,True,evaluation-sp15-ego641-raceline2-v0.7,ego_collision,True,True,post_overtake_merge_rear_sweep,0.31110863449981707
ppo_privilege_gru_0722_long_clip020_u0005,ppo_privilege_gru_0722_long_clip020,5,True,evaluation-sp2-ego85-raceline2-v0.8,overtake,False,False,none,0.26452693282323025
ppo_privilege_gru_0722_long_clip020_u0005,ppo_privilege_gru_0722_long_clip020,5,True,evaluation-sp21-ego898-raceline0-v0.7,ego_collision,True,True,post_overtake_merge_rear_sweep,0.3907908039718677
ppo_privilege_gru_0722_long_clip020_u0005,ppo_privilege_gru_0722_long_clip020,5,True,evaluation-sp30-ego1283-raceline0-v0.7,overtake,False,False,none,6.935822273465362
ppo_privilege_gru_0722_long_clip020_u0005,ppo_privilege_gru_0722_long_clip020,5,True,evaluation-sp37-ego1582-raceline2-v0.7,overtake,False,False,none,11.96906277188134
ppo_privilege_gru_0722_long_clip020_u0005,ppo_privilege_gru_0722_long_clip020,5,True,evaluation-sp4-ego171-raceline2-v0.8,ego_collision,True,True,post_overtake_merge_rear_sweep,0.5832666488013842
ppo_privilege_gru_0722_long_clip020_u0005,ppo_privilege_gru_0722_long_clip020,5,True,evaluation-sp45-ego1924-raceline0-v0.7,ego_collision,True,True,post_overtake_merge_rear_sweep,0.7869296923985871
ppo_privilege_gru_0722_long_clip020_u0005,ppo_privilege_gru_0722_long_clip020,5,True,evaluation-sp5-ego213-raceline0-v0.7,ego_collision,True,True,post_overtake_merge_rear_sweep,0.3516355325615166
ppo_privilege_gru_0722_long_clip020_u0005,ppo_privilege_gru_0722_long_clip020,5,True,evaluation-sp9-ego384-raceline0-v0.7,ego_collision,True,False,prepass_or_front_side_opponent_contact,-0.14069344844952525
ppo_privilege_gru_0722_long_clip020_u0010,ppo_privilege_gru_0722_long_clip020,10,True,evaluation-sp12-ego513-raceline0-v0.8,ego_collision,True,True,post_overtake_merge_rear_sweep,0.4806825656464184
ppo_privilege_gru_0722_long_clip020_u0010,ppo_privilege_gru_0722_long_clip020,10,True,evaluation-sp13-ego556-raceline0-v0.8,ego_collision,True,True,post_overtake_merge_rear_sweep,0.2569469996085161
ppo_privilege_gru_0722_long_clip020_u0010,ppo_privilege_gru_0722_long_clip020,10,True,evaluation-sp15-ego641-raceline2-v0.7,ego_collision,True,True,post_overtake_merge_rear_sweep,0.4103072655408937
ppo_privilege_gru_0722_long_clip020_u0010,ppo_privilege_gru_0722_long_clip020,10,True,evaluation-sp2-ego85-raceline2-v0.8,ego_collision,True,True,post_overtake_merge_rear_sweep,0.5162869190824324
ppo_privilege_gru_0722_long_clip020_u0010,ppo_privilege_gru_0722_long_clip020,10,True,evaluation-sp21-ego898-raceline0-v0.7,ego_collision,True,True,post_overtake_merge_rear_sweep,0.1721161250083867
ppo_privilege_gru_0722_long_clip020_u0010,ppo_privilege_gru_0722_long_clip020,10,True,evaluation-sp30-ego1283-raceline0-v0.7,overtake,False,False,none,6.399567035107907
ppo_privilege_gru_0722_long_clip020_u0010,ppo_privilege_gru_0722_long_clip020,10,True,evaluation-sp37-ego1582-raceline2-v0.7,overtake,False,False,none,12.721460443482613
ppo_privilege_gru_0722_long_clip020_u0010,ppo_privilege_gru_0722_long_clip020,10,True,evaluation-sp4-ego171-raceline2-v0.8,overtake,False,False,none,1.5854120544879038
ppo_privilege_gru_0722_long_clip020_u0010,ppo_privilege_gru_0722_long_clip020,10,True,evaluation-sp45-ego1924-raceline0-v0.7,ego_collision,True,True,post_overtake_merge_rear_sweep,0.510993076937325
ppo_privilege_gru_0722_long_clip020_u0010,ppo_privilege_gru_0722_long_clip020,10,True,evaluation-sp5-ego213-raceline0-v0.7,ego_collision,True,True,post_overtake_merge_rear_sweep,0.3913566409768805
ppo_privilege_gru_0722_long_clip020_u0010,ppo_privilege_gru_0722_long_clip020,10,True,evaluation-sp9-ego384-raceline0-v0.7,overtake,False,False,none,1.1927839185778737
ppo_privilege_gru_0722_long_clip020_u0015,ppo_privilege_gru_0722_long_clip020,15,True,evaluation-sp12-ego513-raceline0-v0.8,ego_collision,True,True,post_overtake_merge_rear_sweep,0.023630116655681377
ppo_privilege_gru_0722_long_clip020_u0015,ppo_privilege_gru_0722_long_clip020,15,True,evaluation-sp13-ego556-raceline0-v0.8,ego_collision,True,True,post_overtake_merge_rear_sweep,0.22046279719560857
ppo_privilege_gru_0722_long_clip020_u0015,ppo_privilege_gru_0722_long_clip020,15,True,evaluation-sp15-ego641-raceline2-v0.7,ego_collision,True,True,post_overtake_merge_rear_sweep,0.5738147986426156
ppo_privilege_gru_0722_long_clip020_u0015,ppo_privilege_gru_0722_long_clip020,15,True,evaluation-sp2-ego85-raceline2-v0.8,overtake,False,False,none,1.9793182002788967
ppo_privilege_gru_0722_long_clip020_u0015,ppo_privilege_gru_0722_long_clip020,15,True,evaluation-sp21-ego898-raceline0-v0.7,overtake,False,False,none,1.819266385058853
ppo_privilege_gru_0722_long_clip020_u0015,ppo_privilege_gru_0722_long_clip020,15,True,evaluation-sp30-ego1283-raceline0-v0.7,overtake,False,False,none,7.151026304429138
ppo_privilege_gru_0722_long_clip020_u0015,ppo_privilege_gru_0722_long_clip020,15,True,evaluation-sp37-ego1582-raceline2-v0.7,overtake,False,False,none,12.442276278975498
ppo_privilege_gru_0722_long_clip020_u0015,ppo_privilege_gru_0722_long_clip020,15,True,evaluation-sp4-ego171-raceline2-v0.8,overtake,False,False,none,1.2275609217986982
ppo_privilege_gru_0722_long_clip020_u0015,ppo_privilege_gru_0722_long_clip020,15,True,evaluation-sp45-ego1924-raceline0-v0.7,overtake,False,False,none,4.296722290439533
ppo_privilege_gru_0722_long_clip020_u0015,ppo_privilege_gru_0722_long_clip020,15,True,evaluation-sp5-ego213-raceline0-v0.7,ego_collision,True,True,post_overtake_merge_rear_sweep,0.44729971482743736
ppo_privilege_gru_0722_long_clip020_u0015,ppo_privilege_gru_0722_long_clip020,15,True,evaluation-sp9-ego384-raceline0-v0.7,ego_collision,True,False,prepass_or_front_side_opponent_contact,-0.030670849990798388
ppo_privilege_gru_0722_long_clip020_u0020,ppo_privilege_gru_0722_long_clip020,20,True,evaluation-sp12-ego513-raceline0-v0.8,ego_collision,True,True,post_overtake_merge_rear_sweep,0.11156732145704495
ppo_privilege_gru_0722_long_clip020_u0020,ppo_privilege_gru_0722_long_clip020,20,True,evaluation-sp13-ego556-raceline0-v0.8,ego_collision,True,True,post_overtake_merge_rear_sweep,0.2424639633836989
ppo_privilege_gru_0722_long_clip020_u0020,ppo_privilege_gru_0722_long_clip020,20,True,evaluation-sp15-ego641-raceline2-v0.7,ego_collision,True,True,post_overtake_merge_rear_sweep,0.3435355152572299
ppo_privilege_gru_0722_long_clip020_u0020,ppo_privilege_gru_0722_long_clip020,20,True,evaluation-sp2-ego85-raceline2-v0.8,follow,False,False,none,-0.4488976037565351
ppo_privilege_gru_0722_long_clip020_u0020,ppo_privilege_gru_0722_long_clip020,20,True,evaluation-sp21-ego898-raceline0-v0.7,overtake,False,False,none,1.799363628743123
ppo_privilege_gru_0722_long_clip020_u0020,ppo_privilege_gru_0722_long_clip020,20,True,evaluation-sp30-ego1283-raceline0-v0.7,overtake,False,False,none,7.39992784532393
ppo_privilege_gru_0722_long_clip020_u0020,ppo_privilege_gru_0722_long_clip020,20,True,evaluation-sp37-ego1582-raceline2-v0.7,overtake,False,False,none,12.433398842136057
ppo_privilege_gru_0722_long_clip020_u0020,ppo_privilege_gru_0722_long_clip020,20,True,evaluation-sp4-ego171-raceline2-v0.8,overtake,False,False,none,1.303174293487615
ppo_privilege_gru_0722_long_clip020_u0020,ppo_privilege_gru_0722_long_clip020,20,True,evaluation-sp45-ego1924-raceline0-v0.7,ego_collision,True,True,post_overtake_merge_rear_sweep,0.5077925093635258
ppo_privilege_gru_0722_long_clip020_u0020,ppo_privilege_gru_0722_long_clip020,20,True,evaluation-sp5-ego213-raceline0-v0.7,overtake,False,False,none,10.078910501189426
ppo_privilege_gru_0722_long_clip020_u0020,ppo_privilege_gru_0722_long_clip020,20,True,evaluation-sp9-ego384-raceline0-v0.7,overtake,False,False,none,1.388554430205943
ppo_privilege_gru_0722_long_clip020_u0025,ppo_privilege_gru_0722_long_clip020,25,True,evaluation-sp12-ego513-raceline0-v0.8,ego_collision,True,True,post_overtake_merge_rear_sweep,0.29140554056638734
ppo_privilege_gru_0722_long_clip020_u0025,ppo_privilege_gru_0722_long_clip020,25,True,evaluation-sp13-ego556-raceline0-v0.8,ego_collision,True,True,post_overtake_merge_rear_sweep,0.3267454787522013
ppo_privilege_gru_0722_long_clip020_u0025,ppo_privilege_gru_0722_long_clip020,25,True,evaluation-sp15-ego641-raceline2-v0.7,overtake,False,False,none,8.560850241097114
ppo_privilege_gru_0722_long_clip020_u0025,ppo_privilege_gru_0722_long_clip020,25,True,evaluation-sp2-ego85-raceline2-v0.8,overtake,False,False,none,2.0297803060383046
ppo_privilege_gru_0722_long_clip020_u0025,ppo_privilege_gru_0722_long_clip020,25,True,evaluation-sp21-ego898-raceline0-v0.7,ego_collision,True,True,post_overtake_merge_rear_sweep,0.16762851575967375
ppo_privilege_gru_0722_long_clip020_u0025,ppo_privilege_gru_0722_long_clip020,25,True,evaluation-sp30-ego1283-raceline0-v0.7,overtake,False,False,none,6.956218746903403
ppo_privilege_gru_0722_long_clip020_u0025,ppo_privilege_gru_0722_long_clip020,25,True,evaluation-sp37-ego1582-raceline2-v0.7,overtake,False,False,none,12.5519911236226
ppo_privilege_gru_0722_long_clip020_u0025,ppo_privilege_gru_0722_long_clip020,25,True,evaluation-sp4-ego171-raceline2-v0.8,overtake,False,False,none,1.4254995986047163
ppo_privilege_gru_0722_long_clip020_u0025,ppo_privilege_gru_0722_long_clip020,25,True,evaluation-sp45-ego1924-raceline0-v0.7,ego_collision,True,True,post_overtake_merge_rear_sweep,0.3831644745070548
ppo_privilege_gru_0722_long_clip020_u0025,ppo_privilege_gru_0722_long_clip020,25,True,evaluation-sp5-ego213-raceline0-v0.7,overtake,False,False,none,10.179645534538054
ppo_privilege_gru_0722_long_clip020_u0025,ppo_privilege_gru_0722_long_clip020,25,True,evaluation-sp9-ego384-raceline0-v0.7,overtake,False,False,none,1.4372107130743927
ppo_privilege_gru_0722_long_clip020_u0030,ppo_privilege_gru_0722_long_clip020,30,True,evaluation-sp12-ego513-raceline0-v0.8,overtake,False,False,none,3.3853450262138836
ppo_privilege_gru_0722_long_clip020_u0030,ppo_privilege_gru_0722_long_clip020,30,True,evaluation-sp13-ego556-raceline0-v0.8,overtake,False,False,none,3.4839778523516145
ppo_privilege_gru_0722_long_clip020_u0030,ppo_privilege_gru_0722_long_clip020,30,True,evaluation-sp15-ego641-raceline2-v0.7,overtake,False,False,none,9.132436900953763
ppo_privilege_gru_0722_long_clip020_u0030,ppo_privilege_gru_0722_long_clip020,30,True,evaluation-sp2-ego85-raceline2-v0.8,overtake,False,False,none,3.7259044124590446
ppo_privilege_gru_0722_long_clip020_u0030,ppo_privilege_gru_0722_long_clip020,30,True,evaluation-sp21-ego898-raceline0-v0.7,ego_collision,True,True,post_overtake_merge_rear_sweep,0.47924123657423934
ppo_privilege_gru_0722_long_clip020_u0030,ppo_privilege_gru_0722_long_clip020,30,True,evaluation-sp30-ego1283-raceline0-v0.7,overtake,False,False,none,7.7127692873198725
ppo_privilege_gru_0722_long_clip020_u0030,ppo_privilege_gru_0722_long_clip020,30,True,evaluation-sp37-ego1582-raceline2-v0.7,overtake,False,False,none,12.933430550481319
ppo_privilege_gru_0722_long_clip020_u0030,ppo_privilege_gru_0722_long_clip020,30,True,evaluation-sp4-ego171-raceline2-v0.8,overtake,False,False,none,1.8421145558849048
ppo_privilege_gru_0722_long_clip020_u0030,ppo_privilege_gru_0722_long_clip020,30,True,evaluation-sp45-ego1924-raceline0-v0.7,overtake,False,False,none,6.6210694498782345
ppo_privilege_gru_0722_long_clip020_u0030,ppo_privilege_gru_0722_long_clip020,30,True,evaluation-sp5-ego213-raceline0-v0.7,overtake,False,False,none,10.637462469863664
ppo_privilege_gru_0722_long_clip020_u0030,ppo_privilege_gru_0722_long_clip020,30,True,evaluation-sp9-ego384-raceline0-v0.7,ego_collision,True,False,prepass_or_front_side_opponent_contact,-0.07581108047625662
ppo_privilege_gru_0722_lr1_tkloff_u0001,ppo_privilege_gru_0722_lr1_tkloff,1,True,evaluation-sp12-ego513-raceline0-v0.8,overtake,False,False,none,1.1914045721699438
ppo_privilege_gru_0722_lr1_tkloff_u0001,ppo_privilege_gru_0722_lr1_tkloff,1,True,evaluation-sp13-ego556-raceline0-v0.8,ego_collision,True,False,post_overtake_rear_contact_without_merge_threshold,0.14856540723656053
ppo_privilege_gru_0722_lr1_tkloff_u0001,ppo_privilege_gru_0722_lr1_tkloff,1,True,evaluation-sp15-ego641-raceline2-v0.7,ego_collision,True,True,post_overtake_merge_rear_sweep,0.25489790782259547
ppo_privilege_gru_0722_lr1_tkloff_u0001,ppo_privilege_gru_0722_lr1_tkloff,1,True,evaluation-sp2-ego85-raceline2-v0.8,ego_collision,True,True,post_overtake_merge_rear_sweep,0.2044978855568047
ppo_privilege_gru_0722_lr1_tkloff_u0001,ppo_privilege_gru_0722_lr1_tkloff,1,True,evaluation-sp21-ego898-raceline0-v0.7,ego_collision,True,True,post_overtake_merge_rear_sweep,0.1878171554910466
ppo_privilege_gru_0722_lr1_tkloff_u0001,ppo_privilege_gru_0722_lr1_tkloff,1,True,evaluation-sp30-ego1283-raceline0-v0.7,ego_collision,True,True,post_overtake_merge_rear_sweep,0.5662915876768579
ppo_privilege_gru_0722_lr1_tkloff_u0001,ppo_privilege_gru_0722_lr1_tkloff,1,True,evaluation-sp37-ego1582-raceline2-v0.7,ego_collision,True,True,post_overtake_merge_rear_sweep,0.5178513120386583
ppo_privilege_gru_0722_lr1_tkloff_u0001,ppo_privilege_gru_0722_lr1_tkloff,1,True,evaluation-sp4-ego171-raceline2-v0.8,overtake,False,False,none,0.7507225506715542
ppo_privilege_gru_0722_lr1_tkloff_u0001,ppo_privilege_gru_0722_lr1_tkloff,1,True,evaluation-sp45-ego1924-raceline0-v0.7,overtake,False,False,none,2.631686231886107
ppo_privilege_gru_0722_lr1_tkloff_u0001,ppo_privilege_gru_0722_lr1_tkloff,1,True,evaluation-sp5-ego213-raceline0-v0.7,ego_collision,True,True,post_overtake_merge_rear_sweep,0.3972411263595461
ppo_privilege_gru_0722_lr1_tkloff_u0001,ppo_privilege_gru_0722_lr1_tkloff,1,True,evaluation-sp9-ego384-raceline0-v0.7,overtake,False,False,none,1.1217307015164977
ppo_privilege_gru_0722_lr1_tkloff_u0005,ppo_privilege_gru_0722_lr1_tkloff,5,True,evaluation-sp12-ego513-raceline0-v0.8,overtake,False,False,none,1.2820076069977802
ppo_privilege_gru_0722_lr1_tkloff_u0005,ppo_privilege_gru_0722_lr1_tkloff,5,True,evaluation-sp13-ego556-raceline0-v0.8,overtake,False,False,none,0.43907328748059626
ppo_privilege_gru_0722_lr1_tkloff_u0005,ppo_privilege_gru_0722_lr1_tkloff,5,True,evaluation-sp15-ego641-raceline2-v0.7,ego_collision,True,True,post_overtake_merge_rear_sweep,0.3237602714333718
ppo_privilege_gru_0722_lr1_tkloff_u0005,ppo_privilege_gru_0722_lr1_tkloff,5,True,evaluation-sp2-ego85-raceline2-v0.8,ego_collision,True,True,post_overtake_merge_rear_sweep,0.10585609615449698
ppo_privilege_gru_0722_lr1_tkloff_u0005,ppo_privilege_gru_0722_lr1_tkloff,5,True,evaluation-sp21-ego898-raceline0-v0.7,ego_collision,True,True,post_overtake_merge_rear_sweep,0.35451327821729706
ppo_privilege_gru_0722_lr1_tkloff_u0005,ppo_privilege_gru_0722_lr1_tkloff,5,True,evaluation-sp30-ego1283-raceline0-v0.7,overtake,False,False,none,5.37541568560539
ppo_privilege_gru_0722_lr1_tkloff_u0005,ppo_privilege_gru_0722_lr1_tkloff,5,True,evaluation-sp37-ego1582-raceline2-v0.7,overtake,False,False,none,11.739629801062563
ppo_privilege_gru_0722_lr1_tkloff_u0005,ppo_privilege_gru_0722_lr1_tkloff,5,True,evaluation-sp4-ego171-raceline2-v0.8,overtake,False,False,none,0.7481631350374016
ppo_privilege_gru_0722_lr1_tkloff_u0005,ppo_privilege_gru_0722_lr1_tkloff,5,True,evaluation-sp45-ego1924-raceline0-v0.7,overtake,False,False,none,1.8954919455958077
ppo_privilege_gru_0722_lr1_tkloff_u0005,ppo_privilege_gru_0722_lr1_tkloff,5,True,evaluation-sp5-ego213-raceline0-v0.7,ego_collision,True,True,post_overtake_merge_rear_sweep,0.432830344987849
ppo_privilege_gru_0722_lr1_tkloff_u0005,ppo_privilege_gru_0722_lr1_tkloff,5,True,evaluation-sp9-ego384-raceline0-v0.7,ego_collision,True,False,prepass_or_front_side_opponent_contact,0.04747106153607206
ppo_privilege_gru_0722_lr1_tkloff_u0010,ppo_privilege_gru_0722_lr1_tkloff,10,True,evaluation-sp12-ego513-raceline0-v0.8,ego_collision,True,True,post_overtake_merge_rear_sweep,0.07928271669746323
ppo_privilege_gru_0722_lr1_tkloff_u0010,ppo_privilege_gru_0722_lr1_tkloff,10,True,evaluation-sp13-ego556-raceline0-v0.8,overtake,False,False,none,2.49102957003484
ppo_privilege_gru_0722_lr1_tkloff_u0010,ppo_privilege_gru_0722_lr1_tkloff,10,True,evaluation-sp15-ego641-raceline2-v0.7,ego_collision,True,True,post_overtake_merge_rear_sweep,0.36926723802250194
ppo_privilege_gru_0722_lr1_tkloff_u0010,ppo_privilege_gru_0722_lr1_tkloff,10,True,evaluation-sp2-ego85-raceline2-v0.8,overtake,False,False,none,0.43516776241318667
ppo_privilege_gru_0722_lr1_tkloff_u0010,ppo_privilege_gru_0722_lr1_tkloff,10,True,evaluation-sp21-ego898-raceline0-v0.7,ego_collision,True,True,post_overtake_merge_rear_sweep,0.3887299725805633
ppo_privilege_gru_0722_lr1_tkloff_u0010,ppo_privilege_gru_0722_lr1_tkloff,10,True,evaluation-sp30-ego1283-raceline0-v0.7,overtake,False,False,none,6.559547383181211
ppo_privilege_gru_0722_lr1_tkloff_u0010,ppo_privilege_gru_0722_lr1_tkloff,10,True,evaluation-sp37-ego1582-raceline2-v0.7,overtake,False,False,none,11.960382147650193
ppo_privilege_gru_0722_lr1_tkloff_u0010,ppo_privilege_gru_0722_lr1_tkloff,10,True,evaluation-sp4-ego171-raceline2-v0.8,overtake,False,False,none,0.9899075638329862
ppo_privilege_gru_0722_lr1_tkloff_u0010,ppo_privilege_gru_0722_lr1_tkloff,10,True,evaluation-sp45-ego1924-raceline0-v0.7,ego_collision,True,True,post_overtake_merge_rear_sweep,0.3728577172130656
ppo_privilege_gru_0722_lr1_tkloff_u0010,ppo_privilege_gru_0722_lr1_tkloff,10,True,evaluation-sp5-ego213-raceline0-v0.7,ego_collision,True,True,post_overtake_merge_rear_sweep,0.47353067188780074
ppo_privilege_gru_0722_lr1_tkloff_u0010,ppo_privilege_gru_0722_lr1_tkloff,10,True,evaluation-sp9-ego384-raceline0-v0.7,ego_collision,True,False,prepass_or_front_side_opponent_contact,0.009715233989169292
ppo_privilege_gru_0722_lr1_tkloff_u0015,ppo_privilege_gru_0722_lr1_tkloff,15,True,evaluation-sp12-ego513-raceline0-v0.8,ego_collision,True,True,post_overtake_merge_rear_sweep,0.46530797118794
ppo_privilege_gru_0722_lr1_tkloff_u0015,ppo_privilege_gru_0722_lr1_tkloff,15,True,evaluation-sp13-ego556-raceline0-v0.8,overtake,False,False,none,4.047637231754095
ppo_privilege_gru_0722_lr1_tkloff_u0015,ppo_privilege_gru_0722_lr1_tkloff,15,True,evaluation-sp15-ego641-raceline2-v0.7,overtake,False,False,none,9.357141114381477
ppo_privilege_gru_0722_lr1_tkloff_u0015,ppo_privilege_gru_0722_lr1_tkloff,15,True,evaluation-sp2-ego85-raceline2-v0.8,ego_collision,True,True,post_overtake_merge_rear_sweep,0.5335218367190748
ppo_privilege_gru_0722_lr1_tkloff_u0015,ppo_privilege_gru_0722_lr1_tkloff,15,True,evaluation-sp21-ego898-raceline0-v0.7,overtake,False,False,none,5.44583541141003
ppo_privilege_gru_0722_lr1_tkloff_u0015,ppo_privilege_gru_0722_lr1_tkloff,15,True,evaluation-sp30-ego1283-raceline0-v0.7,overtake,False,False,none,7.888073787681549
ppo_privilege_gru_0722_lr1_tkloff_u0015,ppo_privilege_gru_0722_lr1_tkloff,15,True,evaluation-sp37-ego1582-raceline2-v0.7,overtake,False,False,none,12.942199402860808
ppo_privilege_gru_0722_lr1_tkloff_u0015,ppo_privilege_gru_0722_lr1_tkloff,15,True,evaluation-sp4-ego171-raceline2-v0.8,overtake,False,False,none,1.4917266153697142
ppo_privilege_gru_0722_lr1_tkloff_u0015,ppo_privilege_gru_0722_lr1_tkloff,15,True,evaluation-sp45-ego1924-raceline0-v0.7,overtake,False,False,none,7.623999587534541
ppo_privilege_gru_0722_lr1_tkloff_u0015,ppo_privilege_gru_0722_lr1_tkloff,15,True,evaluation-sp5-ego213-raceline0-v0.7,ego_collision,True,True,post_overtake_merge_rear_sweep,0.54128076466165
ppo_privilege_gru_0722_lr1_tkloff_u0015,ppo_privilege_gru_0722_lr1_tkloff,15,True,evaluation-sp9-ego384-raceline0-v0.7,ego_collision,True,False,prepass_or_front_side_opponent_contact,-0.06494336045514615
ppo_privilege_gru_0722_lr1_tkloff_u0020,ppo_privilege_gru_0722_lr1_tkloff,20,True,evaluation-sp12-ego513-raceline0-v0.8,ego_collision,True,True,post_overtake_merge_rear_sweep,0.44763612577119716
ppo_privilege_gru_0722_lr1_tkloff_u0020,ppo_privilege_gru_0722_lr1_tkloff,20,True,evaluation-sp13-ego556-raceline0-v0.8,overtake,False,False,none,3.0285878740073997
ppo_privilege_gru_0722_lr1_tkloff_u0020,ppo_privilege_gru_0722_lr1_tkloff,20,True,evaluation-sp15-ego641-raceline2-v0.7,overtake,False,False,none,9.333792328238445
ppo_privilege_gru_0722_lr1_tkloff_u0020,ppo_privilege_gru_0722_lr1_tkloff,20,True,evaluation-sp2-ego85-raceline2-v0.8,ego_collision,True,True,post_overtake_merge_rear_sweep,0.47267870628863307
ppo_privilege_gru_0722_lr1_tkloff_u0020,ppo_privilege_gru_0722_lr1_tkloff,20,True,evaluation-sp21-ego898-raceline0-v0.7,overtake,False,False,none,6.412033698695126
ppo_privilege_gru_0722_lr1_tkloff_u0020,ppo_privilege_gru_0722_lr1_tkloff,20,True,evaluation-sp30-ego1283-raceline0-v0.7,overtake,False,False,none,7.839676790894032
ppo_privilege_gru_0722_lr1_tkloff_u0020,ppo_privilege_gru_0722_lr1_tkloff,20,True,evaluation-sp37-ego1582-raceline2-v0.7,overtake,False,False,none,12.63828940761806
ppo_privilege_gru_0722_lr1_tkloff_u0020,ppo_privilege_gru_0722_lr1_tkloff,20,True,evaluation-sp4-ego171-raceline2-v0.8,overtake,False,False,none,1.3411398131636645
ppo_privilege_gru_0722_lr1_tkloff_u0020,ppo_privilege_gru_0722_lr1_tkloff,20,True,evaluation-sp45-ego1924-raceline0-v0.7,overtake,False,False,none,8.031878861325424
ppo_privilege_gru_0722_lr1_tkloff_u0020,ppo_privilege_gru_0722_lr1_tkloff,20,True,evaluation-sp5-ego213-raceline0-v0.7,overtake,False,False,none,10.725940441296046
ppo_privilege_gru_0722_lr1_tkloff_u0020,ppo_privilege_gru_0722_lr1_tkloff,20,True,evaluation-sp9-ego384-raceline0-v0.7,ego_collision,True,True,post_overtake_merge_rear_sweep,0.4556550810647195
ppo_privilege_gru_0722_lr5_tkloff_u0001,ppo_privilege_gru_0722_lr5_tkloff,1,True,evaluation-sp12-ego513-raceline0-v0.8,ego_collision,True,True,post_overtake_merge_rear_sweep,0.07289362434448776
ppo_privilege_gru_0722_lr5_tkloff_u0001,ppo_privilege_gru_0722_lr5_tkloff,1,True,evaluation-sp13-ego556-raceline0-v0.8,overtake,False,False,none,2.6521520530470752
ppo_privilege_gru_0722_lr5_tkloff_u0001,ppo_privilege_gru_0722_lr5_tkloff,1,True,evaluation-sp15-ego641-raceline2-v0.7,ego_collision,True,True,post_overtake_merge_rear_sweep,0.28233495547877396
ppo_privilege_gru_0722_lr5_tkloff_u0001,ppo_privilege_gru_0722_lr5_tkloff,1,True,evaluation-sp2-ego85-raceline2-v0.8,ego_collision,True,True,post_overtake_merge_rear_sweep,0.34643994213490714
ppo_privilege_gru_0722_lr5_tkloff_u0001,ppo_privilege_gru_0722_lr5_tkloff,1,True,evaluation-sp21-ego898-raceline0-v0.7,ego_collision,True,True,post_overtake_merge_rear_sweep,0.1947875032968227
ppo_privilege_gru_0722_lr5_tkloff_u0001,ppo_privilege_gru_0722_lr5_tkloff,1,True,evaluation-sp30-ego1283-raceline0-v0.7,overtake,False,False,none,5.340174478778977
ppo_privilege_gru_0722_lr5_tkloff_u0001,ppo_privilege_gru_0722_lr5_tkloff,1,True,evaluation-sp37-ego1582-raceline2-v0.7,overtake,False,False,none,11.355942799977129
ppo_privilege_gru_0722_lr5_tkloff_u0001,ppo_privilege_gru_0722_lr5_tkloff,1,True,evaluation-sp4-ego171-raceline2-v0.8,overtake,False,False,none,1.2662672636401737
ppo_privilege_gru_0722_lr5_tkloff_u0001,ppo_privilege_gru_0722_lr5_tkloff,1,True,evaluation-sp45-ego1924-raceline0-v0.7,overtake,False,False,none,6.525647655067189
ppo_privilege_gru_0722_lr5_tkloff_u0001,ppo_privilege_gru_0722_lr5_tkloff,1,True,evaluation-sp5-ego213-raceline0-v0.7,ego_collision,True,True,post_overtake_merge_rear_sweep,0.4094882651064893
ppo_privilege_gru_0722_lr5_tkloff_u0001,ppo_privilege_gru_0722_lr5_tkloff,1,True,evaluation-sp9-ego384-raceline0-v0.7,overtake,False,False,none,1.1060130557282832
ppo_privilege_gru_0722_lr5_tkloff_u0005,ppo_privilege_gru_0722_lr5_tkloff,5,True,evaluation-sp12-ego513-raceline0-v0.8,ego_collision,True,True,post_overtake_merge_rear_sweep,0.43263285054504763
ppo_privilege_gru_0722_lr5_tkloff_u0005,ppo_privilege_gru_0722_lr5_tkloff,5,True,evaluation-sp13-ego556-raceline0-v0.8,ego_collision,True,True,post_overtake_merge_rear_sweep,0.19183962545554323
ppo_privilege_gru_0722_lr5_tkloff_u0005,ppo_privilege_gru_0722_lr5_tkloff,5,True,evaluation-sp15-ego641-raceline2-v0.7,ego_collision,True,True,post_overtake_merge_rear_sweep,0.18388463569266378
ppo_privilege_gru_0722_lr5_tkloff_u0005,ppo_privilege_gru_0722_lr5_tkloff,5,True,evaluation-sp2-ego85-raceline2-v0.8,ego_collision,True,False,prepass_or_front_side_opponent_contact,0.024823027648807283
ppo_privilege_gru_0722_lr5_tkloff_u0005,ppo_privilege_gru_0722_lr5_tkloff,5,True,evaluation-sp21-ego898-raceline0-v0.7,overtake,False,False,none,1.8988423194080895
ppo_privilege_gru_0722_lr5_tkloff_u0005,ppo_privilege_gru_0722_lr5_tkloff,5,True,evaluation-sp30-ego1283-raceline0-v0.7,ego_collision,True,True,post_overtake_merge_rear_sweep,1.1170295590039245
ppo_privilege_gru_0722_lr5_tkloff_u0005,ppo_privilege_gru_0722_lr5_tkloff,5,True,evaluation-sp37-ego1582-raceline2-v0.7,overtake,False,False,none,11.17892848361572
ppo_privilege_gru_0722_lr5_tkloff_u0005,ppo_privilege_gru_0722_lr5_tkloff,5,True,evaluation-sp4-ego171-raceline2-v0.8,ego_collision,True,True,post_overtake_merge_rear_sweep,0.5392641013063724
ppo_privilege_gru_0722_lr5_tkloff_u0005,ppo_privilege_gru_0722_lr5_tkloff,5,True,evaluation-sp45-ego1924-raceline0-v0.7,ego_collision,True,True,post_overtake_merge_rear_sweep,0.577591149066393
ppo_privilege_gru_0722_lr5_tkloff_u0005,ppo_privilege_gru_0722_lr5_tkloff,5,True,evaluation-sp5-ego213-raceline0-v0.7,ego_collision,True,True,post_overtake_merge_rear_sweep,0.40453336070862633
ppo_privilege_gru_0722_lr5_tkloff_u0005,ppo_privilege_gru_0722_lr5_tkloff,5,True,evaluation-sp9-ego384-raceline0-v0.7,overtake,False,False,none,1.406573825169204
ppo_privilege_gru_0722_lr5_tkloff_u0010,ppo_privilege_gru_0722_lr5_tkloff,10,True,evaluation-sp12-ego513-raceline0-v0.8,ego_collision,True,False,post_overtake_rear_contact_without_merge_threshold,0.034943052815521014
ppo_privilege_gru_0722_lr5_tkloff_u0010,ppo_privilege_gru_0722_lr5_tkloff,10,True,evaluation-sp13-ego556-raceline0-v0.8,follow,False,False,none,-0.24254134808023764
ppo_privilege_gru_0722_lr5_tkloff_u0010,ppo_privilege_gru_0722_lr5_tkloff,10,True,evaluation-sp15-ego641-raceline2-v0.7,ego_collision,True,True,post_overtake_merge_rear_sweep,0.3030812279973816
ppo_privilege_gru_0722_lr5_tkloff_u0010,ppo_privilege_gru_0722_lr5_tkloff,10,True,evaluation-sp2-ego85-raceline2-v0.8,ego_collision,True,False,prepass_or_front_side_opponent_contact,0.06645389087805142
ppo_privilege_gru_0722_lr5_tkloff_u0010,ppo_privilege_gru_0722_lr5_tkloff,10,True,evaluation-sp21-ego898-raceline0-v0.7,overtake,False,False,none,5.011073799805416
ppo_privilege_gru_0722_lr5_tkloff_u0010,ppo_privilege_gru_0722_lr5_tkloff,10,True,evaluation-sp30-ego1283-raceline0-v0.7,overtake,False,False,none,2.812187780764816
ppo_privilege_gru_0722_lr5_tkloff_u0010,ppo_privilege_gru_0722_lr5_tkloff,10,True,evaluation-sp37-ego1582-raceline2-v0.7,overtake,False,False,none,11.912237336236274
ppo_privilege_gru_0722_lr5_tkloff_u0010,ppo_privilege_gru_0722_lr5_tkloff,10,True,evaluation-sp4-ego171-raceline2-v0.8,ego_collision,True,True,post_overtake_merge_rear_sweep,0.5899533897673166
ppo_privilege_gru_0722_lr5_tkloff_u0010,ppo_privilege_gru_0722_lr5_tkloff,10,True,evaluation-sp45-ego1924-raceline0-v0.7,overtake,False,False,none,5.904683488964025
ppo_privilege_gru_0722_lr5_tkloff_u0010,ppo_privilege_gru_0722_lr5_tkloff,10,True,evaluation-sp5-ego213-raceline0-v0.7,ego_collision,True,True,post_overtake_merge_rear_sweep,0.21224265851591895
ppo_privilege_gru_0722_lr5_tkloff_u0010,ppo_privilege_gru_0722_lr5_tkloff,10,True,evaluation-sp9-ego384-raceline0-v0.7,ego_collision,True,False,prepass_or_front_side_opponent_contact,-0.09419870209100623
ppo_privilege_gru_0722_lr5_tkloff_u0015,ppo_privilege_gru_0722_lr5_tkloff,15,True,evaluation-sp12-ego513-raceline0-v0.8,overtake,False,False,none,1.2478029007004352
ppo_privilege_gru_0722_lr5_tkloff_u0015,ppo_privilege_gru_0722_lr5_tkloff,15,True,evaluation-sp13-ego556-raceline0-v0.8,overtake,False,False,none,0.06948041952907147
ppo_privilege_gru_0722_lr5_tkloff_u0015,ppo_privilege_gru_0722_lr5_tkloff,15,True,evaluation-sp15-ego641-raceline2-v0.7,ego_collision,True,True,post_overtake_merge_rear_sweep,0.15004996013942673
ppo_privilege_gru_0722_lr5_tkloff_u0015,ppo_privilege_gru_0722_lr5_tkloff,15,True,evaluation-sp2-ego85-raceline2-v0.8,follow,False,False,none,-0.16796827891297994
ppo_privilege_gru_0722_lr5_tkloff_u0015,ppo_privilege_gru_0722_lr5_tkloff,15,True,evaluation-sp21-ego898-raceline0-v0.7,overtake,False,False,none,1.326486958640146
ppo_privilege_gru_0722_lr5_tkloff_u0015,ppo_privilege_gru_0722_lr5_tkloff,15,True,evaluation-sp30-ego1283-raceline0-v0.7,overtake,False,False,none,4.302778834641117
ppo_privilege_gru_0722_lr5_tkloff_u0015,ppo_privilege_gru_0722_lr5_tkloff,15,True,evaluation-sp37-ego1582-raceline2-v0.7,overtake,False,False,none,10.587181105632453
ppo_privilege_gru_0722_lr5_tkloff_u0015,ppo_privilege_gru_0722_lr5_tkloff,15,True,evaluation-sp4-ego171-raceline2-v0.8,ego_collision,True,True,post_overtake_merge_rear_sweep,0.3995657552895011
ppo_privilege_gru_0722_lr5_tkloff_u0015,ppo_privilege_gru_0722_lr5_tkloff,15,True,evaluation-sp45-ego1924-raceline0-v0.7,overtake,False,False,none,4.458768100174666
ppo_privilege_gru_0722_lr5_tkloff_u0015,ppo_privilege_gru_0722_lr5_tkloff,15,True,evaluation-sp5-ego213-raceline0-v0.7,ego_collision,True,False,post_overtake_rear_contact_without_merge_threshold,0.12613701864830773
ppo_privilege_gru_0722_lr5_tkloff_u0015,ppo_privilege_gru_0722_lr5_tkloff,15,True,evaluation-sp9-ego384-raceline0-v0.7,overtake,False,False,none,0.851193828090544
ppo_privilege_gru_0722_lr5_tkloff_u0020,ppo_privilege_gru_0722_lr5_tkloff,20,False,evaluation-sp12-ego513-raceline0-v0.8,overtake,False,False,none,0.8402094890481351
ppo_privilege_gru_0722_lr5_tkloff_u0020,ppo_privilege_gru_0722_lr5_tkloff,20,False,evaluation-sp13-ego556-raceline0-v0.8,follow,False,False,none,-0.5153401181610775
ppo_privilege_gru_0722_lr5_tkloff_u0020,ppo_privilege_gru_0722_lr5_tkloff,20,False,evaluation-sp15-ego641-raceline2-v0.7,ego_collision,True,False,post_overtake_rear_contact_without_merge_threshold,0.16943880457765204
ppo_privilege_gru_0722_lr5_tkloff_u0020,ppo_privilege_gru_0722_lr5_tkloff,20,False,evaluation-sp2-ego85-raceline2-v0.8,follow,False,False,none,-0.6820657824817431
ppo_privilege_gru_0722_lr5_tkloff_u0020,ppo_privilege_gru_0722_lr5_tkloff,20,False,evaluation-sp21-ego898-raceline0-v0.7,ego_collision,True,True,post_overtake_merge_rear_sweep,0.5135890873381186
ppo_privilege_gru_0722_lr5_tkloff_u0020,ppo_privilege_gru_0722_lr5_tkloff,20,False,evaluation-sp30-ego1283-raceline0-v0.7,overtake,False,False,none,3.9607314826880042
ppo_privilege_gru_0722_lr5_tkloff_u0020,ppo_privilege_gru_0722_lr5_tkloff,20,False,evaluation-sp37-ego1582-raceline2-v0.7,overtake,False,False,none,7.858435808814249
ppo_privilege_gru_0722_lr5_tkloff_u0020,ppo_privilege_gru_0722_lr5_tkloff,20,False,evaluation-sp4-ego171-raceline2-v0.8,follow,False,False,none,-0.8314036860980707
ppo_privilege_gru_0722_lr5_tkloff_u0020,ppo_privilege_gru_0722_lr5_tkloff,20,False,evaluation-sp45-ego1924-raceline0-v0.7,overtake,False,False,none,4.292073032615207
ppo_privilege_gru_0722_lr5_tkloff_u0020,ppo_privilege_gru_0722_lr5_tkloff,20,False,evaluation-sp5-ego213-raceline0-v0.7,ego_collision,True,False,post_overtake_rear_contact_without_merge_threshold,0.10074502039108779
ppo_privilege_gru_0722_lr5_tkloff_u0020,ppo_privilege_gru_0722_lr5_tkloff,20,False,evaluation-sp9-ego384-raceline0-v0.7,overtake,False,False,none,0.539333338841459
ppo_privilege_mlp_0721_base_u0001,ppo_privilege_mlp_0721_base,1,True,evaluation-sp12-ego513-raceline0-v0.8,ego_collision,True,True,post_overtake_merge_rear_sweep,0.3576006684111519
ppo_privilege_mlp_0721_base_u0001,ppo_privilege_mlp_0721_base,1,True,evaluation-sp13-ego556-raceline0-v0.8,overtake,False,False,none,0.2664700036819454
ppo_privilege_mlp_0721_base_u0001,ppo_privilege_mlp_0721_base,1,True,evaluation-sp15-ego641-raceline2-v0.7,ego_collision,True,True,post_overtake_merge_rear_sweep,0.28733704472693944
ppo_privilege_mlp_0721_base_u0001,ppo_privilege_mlp_0721_base,1,True,evaluation-sp2-ego85-raceline2-v0.8,ego_collision,True,False,prepass_or_front_side_opponent_contact,0.04592806839457353
ppo_privilege_mlp_0721_base_u0001,ppo_privilege_mlp_0721_base,1,True,evaluation-sp21-ego898-raceline0-v0.7,ego_collision,True,True,post_overtake_merge_rear_sweep,0.2839428172495104
ppo_privilege_mlp_0721_base_u0001,ppo_privilege_mlp_0721_base,1,True,evaluation-sp30-ego1283-raceline0-v0.7,overtake,False,False,none,4.2492136758421
ppo_privilege_mlp_0721_base_u0001,ppo_privilege_mlp_0721_base,1,True,evaluation-sp37-ego1582-raceline2-v0.7,ego_collision,True,True,post_overtake_merge_rear_sweep,0.5034554785425485
ppo_privilege_mlp_0721_base_u0001,ppo_privilege_mlp_0721_base,1,True,evaluation-sp4-ego171-raceline2-v0.8,overtake,False,False,none,1.1783383580886664
ppo_privilege_mlp_0721_base_u0001,ppo_privilege_mlp_0721_base,1,True,evaluation-sp45-ego1924-raceline0-v0.7,overtake,False,False,none,3.446003747063685
ppo_privilege_mlp_0721_base_u0001,ppo_privilege_mlp_0721_base,1,True,evaluation-sp5-ego213-raceline0-v0.7,ego_collision,True,True,post_overtake_merge_rear_sweep,0.3535018340146223
ppo_privilege_mlp_0721_base_u0001,ppo_privilege_mlp_0721_base,1,True,evaluation-sp9-ego384-raceline0-v0.7,overtake,False,False,none,1.0030188713124346
ppo_privilege_mlp_0721_base_u0005,ppo_privilege_mlp_0721_base,5,True,evaluation-sp12-ego513-raceline0-v0.8,overtake,False,False,none,1.0709102041257665
ppo_privilege_mlp_0721_base_u0005,ppo_privilege_mlp_0721_base,5,True,evaluation-sp13-ego556-raceline0-v0.8,overtake,False,False,none,0.6007402315222237
ppo_privilege_mlp_0721_base_u0005,ppo_privilege_mlp_0721_base,5,True,evaluation-sp15-ego641-raceline2-v0.7,ego_collision,True,True,post_overtake_merge_rear_sweep,0.43674162259290483
ppo_privilege_mlp_0721_base_u0005,ppo_privilege_mlp_0721_base,5,True,evaluation-sp2-ego85-raceline2-v0.8,ego_collision,True,False,prepass_or_front_side_opponent_contact,-0.03416373401216788
ppo_privilege_mlp_0721_base_u0005,ppo_privilege_mlp_0721_base,5,True,evaluation-sp21-ego898-raceline0-v0.7,overtake,False,False,none,5.411856786534969
ppo_privilege_mlp_0721_base_u0005,ppo_privilege_mlp_0721_base,5,True,evaluation-sp30-ego1283-raceline0-v0.7,overtake,False,False,none,3.578270690827992
ppo_privilege_mlp_0721_base_u0005,ppo_privilege_mlp_0721_base,5,True,evaluation-sp37-ego1582-raceline2-v0.7,overtake,False,False,none,12.34125835323681
ppo_privilege_mlp_0721_base_u0005,ppo_privilege_mlp_0721_base,5,True,evaluation-sp4-ego171-raceline2-v0.8,ego_collision,True,True,post_overtake_merge_rear_sweep,0.5901565600125025
ppo_privilege_mlp_0721_base_u0005,ppo_privilege_mlp_0721_base,5,True,evaluation-sp45-ego1924-raceline0-v0.7,overtake,False,False,none,6.067618934083782
ppo_privilege_mlp_0721_base_u0005,ppo_privilege_mlp_0721_base,5,True,evaluation-sp5-ego213-raceline0-v0.7,ego_collision,True,True,post_overtake_merge_rear_sweep,0.24109331433103875
ppo_privilege_mlp_0721_base_u0005,ppo_privilege_mlp_0721_base,5,True,evaluation-sp9-ego384-raceline0-v0.7,ego_collision,True,False,prepass_or_front_side_opponent_contact,-0.11365706432232514
ppo_privilege_mlp_0721_base_u0010,ppo_privilege_mlp_0721_base,10,True,evaluation-sp12-ego513-raceline0-v0.8,overtake,False,False,none,1.9480186764456562
ppo_privilege_mlp_0721_base_u0010,ppo_privilege_mlp_0721_base,10,True,evaluation-sp13-ego556-raceline0-v0.8,overtake,False,False,none,1.8411425151541607
ppo_privilege_mlp_0721_base_u0010,ppo_privilege_mlp_0721_base,10,True,evaluation-sp15-ego641-raceline2-v0.7,ego_collision,True,True,post_overtake_merge_rear_sweep,0.2916780749639827
ppo_privilege_mlp_0721_base_u0010,ppo_privilege_mlp_0721_base,10,True,evaluation-sp2-ego85-raceline2-v0.8,ego_collision,True,False,prepass_or_front_side_opponent_contact,-0.05319717399362389
ppo_privilege_mlp_0721_base_u0010,ppo_privilege_mlp_0721_base,10,True,evaluation-sp21-ego898-raceline0-v0.7,overtake,False,False,none,4.6365677671330445
ppo_privilege_mlp_0721_base_u0010,ppo_privilege_mlp_0721_base,10,True,evaluation-sp30-ego1283-raceline0-v0.7,overtake,False,False,none,4.097399028901805
ppo_privilege_mlp_0721_base_u0010,ppo_privilege_mlp_0721_base,10,True,evaluation-sp37-ego1582-raceline2-v0.7,overtake,False,False,none,12.249628396029891
ppo_privilege_mlp_0721_base_u0010,ppo_privilege_mlp_0721_base,10,True,evaluation-sp4-ego171-raceline2-v0.8,overtake,False,False,none,1.1247287981183547
ppo_privilege_mlp_0721_base_u0010,ppo_privilege_mlp_0721_base,10,True,evaluation-sp45-ego1924-raceline0-v0.7,overtake,False,False,none,6.729557117141354
ppo_privilege_mlp_0721_base_u0010,ppo_privilege_mlp_0721_base,10,True,evaluation-sp5-ego213-raceline0-v0.7,ego_collision,True,True,post_overtake_merge_rear_sweep,0.20288662369520694
ppo_privilege_mlp_0721_base_u0010,ppo_privilege_mlp_0721_base,10,True,evaluation-sp9-ego384-raceline0-v0.7,ego_collision,True,False,prepass_or_front_side_opponent_contact,-0.12263146614014886
ppo_privilege_mlp_0721_base_u0015,ppo_privilege_mlp_0721_base,15,True,evaluation-sp12-ego513-raceline0-v0.8,ego_collision,True,True,post_overtake_merge_rear_sweep,0.2740208657269534
ppo_privilege_mlp_0721_base_u0015,ppo_privilege_mlp_0721_base,15,True,evaluation-sp13-ego556-raceline0-v0.8,overtake,False,False,none,3.3573605846806913
ppo_privilege_mlp_0721_base_u0015,ppo_privilege_mlp_0721_base,15,True,evaluation-sp15-ego641-raceline2-v0.7,ego_collision,True,True,post_overtake_merge_rear_sweep,0.33046704036124197
ppo_privilege_mlp_0721_base_u0015,ppo_privilege_mlp_0721_base,15,True,evaluation-sp2-ego85-raceline2-v0.8,ego_collision,True,False,prepass_or_front_side_opponent_contact,-0.04869632625869258
ppo_privilege_mlp_0721_base_u0015,ppo_privilege_mlp_0721_base,15,True,evaluation-sp21-ego898-raceline0-v0.7,overtake,False,False,none,4.640110061054514
ppo_privilege_mlp_0721_base_u0015,ppo_privilege_mlp_0721_base,15,True,evaluation-sp30-ego1283-raceline0-v0.7,overtake,False,False,none,3.9188066246524045
ppo_privilege_mlp_0721_base_u0015,ppo_privilege_mlp_0721_base,15,True,evaluation-sp37-ego1582-raceline2-v0.7,ego_collision,True,True,post_overtake_merge_rear_sweep,0.5663399500176638
ppo_privilege_mlp_0721_base_u0015,ppo_privilege_mlp_0721_base,15,True,evaluation-sp4-ego171-raceline2-v0.8,overtake,False,False,none,1.30947982727929
ppo_privilege_mlp_0721_base_u0015,ppo_privilege_mlp_0721_base,15,True,evaluation-sp45-ego1924-raceline0-v0.7,ego_collision,True,True,post_overtake_merge_rear_sweep,0.43801266190664023
ppo_privilege_mlp_0721_base_u0015,ppo_privilege_mlp_0721_base,15,True,evaluation-sp5-ego213-raceline0-v0.7,ego_collision,True,True,post_overtake_merge_rear_sweep,0.37972301245909534
ppo_privilege_mlp_0721_base_u0015,ppo_privilege_mlp_0721_base,15,True,evaluation-sp9-ego384-raceline0-v0.7,ego_collision,True,False,prepass_or_front_side_opponent_contact,-0.08398489103313977
ppo_privilege_mlp_0721_base_u0020,ppo_privilege_mlp_0721_base,20,True,evaluation-sp12-ego513-raceline0-v0.8,ego_collision,True,True,post_overtake_merge_rear_sweep,0.4997822885129324
ppo_privilege_mlp_0721_base_u0020,ppo_privilege_mlp_0721_base,20,True,evaluation-sp13-ego556-raceline0-v0.8,overtake,False,False,none,4.550761785466278
ppo_privilege_mlp_0721_base_u0020,ppo_privilege_mlp_0721_base,20,True,evaluation-sp15-ego641-raceline2-v0.7,overtake,False,False,none,10.324920682281572
ppo_privilege_mlp_0721_base_u0020,ppo_privilege_mlp_0721_base,20,True,evaluation-sp2-ego85-raceline2-v0.8,ego_collision,True,True,post_overtake_merge_rear_sweep,0.5414813282312707
ppo_privilege_mlp_0721_base_u0020,ppo_privilege_mlp_0721_base,20,True,evaluation-sp21-ego898-raceline0-v0.7,overtake,False,False,none,7.480250055529126
ppo_privilege_mlp_0721_base_u0020,ppo_privilege_mlp_0721_base,20,True,evaluation-sp30-ego1283-raceline0-v0.7,overtake,False,False,none,8.177661369584655
ppo_privilege_mlp_0721_base_u0020,ppo_privilege_mlp_0721_base,20,True,evaluation-sp37-ego1582-raceline2-v0.7,overtake,False,False,none,13.06608803870131
ppo_privilege_mlp_0721_base_u0020,ppo_privilege_mlp_0721_base,20,True,evaluation-sp4-ego171-raceline2-v0.8,overtake,False,False,none,1.3215064624932609
ppo_privilege_mlp_0721_base_u0020,ppo_privilege_mlp_0721_base,20,True,evaluation-sp45-ego1924-raceline0-v0.7,overtake,False,False,none,7.333542671948436
ppo_privilege_mlp_0721_base_u0020,ppo_privilege_mlp_0721_base,20,True,evaluation-sp5-ego213-raceline0-v0.7,ego_collision,True,True,post_overtake_merge_rear_sweep,0.49227953548975734
ppo_privilege_mlp_0721_base_u0020,ppo_privilege_mlp_0721_base,20,True,evaluation-sp9-ego384-raceline0-v0.7,ego_collision,True,True,post_overtake_merge_rear_sweep,0.116159375153984
