run,update,formal_training_timesteps,policy_gradient_loss,value_loss_pre,value_loss_post,explained_variance_pre,explained_variance_post,collision_value_loss_pre,collision_value_loss_post,ordinary_value_loss_pre,ordinary_value_loss_post,collision_explained_variance_post,ordinary_explained_variance_post,approx_kl_mean,approx_kl_max,clip_fraction_mean,clip_fraction_max,actor_grad_norm_mean_preclip,actor_grad_norm_max_preclip,critic_grad_norm_mean_preclip,actor_optimizer_steps_completed,actor_optimizer_steps_planned,actor_early_stop_triggered,training_ego_collision_count,training_episode_count,training_collision_rate,mean_episode_return,mean_relative_position_m,mean_episode_min_obb_clearance_m,mean_episode_min_wall_clearance_m,mean_episode_risk_active_fraction,rollout_wall_seconds,actor_train_wall_seconds,critic_train_wall_seconds
ppo_independent_gru_0721_base,1,102400,0.023108548669842993,0.17685006146952506,0.14246022316854798,0.2660172175209756,0.6103389777938593,0.30237035937638257,0.16150566191023089,0.051329763562667656,0.12341478442686514,0.6087494124673547,0.06525581660939472,0.4068368784862105,3.495802640914917,0.36235839035362005,0.6110156178474426,149.9240264892578,275.40484619140625,2.298550555855036,,,,54,159,0.33962264150943394,-0.23055848805200252,3.503862829655375,0.3090019532907204,0.43090997908191037,0.08736558703054961,85.06020818300021,17.61821307900027,51.0710506559999
ppo_independent_gru_0721_base,2,204800,0.0020038439027121047,0.12005493959174007,0.13633601878320095,0.3841832163336063,0.630513706551772,0.19474648036597267,0.1983272088684741,0.045363398817507526,0.0743448286979278,0.5930662401681788,0.26117116020207976,0.04731385777151445,0.6871441006660461,0.09679687209427357,0.23921874165534973,37.06407889723778,96.22772979736328,1.3530735865235328,,,,48,153,0.3137254901960784,-0.18984185642930915,2.827967961772089,0.4158048464422634,0.4449670351578674,0.10140390358058654,85.58449860399924,17.489660950000143,50.454592521999984
ppo_independent_gru_0721_base,3,307200,0.003011005495645813,0.1280544684521082,0.07029419954740306,0.5148629088388923,0.7458447022563388,0.1968664323797883,0.09905730013783812,0.05924250452442806,0.04153109895696801,0.7343707574518535,0.5506796555080808,0.08025706030020956,0.6269772052764893,0.1091796844266355,0.25679686665534973,43.83842870593071,96.50789642333984,1.2714525915682315,,,,47,150,0.31333333333333335,-0.14701349778213538,4.144740238033328,0.3313240224527259,0.43194744198234153,0.09863077814500533,84.20009220700013,17.294602752000173,50.094219364999844
ppo_independent_gru_0721_base,4,409600,0.0019135642050427393,0.12864753063538648,0.06404048897369355,0.6454827008818931,0.8251095473404539,0.1923454111512511,0.09419924386319833,0.0649496501195219,0.03388173408418877,0.8008626397857366,0.7099800512893799,0.08813240552990464,0.7781549096107483,0.06917968524430762,0.14164061844348907,44.76815742254257,92.31417846679688,1.3086430747061968,,,,51,152,0.3355263157894737,-0.21001125740279428,3.5354378476339225,0.31835674319645985,0.4746431236754085,0.09615809411080183,85.54079592899961,17.494581431999904,50.49542484799986
ppo_independent_gru_0721_base,5,512000,0.0023774416248125707,0.11193561037205267,0.06559870652628126,0.678508106140887,0.8152309772744148,0.1897033528645741,0.09952336257827717,0.03416786787953123,0.031674050474285335,0.7813620350543223,0.6825073990882389,0.032859141761582576,0.3657929599285126,0.09383300541958306,0.16953124105930328,37.94502167403698,91.8788070678711,2.002114852517843,,,,40,152,0.2631578947368421,-0.06753534412806578,3.2257960503344267,0.40469292567112297,0.42005333105962034,0.07983424152513717,87.17513359900022,17.497542858999623,50.503572544000235
ppo_independent_gru_0721_base,6,614400,0.0021170060855365547,0.11407698547152932,0.06889235005081049,0.724229359089029,0.8403855549452048,0.18287837660995407,0.10622790563699264,0.045275594333104546,0.031556794464628335,0.81026900265505,0.7533063933800545,0.0434197126358049,0.6191878914833069,0.09585937211522833,0.26445311307907104,44.31203952431679,132.19654846191406,2.0636071637272835,,,,63,163,0.38650306748466257,-0.3747222229476146,2.34535166280359,0.3414462566211117,0.46987776895407185,0.09868979476945028,84.74216408699976,17.865002295000522,51.66871674599952
ppo_independent_gru_0721_base,7,716800,0.004686943260566956,0.11720940346307034,0.06031390928805771,0.6947622432117164,0.8442887771239559,0.19530026527064628,0.09679403749295348,0.0391185416554944,0.023833781083161948,0.8054933096561427,0.796482102307354,0.006597105458204168,0.011895780451595783,0.1333349570631981,0.27828124165534973,68.92954704165459,134.83445739746094,0.9078088410198688,,,,45,150,0.3,-0.14676040891545947,3.0637964414996777,0.40758382524082304,0.4479146017107646,0.08389091134005258,84.41130749500007,17.32628909199957,50.17604857399965
ppo_independent_gru_0721_base,8,819200,0.0011826700485104702,0.10149681771389119,0.04878364105244622,0.7511859701816601,0.8829839251639915,0.16295988283390364,0.07190562541069759,0.040033752593878764,0.025661656694194828,0.8762846861042873,0.7725757175128543,0.11836307872086763,0.9183151721954346,0.04995117080397904,0.20960937440395355,32.28532588481903,93.36549377441406,1.3637978974729776,,,,42,151,0.2781456953642384,-0.09148552515959377,3.315241227546598,0.36894704269784384,0.44185255508320087,0.0891219840584801,86.95941677799965,17.473242863999985,50.30484944
ppo_independent_gru_0721_base,9,921600,0.0011793662414367745,0.11467738116828198,0.07429201913750702,0.7252555819535097,0.8403971871669814,0.19739396870504564,0.12327072681906177,0.03196079363151839,0.025313311455952267,0.795742057991095,0.7919223573452423,0.02964607409900054,0.4105597138404846,0.056855468079447746,0.1763281226158142,34.2260981798172,119.37480163574219,1.4460649617016315,,,,44,148,0.2972972972972973,-0.1316589486964042,3.0815714802317884,0.363255916259367,0.42806644886503137,0.08725578682593468,85.07038188999923,17.352071368999532,50.2152792199995
ppo_independent_gru_0721_base,10,1024000,0.0019266801045887405,0.1330171704095143,0.0803204369808594,0.6769452002757058,0.8125155526754014,0.21484743230020897,0.12985616068321065,0.05118690851881962,0.03078471327850818,0.7815652537176654,0.7223187068411312,0.04831887224136153,0.7131489515304565,0.0836328094592318,0.20742186903953552,53.16861754655838,96.93775939941406,1.7608823224902153,,,,46,149,0.3087248322147651,-0.12373869452365911,4.122454589540295,0.3564641033549753,0.4198844977531121,0.08668105127763574,87.48696040899995,17.407397150999714,50.33167880200017
ppo_independent_gru_0721_base,11,1126400,0.0018776906764106371,0.12757614684143692,0.10803768617283817,0.7104957567679522,0.8531593490131251,0.22262174875384041,0.16726575397919427,0.032530544929033456,0.04880961836648205,0.8302666000988514,0.7372826947190023,0.03548459444238688,0.4705418646335602,0.06709960871376097,0.21742187440395355,52.56375448405743,150.05023193359375,1.1730002593249083,,,,50,154,0.3246753246753247,-0.21879870758396652,2.5400815248867263,0.40921699833059066,0.4349577975715456,0.08429595246502637,88.2287660789998,17.65325585499977,50.90979270600019
ppo_independent_gru_0721_base,12,1228800,0.003930650983384076,0.1312400151424822,0.056984329491278164,0.7233556262219625,0.8952253017254107,0.21429080523831354,0.0757193280599581,0.04818922504665088,0.038249330922598246,0.8873445226446615,0.8359461469374809,0.007211164594627915,0.02045404352247715,0.12189941116957925,0.2890625,30.996447905898094,106.82354736328125,1.0983805119991303,,,,46,153,0.3006535947712418,-0.14981681161888286,3.1717578233361485,0.39109651534084533,0.4310360707396388,0.09570811092001057,85.29375108000022,17.491761303001113,50.75031873700027
ppo_independent_gru_0721_base,13,1331200,0.004586856970926867,0.12354689181590235,0.070042566437037,0.733311098444302,0.8743796618622148,0.1787464739099183,0.07565927379944837,0.0683473097218864,0.06442585907462563,0.852865404741917,0.8013960607763777,0.007056740153930149,0.017518682405352592,0.16223632404580712,0.3868750035762787,83.46900308132172,188.07073974609375,1.2206089302897454,,,,41,145,0.2827586206896552,-0.11438537077727474,2.7112160491795247,0.3710449713434689,0.4270669939792704,0.07765076370277604,86.33485519299938,17.22377578599844,49.8581476269992
ppo_independent_gru_0721_base,14,1433600,0.000819345064610455,0.09869346967141145,0.043527452333384745,0.7656047204495953,0.8961280211271618,0.14631810644825283,0.06376244398718214,0.051068832894570086,0.023292460679587342,0.880742736110669,0.8640044297893938,0.14491861678019632,0.9170182347297668,0.046552733139833435,0.09187499433755875,29.342372238636017,85.95323181152344,1.1065561056137085,,,,38,148,0.25675675675675674,-0.07916155077024752,2.1284792519358215,0.4312773137529194,0.4254566134508516,0.08192233951173358,86.57622193200041,17.370286036000834,50.12855777700133
ppo_independent_gru_0721_base,15,1536000,0.0015357970690814682,0.09682320048939654,0.046368389880837704,0.7708509233530667,0.8897054315285117,0.15213132912782393,0.06325982733209531,0.041515071850969115,0.029476952429580056,0.893552978044108,0.8218655753285236,0.0062732507281179975,0.027623562142252922,0.04965331868152134,0.10460937023162842,31.72489959001541,83.43883514404297,0.8161025978624821,,,,41,148,0.27702702702702703,-0.0908575309874275,3.136566737077647,0.3944674794203914,0.4243940527908985,0.09396146059875041,86.88852419599971,17.288617879999947,50.031096087999686
ppo_independent_gru_0721_base,16,1638400,0.0006843488070899517,0.08936985534847913,0.036491618973134125,0.7622132316939259,0.9018412669734011,0.13591886883420556,0.05561217015748198,0.04282084186275272,0.017371067788786266,0.8961731936540573,0.8801557555463959,0.043135991399285555,0.650275468826294,0.05187011614907533,0.13789062201976776,19.54625403881073,63.69105529785156,0.8952736832201481,,,,36,150,0.24,-0.004738140411600368,3.9205589950301007,0.43533755104139876,0.41657319492073336,0.09455933459040547,85.33338281400029,17.450736290998975,50.33520134399987
ppo_independent_gru_0721_base,17,1740800,0.002477857903795677,0.07838944956521218,0.025490954268213337,0.779698281748544,0.927584315164081,0.11174269206316756,0.031164615735382317,0.04503620706725682,0.019817292801044363,0.9351778995805119,0.8407438676745695,0.006014995301375163,0.023517748340964317,0.10589355218689889,0.2535937428474426,36.67152765393257,78.25143432617188,0.5334815554320812,,,,29,143,0.20279720279720279,0.09698374308387037,3.9661143433891337,0.366823860892818,0.42571177713032093,0.08050863518703241,86.23511525399954,17.128791704000832,49.423733806999735
ppo_independent_gru_0721_base,18,1843200,0.001556939859001405,0.10197559351178578,0.039671622790044526,0.7781772729579329,0.919536444926186,0.15411369700221558,0.05578757899982951,0.04983749002135595,0.023555666580259524,0.9097886589105868,0.885111423224262,0.0044241253715881605,0.01206396333873272,0.0558691390324384,0.09648437052965164,35.99504733085632,81.7979507446289,0.9031672090291977,,,,48,150,0.32,-0.15889121508296167,4.8457165158020645,0.30195866488096146,0.44306453531019485,0.1072805500637314,86.1714974459992,17.405319114999656,50.283832346000054
ppo_independent_gru_0721_base,19,1945600,0.004584124699468006,0.1032139551462627,0.04257556398478481,0.7490985231982267,0.8967035985401414,0.15539966167446922,0.0567648897392753,0.05102824861805618,0.028386238230294333,0.888739235348944,0.86696440645755,0.007280070901324508,0.013672339729964733,0.16843261430040002,0.3306249976158142,98.1062040925026,183.1508331298828,0.767741684615612,,,,38,146,0.2602739726027397,-0.042387530906278684,3.3988137877296856,0.38910054114864656,0.44114324044213943,0.0811174489901569,83.70953935299985,17.219969800999024,49.95036560399967
ppo_independent_gru_0721_base,20,2048000,0.0004771971532910868,0.09660269648568379,0.05014458771682413,0.788640189426412,0.9074039817653526,0.15772539974100463,0.0765040359813262,0.035479993230362904,0.02378513945232208,0.8909515731541202,0.8821581500273489,0.02972025167255197,0.39666256308555603,0.03978027243283577,0.07929687201976776,23.27131362259388,55.1379280090332,0.9006608687341213,,,,45,151,0.2980132450331126,-0.1498604457639884,3.0003561616444716,0.43382942038283717,0.4221440412392575,0.07662244907160555,85.84925649899924,17.491104624999934,50.40911508199861
ppo_privilege_gru_0721_base,1,102400,0.014013298388745321,0.22842687677454587,0.17396116385642058,0.10238142722100074,0.6211697350443632,0.34710617631484125,0.18860901186375695,0.10974757723425047,0.15931331584908423,0.6038145037468354,0.5865283103675676,0.18558810801885556,2.3920912742614746,0.20425780746154487,0.6774218678474426,101.5652751326561,296.24932861328125,2.5946134328842163,,,,54,159,0.33962264150943394,-0.23055848805200252,3.503862829655375,0.3090019532907204,0.43090997908191037,0.08736558703054961,91.89117338599863,17.589243274000182,52.57464007300041
ppo_privilege_gru_0721_base,2,204800,0.0025042251959543904,0.11057521156029715,0.06870094330424868,0.5536425659976361,0.7735511675359874,0.15817760948132095,0.083215387902762,0.06297281363927337,0.05418649870573536,0.7572819336955028,0.7958642557636563,0.005739051477285102,0.015216964296996593,0.09640624839812517,0.2292187511920929,29.423925265669823,60.46196746826172,0.9238204680383205,,,,41,148,0.27702702702702703,-0.09642483765085201,3.2926907355923567,0.4273693713651409,0.44045122986773677,0.10223408787329101,93.43062116799956,17.257503182998335,51.48819267500039
ppo_privilege_gru_0721_base,3,307200,0.002000734939065829,0.1485269746824507,0.08911907437266738,0.4669404421021468,0.7001117745923758,0.22003578945066735,0.12640905078579073,0.07701815991423412,0.05182909795954405,0.6508638868650578,0.7002940366194352,0.10286644230422098,0.8599998354911804,0.07893066154792905,0.1961718648672104,43.245581328868866,113.53363037109375,2.063640411198139,,,,63,159,0.39622641509433965,-0.32244562360956486,4.177056141827316,0.2947445831165943,0.43390675632943554,0.09872791987455612,92.64519099900099,17.647263433000262,52.69052344500051
ppo_privilege_gru_0721_base,4,409600,0.005776745468174339,0.12803494725243278,0.08532775202232953,0.6403170669352906,0.8212522305310981,0.1916477602299674,0.1182545149285451,0.06442213427489811,0.05240098911611396,0.7794700312331896,0.7611433245796937,0.3748586910657468,2.378282308578491,0.188012687896844,0.349921852350235,96.56992954015732,172.8115234375,1.5419982008635997,,,,68,160,0.425,-0.4101708278491877,3.297867928199827,0.269053852619832,0.4570198788093573,0.10761152214751266,93.58255148599892,17.81880844999978,53.00445629400019
ppo_privilege_gru_0721_base,5,512000,0.00018505691665721136,0.11865415632705972,0.12939849064483527,0.6682971110764591,0.8176774137772385,0.18682745070624374,0.13299286024801799,0.05048086194787568,0.1258041210416526,0.768537452957987,0.7859791521240712,0.0034106669222455817,0.02034442126750946,0.03796874889667379,0.08023437112569809,24.479503989219666,75.59945678710938,2.192218316346407,,,,52,156,0.3333333333333333,-0.2137920084170487,3.2954871800693653,0.34359694692278,0.4222158851835388,0.08726414702623558,93.65764945199771,17.668143988001248,52.59631369300041
ppo_privilege_gru_0721_base,6,614400,0.004031428864127523,0.09328875295790112,0.04627428527824841,0.7138602076673269,0.8475376182722726,0.13528161361193972,0.06702698454212544,0.0512958923038625,0.02552158601437139,0.8265588086616389,0.7914159920101751,0.030059676782693712,0.30947551131248474,0.1238818330457434,0.3153125047683716,92.1497437953949,199.40211486816406,1.4313657566905023,,,,47,153,0.30718954248366015,-0.16849197400751564,3.5627729724351367,0.36484643759641505,0.47623946525935806,0.09076917294681035,95.90374643099858,17.521783164000226,52.42464237800232
ppo_privilege_gru_0721_base,7,716800,0.000668186348912414,0.08642395322557414,0.052102615803311166,0.7360244795963866,0.8262161747941605,0.12491066493034232,0.0702727557985008,0.04793724152080596,0.03393247580812153,0.8161644210183038,0.7927693051352902,0.0028983925475040417,0.005859386641532183,0.05023925669956952,0.1145312488079071,28.915089309215546,74.66773986816406,1.4159452255815268,,,,34,141,0.24113475177304963,0.0006855048623736385,3.4354304995989757,0.4193679184287148,0.44093317495222234,0.07552729411872873,95.3674347979977,17.12025815800007,51.158744209998986
ppo_privilege_gru_0721_base,8,819200,0.00043107337429315606,0.09149235476399553,0.0430282479275363,0.6766203844370755,0.8485445320078497,0.14535107477812467,0.06491184212761297,0.03763363474986636,0.021144653727459627,0.8337398069114065,0.7935004767322192,0.06505299993601511,0.8403179049491882,0.03377929620910436,0.07640624791383743,22.823099672794342,53.36624526977539,1.1153161235153675,,,,42,150,0.28,-0.08668366518187197,3.4698324297720458,0.3868965232569633,0.4558507199922493,0.08142788613932557,96.50921833300163,17.393511350001063,52.01583822199973
ppo_privilege_gru_0721_base,9,921600,0.0018792655807192693,0.07073777515018165,0.039701072919752625,0.7407289050719778,0.8552151508769952,0.11618513843717754,0.06388103085129192,0.025290411863185768,0.015521114988213337,0.8208843136401954,0.8441277754102503,0.0036494575288088527,0.009456511586904526,0.0740087874874007,0.2560156285762787,52.55340677499771,153.24505615234375,0.8706536058336496,,,,29,141,0.20567375886524822,0.07841017143229256,3.4651198773409293,0.4252012549137078,0.4377520260520863,0.08044960516360755,95.35763881000094,16.99347412899806,51.06111754899757
ppo_privilege_gru_0721_base,10,1024000,0.0006091632679453562,0.10001307014834397,0.052228897492037234,0.6800530539406682,0.8508910048461742,0.1619492898695028,0.08066753171423968,0.03807685042718514,0.02379026326983475,0.8160247630103936,0.8163701802462926,0.002512538408918772,0.004565645940601826,0.03937988227698952,0.08374999463558197,22.495504766702652,41.701229095458984,0.7912257920950652,,,,37,148,0.25,-0.02092737955399878,3.5114551813297057,0.38888982647067954,0.44992228900080355,0.07978137209838994,94.38536826699783,17.343534029001603,51.889951765999285
ppo_privilege_gru_0721_base,11,1126400,0.0008705570633225079,0.08497909049759393,0.06341166985743188,0.7233018252607044,0.8688978809234054,0.13862949892764997,0.09126801429341574,0.031328682067537875,0.03555532542144802,0.8472972771841356,0.8451438603699606,0.08701271808386082,1.1923576593399048,0.04776855374802835,0.09804687649011612,25.19303971529007,59.85481262207031,0.7457137878984212,,,,38,147,0.2585034013605442,-0.05349601972080007,3.100978308129879,0.4419303412720181,0.44563021172771233,0.07299960325704563,93.47925484000007,17.291254455001763,51.68545332099893
ppo_privilege_gru_0721_base,12,1228800,0.000705011827230928,0.09676801809591147,0.09472771766545016,0.7537315940040399,0.8848864056065504,0.1691485441610995,0.10530822842739905,0.02438749203072347,0.08414720690350125,0.8695263237908126,0.8695269276349787,0.003874855183530597,0.008832313120365143,0.07101562229217961,0.17210936546325684,31.100108236074448,69.1482162475586,0.8619918495416641,,,,43,153,0.28104575163398693,-0.10112788789534766,3.5620945177226155,0.4114295652158303,0.45225882274095297,0.08639050208246186,93.04131509400031,17.54690409899922,52.38576265800293
ppo_privilege_gru_0721_base,13,1331200,0.0025269625512009952,0.1044029811549132,0.05022113182871055,0.7571671836546608,0.8972963822371917,0.15536381172632366,0.0740869722768796,0.053442150583502775,0.026355291380541494,0.874896198908478,0.8486752176645483,0.0049473695877532,0.01689385250210762,0.09392089593893616,0.2946093678474426,61.42187464237213,204.51153564453125,1.2584727488458156,,,,52,151,0.3443708609271523,-0.24626995981073338,2.790794524543971,0.3058932887617478,0.45285112939749406,0.0991051410301963,91.15730148500006,17.477079742999194,52.08516188900103
ppo_privilege_gru_0721_base,14,1433600,0.003058763638764894,0.08605425953860583,0.04531157475853745,0.7273432707693813,0.8775510297906896,0.14171929967981106,0.07105723788588536,0.03038921939740057,0.019565911631189543,0.8394772338348823,0.9008584453625985,0.3125069399207132,3.094435453414917,0.10422851338807959,0.25703123211860657,43.45800316333771,105.06452941894531,1.1933815374970436,,,,32,145,0.2206896551724138,0.012739380836352213,2.444065198741511,0.4161744022242859,0.4295080260415579,0.0787528777532392,93.04797384199992,17.2848610109977,51.45124730599855
ppo_privilege_gru_0721_base,15,1536000,0.0026616714989540213,0.09934763234823332,0.052222564429348764,0.7420673889552886,0.8642720748252954,0.1669270752751888,0.07898626053362354,0.03176818942127785,0.025458868325073995,0.8476715315075978,0.8350366209231977,0.04791829086199868,0.6657530069351196,0.10151855142612476,0.20226562023162842,50.34109565615654,111.52989959716797,1.3545633181929588,,,,46,151,0.304635761589404,-0.13921814112248682,3.426273039209949,0.36679823385339605,0.4457660774999352,0.09433328766545769,93.28971980500137,17.457599469998968,52.131602216999454
ppo_privilege_gru_0721_base,16,1638400,-0.00011844730364818368,0.0835899505796186,0.027292102242941495,0.7851347289058033,0.9294969316104371,0.12205786927808113,0.03792235955534323,0.0451220318811561,0.016661844930539762,0.9301895136991284,0.8720116337568453,0.0030878619127906876,0.013597050681710243,0.02432617131853476,0.04937499761581421,15.5838041305542,33.29201889038086,0.42094546668231486,,,,42,151,0.2781456953642384,-0.08371463526207729,3.918785940070931,0.376541351401268,0.4591982847380057,0.09250272570184798,93.46455070299999,17.47885666000002,51.97271517500121
ppo_privilege_gru_0721_base,17,1740800,0.003408136779325721,0.08605574956541102,0.030920861067826957,0.7506016142917374,0.9124263044293639,0.13389457461572213,0.043106994352790355,0.038216924515099934,0.018734727782863562,0.9134176448957382,0.8267814878809587,0.007387597016058858,0.03965902328491211,0.09365722339134663,0.20140624046325684,52.366724640131,98.85053253173828,0.6640070289373398,,,,27,138,0.1956521739130435,0.13087253386144487,4.421189771352382,0.33752038573940146,0.4523927905599934,0.07350137341912084,93.7691217850006,16.976538955997967,50.57261652300076
ppo_privilege_gru_0721_base,18,1843200,0.0034844239356246476,0.07941081401418443,0.03525746234174334,0.8036430514251972,0.9221635827302107,0.13363582096660362,0.052029128577449006,0.02518580706176521,0.01848579610603767,0.9007060904265656,0.9179675560750773,0.058731083185994064,0.843797504901886,0.14825683177332394,0.3572656214237213,63.38696166872978,159.9341583251953,0.7335121128708124,,,,35,148,0.23648648648648649,0.05274509162180124,5.708184487660871,0.29744281338531464,0.4684416631425292,0.08479765494246683,93.87564326500069,17.315403641998273,51.72718955400342
ppo_privilege_gru_0721_base,19,1945600,0.00684998379700108,0.10246664553879431,0.06227340824099854,0.7622251069396635,0.8752636983021697,0.1585929640816759,0.07782618084345883,0.04634032699591277,0.04672063563853824,0.8614154087567005,0.8242871132409977,0.03527784940437414,0.40210872888565063,0.2205175762064755,0.4278906285762787,93.21319898962975,190.20921325683594,0.9375332742929459,,,,46,148,0.3108108108108108,-0.12233268435543902,4.6472725850324075,0.3175665589062599,0.4664929715345565,0.09086306971063271,93.71559050499854,17.31690688100207,51.65868456200042
ppo_privilege_gru_0721_base,20,2048000,0.0025735469734535776,0.0762007306883036,0.031062841662583874,0.8082258970348783,0.9220174622338332,0.12186229503493641,0.04249097358191074,0.030539166341670775,0.01963470974325701,0.9214666967809444,0.8640827169759592,0.11873954111419152,1.0881820917129517,0.11695800453890115,0.2409375011920929,38.12199768424034,79.09058380126953,0.8051487386226654,,,,35,143,0.24475524475524477,0.020436447014787612,4.5901949014582435,0.38750104240919125,0.44094332614851667,0.07059413693803678,95.74848003599982,17.136171498001204,51.140476261
ppo_privilege_gru_0721_bs25600,1,102400,0.023810863061807908,0.18180427050894962,0.10930173778264678,0.24546710856749288,0.5665091782579185,0.30352848750979555,0.15992964500746,0.06008005350810363,0.05867383055783353,0.5441062540854253,0.36298531812885826,0.1803131372499047,1.245259165763855,0.36706054396927357,0.6300390362739563,160.2655520439148,261.7760314941406,1.5220388039946555,,,,54,159,0.33962264150943394,-0.23055848805200252,3.503862829655375,0.3090019532907204,0.43090997908191037,0.08736558703054961,92.05468142999962,13.979369019998558,40.2873533460006
ppo_privilege_gru_0721_bs25600,2,204800,0.011267076551447985,0.11450473153839616,0.07350632679388597,0.4797535145715638,0.7076217926547267,0.1816347873755226,0.09944474222027405,0.04737467570126972,0.047567911367497856,0.6919607191102586,0.5214562971905958,0.3109751203257474,0.9160916805267334,0.22529784496873617,0.44425779581069946,115.32506740093231,221.23971557617188,0.8589409448206424,,,,45,148,0.30405405405405406,-0.163794355422461,3.0039238214844644,0.4165570534141682,0.4459124998289612,0.09541133879549876,93.04731872300181,13.6093383740008,38.868046635998326
ppo_privilege_gru_0721_bs25600,3,307200,0.0005540767570346716,0.11251350217728902,0.14144926141351136,0.5336645014671997,0.6717192539354067,0.17389289361268337,0.15272501184074802,0.05113411074189462,0.1301735109862747,0.6460531234174431,0.5292130727462901,0.1525244879849197,0.6953277587890625,0.041166990310557594,0.09968749433755875,30.245047509670258,73.19580078125,2.0899291023612023,,,,44,151,0.2913907284768212,-0.07431289433767739,4.764219632587364,0.3259244630481035,0.42864902801579324,0.09193719881374403,92.10721695900065,13.69766378499844,39.50607975700041
ppo_privilege_gru_0721_bs25600,4,409600,-0.00016394114230933177,0.10829527155148909,0.06385973977237686,0.592122571726027,0.7652954092687729,0.16081419187025034,0.08711133818945083,0.05577635123272784,0.04060814135530289,0.7112108322384973,0.5849383101429911,0.024187286177766498,0.18465858697891235,0.01722167944535613,0.038359373807907104,17.946614921092987,31.70409393310547,1.2154475301504135,,,,70,161,0.43478260869565216,-0.44411646266129595,3.0863298121771687,0.2769828314977498,0.4662668236354096,0.1039224569786539,93.09571626800243,14.194842626999161,40.78913564499817
ppo_privilege_gru_0721_bs25600,5,512000,0.0010205136164218587,0.08391579408413799,0.05251606721895372,0.6975323688857478,0.8211459344162776,0.12679464844811827,0.07228158681451946,0.0410369397201577,0.032750547623387985,0.7945931667618615,0.6667209288363357,0.002755578728974792,0.005230441689491272,0.05005371128208935,0.08464843779802322,30.37486520409584,57.49196243286133,0.8856765300035476,,,,55,152,0.3618421052631579,-0.2568540251025137,3.7021569319522567,0.35324807353021315,0.40512326038223745,0.07781872735051874,92.68803946700064,13.835770335001143,39.659831783999834
ppo_privilege_gru_0721_bs25600,6,614400,0.006452241119696112,0.08643711839970665,0.06312224761076791,0.7048509018818905,0.8306310981644371,0.1195915246986719,0.08887951084068817,0.053282712100741404,0.037364984380847684,0.8224655072013629,0.6867323048569837,0.09559895935468375,0.35613980889320374,0.1856445288285613,0.30140623450279236,61.06289628148079,97.9906997680664,0.8434452645480632,,,,57,160,0.35625,-0.26319668063520674,3.7116049107790325,0.3415212002062038,0.4687575089870498,0.09453859249154305,94.21270663800169,14.153785524998966,40.76655643399863
ppo_privilege_gru_0721_bs25600,7,716800,0.00033315137050493604,0.08913591489110416,0.07777496593772815,0.7029190099008655,0.7625213205736866,0.1340770524891862,0.12745692914417306,0.04419477729302212,0.028093002731283255,0.7227658043988153,0.6895193736632633,0.0023730530316242865,0.0037563566584140062,0.03995117079466581,0.07832030951976776,21.27592894434929,41.101078033447266,2.453085261583328,,,,46,149,0.3087248322147651,-0.13389824654188737,3.9424341794431457,0.3941678206654576,0.4486901433265375,0.08286237874688715,95.87950991400066,13.74875339600112,39.62775228600003
ppo_privilege_gru_0721_bs25600,8,819200,0.00045114406078927693,0.084329629128053,0.047079311229069526,0.7477666725309954,0.8589157629619971,0.12490625428346562,0.07259691362347258,0.043753003972640425,0.02156170883466649,0.8420711140134207,0.7381950982714709,0.004818088265601539,0.011415963992476463,0.030327147716889158,0.08578124642372131,22.208568572998047,54.89803695678711,0.8048560656607151,,,,50,152,0.32894736842105265,-0.1932945241192412,3.515154106005926,0.37766230400660133,0.4476967355406522,0.08700828556440282,94.3001884639998,13.992304740997497,39.97771229499995
ppo_privilege_gru_0721_bs25600,9,921600,0.001160703536642771,0.10089946515844458,0.07068929659383345,0.6757370539695017,0.7687760887443352,0.15516845331243154,0.11020720345981232,0.04663047700445765,0.031171389727854593,0.7107455738962076,0.7107191641032204,0.002617773240199295,0.004246318247169256,0.03713867114856839,0.09476562589406967,24.882406651973724,62.92322540283203,2.2348622739315034,,,,42,149,0.28187919463087246,-0.06702053595502902,4.193782529211101,0.3536005074530252,0.43951286666890704,0.07241186255331608,91.46548454899676,13.714934188999905,39.659288771999854
ppo_privilege_gru_0721_bs25600,10,1024000,0.0012140233165700565,0.10241206884137613,0.055782253803048756,0.7024508300628853,0.8399300562237759,0.16219959442359172,0.09000260520161203,0.04262454325916051,0.02156190240448546,0.8196967044741639,0.724016010967911,0.00208985606441274,0.00438163336366415,0.034487303579226136,0.10148437321186066,27.510889887809753,54.78828430175781,0.810751560330391,,,,46,148,0.3108108108108108,-0.11663786204993123,4.493754457758655,0.3720444579684321,0.4365953028944217,0.08746001963153628,90.36840591500004,13.679566905000684,39.59556514100041
ppo_privilege_gru_0721_bs25600,11,1126400,0.0006820791262724946,0.11257223497137599,0.06990685041224334,0.6953807151856167,0.8216074045291147,0.18677618536187338,0.09810274559868343,0.038368284580878556,0.04171095522580324,0.789577800230267,0.7160136577654459,0.002351261395670004,0.0063191852532327175,0.03467773416195996,0.09804687649011612,29.16050699353218,79.42259979248047,1.1543296068906783,,,,50,152,0.32894736842105265,-0.1914975239405869,3.7729669363426637,0.37535085993428374,0.44132367627737845,0.08753102690417702,92.08899811599986,13.867328607000672,39.9616998019992
ppo_privilege_gru_0721_bs25600,12,1228800,0.0018329346185783635,0.08039841624612032,0.04216277750602124,0.7691063281981901,0.8874705561992219,0.12324896314605624,0.055961826182786584,0.03754786934618439,0.028363728829255863,0.8905952727108143,0.7533469658033924,0.00390890795591986,0.006508782505989075,0.08498534996761009,0.17429687082767487,41.80443874001503,104.91140747070312,0.5250578962266446,,,,40,149,0.2684563758389262,-0.04599196185193496,4.260039584807397,0.4198419262849368,0.44304183171085304,0.0845128726136775,93.39975474000312,13.788284128997475,39.73471618900294
ppo_privilege_gru_0721_bs25600,13,1331200,0.000706921039490993,0.10250871877615765,0.05810100665969559,0.708977274202053,0.8342379536394853,0.1547930753425394,0.08392032230803145,0.050224362209775934,0.03228169101135971,0.8070634637773129,0.7185853588399289,0.0023718933880445547,0.005348682403564453,0.029160155565477908,0.06109374761581421,28.748521864414215,59.528560638427734,0.9907215036451816,,,,44,144,0.3055555555555556,-0.13459629426777425,3.6656959898958315,0.3433703528563005,0.43755288848091695,0.0792826160929898,94.73844873800044,13.512990414998058,38.90617462700175
ppo_privilege_gru_0721_bs25600,14,1433600,0.0007546198974890395,0.08909935044367198,0.06266380393268679,0.7279991807822518,0.8327447906380998,0.14859908557948928,0.09056725693963134,0.02959961530785471,0.03476035092574224,0.7825296746340611,0.8347188215352341,0.008665805403434201,0.043031662702560425,0.02300781209487468,0.04632812365889549,16.822540283203125,31.300411224365234,1.280270516127348,,,,44,148,0.2972972972972973,-0.13498461768337988,2.8409281476047044,0.3661361874120966,0.44497161937593854,0.07931323828287404,94.37717343099939,13.662474668002687,39.52723305000109
ppo_privilege_gru_0721_bs25600,15,1536000,-9.500902560777291e-05,0.0900456027663076,0.09275277885850228,0.7336243873689232,0.8484902040324593,0.13965952174391918,0.10808803839094658,0.040431683788696,0.07741751932605799,0.8245666484448348,0.8216770875537281,0.041476165171043244,0.3136073350906372,0.02743164007551968,0.0710156261920929,11.613688707351685,23.26162338256836,0.7726164996623993,,,,49,151,0.32450331125827814,-0.16795331328309726,3.862441563075743,0.3528834335992666,0.4381726897469798,0.09403811768488234,97.0950172949997,13.88047378900228,39.81288131099791
ppo_privilege_gru_0721_bs25600,16,1638400,0.0013640037162261365,0.07344759072308286,0.09297413776813448,0.7681941140672108,0.854643377612654,0.11323522193563218,0.1019561692238544,0.03365995951053354,0.08399210631241455,0.8428706480673458,0.7714701484953201,0.003283673041150903,0.006312832701951265,0.06121581816114485,0.1208203062415123,30.969846546649933,83.17017364501953,1.0800623379647731,,,,42,153,0.27450980392156865,-0.05979928962857711,4.506545230982461,0.37081069953376966,0.4365606712484589,0.09759010434836557,94.02514864399927,13.900860844998533,40.11604311400151
ppo_privilege_gru_0721_bs25600,17,1740800,0.0007070015708450228,0.06841320667109914,0.0385152462830819,0.7523426545557219,0.8479118258309116,0.09455642524456997,0.05223548476775062,0.04226998809762828,0.024795007798413184,0.8372472344463727,0.6803561706844528,0.00230009754741331,0.0043498151935637,0.02504394529387355,0.0700390636920929,22.87721347808838,45.12946319580078,1.1060266569256783,,,,40,143,0.27972027972027974,-0.0541029035905335,4.302380044928333,0.3341485306974225,0.4599962774300312,0.08251689074288322,93.4130875640003,13.455215663001582,38.89516917899891
ppo_privilege_gru_0721_bs25600,18,1843200,0.00014051569020034904,0.06678159478065193,0.038615341914694026,0.7951219124126604,0.8900631883292427,0.0964413459898574,0.06091323968972382,0.037121843571446426,0.016317444139664242,0.8693869750463763,0.8445288718594194,0.08185971547558438,0.3660237491130829,0.011289062269497663,0.02089843712747097,17.855198621749878,25.84400749206543,0.767119662463665,,,,48,153,0.3137254901960784,-0.10419078744151786,6.048948550934385,0.2818113881083467,0.4360080151071291,0.08967053597375241,94.22561322099864,13.870935303999431,39.98844056500093
ppo_privilege_gru_0721_bs25600,19,1945600,0.0002227459447747826,0.0745544607820022,0.04374757486652342,0.7873639637898218,0.8755480747220264,0.11147711027771853,0.06242829318044201,0.03763181128628588,0.025066856552604835,0.8463988729575153,0.8330897138543677,0.0018107802170561627,0.004985267296433449,0.02269042850821279,0.06359374523162842,21.04848101735115,46.81726837158203,0.9943634450435639,,,,59,156,0.3782051282051282,-0.29678997475357405,3.6628819635546948,0.3190134365883918,0.4488109594450243,0.0893173245921658,95.84476552399792,14.035664964998432,40.37329111600047
ppo_privilege_gru_0721_bs25600,20,2048000,7.060542673587022e-05,0.06399338300759093,0.03278309755758564,0.7991271888961249,0.8907417132031176,0.09309294479167902,0.046269661491097784,0.03489382122350284,0.0192965336240735,0.8797230532468002,0.8106886282060017,0.0011900411333772287,0.0021657811012119055,0.01132812473224476,0.024960936978459358,17.35038048028946,34.910701751708984,0.9125378929078579,,,,36,144,0.25,-0.005899796738774782,3.833051963304344,0.432038717702978,0.4364469452267497,0.06918173029731443,94.66944965400035,13.53142985500017,38.93277326799944
ppo_privilege_gru_0721_bs51200,1,102400,0.00875629255548116,0.18695605968356716,0.13970847162081035,0.2948889379770354,0.513705572954174,0.293942426501384,0.23210411075377654,0.07996969286575034,0.04731283248784417,0.4978544436408169,0.493847759799686,0.057102592510054784,0.11845307797193527,0.2014453038573265,0.41306638717651367,102.70021790266037,213.29798889160156,2.1052053302526472,,,,54,159,0.33962264150943394,-0.23055848805200252,3.503862829655375,0.3090019532907204,0.43090997908191037,0.08736558703054961,92.62708277799902,12.137114508001105,34.03523332199984
ppo_privilege_gru_0721_bs51200,2,204800,0.0017614225769650993,0.14984383335208423,0.10830790562813394,0.4251452239534409,0.5846691182218459,0.24887831710124828,0.1737105523201738,0.05080934960292023,0.042905258936094065,0.5274327312299278,0.5865997131059002,0.004228421716252345,0.00691984873265028,0.0926757799461484,0.17863281071186066,62.596843957901,110.8017807006836,1.1238433092832565,,,,50,153,0.32679738562091504,-0.22542396666384057,2.61103162500941,0.4187999133171111,0.44728884982045,0.1011872914875641,94.207055365001,11.883111957999063,33.38662023000143
ppo_privilege_gru_0721_bs51200,3,307200,0.002383067698684016,0.15007850430870376,0.10263334030541003,0.526895464683703,0.677166049904889,0.23327868699104237,0.147498897859678,0.06687832162636526,0.057767782751142055,0.6221037449906254,0.5798726764352857,0.046543668404920024,0.1717054545879364,0.10369628667831421,0.1832617074251175,51.457866966724396,94.75688171386719,0.945531177520752,,,,61,157,0.3885350318471338,-0.3375405744896439,3.3048000747921904,0.30459313496072205,0.4329198066494731,0.10735749819876049,92.7570922149971,12.139035208998394,34.04521348599883
ppo_privilege_gru_0721_bs51200,4,409600,0.006641892972402363,0.14117685214945114,0.099291791584438,0.593407411489432,0.7173517234992767,0.21315308245351494,0.15046780176436925,0.06920062184538733,0.048115781404506744,0.6635183963228135,0.6440325500363719,0.0900241476317751,0.1758180558681488,0.19895019009709358,0.32130858302116394,124.8435822725296,192.93092346191406,0.9319580972194672,,,,59,158,0.37341772151898733,-0.28795149577259205,3.5853179513909623,0.2978847187344153,0.46105081439051077,0.08420584971809647,93.23002016499959,12.193953993999457,34.05262088800009
ppo_privilege_gru_0721_bs51200,5,512000,9.33109549805522e-05,0.11621390215842624,0.0840596182830722,0.6632716275408155,0.7610785278597105,0.1840086740262497,0.1257180337694356,0.04841913029060281,0.04240120279670884,0.7293803691383844,0.6549148050427718,0.0005786105938022645,0.0016865128418430686,0.005888671614229679,0.021113280206918716,13.673347055912018,31.315059661865234,0.7091855347156525,,,,45,151,0.2980132450331126,-0.13352910190310047,3.295084972081244,0.38157909713093785,0.4141250236367615,0.0864550533802836,93.81814923300044,11.88608075799857,33.305932485000085
ppo_privilege_gru_0721_bs51200,6,614400,0.00013764150236966755,0.10391039276569958,0.10469620150882246,0.6997881950380518,0.7799241574377047,0.1493746407570025,0.14250782278947274,0.05844614477439671,0.06688458022817219,0.7614976328676307,0.7129400643139946,0.0011739539663540022,0.0019304390298202634,0.011997069930657744,0.0237890612334013,12.747672617435455,25.917112350463867,0.8042944461107254,,,,49,156,0.3141025641025641,-0.18083260327429712,3.4053334043940753,0.3653082672750662,0.472683206117259,0.08762834360804166,93.45741202800127,12.145014672998514,34.05142855200029
ppo_privilege_gru_0721_bs51200,7,716800,0.000518159807543439,0.1194814648176072,0.11151493976182464,0.7036135202449033,0.7869480377171918,0.1877243000128474,0.16682132991899037,0.05123862962236702,0.056208549604658896,0.7554366868729145,0.7123368321039558,0.08261370319873096,0.16457076370716095,0.031035156222060323,0.06658203154802322,13.092598676681519,23.342254638671875,0.858221361041069,,,,40,147,0.272108843537415,-0.07185143264971762,3.5186388711513708,0.39530971464847053,0.43683301541717856,0.08534600515581457,93.6991836979978,11.80448355399858,33.09835445400313
ppo_privilege_gru_0721_bs51200,8,819200,0.0009704011846043414,0.12306012280077926,0.0935665308337104,0.7038441429322361,0.7750004410302795,0.2092315963243294,0.1525180821894673,0.0368886492772291,0.03461497947795343,0.7402433235071555,0.6918216871428841,0.15147181893000378,0.5527903437614441,0.04825683555100113,0.17033202946186066,29.657742381095886,89.78685760498047,1.5488420307636261,,,,37,147,0.25170068027210885,-0.018101690119009452,3.7512497799306934,0.38736747306177577,0.4511061581558118,0.0847248032210725,92.3795976750007,11.80204516700178,33.10225539499879
ppo_privilege_gru_0721_bs51200,9,921600,0.0001273734872953014,0.1338243211398693,0.09799723196049033,0.7006484971843903,0.7842694387354755,0.22254454133862125,0.1438578188915003,0.04510410094111738,0.05213664502948034,0.7532833566491608,0.7237401368807642,0.0008314944122684853,0.0020495327189564705,0.006069335649954155,0.01347656175494194,10.283702790737152,22.239524841308594,0.9906425833702087,,,,40,146,0.273972602739726,-0.044406709261585325,4.14135274096124,0.3371634265876343,0.4402375952971012,0.07659149906162822,93.99483684400184,11.73235713900067,33.00211053900057
ppo_privilege_gru_0721_bs51200,10,1024000,-3.6818496809587486e-05,0.1311989119733607,0.1045040966385517,0.7161217326067055,0.7940901372804026,0.2066079658750656,0.13956890428425783,0.05578985807165576,0.0694392889928456,0.7822738789380714,0.6441374125282536,0.002100169212208125,0.0031741803977638483,0.02747070277109742,0.059687498956918716,27.644639253616333,50.92070388793945,0.8762484669685364,,,,40,142,0.28169014084507044,-0.05086230941694093,4.448444994971444,0.3667970302805425,0.4414511249873911,0.07890464614701777,94.0352065420011,11.562455598002998,32.53787231200113
ppo_privilege_gru_0721_bs51200,11,1126400,0.001517718920949207,0.12146634357960837,0.08693707864041694,0.7718066093441143,0.8361165622448014,0.19593010276500133,0.13294621215565722,0.047002584394215334,0.04092794512517668,0.8102538370389328,0.7604910928842143,0.04913739504612746,0.09835141897201538,0.08259277045726776,0.14833983778953552,60.54857885837555,98.93638610839844,0.5925563618540763,,,,52,153,0.33986928104575165,-0.2343499304043542,2.9986589089138485,0.38137593448345,0.4497425164411675,0.08397254489413529,95.5297673540008,12.004287626001314,33.67900801200085
ppo_privilege_gru_0721_bs51200,12,1228800,0.00046074810037666225,0.09259908867893685,0.07291214999896094,0.794588400899376,0.8381733175988595,0.13777408828174204,0.11664154634046396,0.047424089076131694,0.029182753657457917,0.8178736068938277,0.8554245976385633,0.002128768725960961,0.004954097326844931,0.04229003845830448,0.109375,34.09839600324631,76.84681701660156,1.4095101654529572,,,,30,144,0.20833333333333334,0.09899740854309988,4.970068138199574,0.42401036598196856,0.4467968443916139,0.07168127525206182,95.49193204300173,11.652770102999057,32.71119266599999
ppo_privilege_gru_0721_bs51200,13,1331200,0.0006069671553268208,0.12099020047268126,0.09043620137864063,0.7557259331693531,0.832241220894366,0.19000907428905212,0.12915424255040028,0.05197132665631039,0.05171816020688094,0.7936288024200122,0.7752648026671328,0.0028103580255992577,0.006061416584998369,0.06515624781604856,0.16181640326976776,27.76859211921692,64.5201644897461,0.7178678572177887,,,,44,151,0.2913907284768212,-0.11075991383195567,3.60682860330355,0.3401651332987391,0.44886727316298536,0.07481922898366589,93.1240296750002,11.946203366998816,33.483314007000445
ppo_privilege_gru_0721_bs51200,14,1433600,-1.3141931212601321e-05,0.10170082092545928,0.14353979324452662,0.7534904064550154,0.8140458388021938,0.15893296924389846,0.16694623103702724,0.04446867260702013,0.12013335545202601,0.7757583225091867,0.8303176567598666,0.10720731746958334,0.29066047072410583,0.01911621051840484,0.03769531100988388,12.506710886955261,28.364341735839844,1.359135054051876,,,,33,145,0.22758620689655173,-0.0006132607390240873,2.5723970157675837,0.38755452018580916,0.4291448915284682,0.0796293561199255,94.33295641499717,11.666424420000112,32.79439879200072
ppo_privilege_gru_0721_bs51200,15,1536000,-0.0002824113382757787,0.09838157547688521,0.0894694768753277,0.7788124616314287,0.8301753495659586,0.15614686538160058,0.14805346837274178,0.040616285572169876,0.03088548537791362,0.796392125183869,0.848109958299476,0.009069205694103744,0.03466527536511421,0.009702148177893832,0.02070312388241291,10.83655834197998,19.1262264251709,0.951303406059742,,,,43,148,0.2905405405405405,-0.10962251424850486,3.379386784662174,0.37957256469732403,0.44920694764644115,0.08904977652362968,94.01717157200255,11.841413057001773,33.230940076999104
ppo_privilege_gru_0721_bs51200,16,1638400,0.00141966406081373,0.086833806510115,0.0796898039928121,0.7919194877464646,0.8309525933641149,0.13248778394784505,0.11252150519140418,0.041179829072384974,0.04685810279422003,0.8206009325104008,0.7752724999106964,0.030570242274552573,0.06341064721345901,0.04368164110928774,0.08025390654802322,38.02307438850403,59.82522201538086,2.2021389424800875,,,,41,150,0.2733333333333333,-0.05917805933898666,4.507454050510488,0.36964213214443487,0.45568429967144475,0.0887881696164442,95.10628847100088,11.909043700001348,33.42055092800001
ppo_privilege_gru_0721_bs51200,17,1740800,0.0009276542946459188,0.08762907911545145,0.08425050541189352,0.7738450734695743,0.8320268709608764,0.13730558368974233,0.12522412380059592,0.03795257454116056,0.043276887023191116,0.8187447647732972,0.7251124522092002,0.0036121379779069374,0.005963889416307211,0.08013183437287807,0.14722655713558197,61.623656034469604,107.50482940673828,1.8455593496561051,,,,38,143,0.26573426573426573,-0.030353081635249423,4.002465100849104,0.3517406211986479,0.43947016198041,0.06730839123551831,94.20126079699912,11.617716407999978,32.70040773200162
ppo_privilege_gru_0721_bs51200,18,1843200,0.0004230498128166005,0.09445121026503676,0.16633632661209888,0.8056699399857686,0.8160020610661319,0.14712402751066272,0.2240358741425529,0.041778393019410824,0.10863677908164482,0.7922158868065367,0.7398095203938746,0.02636535275494678,0.09910033643245697,0.05142089817672968,0.09632812440395355,42.509587705135345,76.74610137939453,2.8478984475135802,,,,42,149,0.28187919463087246,-0.04315956428129928,5.80286591089917,0.30596687957109636,0.4407836432548877,0.08102005399988961,92.98141407500225,11.823584642999776,33.24136132900094
ppo_privilege_gru_0721_bs51200,19,1945600,0.0010221901861946492,0.13440310542847678,0.10542058003918302,0.7425101733724294,0.8110233095761987,0.2131122446382122,0.15684358887018532,0.055693966218741287,0.0539975712081807,0.7590119432005923,0.8220825045147231,0.02925802512123482,0.10879278182983398,0.0639257812872529,0.1171875,51.25391185283661,87.05520629882812,0.9209449112415313,,,,38,148,0.25675675675675674,-0.028374896512398703,4.000924176131402,0.3438147510042266,0.4636756227102494,0.08506183503799077,92.24261034499796,11.853260346000752,33.211624763000145
ppo_privilege_gru_0721_bs51200,20,2048000,9.287137450897376e-05,0.09106289749293361,0.06529822115273992,0.8072511787312302,0.8617407126749194,0.1453527339646048,0.1017175530139195,0.036773061021262446,0.028878889291560333,0.8463429684205447,0.8312802393150613,0.0009338893200037668,0.0034383677411824465,0.006621093685680535,0.025624999776482582,8.974566638469696,22.339820861816406,1.1299317866563796,,,,35,145,0.2413793103448276,0.01167907826333293,4.062716467253739,0.43024810297874916,0.44977258285619515,0.06800096325811465,93.48595987999943,11.679008330000215,32.92483044799883
ppo_privilege_gru_0721_clip010,1,102400,0.011209946781163715,0.14804628702754621,0.07139069270163334,0.47918570748975653,0.7488194427423085,0.2327425849828228,0.11090304770149474,0.06334998907226956,0.031878337701771925,0.7342100260395144,0.6653439337003462,0.3433067961258348,2.8735873699188232,0.2540087839588523,0.4762499928474426,66.98073983192444,128.4951629638672,1.4179328121244907,,,,47,152,0.3092105263157895,-0.15186829461062287,3.7685067949515307,0.3210929756654264,0.4390043794655749,0.0870300325493538,230.23846734899996,48.3428583729999,159.8163171660001
ppo_privilege_gru_0721_clip010,2,204800,0.0013246036106195902,0.15478345736936497,0.16525117774764883,0.5270822442674741,0.7471240640339759,0.265195005542104,0.17714069930071635,0.04437190919662587,0.15336165619458136,0.7295244989521268,0.5656535565806013,0.11939425705451867,0.7203378081321716,0.0643603500793688,0.20320312678813934,35.551293313503265,114.6480484008789,1.3409333780407906,,,,56,157,0.35668789808917195,-0.28449101391082016,2.7140146429507515,0.4173985664740139,0.4457945897688607,0.1008020011561993,225.63842090000003,50.560110127999906,148.92008145699992
ppo_privilege_gru_0721_clip010,3,307200,0.003691177540167734,0.11114981415040705,0.07156550544680416,0.6201138370848421,0.7809875271204474,0.16390145537866085,0.08371850183014877,0.058398172922153255,0.05941250906345957,0.7554194669442927,0.5723840903773366,0.009660111504199445,0.09554561227560043,0.16115234151948243,0.3465625047683716,66.11883491277695,156.1166534423828,1.4621711172163487,,,,57,157,0.3630573248407643,-0.2765932778544646,3.477573497962897,0.31120568165747337,0.42751989904845045,0.10400510324986736,228.14133271600008,50.04737230499995,155.35772075
ppo_privilege_gru_0721_clip010,4,409600,0.0030037955735633393,0.0853099032805706,0.04417297195278533,0.7132046630182367,0.8491014371911989,0.12493434083028186,0.061028453406302835,0.04568546573085935,0.02731749049926781,0.808879224396899,0.7059838885282619,0.02944052594495588,0.403639018535614,0.14160155813442543,0.36640623211860657,79.10445082187653,195.11500549316406,1.1274389445781707,,,,55,151,0.36423841059602646,-0.2652183849451571,3.817016890099153,0.30419746813889936,0.45961698421290115,0.0973832377498995,243.1427961999998,49.28423708399987,144.5140235419999
ppo_privilege_gru_0721_clip010,5,512000,0.0045613895974065954,0.08451535858682055,0.041634652302230526,0.6710192580447096,0.8542677509395824,0.129680179120962,0.06105825737524073,0.03935053805267914,0.02221104722922031,0.7963765000331975,0.7358151786886186,0.04649759013875154,0.6685150265693665,0.14333495707251132,0.2926562428474426,45.73807945847511,95.456298828125,0.743717846646905,,,,54,153,0.35294117647058826,-0.26170180472826754,2.780796355166442,0.3653241145088439,0.4171894074616141,0.08474225117080615,244.82567636900012,50.527972694000255,144.7021954060001
ppo_privilege_gru_0721_clip010,6,614400,0.0011715361144160052,0.0849190682300663,0.039715758283444494,0.7405162846538429,0.8813835557525967,0.13234784560607987,0.056463400131338534,0.03749029085405274,0.022968116435550447,0.8479902068764874,0.7819341458607785,0.0016619696957059192,0.0033074866514652967,0.06630859291180968,0.1896093636751175,39.60393515229225,122.45083618164062,0.9551867861300707,,,,63,166,0.3795180722891566,-0.32635905794834313,3.328557764185411,0.3329201261906657,0.4616801838837227,0.09552330209319612,233.4179314510002,50.57261760599977,152.79605798800003
ppo_privilege_gru_0721_clip010,7,716800,0.0040730565196098745,0.09071485223364627,0.050875694804117584,0.72500593375845,0.8488482304836501,0.13954504601644202,0.07101710804746128,0.041884658450850515,0.030734281560773916,0.8138341791948548,0.7050294652535959,0.045611041323154494,0.6300526261329651,0.1546630820066639,0.4365624785423279,28.10931596159935,90.69965362548828,0.8966743133962154,,,,54,153,0.35294117647058826,-0.25751005361898405,3.339182898073893,0.3806897377795029,0.4379445490525781,0.08895555159872066,244.14876157399976,52.038705817999926,150.0051173480001
ppo_privilege_gru_0721_clip010,8,819200,0.002699221210204994,0.07961483415737147,0.04362548431984273,0.7447028335494241,0.8561975714377583,0.11304954160120946,0.059207486005599906,0.04618012671353349,0.028043482634085556,0.826968596748747,0.7242010375701838,0.07066953411936992,0.5535526275634766,0.1202001937199384,0.2501562535762787,30.022343918681145,73.56490325927734,1.4963159762322902,,,,43,151,0.2847682119205298,-0.10967276190246544,3.060507372061056,0.38788109506580365,0.4497544880306655,0.082076958199313,223.76154417799944,49.12029373799942,151.55713130000004
ppo_privilege_gru_0721_clip010,9,921600,0.003188110778646669,0.07211120394247356,0.04633657614639866,0.7511403230184489,0.8731611952311267,0.1165631742003594,0.07427512484537954,0.02765923368458772,0.018398027447417784,0.8329343030278771,0.7782107907746332,0.0032800235904869614,0.005520849023014307,0.13829589751549065,0.24921874701976776,49.06984341144562,123.03646850585938,1.0379593651741743,,,,39,146,0.2671232876712329,-0.06184783322571384,3.3371494514475333,0.39464087031630724,0.4411469378022558,0.08265230131399251,227.5552709069998,59.62134364299982,144.70722094400026
ppo_privilege_gru_0721_clip010,10,1024000,0.0014932044859597426,0.09335742086339643,0.11182318123602959,0.6895585030873181,0.8656743408348677,0.14514525402987755,0.11658572383593122,0.04156958769691526,0.10706063863612797,0.8400934778747488,0.734152403346326,0.05589103115922626,0.8631880879402161,0.07734863136829517,0.2175000011920929,37.704712599515915,98.8987808227539,1.008318530395627,,,,44,145,0.30344827586206896,-0.11268613352202067,4.026792927147068,0.3847969736177011,0.4393927845792014,0.07357241797579364,237.53977386499992,53.43540163800026,145.67260662200079
ppo_privilege_gru_0721_clip010,11,1126400,0.005576801247370922,0.07746373187012788,0.05865679068908463,0.7640896617239032,0.8873389913226687,0.12714633655850982,0.08858441983033609,0.027781127181745927,0.028729161547833178,0.8584179197355253,0.7294247053338684,0.12213414415309672,1.1430341005325317,0.23754393844865263,0.3482031226158142,109.33434349298477,211.79098510742188,0.9352324932813645,,,,60,160,0.375,-0.3205871000301234,2.7931618346158738,0.3666283836613034,0.43412414841358604,0.10274015880391758,235.60821972600024,50.243803262000256,149.034519885
ppo_privilege_gru_0721_clip010,12,1228800,0.0024401003028247104,0.07890281673606948,0.03951400896985868,0.7715513961170994,0.8940896031736645,0.12193965877728179,0.05295531308308417,0.03586597469485719,0.026072704856633214,0.8641342954233344,0.8180662257947617,0.0031620147074863728,0.007771829143166542,0.13188964524306357,0.32609373331069946,40.80382615327835,109.19271087646484,0.9254233706742525,,,,56,160,0.35,-0.2707412754880805,2.792904799962534,0.37021024313146345,0.4358589377259404,0.10112511463851348,225.77604112500012,49.12694587199985,154.004968921
ppo_privilege_gru_0721_clip010,13,1331200,0.004519251081219977,0.08044107557997464,0.041407941171360214,0.770452776581085,0.9137583425740025,0.112636441632508,0.050381558325959405,0.048245709527441304,0.032434324016761,0.8926093165372214,0.8429670267254687,0.004462634927185717,0.01066213846206665,0.19235839159227908,0.38734373450279236,97.46103861927986,200.05860900878906,0.645459021627903,,,,45,149,0.30201342281879195,-0.15550999008283425,2.8366693849891043,0.3430038654799767,0.44361226479275667,0.0893484920977087,242.81857645400032,50.07023545999982,146.400847891
ppo_privilege_gru_0721_clip010,14,1433600,0.0027063782115146484,0.07811082029335355,0.03321921416888625,0.7506003768901505,0.8985095277309204,0.12167990211285844,0.04661400695031536,0.034541738473848664,0.01982442138745714,0.8830279609268117,0.851870583589185,0.19173944324589684,0.785028338432312,0.09132323949597776,0.1654687523841858,44.26540830731392,122.1278305053711,0.8805250529199838,,,,39,149,0.26174496644295303,-0.07560146201628493,2.463479979433765,0.3896089547725784,0.4372984631662987,0.08736775535249898,226.84488406699984,49.72589796900047,147.92779513099958
ppo_privilege_gru_0721_clip010,15,1536000,0.0021056440744337546,0.08065223511531204,0.03772224593385512,0.8045893649666577,0.9094260185671288,0.12476126693334433,0.049282796205360704,0.036543203297279746,0.02616169566234954,0.9026917877586187,0.8118780146174813,0.05272413731203414,0.7998908162117004,0.14085937186609954,0.431953102350235,69.40461713075638,190.16571044921875,0.8341448083519936,,,,46,151,0.304635761589404,-0.1624841890213522,2.860420345492083,0.39248717734984284,0.4275729037712052,0.08839414428713949,220.99868064899965,49.07473963099983,145.37629462599944
ppo_privilege_gru_0721_clip010,16,1638400,0.005806199218350239,0.07125616789624574,0.03505847143264496,0.8399172038521889,0.9341813813785051,0.101663056541465,0.049316198946978675,0.040849279251026493,0.02080074391831125,0.9221021839473349,0.9012005006946109,0.006193514852639054,0.025210492312908173,0.21952636318746954,0.5841405987739563,109.55631643533707,254.2866973876953,0.623555039986968,,,,48,152,0.3157894736842105,-0.1733510085426572,3.5877059353479113,0.39785493303003916,0.4529936858743245,0.08446727699634532,228.53991993600084,48.12036707700008,149.00100511500023
ppo_privilege_gru_0721_clip010,17,1740800,0.0029485266775737262,0.07218544837373209,0.024176997192691,0.8079239503566344,0.9359135558187519,0.1162468727302325,0.03281120560146556,0.02812402401723169,0.015542788783916439,0.9330125529432585,0.8231276165308818,0.14187289567489642,1.3669047355651855,0.12754882546141744,0.2523437440395355,34.801952570676804,61.151397705078125,0.4336794525384903,,,,35,147,0.23809523809523808,0.02551422900642142,4.184952482936999,0.3560556171200917,0.4494751251513525,0.07580912880490547,237.0421971630003,50.446812546999354,148.05257560899918
ppo_privilege_gru_0721_clip010,18,1843200,0.0011659784271796508,0.08254714440527385,0.04722762504408844,0.823578737076969,0.9139958508794159,0.1348294000030186,0.07315223662258978,0.03026488880752911,0.021303013465587085,0.8912520680414394,0.8842744648206302,0.10157257649771054,0.8171870112419128,0.06510742066893727,0.1159374937415123,26.158907771110535,49.68967056274414,0.7828462827950716,,,,43,147,0.2925170068027211,-0.0862967529882153,5.112840419827132,0.2882740823878202,0.43253118068280455,0.09116666411106464,222.58657718300128,49.078738711999904,144.39537128200027
ppo_privilege_gru_0721_clip010,19,1945600,0.002885482468809819,0.09638530121779185,0.06089071326753313,0.7927030429172863,0.916501770134695,0.16002550475912503,0.07485307973701642,0.03274509767645871,0.04692834679804982,0.8920672888566867,0.9047553734955763,0.03678535855869995,0.5408904552459717,0.1121874984819442,0.23164062201976776,48.77485355734825,106.0250473022461,1.0116283126175403,,,,49,155,0.3161290322580645,-0.16919951505852818,3.619964749127461,0.3474886580312808,0.4472876417683226,0.09283562990131117,226.46952384999895,51.455320076000135,146.1760336210009
ppo_privilege_gru_0721_clip010,20,2048000,0.0011608702896024337,0.061082986345332005,0.03034626131782507,0.8443355260998969,0.9426720189391673,0.08222730690718304,0.03801415920259423,0.039938665783480966,0.02267836343305591,0.9405154526274596,0.8886337357075038,0.0019973642678814893,0.0034182744566351175,0.07979003735817969,0.18789061903953552,19.814684361219406,51.0743408203125,0.5548351895064115,,,,29,141,0.20567375886524822,0.07046857067689463,3.575431879451533,0.448393768557536,0.4542692180133221,0.06267086977086525,230.2331727740002,49.85137432400006,147.3739736690004
ppo_privilege_gru_0721_clip020,1,102400,0.003287748450943262,0.14804628702754621,0.07139069270163334,0.47918570748975653,0.7488194427423085,0.2327425849828228,0.11090304770149474,0.06334998907226956,0.031878337701771925,0.7342100260395144,0.6653439337003462,0.3249206571443938,2.756199836730957,0.06883300561457872,0.1649218648672104,24.337085634469986,72.16077423095703,1.4179328121244907,,,,47,152,0.3092105263157895,-0.15186829461062287,3.7685067949515307,0.3210929756654264,0.4390043794655749,0.0870300325493538,225.86645283899998,49.56330485599938,149.34524628600047
ppo_privilege_gru_0721_clip020,2,204800,0.0036184568974562126,0.15084255427910173,0.05680107473016461,0.5267276536039535,0.8211670114993388,0.25733295360418684,0.08410327616750227,0.04435215495401662,0.029498873292826956,0.8076844903359607,0.732328070130807,0.10081931259424892,1.3050854206085205,0.08783691251301207,0.17585937678813934,47.870418548583984,92.15142059326172,0.8163747943937778,,,,51,153,0.3333333333333333,-0.2201162785581101,3.0788303204774903,0.42006355947709906,0.44467298586676024,0.09842207545743285,233.2838167610007,53.31776448600067,150.91251158900013
ppo_privilege_gru_0721_clip020,3,307200,0.0003943464841722477,0.14961047635935848,0.054817081031156144,0.5903029509193808,0.8499901235952,0.2465512390641218,0.08765321875775058,0.05266971365459508,0.02198094330456172,0.8134211618548568,0.8309258634718174,0.0421273965400178,0.6141466498374939,0.03440917868283577,0.11992187052965164,28.062293589115143,83.62639617919922,1.030288141965866,,,,57,153,0.37254901960784315,-0.26106879606830985,4.455463881441572,0.3076266389166922,0.4217027449995739,0.09046308022153775,223.50529224599995,48.539510275000794,149.03549001700048
ppo_privilege_gru_0721_clip020,4,409600,0.002924511614983416,0.12291739631380647,0.05567847771067952,0.7140558935267527,0.8764500729667483,0.19199534525820652,0.07468988444258025,0.053839447369406414,0.03666707097877882,0.8653081551391412,0.7546420115009043,0.19452191820601,2.2492358684539795,0.08792480234114919,0.17015624046325684,43.05607298016548,118.6212158203125,0.8549444202333689,,,,63,159,0.39622641509433965,-0.3365132562379302,3.8024049924984236,0.30135260597219093,0.45875887017959927,0.09010048776162416,224.85428941100145,49.30302827500054,149.74430378100078
ppo_privilege_gru_0721_clip020,5,512000,0.0016352223426110424,0.11757924025580373,0.06837722324651797,0.7498096026685857,0.8649772460470821,0.18836781853892376,0.10662438132516704,0.04679066197268372,0.030130065167868904,0.8173597349625732,0.808640209318089,0.039047916525814796,0.5440094470977783,0.057714842152563506,0.23859374225139618,29.52457746863365,91.3969497680664,1.8467105828225612,,,,54,155,0.34838709677419355,-0.25534531124783877,2.922201039415314,0.3585298156502171,0.4213743463141582,0.08841217482124714,225.0373163769982,51.87343408800007,152.6733905669971
ppo_privilege_gru_0721_clip020,6,614400,0.0007986139916101864,0.09659177461384562,0.04821409943601084,0.7697233077817162,0.8875337861254194,0.1460083699851766,0.06754218352169397,0.04717517924251461,0.02888601535032774,0.8747091689592761,0.8657917354032945,0.05028854402597062,0.7406477332115173,0.021254882325592916,0.043046873062849045,21.991636961698532,47.604278564453125,1.6826438799500465,,,,40,149,0.2684563758389262,-0.06432076415756463,3.994361815556349,0.3963088508396453,0.464719474530079,0.08504246711814487,243.0964489470025,53.34902911399695,152.92845253300038
ppo_privilege_gru_0721_clip020,7,716800,0.0028893281376807245,0.08195744265117638,0.04302192863083116,0.7422502400193662,0.8706210190711723,0.12498414663637884,0.06496884997784609,0.038930738665973914,0.021075007283816238,0.8368007272250637,0.8631771323677325,0.3147614167039865,4.324038505554199,0.07032714691013098,0.21203124523162842,29.20403379201889,82.48069763183594,0.8208258297294379,,,,32,144,0.2222222222222222,0.028495948720744877,3.092915781605975,0.43009794209258817,0.4443779125613575,0.06839083558929951,229.27466419100165,47.67207004800002,150.04060385000048
ppo_privilege_gru_0721_clip020,8,819200,0.0028213245534152165,0.07926832478710233,0.05285393217478451,0.7600113955026977,0.8611974585049719,0.12529479830455217,0.06938292769090108,0.03324185126965252,0.03632493665866794,0.8430741200933691,0.7960468944848647,0.06930909411225003,0.8155558109283447,0.06475585850421339,0.12812499701976776,29.81094738841057,62.559017181396484,0.821622097119689,,,,38,148,0.25675675675675674,-0.05279428571953106,3.1141014454271114,0.4143989655098696,0.44666864131264183,0.09244803426604521,228.67149838800105,52.44283431800068,151.36079108600097
ppo_privilege_gru_0721_clip020,9,921600,0.0012278605983419566,0.07739653519687431,0.038077158039884346,0.7825136861912508,0.9099531331249163,0.12147707886365618,0.048569189199859225,0.03331599153009244,0.027585126879909442,0.8889957542578762,0.8761414769891439,0.006748587795882485,0.022768659517169,0.06137206935090944,0.1385156214237213,24.66961169242859,43.910579681396484,1.0116113990545272,,,,25,139,0.17985611510791366,0.14864474625308854,4.035383460370116,0.46656158991075053,0.4309926204697227,0.05832200766836503,225.85582750200047,52.201687369000865,152.21774219299914
ppo_privilege_gru_0721_clip020,10,1024000,0.0011082381172673461,0.09753183078960147,0.0568295671316624,0.7623171047435766,0.9010397594288952,0.16200711142055998,0.08723847782816854,0.0330565501586429,0.026420656435156266,0.8600788659875216,0.8664979951917776,0.008013367706153074,0.03135759383440018,0.060585936647839844,0.09648437052965164,31.093632400035858,61.12450408935547,0.9300690654665231,,,,39,147,0.2653061224489796,-0.06455961446290882,3.1784545559109776,0.405625739996724,0.45510630659928997,0.08886994208506105,221.60355173000062,47.89784580000196,143.9877048189992
ppo_privilege_gru_0721_clip020,11,1126400,-7.960530660033882e-05,0.10073771584486481,0.05171748605397388,0.7636382714037331,0.8897815104273449,0.16224492415073033,0.06472417773821601,0.03923050753899929,0.03871079436973175,0.8682922278206848,0.802299518640584,0.1898679758283106,1.4947259426116943,0.029750976060313405,0.07710937410593033,15.485576122999191,42.76587677001953,1.647006930783391,,,,39,148,0.2635135135135135,-0.060563248988049004,2.8856516033291015,0.4580539788218207,0.44322176077744047,0.08048307446348484,216.47984284099948,53.05055369599722,152.8861553780007
ppo_privilege_gru_0721_clip020,12,1228800,5.077442530820875e-05,0.08850775386153822,0.04408241988252146,0.7891560954182129,0.8950753787851853,0.13219776484424217,0.06108641318059149,0.04481774287883429,0.027078426584451417,0.877557810582639,0.8693462120823497,0.0029572557050414616,0.005384531337767839,0.02577636680143769,0.05921874940395355,15.120985269546509,40.51194763183594,0.9737824395298957,,,,39,150,0.26,-0.07954434085464027,2.7389573560986022,0.41674766559893844,0.4541786082430718,0.09528272064236805,239.11545828399903,48.03825193400189,148.38463354099804
ppo_privilege_gru_0721_clip020,13,1331200,0.001168560705136823,0.11539061198937621,0.04738330033573102,0.6930492501830925,0.8739948912912631,0.16572889328431178,0.06316602452087992,0.06505233069444058,0.031600576150582114,0.8417016537385473,0.8382445972874193,0.10364341650973075,1.402037262916565,0.07514160027494654,0.1720312535762787,27.02546301484108,63.32018280029297,0.9594479966908693,,,,40,148,0.2702702702702703,-0.08820304403353514,2.976752070810877,0.37531184170107784,0.44734476229014336,0.08816868492971097,232.24397188100193,51.12604607400135,145.466806198001
ppo_privilege_gru_0721_clip020,14,1433600,0.00032182743971131966,0.08203426128802181,0.05760042303202609,0.7740010491233156,0.8935340880323723,0.12433885589179886,0.08582625257817852,0.039729666684244797,0.029374593485873637,0.8577124685140508,0.9128791246746915,0.0679773408389883,0.956183671951294,0.02370117139071226,0.04984374716877937,20.3956738114357,54.761390686035156,0.9148300610482692,,,,37,146,0.2534246575342466,-0.0725442532816148,2.1111605454216025,0.4260025632920337,0.44566278503029305,0.08131416797215071,230.9588427000017,47.24452751799981,149.53843839599722
ppo_privilege_gru_0721_clip020,15,1536000,0.001137165406216667,0.08534360694951891,0.05375203584806248,0.7661057607061437,0.8964536828974066,0.1374827357579187,0.06572539462301605,0.033204478141119174,0.0417786770731089,0.8753462656477974,0.9103403674929912,0.008055403074104107,0.06662382185459137,0.038325194516801275,0.11414062231779099,22.909501314163208,59.41582107543945,0.7195211697369814,,,,29,143,0.20279720279720279,0.0700728488423026,3.0646919327868205,0.4326526100610967,0.45124566432128677,0.08122737843120514,227.25032536500294,49.386918936001166,147.74980222399972
ppo_privilege_gru_0721_clip020,16,1638400,0.00264765776209952,0.09977640846601457,0.03821713800365337,0.7702590147555242,0.9179161804273095,0.14307575787409643,0.04725125403642307,0.05647705905793275,0.029183021970883672,0.9194807505348305,0.8505184011853779,0.00855985603528097,0.018319686874747276,0.10693359265860636,0.23398436605930328,46.5939858853817,110.15995788574219,0.5100303541868925,,,,49,152,0.3223684210526316,-0.1785822816587491,3.4001586398417456,0.3981663112772082,0.456483196842097,0.0924880326142312,244.9424556519989,49.135811381001986,151.41309951800213
ppo_privilege_gru_0721_clip020,17,1740800,0.0033262852064579462,0.08227069906115808,0.026717183654794953,0.7711631142065452,0.9248477269802142,0.1362029081989154,0.04072103609415187,0.02833848992340076,0.012713331215438042,0.9105925126571559,0.8943120682074551,0.18168823996762512,1.3941525220870972,0.11313964461442083,0.3659375011920929,73.84679073095322,176.27940368652344,0.6277978122234344,,,,28,139,0.2014388489208633,0.13678749622790815,5.302770160776444,0.33913361869184633,0.44647753171962046,0.06912755088392304,238.58243183000013,47.19235898799889,147.24097850900216
ppo_privilege_gru_0721_clip020,18,1843200,0.00020091197727190035,0.07851936430474402,0.03197318681904925,0.7987991378572833,0.9247797416244522,0.11235872460450055,0.03946669165698386,0.04468000400498747,0.02447968198111464,0.9200189330228354,0.9016568277993956,0.0883213719302148,0.8166640400886536,0.024770507136963715,0.05414062365889549,14.40217074751854,32.09149932861328,0.5009073570370675,,,,28,143,0.1958041958041958,0.13873750367090654,5.4461491382883045,0.35085705840208536,0.45239112162332323,0.07195747490589965,243.05274306700085,50.1335916349999,151.92738017700322
ppo_privilege_gru_0721_clip020,19,1945600,0.0025982677461979797,0.07385983710924479,0.04179963892212836,0.8194056118580451,0.9314749764299592,0.11805427454525937,0.05780909846535169,0.02966539967323018,0.025790179378905015,0.916523035217842,0.9253219040974378,0.009363210115407125,0.03982949256896973,0.1043554660573136,0.2430468648672104,61.27368785440922,123.26660919189453,0.8754596672952175,,,,34,143,0.23776223776223776,0.02906746764745076,4.58657373221204,0.3536865403119377,0.4579923073069148,0.0770957722974656,231.0142904940003,51.1969016960029,144.73032308300026
ppo_privilege_gru_0721_clip020,20,2048000,-8.959294227750547e-05,0.06760620689673855,0.01892775330519259,0.8177340478287869,0.9489634652076271,0.10826892574564159,0.02895401715530369,0.02694348804783554,0.00890148945508149,0.9306832779002323,0.9473179097792352,0.0024043472105404334,0.008071156218647957,0.021508788522623945,0.09914062172174454,15.422682717442513,46.147491455078125,0.44848682451993227,,,,29,143,0.20279720279720279,0.08106363557205898,3.3917416235600375,0.45792463521723564,0.4521648260863463,0.07428113927890405,233.55855534500006,47.970542103998014,145.74187854199772
ppo_privilege_gru_0722_clip015_tkl002,1,102400,0.007237571246920993,0.14804628702754621,0.07139069270163334,0.47918570748975653,0.7488194427423085,0.2327425849828228,0.11090304770149474,0.06334998907226956,0.031878337701771925,0.7342100260395144,0.6653439337003462,0.4122702039964497,2.4268271923065186,0.15783853828907013,0.2865625023841858,47.481821632385255,101.15145111083984,1.4179328121244907,5,16,True,47,152,0.3092105263157895,-0.15186829461062287,3.7685067949515307,0.3210929756654264,0.4390043794655749,0.0870300325493538,250.87086299199996,19.182207729000083,167.20709017799982
ppo_privilege_gru_0722_clip015_tkl002,2,204800,0.0015735484551018747,0.13201466538477205,0.060701940010069365,0.5621147939056023,0.8159096140922233,0.21961918791931118,0.09594833670376954,0.04441014285023298,0.025455543316369202,0.7929328795082627,0.7811974609323719,0.008965225253719834,0.04780052229762077,0.05635937331244349,0.10828124731779099,20.203722318013508,56.97049331665039,0.917435298115015,9,16,True,46,152,0.3026315789473684,-0.1578092445305618,3.070192264487774,0.42708449323892145,0.44862096322947626,0.09773593453392541,250.79599346400005,32.43308165999997,165.07483383199997
ppo_privilege_gru_0722_clip015_tkl002,3,307200,0.0011528054506051433,0.12321344812866963,0.06272355899493072,0.6073467927681363,0.822556102814216,0.19983684388930067,0.09618986790635638,0.04659005236803852,0.029257250083505063,0.7877034680333757,0.8291815308910944,0.006948373615741725,0.03168296813964844,0.0425130200261871,0.0873437449336052,34.62882843017578,85.4535140991211,1.2472159788012505,5,16,True,42,148,0.28378378378378377,-0.06405051252975213,4.793382036057519,0.33224585204848944,0.4286671112197164,0.08812545988093161,234.57616160199996,17.503916319999917,158.24164105199998
ppo_privilege_gru_0722_clip015_tkl002,4,409600,0.0007350292752960286,0.15380299619393692,0.13133161166387042,0.6667489039019738,0.8026113539156701,0.25386915135227506,0.19768800336706963,0.053736841035598816,0.06497521996067124,0.7742045062360339,0.7478313295777532,0.009374013094105368,0.048845160752534866,0.036953124372909464,0.10234374552965164,25.08691625595093,42.666770935058594,2.6922649264335634,5,16,True,62,158,0.3924050632911392,-0.3312518402442129,3.5715003849641307,0.29974893448338263,0.4655261970262681,0.09677124233120395,235.71460774000025,18.885100230000262,169.06462150900006
ppo_privilege_gru_0722_clip015_tkl002,5,512000,0.0010786329756626856,0.11357224638322481,0.11874124975881797,0.705716648659305,0.8626255813433154,0.20042160008427665,0.16922103681681086,0.026722892682173,0.06826146270082512,0.8398646253463904,0.7978805128975978,0.0031803685305566987,0.009552923031151295,0.04606445215176791,0.13828124105930328,46.41703909635544,334.23883056640625,1.2695518083870412,16,16,False,38,148,0.25675675675675674,-0.019728885675015576,4.090288908099383,0.3893712485776583,0.41411390919939356,0.06442335287990912,235.82880308999984,57.217828210000334,171.86721959100032
ppo_privilege_gru_0722_clip015_tkl002,6,614400,0.0007815414232027473,0.1719696345102708,0.09870937731689551,0.6745220445172556,0.8331498670335055,0.28137144545319237,0.151026291559172,0.06256782356734923,0.046392463074619056,0.8083208720672683,0.8028490793316341,0.0034410351215046833,0.007457757834345102,0.0583349596709013,0.12523436546325684,21.65303821861744,41.761043548583984,1.368365478515625,16,16,False,52,154,0.33766233766233766,-0.22931124616133314,3.5358113604556896,0.3406062586686268,0.4711954141904085,0.0965641622488585,243.45766467299973,53.838605345999895,160.59693401899995
ppo_privilege_gru_0722_clip015_tkl002,7,716800,0.0016456709223025001,0.12686199361270764,0.09279689656073005,0.7286436458242912,0.8536703951213829,0.2211654915676788,0.1473039795095079,0.032558495657736455,0.0382898136119522,0.8294378408460362,0.8117180286853156,0.004603662769222864,0.015878085047006607,0.08778808495844714,0.2546093761920929,53.27674221992493,136.9573211669922,1.6628640592098236,16,16,False,38,148,0.25675675675675674,-0.026685766080299565,4.038999824626339,0.4005580664701256,0.46791469242097106,0.08291768312935953,240.2539149549998,52.20065614400028,155.50851717399973
ppo_privilege_gru_0722_clip015_tkl002,8,819200,0.0003338879081032549,0.16315548727666201,0.0766793509495491,0.7112517459353728,0.872002092447755,0.28281094389755906,0.113445532570395,0.04350003065576488,0.03991316932870319,0.870176395817311,0.7602735520749424,0.08322493282146752,0.5741044282913208,0.015524553135037422,0.027812499552965164,17.01524043083191,39.70703125,0.9917410694062709,6,16,True,47,153,0.30718954248366015,-0.1416242850577762,3.6426644123940437,0.37620763011066355,0.44896201299032573,0.08171367961210355,230.64371734899942,19.09072129100059,151.44504222400064
ppo_privilege_gru_0722_clip015_tkl002,9,921600,0.0006094307061812465,0.17930970875901095,0.07759600584218185,0.7103749769130223,0.874979865377336,0.3154156194204079,0.12871689840483025,0.04320379809761401,0.02647511327953346,0.8530801949899991,0.8083378338741303,0.002560092256899224,0.007538168225437403,0.03298828026163392,0.06468749791383743,22.053540527820587,35.169185638427734,1.2334612689912319,16,16,False,43,146,0.2945205479452055,-0.1030369095961514,3.842251370357305,0.36966202727924685,0.4327957905196293,0.08066215897706215,237.10842209600014,47.89323722300014,150.97604328099987
ppo_privilege_gru_0722_clip015_tkl002,10,1024000,0.005833514999598321,0.16355936332513013,0.1937095657875003,0.7261753511174742,0.8470427916597552,0.28194289428522007,0.2907706292765292,0.04517583236504023,0.09664850229847134,0.8119107161951924,0.7675057104399059,0.13105790229979902,0.7543918490409851,0.13158853724598885,0.25093749165534973,111.49158897399903,187.53892517089844,1.944813071191311,5,16,True,46,149,0.3087248322147651,-0.12510175127618056,4.2288136226648865,0.3613455050851409,0.44987166712758514,0.09771879305609397,248.39735062300042,17.072266076999767,142.8555428010004
ppo_privilege_gru_0722_clip015_tkl002,11,1126400,0.00103031830039176,0.22158547028690223,0.10245483526895727,0.6870968722978599,0.8485828037158988,0.3936367004687039,0.1663839818015217,0.04953424010510054,0.038525688736392866,0.8182809379189061,0.802183041558882,0.0656401557275094,0.6020035147666931,0.036226561501098334,0.07570312172174454,22.58138150639004,60.80839538574219,1.3652289420366288,9,16,True,51,150,0.34,-0.2052046109934069,3.707836247413978,0.37818986889637185,0.4405948956514218,0.08292498979511718,231.2315782759997,29.777994428000056,151.71470242000032
ppo_privilege_gru_0722_clip015_tkl002,12,1228800,0.001665135198273049,0.21777034815835286,0.10206021357010986,0.7296019143247291,0.8700540501998211,0.3724679485932027,0.1638426301652719,0.06307274772350299,0.04027779697494778,0.8484908153572185,0.8514421045015099,0.07741875426028855,0.5914173126220703,0.08401366951875389,0.21406249701976776,50.838647161211284,116.46893310546875,1.6218937300145626,7,16,True,58,160,0.3625,-0.29580659625034,2.9524960352707303,0.3655844382176037,0.4461045379760534,0.10673469319296411,233.40421492399946,22.13195210199956,153.18309574900013
ppo_privilege_gru_0722_clip015_tkl002,13,1331200,0.0008025149114843089,0.2109672094565904,0.08454681376051017,0.7426139583079827,0.8978547086290221,0.3452082649828578,0.12111448369093862,0.07672615393032312,0.04797914383008172,0.8633895031372683,0.8468527044916226,0.0045798261993331806,0.02945817820727825,0.0466552724246867,0.13148437440395355,33.51983964443207,78.0964126586914,1.2426290169358254,16,16,False,55,155,0.3548387096774194,-0.26343700505473583,3.0264574138485916,0.3166159728018661,0.4519171511209411,0.0940117938752066,234.06262642500042,49.25018956799977,151.25030865499957
ppo_privilege_gru_0722_clip015_tkl002,14,1433600,0.00012667343296879352,0.16867177610769069,0.07291629419311778,0.7348946092597111,0.9049323794109876,0.281837247924468,0.11417115556547566,0.05550630429091343,0.03166143282075988,0.8841300685291041,0.885644316169169,0.0027423742902465166,0.014061651192605495,0.026000976125942543,0.061640623956918716,27.94961988925934,60.159576416015625,0.8019354782998562,16,16,False,45,150,0.3,-0.14705204973938757,2.6969799649739863,0.35732550661551404,0.4407787992970136,0.0809633831289238,225.4073896609998,50.844589256999825,153.48337270699994
ppo_privilege_gru_0722_clip015_tkl002,15,1536000,0.00046412263160178213,0.1443055686208867,0.11762788716918873,0.7979060967852523,0.9148608845018217,0.24360150936377337,0.17202743742279641,0.045009627877999975,0.06322833691558105,0.8949368719701107,0.9107246384631146,0.0024945443106116696,0.005243552848696709,0.045214842727546056,0.1185937449336052,24.01800689101219,74.7989730834961,0.8707118514925242,16,16,False,46,152,0.3026315789473684,-0.14261191119558317,3.4197853035433967,0.33139930320543654,0.4553218810951339,0.09567354376322315,233.55150279200006,52.981746466000004,149.9205511070004
ppo_privilege_gru_0722_clip015_tkl002,16,1638400,-1.0490417423625331e-07,0.17182850579622994,0.0988882471414708,0.7829850240538857,0.8913096315999072,0.2997704707692907,0.1403990191871094,0.043886540823169236,0.057377475095832214,0.8725817229230687,0.8450001526878024,0.3022612337605096,0.6045224666595459,0.007890624925494194,0.015781249850988388,16.168867111206055,16.168867111206055,0.9520637527108192,1,16,True,49,155,0.3161290322580645,-0.15486864061181682,4.250172570801896,0.35119886659182586,0.4562562490700171,0.09512498209124773,231.3565528929994,3.9376271760002055,148.7936527060001
ppo_privilege_gru_0722_clip015_tkl002,17,1740800,0.005307839349843135,0.14828583623818117,0.07164332925941796,0.816475489194639,0.910576957991853,0.2557172480871358,0.1160298322569176,0.04085442438922659,0.027256826261918308,0.8782336160468891,0.8837469473687884,0.011615692267327433,0.04228793457150459,0.11069196143320628,0.19242186844348907,86.39956347147624,145.8690185546875,1.6286809094250203,6,16,True,50,152,0.32894736842105265,-0.18020265393819465,3.9004247369844904,0.28985650606740504,0.4469845676137684,0.09210233607167517,228.7040113789999,19.569574484999976,152.62358295099875
ppo_privilege_gru_0722_clip015_tkl002,18,1843200,9.996429842384913e-05,0.15276842624294087,0.07652922675264412,0.8258734506635064,0.9244131853570813,0.23481207454852668,0.08849640129501166,0.07072477793735507,0.06456205221027651,0.9090222892883817,0.8904858774001388,0.011361150877550241,0.05253683775663376,0.01589062437415123,0.03179687261581421,9.659428179264069,19.85333824157715,0.7503802746534347,4,16,True,50,151,0.33112582781456956,-0.16070788500524308,5.556196356327383,0.2581797411400434,0.4540495985773701,0.09669317924072002,228.4121740139999,12.755308579000484,148.9083609829995
ppo_privilege_gru_0722_clip015_tkl002,19,1945600,0.0038152450239795077,0.15086957300169768,0.06599940142673381,0.7714777094232336,0.9315524566474951,0.24445496868998165,0.09104631206948355,0.05728417731341366,0.04095249078398412,0.9075210834359833,0.8887052514782033,0.0067876844802231065,0.015402126125991344,0.1216015592799522,0.2271093726158142,58.671846866607666,113.67642974853516,0.8143601063638926,16,16,False,52,154,0.33766233766233766,-0.22041609915529864,3.351089548142113,0.32346925210741967,0.45462579727822655,0.09871568055188307,237.92523815599998,50.49272324000049,151.49381863099916
ppo_privilege_gru_0722_clip015_tkl002,20,2048000,-4.8821130612830554e-05,0.12655178383934707,0.058185436566686594,0.7923539576859747,0.9173586960492012,0.21539853773707549,0.08908298028882598,0.03770502994161869,0.027287892844547232,0.8917841604567346,0.8797433996412425,0.002269512969505741,0.004861887078732252,0.03450683521805331,0.08062499761581421,21.622855603694916,63.225547790527344,1.0473833136260509,16,16,False,42,149,0.28187919463087246,-0.08690676287751321,3.7597059722856945,0.39944220351724063,0.4530513622895428,0.07464955681863389,230.57473922600002,50.95893817800061,149.9326644390003
ppo_privilege_gru_0722_clip015_tkl004,1,102400,-5.096196886711368e-08,0.22842687677454587,0.17396116385642058,0.10238142722100074,0.6211697350443632,0.34710617631484125,0.18860901186375695,0.10974757723425047,0.15931331584908423,0.6038145037468354,0.5865283103675676,0.038640857497230174,0.07728171348571777,0.3387109339237213,0.6774218678474426,29.784452438354492,29.784452438354492,2.5946134328842163,1,16,True,54,159,0.33962264150943394,-0.23055848805200252,3.503862829655375,0.3090019532907204,0.43090997908191037,0.08736558703054961,92.4940161759987,1.5364212530002987,52.436819197999284
ppo_privilege_gru_0722_clip015_tkl004,2,204800,9.655952482034991e-08,0.12124931788342425,0.06669911068841883,0.537773714601955,0.750970190761642,0.17748537788951796,0.1047895222032697,0.06501325787733053,0.028608699173567943,0.7194645914433604,0.7817435736339593,0.03832181585719807,0.07664363086223602,0.33390623331069946,0.6678124666213989,25.203182220458984,25.203182220458984,1.8236626379191876,1,16,True,49,153,0.3202614379084967,-0.20154636231229073,2.9469059688097827,0.42322546530328203,0.4379747439908889,0.09939404795044775,93.4358304080015,1.4540180419971875,51.82908623399999
ppo_privilege_gru_0722_clip015_tkl004,3,307200,0.003841955443876943,0.12084688739167734,0.10284332885622917,0.5746687035959045,0.7692903364246411,0.17054542509155574,0.11467654804069116,0.07114834969179896,0.0910101096717672,0.7433296171835575,0.7771299336737243,0.00860732889588689,0.024350741878151894,0.12798827968072146,0.2706249952316284,61.5280856192112,122.24801635742188,1.8354329720139504,16,16,False,43,155,0.27741935483870966,-0.06807873385958796,4.57814519984574,0.31269481285992107,0.4076657197056638,0.10260331613431119,94.3956134680011,17.67053288600073,52.793856494001375
ppo_privilege_gru_0722_clip015_tkl004,4,409600,0.0005402990868814683,0.10693837081609639,0.05714008627666187,0.6217717492095257,0.7885604905241717,0.14543055341455485,0.07338950781720761,0.06844618821763791,0.04089066473611613,0.7973032107323759,0.7060516897363383,0.007275311342130101,0.07276319712400436,0.05048437402583659,0.09703125059604645,20.706053563526698,50.29095458984375,1.090970478951931,14,16,True,49,152,0.3223684210526316,-0.17245065703330234,4.053517938971861,0.3178131941139068,0.3938622418482109,0.10839506005239932,97.0436293160019,15.797186217998387,52.90549469799953
ppo_privilege_gru_0722_clip015_tkl004,5,512000,0.004598951683747465,0.10237281695941439,0.05611429779930803,0.6657014368921028,0.8243465714524982,0.14229273887174174,0.08467481223997331,0.062452895047087044,0.027553783358642767,0.802650086152237,0.8095004411937793,0.008022882788936841,0.018855314701795578,0.13641601240669843,0.28828123211860657,71.27856430411339,151.3951873779297,1.173347494751215,16,16,False,47,151,0.31125827814569534,-0.15770215407983815,3.469024275329681,0.3635748682888986,0.38816307583090587,0.08654401871914184,94.82122253800117,17.6492479059998,52.574323483000626
ppo_privilege_gru_0722_clip015_tkl004,6,614400,0.001363247162299075,0.09388820304266783,0.050019831663455826,0.7254893752341514,0.8492678113584587,0.12683623896340232,0.06662029482550888,0.06094016712193334,0.033419368501402785,0.8510088036949874,0.8287862142815732,0.003371792383259159,0.008906449191272259,0.05264648312004283,0.11124999821186066,36.249143704771996,89.0768814086914,1.0220760136842728,16,16,False,42,156,0.2692307692307692,-0.04875760772417988,4.71928825432905,0.3640546895997243,0.38421316576907394,0.09244411614944915,97.02692065299925,17.768941015001474,53.012878584002465
ppo_privilege_gru_0722_clip015_tkl004,7,716800,0.0018582150246855278,0.08723726605725572,0.04426672602707886,0.7326243973396634,0.8630851166689227,0.1099425779481302,0.05657279595431458,0.06453195416638123,0.03196065609984315,0.8574282702348058,0.8646344784220888,0.004074201638577503,0.006605218630284071,0.08059081877581775,0.1555468738079071,28.432569906115532,59.12729263305664,0.7827295243740082,16,16,False,41,149,0.2751677852348993,-0.055509480361126955,4.2453252236813475,0.37433638436851596,0.3851390516984185,0.09507556183542047,92.41201957399971,17.44977236199702,52.21291159000248
ppo_privilege_gru_0722_clip015_tkl004,8,819200,0.0008912968146610467,0.09308318622568292,0.04996231927297056,0.7306811019520683,0.8711118590140713,0.12998276902133812,0.062562787405159,0.05618360343002773,0.037361851140782124,0.8839328013286455,0.8321181071432459,0.20730046757496892,0.6198452115058899,0.026093749950329464,0.051093749701976776,17.74667239189148,31.48777198791504,0.764254343137145,2,16,True,39,149,0.26174496644295303,-0.017148362849135228,4.636092290947273,0.3646984760981536,0.3851598281311948,0.09032584767706081,92.95989061499859,2.5566871150003863,51.91437422600211
ppo_privilege_gru_0722_clip015_tkl004,9,921600,0.0008967038553601148,0.08843930557235452,0.055768133863176896,0.7374845195109965,0.860274529521954,0.1135593716558954,0.06220989335077548,0.06331923948881368,0.04932637437557832,0.8713219861203141,0.8111379338769473,0.003128752350166901,0.006587512791156769,0.04906738217687234,0.0793749988079071,19.172194838523865,46.6632080078125,0.9821363173425197,16,16,False,34,148,0.22972972972972974,0.048999868821354244,4.532762948670773,0.3481157715694445,0.3421287206914199,0.0865497984575588,94.78619008500027,17.455402153998875,52.21733463799683
ppo_privilege_gru_0722_clip015_tkl004,10,1024000,0.0024765900713825673,0.10184267909356715,0.040911478724818554,0.7338969827312241,0.9043036969079096,0.1598802189924673,0.052861149684830196,0.04380513919466697,0.0289618077648069,0.8922325444832424,0.9002353722118015,0.004624903691728834,0.009880462661385536,0.08941894122108351,0.18140624463558197,45.46163755655289,129.03553771972656,0.7620940275490284,16,16,False,40,146,0.273972602739726,-0.03877277323141291,4.561835798084395,0.36891597007735794,0.3616677009027654,0.10216658793170216,94.70895423600086,17.387191337998956,52.264444176002144
ppo_privilege_gru_0722_clip015_tkl004,11,1126400,0.0010714285734867435,0.0764523496840713,0.03848382388234941,0.8031979683074483,0.899991332788497,0.10032899646460244,0.047952019892242674,0.05257570290354016,0.02901562787245615,0.9031251483783764,0.8879862365062742,0.10369819848705082,0.5057758688926697,0.057749998196959494,0.1185937449336052,45.60397171974182,81.4732666015625,1.7734106704592705,4,16,True,36,147,0.24489795918367346,-0.0012985669304703775,3.743294575412101,0.4128002894506543,0.35380924763024296,0.09446823305448006,93.91450338900177,4.643898883001384,51.67632317499738
ppo_privilege_gru_0722_clip015_tkl004,12,1228800,0.0012728539621144187,0.08844180497554785,0.0615026095877303,0.7835100605585437,0.8475241973033409,0.10913963009542048,0.07279773190647042,0.06774397985567523,0.05020748726899018,0.8550811921503423,0.824459093746941,0.07726374902669339,0.7443425059318542,0.05535937417298555,0.12382812052965164,33.74653673171997,88.34646606445312,0.8951488599181175,9,16,True,38,151,0.25165562913907286,-0.016855769209655487,4.172853318571238,0.34843951748499186,0.3507765147323102,0.11813333737723872,94.80249948199707,10.224740333000227,52.10826647800059
ppo_privilege_gru_0722_clip015_tkl004,13,1331200,0.0015696065888424944,0.07960257254933173,0.04318579896593675,0.7443862133493611,0.8709976241548164,0.09749636318453112,0.05228306085427077,0.061708781914132364,0.03408853707760274,0.879572362888022,0.8515576056329465,0.16523602088913322,0.6533642411231995,0.07224609423428774,0.1310156285762787,39.04565668106079,81.19932556152344,0.7774559203535318,3,16,True,32,146,0.2191780821917808,0.10011458050610846,5.568996671396137,0.3819191142738073,0.35489699936788693,0.09731532963014763,93.7646216969988,3.613550911999482,51.543565336996835
ppo_privilege_gru_0722_clip015_tkl004,14,1433600,0.00018073417420971793,0.08665408373609637,0.06090047111061406,0.7208926505819295,0.868366494621283,0.11432761121883507,0.07513804021962917,0.058980556253357665,0.046662902001598956,0.8791953298962285,0.8433265658583128,0.3503926915225262,1.0506645441055298,0.009687499841675162,0.027812499552965164,8.316644668579102,10.517043113708496,1.1285176381468773,2,16,True,33,146,0.22602739726027396,0.03238018708808878,3.563204109551136,0.36282434866768964,0.36293403350450654,0.0859001975494621,93.69671236499926,2.5141729099996155,51.575161633998505
ppo_privilege_gru_0722_clip015_tkl004,15,1536000,0.0014359438972313399,0.07776521454425421,0.03177826856348148,0.7547358933177513,0.8985017597712924,0.10992083110090903,0.03992982797569548,0.04560959798759941,0.023626709151267494,0.9090067541592157,0.8576061738795758,0.017496565774512973,0.16631679236888885,0.072812497902375,0.16710937023162842,54.743223468462624,402.2187805175781,0.5752424005419016,12,16,True,29,144,0.2013888888888889,0.12882050664740397,5.120121141547726,0.34949099099503567,0.36754819844875125,0.09378014016455496,94.55153968400191,13.28342831700138,51.4596786430011
ppo_privilege_gru_0722_clip015_tkl004,16,1638400,0.002021830317583332,0.11955077277949905,0.0497671226976447,0.7089326419576925,0.8808823868760245,0.18347878250119465,0.06666250782418089,0.05562276305780347,0.03287173757110854,0.8739935253832076,0.865429517006635,0.016651986909897203,0.09204663336277008,0.09761160691933972,0.21226562559604645,38.98016834259033,64.6804428100586,0.739805155992508,6,16,True,53,159,0.3333333333333333,-0.2032809296495672,3.9926625986819375,0.36167105260110594,0.38269016735165595,0.117245642687042,94.13315046199932,7.09756665399982,53.0191215249979
ppo_privilege_gru_0722_clip015_tkl004,17,1740800,0.001302648050077515,0.09624525871191841,0.0592715240519993,0.774212702709185,0.8773025663035957,0.1370161045433045,0.07928230569536417,0.0554744128805323,0.03926074240863444,0.8730024607070559,0.8513665050508401,0.003637955496087669,0.007351243402808905,0.06984863081015646,0.16789062321186066,31.296595841646194,97.72137451171875,1.0569121915847064,16,16,False,43,153,0.28104575163398693,-0.05705187829184564,4.9035994931483025,0.2982110830223352,0.3749876568303316,0.09624749852881574,93.77075325499754,17.67989855599808,52.77116576999833
ppo_privilege_gru_0722_clip015_tkl004,18,1843200,0.0015912912968379562,0.09940632716340829,0.034401242024749194,0.7747684441158371,0.9235482672217347,0.16000793694827384,0.05148780658223064,0.03880471737854278,0.017314677467267742,0.9218606013312914,0.8993103662692082,0.10899496752835278,0.7334260940551758,0.0629352665107165,0.13484375178813934,34.332682847976685,73.92870330810547,0.6245672974735499,6,16,True,46,151,0.304635761589404,-0.11709601235652778,4.975185424689709,0.30847621917097545,0.3953504843113001,0.11938875771520543,93.01974486600011,6.939725370000815,52.009101706000365
ppo_privilege_gru_0722_clip015_tkl004,19,1945600,0.004947967895568506,0.09049832763604714,0.040427359409672035,0.7824464068255592,0.9047415509208715,0.12977154750052616,0.054959047337763564,0.05122510777156811,0.025895671481580482,0.8989643376292714,0.8940534845781802,0.008308961203729266,0.02304777316749096,0.1688183551596012,0.4078124761581421,89.08391466736794,188.46640014648438,0.5600002508610487,16,16,False,37,148,0.25,0.01903158050382143,4.981917237537525,0.37378531808677434,0.39393278846791,0.09986735043232514,93.68032932799906,17.45777274500142,52.34702333600217
ppo_privilege_gru_0722_clip015_tkl004,20,2048000,0.00254543773193537,0.11035553125135995,0.04269368334188669,0.7325881507666576,0.9066544820530256,0.16390572880393617,0.06175068777722706,0.05680533369878375,0.023636678906546315,0.9040083982344864,0.8871024389065013,0.03078559409565059,0.39741504192352295,0.1294140592799522,0.24015624821186066,45.94505627950033,95.86725616455078,0.7112545493990183,15,16,True,42,153,0.27450980392156865,-0.0630508733046577,3.9999387524646908,0.3799636154225154,0.39117806712104847,0.08996850183972557,93.98353866600155,17.018655430001672,52.50437068199972
ppo_privilege_gru_0722_long45_clip020,1,102400,0.011417587460455403,0.22842687677454587,0.17396116385642058,0.10238142722100074,0.6211697350443632,0.34710617631484125,0.18860901186375695,0.10974757723425047,0.15931331584908423,0.6038145037468354,0.5865283103675676,0.20632292214548215,2.34454345703125,0.15409179485868663,0.577343761920929,93.93508404493332,278.0511779785156,2.5946134328842163,16,16,False,54,159,0.33962264150943394,-0.23055848805200252,3.503862829655375,0.3090019532907204,0.43090997908191037,0.08736558703054961,92.40015717200004,17.832028527998773,53.1724629310047
ppo_privilege_gru_0722_long45_clip020,2,204800,0.0032865849928569446,0.11937562527868821,0.10487971264084474,0.4993909556465108,0.6969163028387098,0.17633818000601123,0.16004552854849835,0.06241307055136519,0.04971389673319118,0.6566820201244843,0.7372884875874838,0.11663796911714598,1.761121153831482,0.09140136521091335,0.27585935592651367,58.00592866539955,155.95022583007812,2.8122584126889705,16,16,False,50,151,0.33112582781456956,-0.22878015366825663,2.7092272977524208,0.4290079463597363,0.4508674586715706,0.09493919706278349,93.63264407899987,17.540265818999615,52.440127668996865
ppo_privilege_gru_0722_long45_clip020,3,307200,0.0026914794651384244,0.13545481972448387,0.0624699856490718,0.49207085783012505,0.7651915385737708,0.21120325051226993,0.09222403094185923,0.05970638893669781,0.03271594035628436,0.7364088711514418,0.7317196895081888,0.00763283988839248,0.016503017395734787,0.08436523226555437,0.2361718714237213,63.22606360912323,153.3418731689453,1.2020461700856686,16,16,False,48,150,0.32,-0.14377911119484546,4.502300307793661,0.3252872516556506,0.4294454278558195,0.08970084964377847,93.63358034600242,17.552208861001418,52.341996590002964
ppo_privilege_gru_0722_long45_clip020,4,409600,0.0024689849573041878,0.13057592158538472,0.06495030894581574,0.65976562048158,0.8313047924446528,0.20170387840209625,0.09038162354957252,0.05944796476867327,0.039518994342058994,0.8079090323731641,0.7576321745541394,0.049721679509093515,0.6914357542991638,0.09187499876134098,0.23609374463558197,30.840241089463234,66.46528625488281,1.0963727109134198,16,16,False,69,161,0.42857142857142855,-0.41670654431050597,3.560403384203998,0.2818160434246205,0.47306631617081174,0.09581544148458232,93.94315625400486,18.10121496800275,53.71757246500056
ppo_privilege_gru_0722_long45_clip020,5,512000,0.0003246217804802054,0.12420553276437861,0.08295444268314894,0.6747680571708219,0.8159666358188626,0.192741087928527,0.12311062666551549,0.05566997760023019,0.042798258700782334,0.775085266365723,0.7715906716818492,0.003729354590395813,0.006887258030474186,0.02897460834356025,0.08507812023162842,20.611833930015564,53.077796936035156,2.3395184986293316,16,16,False,47,149,0.31543624161073824,-0.15760934242507318,3.6820921533608493,0.35250709322041374,0.42691534602500003,0.07797718422775846,95.33365115200286,17.568007939997187,52.56091111000569
ppo_privilege_gru_0722_long45_clip020,6,614400,0.0005974083413811115,0.11445706381487436,0.05996386612072319,0.7340385019029739,0.8610131603774741,0.1734523371429032,0.08757342957387186,0.05546179048684551,0.03235430266757449,0.8391095728830302,0.8234955365813862,0.004913305790541923,0.010989037342369556,0.038627928552159574,0.14179687201976776,21.342825815081596,81.6664047241211,1.1217540971934796,16,16,False,54,162,0.3333333333333333,-0.22805317422212681,3.375824551438864,0.34771267762873753,0.47817613812156134,0.09899398125087645,93.86333577999903,18.122366299001442,53.92665086899797
ppo_privilege_gru_0722_long45_clip020,7,716800,0.0003398947867387925,0.12220209237090296,0.08172831856711152,0.7097065716673105,0.8057668357265894,0.192111007825882,0.1304588438134413,0.052293176915923834,0.03299779332078172,0.7569978191518669,0.833742056142933,0.08141578429698712,0.6424549221992493,0.036826170929998625,0.06984374672174454,20.815378218889236,47.096405029296875,1.9593582555651665,16,16,False,50,156,0.32051282051282054,-0.17246940077639314,3.6878795856446187,0.3786094289601914,0.43823328850886567,0.08847284257664113,92.76604890199815,17.888497693995305,53.17853283599834
ppo_privilege_gru_0722_long45_clip020,8,819200,0.00010554155367614726,0.1275458109485771,0.10044130745705583,0.7076365516416359,0.8579146685144122,0.20465536643609306,0.11922090182211888,0.050436255461061126,0.08166171309199281,0.820156896189344,0.8417056182372413,0.14129965611471562,0.7964723706245422,0.0193505856077536,0.07445312291383743,19.206073135137558,48.762569427490234,1.3598226554691792,16,16,False,58,154,0.37662337662337664,-0.3127835166491891,2.934576653637562,0.35371561976874605,0.45543159977024067,0.09018144906901397,95.91557348600327,17.822392914000375,52.88037378899753
ppo_privilege_gru_0722_long45_clip020,9,921600,0.00019464388129564192,0.10292752587135227,0.0736406510125415,0.7270343206201353,0.8179376355187663,0.1690889485104246,0.09067009406974207,0.03676610323227992,0.056611207955340956,0.7726779551160271,0.7522364678066489,0.003178910555725452,0.005254628602415323,0.02448242143873358,0.05453125014901161,18.05229303240776,63.19511413574219,0.9599111799150706,16,16,False,52,154,0.33766233766233766,-0.22788353874880793,2.8567480186447862,0.3696017936262987,0.4502602925207372,0.08415784170622677,92.93571391900332,17.899322725003003,53.04488329299784
ppo_privilege_gru_0722_long45_clip020,10,1024000,0.0021966915747362314,0.09254805766331588,0.039151174651479104,0.7268894201363372,0.8848547653307935,0.1361790675464767,0.04984232667123422,0.04891704778015505,0.028460022631723984,0.8741643136537545,0.7451570663623945,0.006299816422979346,0.01528159435838461,0.0690429670503363,0.20226562023162842,52.45747232437134,150.62167358398438,0.5677498165518046,16,16,False,52,153,0.33986928104575165,-0.1884075734053129,4.121376831802295,0.34661161739706303,0.44097118146950365,0.09121294047308239,93.97351256900583,17.751695318998827,52.95579406799516
ppo_privilege_gru_0722_long45_clip020,11,1126400,0.0013512765131417082,0.08974043444901954,0.06714302939780696,0.7438884795455099,0.8641153873479299,0.1460929069101076,0.11039680392062026,0.0333879619879315,0.023889254874993673,0.843272253938874,0.8510651337793933,0.08671953492128523,0.5260141491889954,0.044604491093195975,0.10953124612569809,36.48815402388573,95.11063385009766,1.1172100022435187,16,16,False,46,152,0.3026315789473684,-0.13264553106159513,3.816304223126416,0.3892230638105113,0.46474002833998146,0.08205387197199562,94.29714217100263,17.692002327996306,52.887114389995986
ppo_privilege_gru_0722_long45_clip020,12,1228800,0.003304056102979125,0.07310691941000638,0.03057747965610704,0.7756412496055958,0.9042105916234885,0.1195149089339753,0.049406524311101326,0.02669892988603742,0.011748435001112771,0.8777967210694493,0.911601635338086,0.06702228852343978,0.488064169883728,0.10588378796092002,0.26664063334465027,52.06845682859421,106.42021942138672,0.44864255040884016,16,16,False,33,145,0.22758620689655173,0.025441656726825936,3.7924270284060007,0.40294525841463075,0.45284925536319715,0.08242513561359734,96.26074360600614,17.42812079899886,52.029212923996965
ppo_privilege_gru_0722_long45_clip020,13,1331200,-0.00011918431722723888,0.09525474021263884,0.052868160803769826,0.7123961883992733,0.8808095548616529,0.15075851007112034,0.07463178744611945,0.03975097035415735,0.03110453416142021,0.8535698854507481,0.8266322401555081,0.0997393242792168,0.7739030122756958,0.02687499938201654,0.06257812678813934,14.968249395489693,28.84467315673828,0.7555337272584438,16,16,False,40,145,0.27586206896551724,-0.08684765521537191,3.1332179568462775,0.3317324192263524,0.46507915880778816,0.08539554461828673,93.25180817100045,17.412203080995823,51.81074245299533
ppo_privilege_gru_0722_long45_clip020,14,1433600,0.0016111518339982922,0.09402202962901826,0.041790136664509044,0.7416639533727075,0.9116495817368186,0.15793490155096535,0.05509045584411712,0.030109157707071215,0.028489817484900985,0.9003393699161639,0.8873730320174751,0.1095873106943327,0.9564189910888672,0.04432128811458824,0.08500000089406967,30.547249138355255,64.60413360595703,0.8250968314707279,16,16,False,44,150,0.29333333333333333,-0.13872904824029741,2.637236260931329,0.34359129080571016,0.44706573778075814,0.09536775195269682,92.48809976699704,17.633420029000263,52.55116855799861
ppo_privilege_gru_0722_long45_clip020,15,1536000,0.00036211405094954685,0.07465306379414162,0.03866991719382837,0.7768414569321616,0.8855975875899237,0.1156434146023945,0.054224501594841594,0.033662712985888736,0.02311533279281515,0.8823904315796992,0.8177505219796295,0.08895986016810639,0.8682770133018494,0.023364257416687906,0.060624998062849045,18.031986385583878,60.89394760131836,0.6111006647348404,16,16,False,34,146,0.2328767123287671,0.026681378161154096,3.6622862720381795,0.3999795829142953,0.4483024658319947,0.08260533118767095,92.92350283300038,17.442922620997706,52.24735946399596
ppo_privilege_gru_0722_long45_clip020,16,1638400,0.002460874501848842,0.0941578042745189,0.037324183745817675,0.7884571701872585,0.9177886523499492,0.15448235166935032,0.05821156770343723,0.03383325687968752,0.01643679978819812,0.9009918479793023,0.8990232633869731,0.03480276313814101,0.34039434790611267,0.06899413952487521,0.1775781214237213,25.195780962705612,45.72027587890625,0.5597690206021071,16,16,False,56,161,0.34782608695652173,-0.24554612684676316,3.6919587287484905,0.32791996696448256,0.4683632486777846,0.1012493952116107,94.24705730700225,18.033066973999667,53.76257743000315
ppo_privilege_gru_0722_long45_clip020,17,1740800,0.00015113338908001595,0.08501493154405662,0.0905565297135886,0.7990104356270108,0.9175999118039071,0.13220631786876524,0.1173465553866492,0.037823545219347936,0.06376650404052801,0.9124463828097937,0.8154062837275178,0.0043846016127645285,0.011239473707973957,0.027353515064532985,0.06242187321186066,18.790511146187782,46.71406555175781,0.7734824169427157,16,16,False,40,151,0.26490066225165565,-0.04511593359465229,3.895846643466522,0.31739790042004956,0.45637310109096074,0.0969332748597428,93.96191601499595,17.729958798001462,52.70511080599681
ppo_privilege_gru_0722_long45_clip020,18,1843200,0.001997837182079465,0.09302153839400393,0.053813856014675227,0.7921100836582465,0.8855920687557102,0.14356730336677126,0.07331478469431135,0.04247577342123653,0.034312927335039094,0.8749494984683487,0.8585052135147089,0.005923990442497598,0.015874003991484642,0.0677294918032203,0.20640625059604645,32.07939898967743,95.64986419677734,1.3760773114860059,16,16,False,36,147,0.24489795918367346,0.03529402211232873,5.597661788657632,0.2828935026660775,0.45220772608025894,0.0860755725476971,92.15597429299669,17.483799948000524,52.46499465600209
ppo_privilege_gru_0722_long45_clip020,19,1945600,0.0010741901004984733,0.10124525928560678,0.0849383524486884,0.7334305602366926,0.8704602376476426,0.17591801428096251,0.11024438792254995,0.0265725042902511,0.059632316974826835,0.8396385415684138,0.8789205162959537,0.0054708375409245474,0.011507800780236721,0.058583982863638084,0.14289061725139618,17.230581402778625,47.461151123046875,1.4687415577471257,16,16,False,41,149,0.2751677852348993,-0.06116947664098635,4.102167952079531,0.33713812102587076,0.457428705867028,0.08397026870988325,95.20660619700357,17.542169847001787,52.45799686400278
ppo_privilege_gru_0722_long45_clip020,20,2048000,0.00035855065325884894,0.07142148734156059,0.02948180087349966,0.8348533408690484,0.9379833952439158,0.11734114008839244,0.04502519271757862,0.025501834594728722,0.013938409029420704,0.9229997139432969,0.925345247522886,0.0039527445792919,0.0073198662139475346,0.03625976464445557,0.06867187470197678,20.006450071930885,45.978092193603516,0.7243979923427105,16,16,False,42,152,0.27631578947368424,-0.10043060574416,2.6982643768397048,0.40312388939280214,0.46034126933349273,0.06991324254923749,95.39376978500513,17.651984621006704,52.8943415879985
ppo_privilege_gru_0722_long45_clip020,21,2150400,0.004085817223526078,0.075317180634593,0.03742371801257669,0.8389312584272737,0.937254497843986,0.13068795715967668,0.06407212731023694,0.019946404109509347,0.010775308714916438,0.9213726426018898,0.9387795499404772,0.4431079248370952,3.832719564437866,0.09170409876969643,0.22695311903953552,64.56278508901596,160.97659301757812,0.4441698770970106,16,16,False,46,152,0.3026315789473684,-0.15973486871827652,3.1309062886431858,0.37585273619583043,0.4640310841682717,0.08957538487223968,93.89589549199445,17.700862375000725,52.8080385889989
ppo_privilege_gru_0722_long45_clip020,22,2252800,0.0012653960043123025,0.09671270116258292,0.058919686423734755,0.7686572565803711,0.9055608258168838,0.15342029611018254,0.08244337051471132,0.04000510621498328,0.035396002332758185,0.9028812400964369,0.8274044791270868,0.055365539603808425,0.4447918236255646,0.0583837873318771,0.15078124403953552,21.619054436683655,50.29004669189453,0.6591949686408043,16,16,False,39,154,0.2532467532467532,-0.03947223440857976,3.3915452102545975,0.32673721952063894,0.462706003710233,0.10094443786109328,92.28997894500208,17.737803284995607,53.01144332300464
ppo_privilege_gru_0722_long45_clip020,23,2355200,0.0018929615998244387,0.09631379267634423,0.03377743509697873,0.7726561697994606,0.9220472522837951,0.16949842304320362,0.05477032434422433,0.023129162309484797,0.012784545849733124,0.9110139462662235,0.921901807296891,0.16657694239736884,1.7013685703277588,0.06038085811178462,0.18132811784744263,34.45778527855873,80.31900024414062,1.0069985184818506,16,16,False,42,151,0.2781456953642384,-0.08442080571538227,3.6329379139955478,0.3398152457808853,0.42995226618211035,0.08973945783888655,95.23625743100274,17.566637784002523,52.734897196998645
ppo_privilege_gru_0722_long45_clip020,24,2457600,0.00035478623940443654,0.09590338225643087,0.03354699637854912,0.7730520696573235,0.9293733408110859,0.1649715680482772,0.04276775614680079,0.02683519646458453,0.024326236610297456,0.9204334314699865,0.8892823811411249,0.04340458220278379,0.590450644493103,0.037578123970888555,0.11289062350988388,25.040702030062675,52.03291702270508,0.46349913664162157,16,16,False,38,147,0.2585034013605442,-0.03376383804464686,3.7311682048291877,0.3632875256637731,0.47673642820794404,0.08426340786190283,95.52149408900004,17.45363673900283,52.07332280999981
ppo_privilege_gru_0722_long45_clip020,25,2560000,0.0014137868373654827,0.06746508921627395,0.027497298417801627,0.8408723084611366,0.9408050788775355,0.1205664478624724,0.042971286113856415,0.014363730570075476,0.012023310721746833,0.9270981547355006,0.9357779703012569,0.0474929101204907,0.6626574397087097,0.044570311409188434,0.10499999672174454,29.632771492004395,53.306373596191406,0.5367187228053808,16,16,False,38,151,0.25165562913907286,-0.03818739366180974,3.4534458100247503,0.37424725864573355,0.4616669275886483,0.09641587648647551,96.07739133499854,17.610655648997636,52.63410861600278
ppo_privilege_gru_0722_long45_clip020,26,2662400,0.0001314583663032387,0.08943014126469323,0.03436181909632337,0.7576846006368936,0.9080397713490185,0.1617096037552057,0.055990605930270144,0.01715067877418078,0.012733032262376588,0.8852758711768018,0.8880225530523911,0.05011350625070918,0.732550323009491,0.027871093000612746,0.05804687365889549,19.229118689894676,55.29986572265625,0.7274611327797175,16,16,False,39,146,0.2671232876712329,-0.048040577024303976,3.589118086846814,0.3571231643082162,0.46655049053500325,0.068210953498516,95.83885462799662,17.410701020999113,52.04371524200542
ppo_privilege_gru_0722_long45_clip020,27,2764800,0.0013631912015170666,0.09137404372495206,0.04381575223966693,0.7707810912914926,0.9119841498938324,0.15747287353048617,0.06798121798150589,0.02527521391941799,0.019650286497827966,0.8987341690418917,0.880249338157905,0.005775645195681134,0.012264439836144447,0.06397460741573013,0.14812499284744263,46.86843881011009,89.24781799316406,0.459873603656888,16,16,False,43,153,0.28104575163398693,-0.1040956227675115,3.5034228734893613,0.3507324147474562,0.45986090099520066,0.09202874381119136,95.96740720899834,17.69001588899846,52.84282782599621
ppo_privilege_gru_0722_long45_clip020,28,2867200,5.7229900976008e-05,0.07171640872899164,0.026507733129339375,0.8184802119912226,0.9411940504066117,0.12413889105113379,0.04146089595610757,0.0192939264068495,0.011554570302571175,0.9293621696126806,0.9261682556860278,0.121828450501489,1.2778233289718628,0.0256591788293008,0.08960936963558197,16.39382752776146,71.31148529052734,0.49419639855623243,16,16,False,30,141,0.2127659574468085,0.1046022290952106,5.139677055929267,0.3629400852171228,0.4746167312721532,0.06642692253822681,96.08513135400426,17.224974693002878,51.67327667799691
ppo_privilege_gru_0722_long45_clip020,29,2969600,3.782819505415702e-05,0.07579113419749885,0.033541443999359793,0.8422544150846731,0.9395279234486974,0.1291172942053072,0.054004363826545464,0.022464974189690512,0.013078524172174123,0.9225578971597974,0.924953024596591,0.10309522952418775,1.5729814767837524,0.02351562469266355,0.06312499940395355,16.485414147377014,33.7859992980957,0.6808464836329222,16,16,False,37,146,0.2534246575342466,-0.002503935078636428,4.717528599473445,0.3994927278573587,0.47701642044198383,0.07553850624774776,93.45322330899944,17.42128120399866,52.24497643700306
ppo_privilege_gru_0722_long45_clip020,30,3072000,0.0036986640164826667,0.09297266630890584,0.03588672267890336,0.7492075632429211,0.9059636928899524,0.14930340860614677,0.04912372133732897,0.03664192401166494,0.022649724020477734,0.9027370677362223,0.8732978575351854,0.015088822011312009,0.11299610882997513,0.10962890394148417,0.2647656202316284,65.56434914469719,135.95986938476562,0.6969241339713335,16,16,False,29,143,0.20279720279720279,0.10561827489930775,4.431858698887638,0.3641844772324417,0.4761748801174563,0.08519640832428094,95.40493313899788,17.324937575001968,51.73691873100324
ppo_privilege_gru_0722_long45_clip020,31,3174400,0.0007099503941887519,0.08514418478436374,0.03390424886671493,0.7992079134316279,0.9213664614251784,0.15337291794353108,0.05758278456363842,0.016915451625196403,0.010225713169791434,0.9012781331082053,0.9052522149949485,0.006142683951038633,0.02314506657421589,0.04276855371790589,0.13585937023162842,33.070811316370964,98.81501770019531,0.539169866591692,16,16,False,36,150,0.24,0.031398621349727616,4.527299284812926,0.32884581711993105,0.45967881034495783,0.08437718213944093,94.93095180099772,17.575290645007044,52.568912851995265
ppo_privilege_gru_0722_long45_clip020,32,3276800,-3.305298722811045e-05,0.09898330273440552,0.03385277062983188,0.6854664119415708,0.9038537762979623,0.17981664666110853,0.057704940889208876,0.01814995880770248,0.010000600370454875,0.8813781574838335,0.9365088742017333,0.00429918668773098,0.011344251222908497,0.030551757241482846,0.06531249731779099,12.75621847808361,31.490039825439453,0.37920427955687047,16,16,False,30,141,0.2127659574468085,0.07191050195707671,3.969932265606208,0.37953271015120876,0.4485650819253755,0.07714046132125804,95.38122126599774,17.291900292002538,51.724464573999285
ppo_privilege_gru_0722_long45_clip020,33,3379200,0.001851040334513776,0.08446732424603198,0.025525627046488707,0.7638348969803617,0.9322871987601287,0.1570380068361752,0.040814213302340224,0.011896641655888765,0.0102370407906372,0.9231723929136662,0.9195412110508541,0.20880941277428064,1.3876901865005493,0.07844238018151373,0.15843749046325684,29.5487502515316,55.237998962402344,0.542336673475802,16,16,False,31,146,0.21232876712328766,0.07128804577229703,3.9431295216573767,0.4148232516801584,0.4617156902463081,0.08454073501893372,95.69395314199937,17.469025792997854,52.17746641799749
ppo_privilege_gru_0722_long45_clip020,34,3481600,0.0006741193692114678,0.08844362094427159,0.04416212387272556,0.811040246080106,0.9331659566201358,0.16067306215643193,0.06151094743557633,0.01621417973211132,0.02681330030987479,0.9177584056822818,0.9071778707208855,0.052198880016076143,0.7468576431274414,0.047792967307032086,0.14031249284744263,22.101898431777954,58.81129455566406,0.6352877449244261,16,16,False,38,147,0.2585034013605442,-0.024705136388860568,3.944400530497007,0.3591629991973452,0.4401247501077564,0.08421287087782424,94.9635156400036,17.534850000003644,52.25054362499941
ppo_privilege_gru_0722_long45_clip020,35,3584000,0.0013387818425325548,0.0704032517285773,0.023119396716583057,0.8185584204996077,0.9408482192844351,0.11138568507533644,0.028274341417363437,0.02942081838181816,0.01796445201580267,0.9492889294639768,0.878039566690635,0.05793746153387474,0.8464624881744385,0.05327636608853936,0.12101562321186066,27.3842094540596,57.28532791137695,0.3181089149788022,16,16,False,25,137,0.18248175182481752,0.17733081648485702,5.007172546969346,0.36175669975096836,0.47003333292298616,0.06730637572085381,92.47749787299836,17.111459241001285,51.15705176300253
ppo_privilege_gru_0722_long45_clip020,36,3686400,0.0024345391003590677,0.09736514707299353,0.025543852228100298,0.7934583375518973,0.9470690501898108,0.15712667586134857,0.03811252199743333,0.03760361828463848,0.012975182458767262,0.938167227306399,0.9297496543390065,0.11811444477702025,0.9855073094367981,0.09222656003839802,0.177734375,30.937398985028267,85.49119567871094,0.43375591151416304,16,16,False,32,145,0.2206896551724138,0.04321767511935575,3.715426896100254,0.3575708075821281,0.4679073975651373,0.0854131239117981,94.00835851499869,17.423451607995958,51.82429789600428
ppo_privilege_gru_0722_long45_clip020,37,3788800,0.001412215253508542,0.10002095603773872,0.028284212207230635,0.8002196279717131,0.9433079257388863,0.16510796270705863,0.04365063765816442,0.034933949368418774,0.012917786756296847,0.9309135608038923,0.9362660983580333,0.11205475791764911,0.9827067255973816,0.038090820104116574,0.09734375029802322,18.72274574637413,47.62036895751953,0.46289169788360596,16,16,False,45,156,0.28846153846153844,-0.10852442083071964,3.8862035863212974,0.3534435302119696,0.45512371140820507,0.09789886299094216,95.41400345899456,17.83407324700238,52.943061908001255
ppo_privilege_gru_0722_long45_clip020,38,3891200,0.003539509371803362,0.0696935630741441,0.024234482231669782,0.8106974280958196,0.9348377607527567,0.12073469869790694,0.035304631105480905,0.018652427450381273,0.01316433335785866,0.9186607382830045,0.9508145567236146,0.12152474803762743,0.7690794467926025,0.09993652120465413,0.2542968690395355,41.206513434648514,121.6636962890625,0.4566391656175256,16,16,False,21,139,0.1510791366906475,0.20823842830324704,3.9411024300706226,0.433720359515323,0.47394260932296617,0.06297994354633449,95.17651886300155,17.176011472998653,51.2529565549994
ppo_privilege_gru_0722_long45_clip020,39,3993600,0.0031169167874032233,0.07208319783846806,0.02376969750528716,0.7912343263458953,0.9333779678557887,0.12044257442040907,0.039890618457411174,0.023723821256527045,0.007648776553163139,0.9227382866928632,0.9476893619256342,0.10082777091913159,0.759501576423645,0.09563476382754743,0.29289060831069946,56.8851603269577,160.68661499023438,0.3846114300191402,16,16,False,29,142,0.20422535211267606,0.10607613931204382,4.94288269682694,0.3616051127683346,0.4789800460682877,0.07129673951656883,94.7740255710014,17.25109528900066,51.65522424100345
ppo_privilege_gru_0722_long45_clip020,40,4096000,0.00015800985384828437,0.07829876837774935,0.03186518549293304,0.8167604051873464,0.9329764794254211,0.13146115703029213,0.04421095154074013,0.025136379725206548,0.01951941944512596,0.929154142715775,0.8948179367218282,0.05802486345317447,0.8347395658493042,0.036767577432328835,0.09335937350988388,15.880651518702507,36.027122497558594,0.4185745697468519,16,16,False,36,148,0.24324324324324326,0.000764207559676394,3.841491692627012,0.37699561504302814,0.47651249078729646,0.08547395273130579,92.9586032560037,17.470838002001983,52.260021501002484
ppo_privilege_gru_0722_long45_clip020,41,4198400,0.0011183227567013176,0.07957071487922152,0.05461162207756458,0.831289447871256,0.9274602797131222,0.14009814042364022,0.08287895970073073,0.019043289334802805,0.026344284454398424,0.9186621745216695,0.9252127097694263,0.0055368019314482805,0.01085573434829712,0.06455078053841135,0.1615625023841858,31.90898309648037,83.63963317871094,0.6027310505509377,16,16,False,35,143,0.24475524475524477,0.018007414044460036,4.127462501310111,0.35550067889520337,0.45870863941567197,0.07278891905186274,97.98190034199797,17.21944762199564,51.61371925799904
ppo_privilege_gru_0722_long45_clip020,42,4300800,0.00296529864402606,0.0856805885332239,0.04009234575965043,0.8342149113381665,0.9502237162268946,0.16040519735594203,0.05944806179556471,0.010955979710505784,0.020736629723736136,0.9416167836792455,0.9490284529675349,0.010460252712946386,0.04064735770225525,0.10444335837382823,0.22593750059604645,59.020524471998215,112.24960327148438,0.39433620143681763,16,16,False,34,150,0.22666666666666666,0.05977443505512228,5.182831885032848,0.34545932047451133,0.44430503354263656,0.09237888751543075,98.6074057529986,17.62446870799613,52.63054195300356
ppo_privilege_gru_0722_long45_clip020,43,4403200,-0.00020422733603542298,0.08311220443812843,0.05831584192729921,0.814353294993758,0.890376266622557,0.1311671034079073,0.08292834319206639,0.03505730546834955,0.033703340662532055,0.8920393594755082,0.7847961858782173,0.004400671570256233,0.02233935333788395,0.023159179007052444,0.05742187425494194,18.180080115795135,46.65117645263672,0.47219104431569575,16,16,False,29,142,0.20422535211267606,0.11141392033933344,4.357950639760079,0.3704020281136495,0.4622778071227272,0.07348201818616898,96.57967224100139,17.28405816599843,51.73130052800116
ppo_privilege_gru_0722_long45_clip020,44,4505600,1.5135727994941561e-05,0.08978380084806042,0.02965714933051213,0.8117936596810637,0.9435812329019209,0.13757282053628575,0.040623647627670054,0.0419947811598351,0.01869065103335419,0.9468409969239823,0.9023456864566719,0.0040750067855697125,0.016187326982617378,0.022158202446007635,0.05374999716877937,23.576194405555725,58.003543853759766,0.32908463589847087,16,16,False,26,138,0.18840579710144928,0.13498775038772948,4.137048426193801,0.37750843602617695,0.4662665647184726,0.06657768584939067,92.94364805099758,17.07470180599921,51.061299755994696
ppo_privilege_gru_0722_long45_clip020,45,4608000,0.0003010687663933531,0.0700111310482874,0.021642177694054143,0.8413851948696922,0.951260295419605,0.12444352799101109,0.03349933939453359,0.015578734105563716,0.009785015993574692,0.9468050201056651,0.9304445423174116,0.003930387975287886,0.007031087763607502,0.039555663390274276,0.08164062350988388,24.36520068347454,68.22624206542969,0.3842847978696227,16,16,False,27,142,0.19014084507042253,0.13264055016484644,4.431365133596903,0.37321887311599033,0.45988500400240667,0.0696442632098226,93.77130404700438,17.288938190999033,51.5347413060008
ppo_privilege_gru_0722_long45_clip020_hard,1,102400,0.008717573074682239,0.19099260159774623,0.09437458174595775,0.40719132216232035,0.7194924021634392,0.3220142167088861,0.12153758532837747,0.05997098648660644,0.0672115781635381,0.7316388930012478,0.4663116068149752,0.22724672751588515,2.739976644515991,0.13081054505892098,0.333984375,57.831017315387726,186.33522033691406,2.056822934746742,16,16,False,61,159,0.3836477987421384,-0.32292761655956104,3.2675520439333674,0.2832758699997016,0.4532687372103123,0.09161123781799797,91.7163396350079,17.72102965900558,52.901726557000075
ppo_privilege_gru_0722_long45_clip020_hard,2,204800,0.000827201660163146,0.14221593535905525,0.08150285949906476,0.560844929932158,0.765828097064455,0.22242984740200214,0.1166415403462801,0.06200202331610831,0.04636417865184942,0.7564888504131013,0.6614493259268142,0.09776047243773064,0.8195638656616211,0.03553710859432613,0.09359374642372131,17.763316214084625,45.395057678222656,1.7502604737877845,16,16,False,51,151,0.33774834437086093,-0.23350111242090565,2.6563924559181937,0.41881904909840717,0.44590878603344886,0.08624222089310093,94.81970058799197,17.420578827994177,52.0194427940005
ppo_privilege_gru_0722_long45_clip020_hard,3,307200,0.0008747235475334847,0.12217243468618019,0.08544048681515617,0.6955453799875766,0.7874875842315902,0.174321483361899,0.12436179480574071,0.0700233860104614,0.04651917882457166,0.7243919996072777,0.7705167745136445,0.08071375598869054,0.6232076287269592,0.032910155481658876,0.08226562291383743,27.774913981556892,59.97071838378906,1.2933844827115535,16,16,False,50,153,0.32679738562091504,-0.1888646354120806,3.7658789020808148,0.3137315422449285,0.4290803547539839,0.09432240357279173,96.22811743400234,17.529152018003515,52.43345050999778
ppo_privilege_gru_0722_long45_clip020_hard,4,409600,0.00012542041029520168,0.13751861880497437,0.10765242229439435,0.6483366445408076,0.8282654728191086,0.19498508459714578,0.117289496451795,0.08005215301280291,0.09801534813699375,0.8100436155840014,0.7640190494651202,0.0708911000873195,0.5631091594696045,0.028046874285792,0.09382811933755875,22.81370723247528,65.80453491210938,1.4089423023164271,16,16,False,49,149,0.3288590604026846,-0.19113733129092123,3.5414248843104588,0.34149898383530886,0.4295867230493854,0.08427707676795018,95.91982984700007,17.372486870008288,52.153567173998454
ppo_privilege_gru_0722_long45_clip020_hard,5,512000,0.0014105904137249325,0.10255256308415252,0.049377882867580374,0.6933349910083968,0.8465097998001578,0.15719681470577918,0.07470030255190378,0.04790831146252587,0.024055463183256978,0.8005827695344327,0.8487932282439514,0.004916885595303025,0.012007058598101139,0.04513671718450496,0.10359374433755875,21.74840621650219,70.72225952148438,1.192809572070837,16,16,False,37,148,0.25,-0.02373126619256125,3.226504328903195,0.36235500198820614,0.42940344675299186,0.0873109752982109,93.5732495419943,17.38809630299511,51.950914889996056
ppo_privilege_gru_0722_long45_clip020_hard,6,614400,0.002880576946808988,0.09560495603366684,0.04271094838182041,0.7378652508402128,0.8827885277225038,0.13856576110645114,0.05935974516385652,0.05264415096088256,0.026062151599784294,0.8573888058543573,0.889677431221541,0.08212371246925614,0.7963194847106934,0.09048339553555707,0.26374998688697815,52.759342551231384,156.2700958251953,1.3236439608037471,16,16,False,38,146,0.2602739726027397,-0.03590417074077705,3.6632529633663458,0.3547333670567964,0.45349817375320456,0.0826197687388972,93.71875254399492,17.230939230998047,51.610106808002456
ppo_privilege_gru_0722_long45_clip020_hard,7,716800,0.0025033220034673676,0.09203356839404099,0.04671756371741163,0.7572622472960608,0.8784649551215671,0.14051425962925237,0.06601840145231777,0.04355287715882963,0.027416725982505472,0.8624946066161703,0.8462411620684436,0.01207938994775759,0.0820629894733429,0.09433593472931534,0.193359375,53.76507177948952,106.17716217041016,1.0709532950073481,16,16,False,48,153,0.3137254901960784,-0.1587631465376547,3.9387337233565534,0.37149454067745535,0.4487936474387108,0.09648952519031102,94.89543568799854,17.596179733998724,52.58790661799139
ppo_privilege_gru_0722_long45_clip020_hard,8,819200,0.0009311478410745089,0.11159053068858496,0.058023291134688196,0.7406658808205121,0.8788443739983177,0.17397483929731486,0.08338117537180548,0.04920622207985504,0.032665406897570935,0.8506842267368417,0.8492259272382615,0.005044246356992514,0.01471248921006918,0.03690917856874876,0.10195311903953552,34.87546253204346,95.27357482910156,1.0835843712091446,16,16,False,46,150,0.30666666666666664,-0.13720577514804536,4.013031780321639,0.38783228915869417,0.4538730821527971,0.0869330019567314,97.22901893600647,17.492562161001842,52.34607639000751
ppo_privilege_gru_0722_long45_clip020_hard,9,921600,0.0010357309421848981,0.0871773663650111,0.048592871057109674,0.7964862477784115,0.9078271408895047,0.13850979621120257,0.058220239902057803,0.035844936518819585,0.038965502212161565,0.8968233355586579,0.871994610198498,0.054213538340554805,0.8088363409042358,0.027949218244430085,0.05546874925494194,18.320316463708878,38.729820251464844,1.3059709280729295,16,16,False,29,141,0.20567375886524822,0.11048452236107252,4.725870264651645,0.40020529181185177,0.4546188686932821,0.07489027611947359,95.38538648700342,17.156269307000912,51.30370734501048
ppo_privilege_gru_0722_long45_clip020_hard,10,1024000,0.0006083779077208362,0.10748022891407727,0.11536445579569124,0.7546163748985659,0.8758509877945488,0.16565075935693138,0.15384252868912063,0.049309698471223136,0.07688638290226187,0.8420455318901873,0.8388365171015557,0.004597611031203992,0.008179154247045517,0.040288085117936134,0.111328125,26.114948838949203,70.74311065673828,1.4715763427317143,16,16,False,41,149,0.2751677852348993,-0.06019969725479866,4.062567693879186,0.3630609475176424,0.44195365124257663,0.0916635521184853,94.72977525700117,17.39637399899948,52.141068965996965
ppo_privilege_gru_0722_long45_clip020_hard,11,1126400,-0.00010403349873744361,0.11212166463249164,0.07904512022737054,0.7629956230467175,0.8879511377273919,0.18478072343711296,0.11234785268096412,0.03946260582787021,0.045742387773776996,0.8658888379582288,0.8775337087981899,0.012879782487943886,0.055799081921577454,0.032499999340871,0.07804687321186066,23.209229603409767,53.307395935058594,1.1166504129767418,16,16,False,47,154,0.3051948051948052,-0.1368175750465067,3.84375498098046,0.3775156995779142,0.461880358985249,0.08347607520257846,93.79151857500256,17.67504865799856,52.60309540499293
ppo_privilege_gru_0722_long45_clip020_hard,12,1228800,0.0040805056290809105,0.11796889166726338,0.16237377807768516,0.7722684710993689,0.8753800905434037,0.200770470130521,0.21530425505012993,0.0351673132040058,0.10944330110524035,0.826372844119214,0.9009863952594785,0.12543629710329696,0.7384476065635681,0.10840331777581014,0.21906249225139618,50.78451079130173,114.3940200805664,2.1421810001134873,16,16,False,34,144,0.2361111111111111,0.003867266585878425,3.2734906633913283,0.4243281512864697,0.4393323835834881,0.07545363040606236,92.6751248639921,17.1764929619967,51.59466070099734
ppo_privilege_gru_0722_long45_clip020_hard,13,1331200,0.0014672267645803316,0.13224706568534766,0.06768929766682275,0.7798134953862865,0.8852193413904151,0.22017950114945894,0.09666723759084997,0.04431463022123639,0.038711357742795535,0.8707920427519595,0.858894731050517,0.01244314571144059,0.09648991376161575,0.04971191310323775,0.12546874582767487,34.91178220510483,95.54419708251953,1.0857774384319783,16,16,False,36,145,0.2482758620689655,0.005219906723502531,4.283836800403648,0.3200231498235264,0.43384162148493033,0.08093145780349373,91.07407862399123,17.222963641004753,51.67253355299181
ppo_privilege_gru_0722_long45_clip020_hard,14,1433600,0.000492301467706957,0.18819915898312833,0.09708992236083222,0.6658238216047747,0.8559454716518204,0.33566556577666157,0.16186573917008013,0.04073275218959507,0.032314105551584385,0.8315138528989411,0.9024121969724281,0.06947230632475111,0.5134866237640381,0.037128905758436304,0.07414062321186066,25.543107748031616,58.14023208618164,1.555958876758814,16,16,False,45,150,0.3,-0.11641127153592772,3.8573958013815823,0.3541302648254163,0.4426584276032749,0.07413016036291116,93.39755139299086,17.468551177007612,52.10090370399121
ppo_privilege_gru_0722_long45_clip020_hard,15,1536000,0.003790424838917339,0.16591231514858662,0.1356802471906529,0.7749370175028293,0.8775109237715072,0.29420766006058885,0.2098285449506058,0.037616970236584384,0.06153194943069991,0.8543384391888608,0.8634295581479459,0.09712322111125105,0.9911587834358215,0.09772460616659373,0.21085937321186066,38.98401318490505,71.83365631103516,1.1492484971880912,16,16,False,48,148,0.32432432432432434,-0.19316380065497724,3.359565037976425,0.3602416193453461,0.42859928307946493,0.09601987924911862,95.68661097799486,17.444137683996814,52.20804930399754
ppo_privilege_gru_0722_long45_clip020_hard,16,1638400,0.00029689687979495005,0.1921416091097782,0.10384138541465049,0.6834711411588303,0.8860025380661798,0.34092724970362537,0.12863373737411826,0.04335596851593113,0.07904903345518274,0.8462188587942849,0.8409363408719472,0.0045053880818886685,0.016918694600462914,0.03554199115023948,0.12257812172174454,28.532958567142487,100.24179077148438,0.8734392851591111,16,16,False,47,150,0.31333333333333335,-0.1518783164825283,3.537666040365248,0.3419494889752484,0.45557830305178243,0.08561706510803982,95.48516909099999,17.51252099699923,52.193476390995784
ppo_privilege_gru_0722_long45_clip020_hard,17,1740800,0.0003987756396236497,0.13962790299933517,0.06215229006549354,0.7931296660314461,0.9136432002846657,0.22586723223615793,0.08968350499277429,0.053388573762512416,0.034621075138212776,0.8960228578473618,0.8117313854802717,0.08956049910571892,0.7393308877944946,0.02541015574388439,0.06828124821186066,20.050399601459503,67.37776184082031,0.9975088454782963,16,16,False,45,151,0.2980132450331126,-0.10922640115767579,4.1113721786514414,0.3019142787403428,0.43183468009556275,0.08143123089970553,95.66274492999946,17.54535884600773,52.29250222700648
ppo_privilege_gru_0722_long45_clip020_hard,18,1843200,0.0002149427418505212,0.14902608105294085,0.14706866872929364,0.7980795970755332,0.9050449181796676,0.23695279919817328,0.2031942140683794,0.06109936290770845,0.09094312339020788,0.8807969728159744,0.8778849297361692,0.0565751805860782,0.4112517535686493,0.032758788132923655,0.07085937261581421,22.513847842812538,44.47030258178711,0.9089963369071483,16,16,False,59,160,0.36875,-0.2539865066846156,5.213867059332831,0.24339721159761546,0.45528819095088674,0.10013447039113661,92.10701935600082,17.862942306004697,53.285940720001236
ppo_privilege_gru_0722_long45_clip020_hard,19,1945600,0.00015401689885491399,0.1612783223151639,0.10686511418766283,0.7549855910380807,0.869272373662944,0.2570370437217056,0.12014132756937033,0.06551960090862222,0.09358890080595533,0.8502018863480028,0.8164375111423623,0.005516361869376853,0.021109336987137794,0.03611328063561814,0.09507812559604645,25.869423165917397,56.81825637817383,1.0517093397676944,16,16,False,35,144,0.24305555555555555,0.019870125378024857,4.309051468889469,0.3710903539134229,0.4615977794078911,0.07316621269621651,92.66242958599469,17.242169385004672,51.59161524299998
ppo_privilege_gru_0722_long45_clip020_hard,20,2048000,0.0010140381122620834,0.12735551828666064,0.0530663511575191,0.7455329109230515,0.8944282622457883,0.22375855612235557,0.08090298343385406,0.030952480450965658,0.025229718881184145,0.8790819377624314,0.8698581233061775,0.00742198313033441,0.026266049593687057,0.05675292858722969,0.2590624988079071,37.37854388356209,135.607666015625,0.9961333036422729,16,16,False,37,147,0.25170068027210885,0.009119468858003358,4.680881183734791,0.3821397521475938,0.4495836250835069,0.07984181208456538,93.97318278299645,17.41266087999975,51.78825505399436
ppo_privilege_gru_0722_long45_clip020_hard,21,2150400,0.0014650501306832098,0.1418485878029462,0.06333579010960967,0.763973611424401,0.8993448425987278,0.25203878068218033,0.10533785873790397,0.03165839492371211,0.021333721481315376,0.8614032000980597,0.8854315288725592,0.46325600624433716,2.156755208969116,0.03543456927582156,0.08374999463558197,24.678631752729416,71.18180084228516,1.5803810339421034,16,16,False,50,153,0.32679738562091504,-0.189321170232092,3.6039005563037185,0.3580122056140462,0.44721315235049863,0.08480091610117672,93.1208575089986,17.685923441007617,52.52761224699498
ppo_privilege_gru_0722_long45_clip020_hard,22,2252800,0.0012303730113126798,0.14022938690060804,0.06038412331815263,0.7436465901657274,0.8923525620243355,0.22771300831559294,0.08358421613277724,0.052745765485623194,0.037184030503528025,0.8874051258653141,0.8461964058569158,0.15722646132942827,1.7798789739608765,0.056523436069255695,0.1926562488079071,42.57396841049194,119.0660171508789,0.6272633500397206,16,16,False,36,147,0.24489795918367346,0.009648711906834955,4.407817221748721,0.3181226709906266,0.4549236316556159,0.08695736885666247,94.33791408099933,17.33797005600354,51.93985800699738
ppo_privilege_gru_0722_long45_clip020_hard,23,2355200,0.0052151261881228095,0.12386358030595528,0.05080137215365141,0.8057829357871276,0.9237003521941226,0.20362178923366162,0.08128549688948762,0.04410537137824888,0.020317247417815185,0.901797682066214,0.9298906324200354,0.01609795485564973,0.05294226482510567,0.1442919874098152,0.25437498092651367,82.09867967665195,170.8325958251953,0.9916144974529744,16,16,False,38,150,0.25333333333333335,-0.028133938521899247,3.7777706974021408,0.31633054772761277,0.4473162903373636,0.08914578461219125,93.30018264299724,17.509341217999463,52.08591100599733
ppo_privilege_gru_0722_long45_clip020_hard,24,2457600,0.0015284290456110128,0.11873629396062318,0.044512750815835646,0.7989744515374857,0.9274963195741438,0.19959607734573517,0.06902042105756145,0.03787651057551118,0.020005080574109844,0.9054657915478477,0.9385406305213511,0.007277379854931494,0.028100511059165,0.04219726502924459,0.10992187261581421,32.74671396613121,77.6387939453125,0.7726215414702893,16,16,False,32,143,0.22377622377622378,0.0712021218208366,4.837231052257793,0.3712876866164768,0.46001165269384703,0.0800984270108972,92.52959936499246,17.1664244709973,51.33092014399881
ppo_privilege_gru_0722_long45_clip020_hard,25,2560000,0.0014469552685295595,0.15614180203642442,0.05664529126267934,0.7484842759805334,0.9098097176417022,0.2565286931858739,0.0808700884913292,0.05575491088697489,0.032420494034029475,0.8863157339469433,0.9017277079392776,0.10045587564323796,0.779914915561676,0.05090820210170932,0.11140624433755875,34.92649829387665,74.902099609375,0.7970926962792874,16,16,False,45,153,0.29411764705882354,-0.10411408542401664,3.845598060157396,0.36660620264594346,0.4571227427181556,0.08826704188888565,92.56141001000651,17.51994702400407,52.48301107699808
ppo_privilege_gru_0722_long45_clip020_hard,26,2662400,0.0025360801494751506,0.12827027025151005,0.10307453736009978,0.7975062351254686,0.9095547814871207,0.21062396662173982,0.1452015356805452,0.045916573881280315,0.06094753903965432,0.8726901735633064,0.9165328189933113,0.09285604800854344,0.7527835965156555,0.08525878743967041,0.19523437321186066,31.75606605410576,75.95816040039062,1.078866195678711,16,16,False,37,141,0.2624113475177305,-0.02778037923636221,3.9758060426669575,0.35610772038133404,0.4398467864281964,0.08392617186635329,94.09728482500941,17.076828691002447,51.14672727099969
ppo_privilege_gru_0722_long45_clip020_hard,27,2764800,0.0008300580793276779,0.08701225184900459,0.045916359001221686,0.8543899147957192,0.937619524151628,0.1547562505120318,0.0721863835997122,0.0192682531859774,0.01964633440273118,0.9240526437015706,0.9504001364582242,0.03536918866651831,0.41811251640319824,0.05173339767134166,0.12046875059604645,16.837742418050766,34.964351654052734,0.7630865253508091,16,16,False,28,143,0.1958041958041958,0.13241018638917054,4.690323158429991,0.3337194546399981,0.45734995732930583,0.07837863332103905,95.0515964399965,17.159682726996834,51.32927183499851
ppo_privilege_gru_0722_long45_clip020_hard,28,2867200,0.002649598960140054,0.1322697459929136,0.06316359515337232,0.7955899424872391,0.9043872987875227,0.21685658717018005,0.0924224300148006,0.047682904815647194,0.03390476029194403,0.8883653156555118,0.9053497498048017,0.1237401163080358,1.856711983680725,0.0869824202673044,0.23585936427116394,42.31480693817139,101.54505920410156,1.20579811707139,16,16,False,35,148,0.23648648648648649,0.06790776188501554,5.839394343100021,0.32052783579206073,0.4546745731514795,0.08480021783159505,94.40320741900359,17.32751268899301,51.930173126005684
ppo_privilege_gru_0722_long45_clip020_hard,29,2969600,0.00149735287922792,0.14257181648042888,0.10430357601983388,0.8254664231156235,0.9133906683960302,0.232065489262931,0.15646037299258753,0.05307814369792675,0.05214677904708026,0.8891463668460586,0.9373516955586298,0.00977056258212542,0.035732872784137726,0.05499511572998017,0.13382811844348907,27.740632966160774,77.50817108154297,1.2270866237580775,16,16,False,38,147,0.2585034013605442,0.03196733231040897,6.133976798989037,0.3203255819677706,0.45210189463606154,0.08592059864304569,93.4407998789975,17.397739091000403,51.802040050999494
ppo_privilege_gru_0722_long45_clip020_hard,30,3072000,0.0001683680994210568,0.13461083687854442,0.06476557695335418,0.8285290042000741,0.9236505591029633,0.24449906013655315,0.10540101604219573,0.024722613620535624,0.024130137864512596,0.9012922624187818,0.9368678530841075,0.004696483066654759,0.010379379615187645,0.04310058488408686,0.11515624821186066,29.288066864013672,75.84844207763672,1.262488877773285,16,16,False,29,144,0.2013888888888889,0.12934481731290606,5.19710215082495,0.33829881606407164,0.4419209610136783,0.08824821944433883,93.03461296700698,17.284007756999927,51.39000467999722
ppo_privilege_gru_0722_long45_clip020_hard,31,3174400,0.00038551568909506173,0.13298369146860398,0.048082650657184874,0.8238927266976176,0.9360420560688602,0.24236352878641715,0.08120782126696856,0.023603854150790856,0.014957480047401172,0.9195795247799964,0.9573859042207958,0.12798843766624485,1.2901034355163574,0.033100584709245595,0.09921874850988388,19.388772904872894,58.481788635253906,0.6306724425405263,16,16,False,32,146,0.2191780821917808,0.08969719710601191,5.422791558174156,0.3542206143367042,0.4368430499231291,0.08410312748347677,92.07590478600468,17.381442634999985,51.95218397199642
ppo_privilege_gru_0722_long45_clip020_hard,32,3276800,-0.0002827662141857701,0.1361993918427113,0.0601577976930647,0.8083266198757615,0.9167984739914078,0.20071242438714132,0.07786773937363728,0.07168635929828122,0.04244785601249216,0.9173381906898067,0.8968288818982507,0.003601211651985063,0.00781297218054533,0.03199706948362291,0.08390624821186066,18.270009011030197,43.65532302856445,0.7905974119901658,16,16,False,34,145,0.23448275862068965,0.04615091804732193,4.8356879979915695,0.35456345193752664,0.44456884296668325,0.08602718073858702,93.30985407700064,17.288223720999667,51.593431489003706
ppo_privilege_gru_0722_long45_clip020_hard,33,3379200,0.0009240368574676694,0.134783171494413,0.05727049660813915,0.7356180529791534,0.8937123707510777,0.218752332695746,0.07908544618030434,0.05081401029307999,0.03545554703597394,0.8844531526183211,0.8957188900500014,0.1829738233939861,1.1599705219268799,0.04234863235615194,0.08039062470197678,27.087671041488647,64.6398696899414,0.6460195992141962,16,16,False,29,144,0.2013888888888889,0.13348271102535125,5.28342533411901,0.42147619080447934,0.43542800402127857,0.06613101669950519,93.64250158899813,17.227055816008942,51.442810519001796
ppo_privilege_gru_0722_long45_clip020_hard,34,3481600,0.0013104994940933423,0.10736024552434538,0.041632663250980716,0.8101939801733065,0.9283411247413169,0.184608961545675,0.0671848266107138,0.030111529503015707,0.016080499891247633,0.916783227323377,0.9397572574184154,0.004635035235842223,0.009218131192028522,0.03772460874824901,0.08976562321186066,21.882631421089172,50.25653076171875,1.0284561827778815,16,16,False,27,143,0.1888111888111888,0.1645447865467747,5.527063206462255,0.3953998711852402,0.4593888075271259,0.058474982519613874,91.67610956600402,17.17283218499506,51.27163814500091
ppo_privilege_gru_0722_long45_clip020_hard,35,3584000,4.665183844743126e-05,0.11593764222682834,0.06788606406810596,0.7803825129474586,0.9025542927040032,0.20026692700697588,0.09983961794552515,0.03160835744668082,0.0359325101906868,0.8891378683961184,0.8970177675504122,0.024000176337958687,0.28121843934059143,0.020214842894347385,0.06695312261581421,25.81407591700554,115.008056640625,1.0171637937426568,16,16,False,31,144,0.2152777777777778,0.08789123993949345,4.745199029174976,0.337533968461999,0.4333642500282254,0.07771658295865705,94.35497302099247,17.23601503999089,51.5434660630126
ppo_privilege_gru_0722_long45_clip020_hard,36,3686400,0.0014532179544586299,0.10553615823017097,0.033119653220803735,0.8052276826013088,0.9398761123616385,0.17622000739182644,0.0484322032395471,0.03485230906851547,0.017807103202060377,0.9364282562972253,0.9247613109761392,0.03935437047286541,0.5077372789382935,0.0452880845987238,0.08671874552965164,30.855484515428543,66.11197662353516,0.4131164710968733,16,16,False,26,142,0.18309859154929578,0.1742901142967888,5.200612716450004,0.2992348137564105,0.4466428744050575,0.08358639720609698,91.70100846899732,17.204775492005865,51.487102616010816
ppo_privilege_gru_0722_long45_clip020_hard,37,3788800,0.0008811658301488556,0.10991881699519526,0.04034493307919952,0.7624667392990607,0.9134040977290547,0.17733922440851674,0.055955124102715414,0.04249840958187373,0.024734742055683635,0.9144745770518136,0.8924556792322226,0.09525243267242328,1.4367889165878296,0.05558105342788622,0.11476562172174454,27.872112423181534,67.60687255859375,0.37200338430702684,16,16,False,25,142,0.176056338028169,0.1876218063282098,5.023846024685347,0.3747423731551908,0.43346292083419,0.08081581393827236,92.1060189879936,17.232954226012225,51.298466880994965
ppo_privilege_gru_0722_long45_clip020_hard,38,3891200,0.00018743946175092674,0.09464123616743017,0.050555188328621437,0.8170328308876428,0.9056036850191177,0.16768364875973396,0.08052048593725912,0.021598823575126394,0.02058989071998375,0.8861850269375351,0.9286485312568098,0.4778948193653195,2.182830572128296,0.04259277278470108,0.11382812261581421,28.671764492988586,108.11360168457031,0.6596221972256899,16,16,False,29,145,0.2,0.12136680017653707,4.88892447701891,0.33898693741662855,0.4547596379029238,0.0860716632510386,94.46749630400154,17.356493455998134,51.48639473700314
ppo_privilege_gru_0722_long45_clip020_hard,39,3993600,0.0009968705220761986,0.10321363689315494,0.045171325956759656,0.8014478602170196,0.9131095630301644,0.1747317039922388,0.06875451504454298,0.031695569794071066,0.021588136868976312,0.9023147389041324,0.9273154985141054,0.04259217086641001,0.5860247015953064,0.06044921746070031,0.203125,22.13790515065193,61.77497863769531,0.5062178317457438,16,16,False,27,144,0.1875,0.16827143050493837,5.626208436589041,0.3223551745172218,0.439421121937971,0.08097474658765225,94.61635897000087,17.27521597899613,51.653175180006656
ppo_privilege_gru_0722_long45_clip020_hard,40,4096000,0.0011162308113839003,0.09576172178166735,0.0317041621041595,0.7853072721173076,0.9288605623848384,0.14187302929055623,0.03959697216368327,0.04965041427277843,0.023811352044635734,0.9316685068973234,0.8980667382487846,0.1286904833416338,0.7953895330429077,0.062436522137431893,0.16124999523162842,15.60369473695755,48.757659912109375,0.44408217296004293,16,16,False,26,144,0.18055555555555555,0.18134819990824794,5.02307634979198,0.3649040375911396,0.45483494325965107,0.07250579965395297,95.03909158500028,17.28925750599592,51.61773067199101
ppo_privilege_gru_0722_long45_clip020_hard,41,4198400,0.002644651161353928,0.09325566890171817,0.04765289785395937,0.7981999728265105,0.9127049077450986,0.16165663317848053,0.0710239042940684,0.02485470462495581,0.024281891413850353,0.900844433557648,0.9276524199675663,0.007838865620724389,0.017863374203443527,0.08600585725798737,0.19859375059604645,33.48940093815327,84.49906921386719,0.4963455267250538,16,16,False,26,141,0.18439716312056736,0.17118694990771574,4.99725283860416,0.38077846736602766,0.43934921269043664,0.0783036573129582,94.26462860198808,17.19021612999495,51.11982401700516
ppo_privilege_gru_0722_long45_clip020_hard,42,4300800,-0.00016629220986974502,0.12167897409776403,0.039646717243737604,0.7585436960864878,0.9245242867255212,0.20070614684359928,0.06190701043128508,0.042651801351928774,0.017386424056190123,0.9096650228932206,0.9418335950748641,0.009629071363597176,0.10539832711219788,0.02899413983686827,0.07499999552965164,21.5682193338871,41.162803649902344,0.5611178759485483,16,16,False,30,143,0.2097902097902098,0.12021894174507375,5.563453501639746,0.3205641701858542,0.42627033780927204,0.08362143502571456,95.92345390999981,17.17147714199382,51.39303295400168
ppo_privilege_gru_0722_long45_clip020_hard,43,4403200,0.001013113780468089,0.08225053350141252,0.021936007099889333,0.8040321232912453,0.9493989648319275,0.1329655785471046,0.028087899059311146,0.03153548845572043,0.015784115140467517,0.9510532693308059,0.9276277601185936,0.01831460514193168,0.11553116887807846,0.06415527238277718,0.1951562464237213,28.138693630695343,77.59791564941406,0.4229216042906046,16,16,False,25,145,0.1724137931034483,0.21051323388338608,5.876531764028624,0.35717753818983183,0.4379759011373787,0.07215178211987251,95.68012832201202,17.266478802004713,51.78700103699521
ppo_privilege_gru_0722_long45_clip020_hard,44,4505600,0.002717393453348649,0.11299466931907894,0.027543360659037147,0.7887509335450321,0.9487477389961178,0.19290344880661422,0.04191367119002768,0.03308588983154362,0.013173050128046614,0.9445802711962658,0.9478885297673932,0.0857364465784485,0.6390090584754944,0.08574706831132062,0.21156249940395355,107.5397974550724,852.1771240234375,0.3790728684514761,16,16,False,34,144,0.2361111111111111,0.05311427958750836,5.249938189993942,0.35391203488475936,0.4462033670102077,0.0766170360689483,96.33337088300323,17.27777137699013,51.44695020199288
ppo_privilege_gru_0722_long45_clip020_hard,45,4608000,0.0007991268839396826,0.09602405394756498,0.04389684244187292,0.8131389497723662,0.929177078953282,0.16966605473748547,0.06371183316980604,0.022382053157644504,0.024081851713939798,0.9177201716285799,0.9389775947947203,0.11069240521668688,1.7165725231170654,0.03312988186371513,0.1159374937415123,27.44808466732502,76.30994415283203,0.582766893133521,16,16,False,26,140,0.18571428571428572,0.17307388119223024,5.471284194147384,0.3892455946908293,0.462284922963019,0.06608420633960965,96.9945887119975,17.03698702499969,51.03925007900398
ppo_privilege_gru_0722_long45_clip025,1,102400,0.009249188585938706,0.22842687677454587,0.17396116385642058,0.10238142722100074,0.6211697350443632,0.34710617631484125,0.18860901186375695,0.10974757723425047,0.15931331584908423,0.6038145037468354,0.5865283103675676,0.19007756413309834,2.1500465869903564,0.11631347425282001,0.47984373569488525,80.60337942838669,254.43116760253906,2.5946134328842163,16,16,False,54,159,0.33962264150943394,-0.23055848805200252,3.503862829655375,0.3090019532907204,0.43090997908191037,0.08736558703054961,91.26261257199803,17.577770294999937,52.62756667299982
ppo_privilege_gru_0722_long45_clip025,2,204800,0.000495560449473964,0.12495191186074082,0.054220332424735555,0.503557913514539,0.7883287668812927,0.18675018316870473,0.07100254611369551,0.0631536405527769,0.037438118735775607,0.7848509189948786,0.7675578062951997,0.05327316832437645,0.7621027231216431,0.032070311877760105,0.057734373956918716,20.485760241746902,54.9527702331543,0.8417639873921872,16,16,False,56,155,0.36129032258064514,-0.28264640615012043,2.9950780664640506,0.3965201168975116,0.4396085548716442,0.10479488402695418,93.09508365799411,17.505166614995687,52.302117278995865
ppo_privilege_gru_0722_long45_clip025,3,307200,0.0006356562339169813,0.11789542479512687,0.07617291685138133,0.6104259811744341,0.7918221281935114,0.16998899116514835,0.09265451743901462,0.06580185842510543,0.059691316263748045,0.7405431502038791,0.7707507271417299,0.09012275693792617,0.8472349643707275,0.0450732411336503,0.10726562142372131,34.31717982888222,98.64319610595703,1.7582313850522042,16,16,False,61,159,0.3836477987421384,-0.3339182680728233,3.1420734525309975,0.3077558151935778,0.43965300201509183,0.10198548491202382,93.28071138100495,17.62738203399931,52.644756955996854
ppo_privilege_gru_0722_long45_clip025,4,409600,0.0025136842815483007,0.10670264474669448,0.06957739182977654,0.6447377038896298,0.803334491853027,0.15472519309888116,0.10902983823975645,0.0586800963945078,0.030124945419796604,0.761330690479244,0.7952105239722975,0.06413651054579532,0.8524042963981628,0.0614501943346113,0.15507812798023224,37.97085486352444,128.07205200195312,2.43338378444314,16,16,False,64,158,0.4050632911392405,-0.3629100443484284,3.4300508024423957,0.29409419354738237,0.45582216756302263,0.08683440988222467,91.41532272999757,17.69308724500297,52.7420826919988
ppo_privilege_gru_0722_long45_clip025,5,512000,0.0003985160147568223,0.09821716721968789,0.11418498605065064,0.6588101451569779,0.7577425026823414,0.15290077164766744,0.17118150815972638,0.04353356279170839,0.05718846394157491,0.7094276655923285,0.7366087116665545,0.008658574516593943,0.03168805316090584,0.038769530361605575,0.09851562231779099,20.96640232205391,42.17689895629883,2.4872404873371123,16,16,False,55,155,0.3548387096774194,-0.25748256798828134,3.2990571160215834,0.325265849323511,0.42090670319197426,0.09199733751246114,92.71158513199771,17.604126138998254,52.558121261005
ppo_privilege_gru_0722_long45_clip025,6,614400,3.948625146222434e-05,0.12019641953439003,0.06454982668259329,0.6483846278014891,0.8119078323213276,0.19705589437519477,0.09794125077042942,0.04333694469358527,0.031158402594757148,0.7503009986255471,0.8044457583689647,0.008504400650563182,0.06682674586772919,0.018618163972860202,0.06804687529802322,13.10410338640213,27.525671005249023,1.5214419573545457,16,16,False,58,163,0.3558282208588957,-0.28834113027444946,3.216717362190218,0.34654954260027276,0.47588967739261917,0.09423522725679388,93.41657490999933,18.004587342002196,53.295459105997
ppo_privilege_gru_0722_long45_clip025,7,716800,0.0030257414656080783,0.10570552176036342,0.08332207310529498,0.6572475959084119,0.8142809137696264,0.1724711023101009,0.10961372942265582,0.03893994121062591,0.05703041678793414,0.7903321147753319,0.7535102584484983,0.012204848513065372,0.028502756729722023,0.06596679490758106,0.24187499284744263,49.5385519862175,134.709228515625,1.2799776624888182,16,16,False,39,148,0.2635135135135135,-0.04884010945224752,3.8951833241119784,0.3762196146732189,0.4449316275479318,0.08854351924653135,93.53934392099472,17.36975044800056,51.71873259700078
ppo_privilege_gru_0722_long45_clip025,8,819200,-2.2713557409126395e-05,0.09370553421804463,0.08490895944742709,0.7027235101205107,0.826862686699956,0.1418335973876301,0.09389652360019964,0.04557747104845916,0.07592139529465457,0.7925504230544448,0.7502091497118963,0.1308304032216256,0.7474508285522461,0.02390624947656761,0.04859374836087227,17.449101462960243,48.89731216430664,1.0920081287622452,16,16,False,47,150,0.31333333333333335,-0.15947942257393413,3.312065045490097,0.35061911341635016,0.461309000171817,0.08215821590639355,93.19522141299967,17.480622347000462,52.18674900600308
ppo_privilege_gru_0722_long45_clip025,9,921600,0.0009631767272209046,0.08656617739259419,0.04311453987338994,0.7001952871511997,0.8481700413752516,0.13170801026212556,0.06263699866072735,0.04142434452306284,0.023592081086052527,0.8272202965003823,0.7629366281376733,0.0207918112759944,0.22228163480758667,0.04546874893276254,0.10343749821186066,19.003526598215103,39.3247184753418,1.1020401999354363,16,16,False,52,153,0.33986928104575165,-0.19927218926925727,3.975802834412972,0.32323017198579734,0.4451529171266438,0.07894067429099294,94.20171754500188,17.635164145998715,52.36306109099678
ppo_privilege_gru_0722_long45_clip025,10,1024000,0.0018568621744634584,0.08834672724240956,0.05597375391019864,0.7063030273841884,0.8710389590040457,0.12619863038458476,0.06268988203298498,0.050494824100234384,0.04925762578741234,0.8605063248212955,0.780952133551607,0.046125084972591136,0.61147540807724,0.04921386665228056,0.1810937523841858,37.08437801897526,107.72733306884766,0.991397362947464,16,16,False,44,148,0.2972972972972973,-0.07615478354553544,4.769322734763065,0.331526468146714,0.4462680264325919,0.08511555641627695,93.1934182279947,17.265747498000565,51.838357330998406
ppo_privilege_gru_0722_long45_clip025,11,1126400,0.0034538413102929155,0.08446049916973498,0.057740208342478526,0.7052548285846231,0.8550036056523178,0.12905146101666753,0.07218971823915914,0.0398695373228024,0.043290698445797915,0.8304904271335658,0.7846527708599976,0.15769063664018176,0.7367793917655945,0.08823730230506044,0.2317187488079071,62.18782812356949,164.79530334472656,1.0186143539845944,16,16,False,54,156,0.34615384615384615,-0.24249966174005594,3.520175793062475,0.3360253659845891,0.4466852475986193,0.09867655966033435,92.48231390300498,17.633965169006842,52.571455896999396
ppo_privilege_gru_0722_long45_clip025,12,1228800,0.0011366183595691304,0.06337607950848455,0.034585382180421974,0.803856494204286,0.9047926852211707,0.08414369763610073,0.047511100160224855,0.04260846138086832,0.021659664200619086,0.9009956867693855,0.8526012518058118,0.37576801521820014,2.144320011138916,0.03924316345182888,0.11656250059604645,26.831253677606583,86.27902221679688,0.7571799155324698,16,16,False,38,148,0.25675675675675674,-0.005514448446874123,4.914648555103051,0.3827886688185176,0.45654878109449293,0.06633492405486763,93.02292896599829,17.38796241700038,51.72423968899966
ppo_privilege_gru_0722_long45_clip025,13,1331200,0.0005857855168867054,0.0797727995776211,0.040391220790890865,0.7352935335911829,0.8943158416731258,0.11685429608421112,0.05802210411939689,0.042691303071031056,0.022760337462384827,0.8588058675940174,0.8451877660142948,0.006822641397448023,0.04200715944170952,0.019902343346984708,0.06539062410593033,26.51334321498871,57.720272064208984,0.6792493332177401,16,16,False,54,153,0.35294117647058826,-0.26267054093142533,2.804466537547677,0.32385026509469184,0.46161434009505525,0.08535516578482451,93.09633389800001,17.554942609996942,52.353863483003806
ppo_privilege_gru_0722_long45_clip025,14,1433600,0.0036547484299536137,0.07705645950322668,0.03529158628965452,0.7565061670931693,0.8889076496816751,0.11149792191606923,0.048072945696733135,0.042614997090384084,0.022510226882575902,0.8813056517075402,0.8346134258261066,0.08290619203529787,0.6153122186660767,0.08052245881117415,0.24117186665534973,57.96683269739151,149.72586059570312,0.976951963454485,16,16,False,57,157,0.3630573248407643,-0.27245903621566137,3.156483556859032,0.3137690266152612,0.4503032486541986,0.08917775541377534,92.10156422400178,17.724499997995736,52.9232863799989
ppo_privilege_gru_0722_long45_clip025,15,1536000,0.000540652619783942,0.08825938316194443,0.04679000912213106,0.741546206125655,0.8809596241671693,0.14615947667670062,0.07325015449515147,0.030359289647188245,0.02032986374911066,0.8669107610252539,0.8299890299214211,0.0762486014685419,0.5607118010520935,0.03465820255223662,0.07468749582767487,15.907446086406708,52.06399917602539,0.7284081496298314,16,16,False,52,154,0.33766233766233766,-0.2105580121364606,3.76883358470001,0.3507488594750263,0.45603947102798337,0.09600772725810491,92.13717492199794,17.585483439994277,52.34400954400189
ppo_privilege_gru_0722_long45_clip025,16,1638400,0.00022525387161298482,0.09457880978259105,0.03797467107520206,0.7036184236090371,0.8844667085205367,0.16445738100549945,0.061696888513890144,0.024700238559682654,0.014252453636513982,0.8519412928064855,0.8484629061999716,0.12815305685420753,0.6890586018562317,0.02677734314056579,0.06492187082767487,16.413549572229385,34.79922103881836,0.6454589899629355,16,16,False,47,150,0.31333333333333335,-0.13628585395095594,4.318173231988093,0.33811854532230273,0.45325565807109847,0.08833899573273553,91.39947105800093,17.288618336999207,51.863605952996295
ppo_privilege_gru_0722_long45_clip025,17,1740800,0.0022313450260298406,0.08117107722105014,0.06983840661274479,0.7752449126519555,0.8952408674605807,0.13282568031539077,0.07750151398092556,0.029516474126709543,0.062175299244564025,0.8738889652299504,0.8182252712277942,0.21982140504725975,2.4329986572265625,0.06841796793742105,0.19499999284744263,38.54932376742363,113.51654815673828,1.0163086779415607,16,16,False,44,150,0.29333333333333333,-0.0874894856960309,4.47930952544018,0.2878998006303438,0.4396221229586331,0.09864149681843379,91.54161968799599,17.432229746002122,51.74797641100304
ppo_privilege_gru_0722_long45_clip025,18,1843200,0.0008077274656170808,0.06769686668161512,0.02913401692515218,0.7885260581932347,0.9053961444373485,0.09657406258668619,0.040661538502923,0.03881967077654401,0.017606495347381353,0.886857256256301,0.860999358905661,0.00792752520588692,0.02293103002011776,0.037568358529824764,0.10007812082767487,19.518451422452927,54.95587921142578,0.7248463857918978,16,16,False,39,146,0.2671232876712329,-0.004948628960262297,5.7626015868202085,0.2903684982692288,0.4474924381745691,0.07976564508284832,93.48628238299716,17.207893682003487,51.45271973199851
ppo_privilege_gru_0722_long45_clip025,19,1945600,0.0007430733053297445,0.08363769252901868,0.03705092280858402,0.7323958120893415,0.8818533428614291,0.13070072335185015,0.05533771934357123,0.0365746617061872,0.018764126273596814,0.8503638247236996,0.8406371716398656,0.0069923002120049205,0.019335687160491943,0.037436522979987785,0.13007812201976776,31.78317043185234,92.73048400878906,0.8859555512666702,16,16,False,57,157,0.3630573248407643,-0.26289136283938,3.92452041897405,0.2973109818974215,0.45409211984256104,0.0855064502522823,92.6537775350007,17.718491110004834,52.77147862200218
ppo_privilege_gru_0722_long45_clip025,20,2048000,0.0006520594525318835,0.07585904014339116,0.03378805309269584,0.7367503328153819,0.8917840998460667,0.11908967263587876,0.046939693593104265,0.03262840765090356,0.020636412592287413,0.857757260254139,0.7963738031221008,0.006918521092447918,0.02570163458585739,0.041889647822245024,0.134765625,33.21199296414852,114.26483917236328,0.7107631675899029,16,16,False,52,151,0.3443708609271523,-0.23282864049839438,2.954161924877872,0.3518246621062561,0.44826341701019706,0.08398322239201855,93.14996874099597,17.35863770799915,52.1380281909951
ppo_privilege_gru_0722_long45_clip025,21,2150400,0.0004971862473395205,0.0712213741161759,0.0424614098510758,0.7736259483988961,0.8984440110223451,0.11823890859136567,0.06687715276511912,0.024203839640986144,0.018045666937032488,0.8707834085589898,0.7787819338890531,0.40761520620559166,2.362548351287842,0.03737792861647904,0.08117187023162842,25.980837538838387,53.770381927490234,0.7950436241924763,16,16,False,50,158,0.31645569620253167,-0.18588169877723779,3.2465663175232655,0.34551135027562596,0.43911007484647596,0.09451481251329262,93.38340515299933,17.829435067993472,52.80746954099595
ppo_privilege_gru_0722_long45_clip025,22,2252800,0.0007048632170699454,0.07605107115753412,0.026166240001559527,0.7549976979712629,0.9152982980974326,0.11602259660156206,0.03621823093335058,0.036079545713506224,0.01611424906976848,0.9108112571934524,0.8332211847918771,0.007724293931096325,0.017241770401597023,0.0509521476997179,0.15460936725139618,34.908062279224396,100.16810607910156,0.49117622412741185,16,16,False,44,150,0.29333333333333333,-0.09092873324810642,4.541319539916784,0.3253960545623702,0.42654193960644043,0.08960054371620653,93.70915071199852,17.483505378004338,51.88430165900354
ppo_privilege_gru_0722_long45_clip025,23,2355200,0.00030042472261682107,0.07474704977791524,0.030379166888513373,0.788827476179639,0.9138207322924581,0.11956667083644361,0.0472105048439885,0.029927428719386858,0.013547828933038242,0.8996613565908348,0.8653384375442297,0.044843281663779634,0.6106725335121155,0.028432616769350716,0.0729687511920929,22.445047810673714,68.69205474853516,0.7168156541883945,16,16,False,51,151,0.33774834437086093,-0.1938171137230238,4.054693246326628,0.29892743015916673,0.4255306231610035,0.08707319447571654,93.62159053300275,17.477538574996288,51.9831109509978
ppo_privilege_gru_0722_long45_clip025,24,2457600,0.003660937200311354,0.08607551192839484,0.030255788585146055,0.7458565668973403,0.9102930415482747,0.13854352934525227,0.041576480838956015,0.03360749451153745,0.018935096331336092,0.8985650915801704,0.8299961443101446,0.07180800187517888,0.4963761866092682,0.08269531013502274,0.2338281124830246,45.375746726989746,129.89459228515625,0.5033993743360042,16,16,False,42,148,0.28378378378378377,-0.06707231122803667,4.5161144406747615,0.31677625998805403,0.47059668622933026,0.09029184828605497,94.27523254099651,17.27044473600108,51.57438464200095
ppo_privilege_gru_0722_long45_clip025,25,2560000,0.0008069895586118037,0.07094091101931638,0.03357727016639758,0.7715375738027691,0.8902691830712112,0.12170973681732727,0.048572676366224844,0.02017208522130547,0.01858186396657031,0.882202338782558,0.7829618392898697,0.006910252061643404,0.013935425318777561,0.04223632700450253,0.11757811903953552,26.26824827492237,72.52066802978516,0.40848945192992686,16,16,False,31,146,0.21232876712328766,0.08199525195083623,4.538891460569021,0.37942666591771895,0.45241279346469615,0.09110438161417055,91.01599958300358,17.29392081699916,51.536350445996504
ppo_privilege_gru_0722_long45_clip025,26,2662400,0.0009112916762035184,0.09377889724521304,0.0868243711333961,0.7672970951131747,0.8999420280802554,0.15317988796896428,0.12737992359320618,0.034377906521461804,0.04626881867358601,0.8729114263874241,0.8950303826131834,0.10303197877597994,1.5113682746887207,0.029921874083811417,0.09328124672174454,22.702340483665466,79.13042449951172,0.9152539975941181,16,16,False,44,147,0.29931972789115646,-0.11949996101579408,3.7503169875840703,0.33032679095289447,0.4556662493996352,0.07517767018365067,92.19609265000327,17.22538330200041,51.61756720899575
ppo_privilege_gru_0722_long45_clip025,27,2764800,0.0025435065876084906,0.0899788004671642,0.0329784262031122,0.7855586454467558,0.920910307295297,0.1637101953535759,0.05359348310173519,0.016247405580752498,0.012363369304489199,0.9087277257279194,0.8436557336401358,0.006165050476847678,0.037508275359869,0.017163085352876806,0.049687497317790985,17.507407322525978,44.84752655029297,0.4899251122027636,16,16,False,51,157,0.3248407643312102,-0.20190821482400817,3.201050337660998,0.32186340614739184,0.4614332651983909,0.09605564937946785,92.97731240499706,17.687788511997496,52.68573074800224
ppo_privilege_gru_0722_long45_clip025,28,2867200,-0.0007458517098433148,0.08834753509594083,0.04158610530013149,0.7937329120720639,0.9104734799096977,0.1568619218243724,0.06510916691729576,0.019833148367509282,0.018063043682967194,0.8966823326287104,0.8228443529141996,0.10336762221821118,0.8233024477958679,0.019687499487190507,0.04117187485098839,9.823710069060326,20.01017189025879,0.5865114443004131,16,16,False,41,148,0.27702702702702703,-0.036540672831779704,4.929646470865919,0.3500555336109349,0.45225988060458155,0.06983763975434899,93.3987182100027,17.287871448999795,51.64229870700365
ppo_privilege_gru_0722_long45_clip025,29,2969600,-0.00039241078890883685,0.0847996423492482,0.02406431954141562,0.8220097844424828,0.9511800614024509,0.13827013080745576,0.03330443981535356,0.03132915389104064,0.01482419926747768,0.9488325776429261,0.8978171559880402,0.004738718587323092,0.010514669120311737,0.021528320081415586,0.050078123807907104,14.9479009360075,47.11383819580078,0.6934153661131859,16,16,False,40,143,0.27972027972027974,-0.04596057642007483,5.024220503850563,0.41225033064330796,0.46466544454696823,0.06735390885886079,91.44421723000414,17.083571267998195,51.20522926099511
ppo_privilege_gru_0722_long45_clip025,30,3072000,0.0010340105323303206,0.09282809588467561,0.0427822834736043,0.811480020422872,0.9137156116486405,0.14845292628387655,0.06499814672599444,0.03720326548547466,0.02056642022121415,0.9016659331047473,0.8898924510734723,0.0919149793899851,1.3129264116287231,0.033930663019418716,0.06656249612569809,18.171289056539536,37.10612487792969,0.9553266488015651,16,16,False,43,148,0.2905405405405405,-0.07819671036313873,4.372516477812837,0.31595552294284124,0.4457215404024788,0.07806131237632563,91.85661939800048,17.415665314998478,51.77101612400293
ppo_privilege_gru_0722_long45_clip025,31,3174400,5.2969623657195264e-05,0.10201630279143686,0.056787068593597105,0.7837286157596564,0.9187647046981093,0.17321573121228692,0.08894487705529236,0.030816874370586805,0.024629260131901826,0.9059096057365611,0.8688949882072899,0.04460479242792644,0.6289008855819702,0.03223632758999884,0.07421875,18.926378458738327,46.16485595703125,0.6670225635170937,16,16,False,44,150,0.29333333333333333,-0.09266969519521921,4.435151502116085,0.31459473747124556,0.46234465800777436,0.08111842041352127,94.08278538900049,17.476441236998653,51.82356145599624
ppo_privilege_gru_0722_long45_clip025,32,3276800,0.0007847924215640401,0.09049824348361137,0.07152097919987646,0.7568010759212054,0.8932826659769038,0.15675267322705855,0.0957713382855286,0.02424381374016419,0.047270620114224345,0.8778977354260585,0.8893875042257873,0.0587463874000241,0.856954038143158,0.030800780790741555,0.06437499821186066,17.852880775928497,64.97246551513672,0.6971201103180646,16,16,False,30,144,0.20833333333333334,0.09731222003407031,4.621664220109899,0.34414233789335835,0.4259477573609438,0.08535638408122082,96.4781103580026,17.233440397001687,51.205231326996
ppo_privilege_gru_0722_long45_clip025,33,3379200,0.0020418427306685416,0.07370053817455163,0.02901916238227122,0.8097616078981019,0.929783056146455,0.11054652898860699,0.037798834091293816,0.0368545473604963,0.02023949067324863,0.936329686589256,0.8569972063419565,0.04452631404856219,0.5609651803970337,0.0528662104261457,0.2943750023841858,32.5391771197319,165.57994079589844,0.48075306341052054,16,16,False,31,144,0.2152777777777778,0.08421776552194918,4.638481158719419,0.40620907617372354,0.4699469483159717,0.0693953930465047,93.230569956002,17.13617384799727,51.34330549299921
ppo_privilege_gru_0722_long45_clip025,34,3481600,0.0003941057022438521,0.08142909040639702,0.01645582225448922,0.8337450080136796,0.9659528342810729,0.13823428245942534,0.025658184049594995,0.024623898353368756,0.0072534604593834425,0.960117125755036,0.9360876506718353,0.10889122694381513,0.8739697933197021,0.022285155748249963,0.03734374791383743,17.72108420729637,45.36720275878906,0.3452062033116817,16,16,False,41,148,0.27702702702702703,-0.042836436576555816,4.826315268236898,0.33789237941593253,0.4482379284918106,0.07877974066037906,93.32172281500243,17.32474716500292,51.80594408100296
ppo_privilege_gru_0722_long45_clip025,35,3584000,0.0010092686947609786,0.0673138108007898,0.022949478951870605,0.8054843772431876,0.9334178935144526,0.10181742901027528,0.0313258124091892,0.032810192591304306,0.014573145494552015,0.933018592135756,0.9047386773201231,0.008533369805372781,0.020232584327459335,0.05739745910977945,0.18515624105930328,34.604341089725494,92.67866516113281,0.490876686014235,16,16,False,26,140,0.18571428571428572,0.15720243193117142,4.634156991241691,0.37717317673747025,0.43738314517532095,0.059982909064960614,90.77231164000113,17.028919021002366,50.98975235300168
ppo_privilege_gru_0722_long45_clip025,36,3686400,0.00025973340345442075,0.09446326803585704,0.02794578664574843,0.8073937841831409,0.9442342820084432,0.1480241597840203,0.042006132464682454,0.040902376287693734,0.013885440826814413,0.9365418657988601,0.9019002834831726,0.03881503366792458,0.5339158773422241,0.031293944535718765,0.10304687172174454,25.84988847374916,77.67296600341797,0.3638677027076483,16,16,False,48,157,0.3057324840764331,-0.12506773075982663,4.622781302540317,0.2823419630047035,0.44527478506810136,0.1012885059880286,94.70809391600051,17.636329635999573,52.681054976004816
ppo_privilege_gru_0722_long45_clip025,37,3788800,0.0008585450615465895,0.09371611807256758,0.03269300311809089,0.7911260540720162,0.9315235340503747,0.16488952023502254,0.05111156012541582,0.022542715910112622,0.014274446110765962,0.9198841270131086,0.9067780214435959,0.0064713161624968055,0.012393931858241558,0.03673339725355618,0.09296874701976776,28.52780021727085,70.76982879638672,0.6601162139326334,16,16,False,42,145,0.2896551724137931,-0.062338342274801305,4.846781383162061,0.34244548043045364,0.44611363401424337,0.08284824399455754,95.45298064599774,17.152195359005418,51.37106323000626
ppo_privilege_gru_0722_long45_clip025,38,3891200,0.0014222735618747429,0.08511894271121447,0.035977968861265704,0.8288142564871029,0.9324879496978121,0.15223364214362411,0.056507431989164296,0.01800424327880484,0.01544850573336712,0.9164045983356632,0.917611305394272,0.13362427065876545,0.7143057584762573,0.038793944484496024,0.09398437291383743,33.40813209116459,70.35414123535156,0.6273388538509608,16,16,False,41,147,0.2789115646258503,-0.05930380757597974,4.520587609942759,0.36600861025439496,0.44487458349570064,0.07090355395160064,95.5110682509985,17.274413737999566,51.521367399000155
ppo_privilege_gru_0722_long45_clip025,39,3993600,4.331312193239789e-05,0.09681454003819528,0.05170932825062754,0.7789098509423534,0.9025006001593793,0.1507584908216493,0.07696966330777548,0.04287058925474127,0.026448993193479597,0.9034464663588024,0.8238745920337112,0.05112345333414851,0.7090924382209778,0.021801757437060587,0.06031249836087227,11.504756942391396,21.315380096435547,0.5741853218525648,16,16,False,44,150,0.29333333333333333,-0.09401877575485908,4.359480992742366,0.31625542381925414,0.4614096461609112,0.08089020615306686,96.0461764549982,17.3865125240045,52.02927360699687
ppo_privilege_gru_0722_long45_clip025,40,4096000,0.00017652031522630285,0.09903628205868849,0.045703576052975016,0.7823811172913612,0.9233458038170995,0.13917199130327979,0.048660104682474226,0.058900572814097156,0.04274704742347582,0.9353431607465925,0.7694065501005469,0.08440915214800043,1.2644203901290894,0.029218749139545253,0.08445312082767487,18.493980050086975,46.249210357666016,0.6500802792608738,16,16,False,46,151,0.304635761589404,-0.1147221564484532,4.294293353299702,0.31932002171231627,0.46158338850758057,0.08562344733881855,95.04059506200429,17.455573204999382,52.056302944998606
ppo_privilege_gru_0722_long45_clip025,41,4198400,0.0015598755655084062,0.08505477454660959,0.03328282007737858,0.8255482244465719,0.9426106468435022,0.13796205603722528,0.04771177138470992,0.03214749305599392,0.01885386877004726,0.9411653112148917,0.8788391706496163,0.007742002449522261,0.017802391201257706,0.054780272468633484,0.15578123927116394,20.748390778899193,66.3057861328125,0.5875299341976643,16,16,False,42,147,0.2857142857142857,-0.07649462790759254,4.1878438203380535,0.3698284091751376,0.440166833164849,0.08293508910499753,95.38579089400446,17.290990996996698,51.58949195999594
ppo_privilege_gru_0722_long45_clip025,42,4300800,0.0013294834316361914,0.09894899379786307,0.03037009078395049,0.7881591704413767,0.9346705912902484,0.1655805691946315,0.047461102489800865,0.03231741840109463,0.01327907907810012,0.9304421197542597,0.9130849762433892,0.042454951240797525,0.545543909072876,0.052431639487622306,0.13414062559604645,31.64611315727234,79.52718353271484,0.43368121311068536,16,16,False,37,148,0.25,0.037831005641862335,5.965641359053532,0.32917583144253953,0.4352537063191151,0.07914346318561462,93.64927797999553,17.35448155499762,51.64484411500598
ppo_privilege_gru_0722_long45_clip025,43,4403200,0.0007666788942697067,0.08715138356475037,0.023959512729427222,0.8043641175369848,0.9453169892147404,0.13037046295535176,0.029789968000319984,0.04393230417414902,0.018129057458534457,0.9501813676425288,0.8915049614851531,0.03735676105687162,0.47600120306015015,0.054716796112188604,0.126953125,22.490007132291794,63.923439025878906,0.30517357438802717,16,16,False,30,139,0.2158273381294964,0.08273498766491741,4.104047848588384,0.3453132047561295,0.44319792021711013,0.08163857811484865,93.69118745699961,16.95103077499516,50.663792024999566
ppo_privilege_gru_0722_long45_clip025,44,4505600,0.0003087240802051028,0.07699979530747911,0.020739202674368448,0.8351213359381259,0.9563670444548584,0.13045415752383735,0.028992642425609914,0.02354543309112083,0.012485762923126977,0.9576788108910943,0.9186176646554176,0.05776925551923341,0.7037084698677063,0.023735351129289484,0.05523437261581421,17.39174860715866,44.57516860961914,0.4536741942167282,16,16,False,37,146,0.2534246575342466,0.003237449283419024,4.619402319889572,0.3578616498692129,0.4510909808415338,0.06807840470952177,94.45850147699821,17.356623394000053,51.41588741599844
ppo_privilege_gru_0722_long45_clip025,45,4608000,0.0022108654119077364,0.07622116823182741,0.021831662622562847,0.7889254098182064,0.9420408898430719,0.13373416308573333,0.03292735152328696,0.018708173377921498,0.010735973721838743,0.9354884543580615,0.9323761985423151,0.009942667204595634,0.021677331998944283,0.06656249902152922,0.1907031238079071,42.45718976855278,102.81428527832031,0.39254477620124817,16,16,False,25,141,0.1773049645390071,0.19007919133319945,5.697567786219467,0.3799869120358555,0.4519508827451765,0.07269743085725254,95.32532166199962,17.031860065995716,51.061915826001496
ppo_privilege_gru_0722_long_clip015,1,102400,0.014013298388745321,0.22842687677454587,0.17396116385642058,0.10238142722100074,0.6211697350443632,0.34710617631484125,0.18860901186375695,0.10974757723425047,0.15931331584908423,0.6038145037468354,0.5865283103675676,0.18558810801885556,2.3920912742614746,0.20425780746154487,0.6774218678474426,101.5652751326561,296.24932861328125,2.5946134328842163,16,16,False,54,159,0.33962264150943394,-0.23055848805200252,3.503862829655375,0.3090019532907204,0.43090997908191037,0.08736558703054961,91.82343270099955,17.607056951999766,52.464904608001234
ppo_privilege_gru_0722_long_clip015,2,204800,0.0025042251959543904,0.11057521156029715,0.06870094330424868,0.5536425659976361,0.7735511675359874,0.15817760948132095,0.083215387902762,0.06297281363927337,0.05418649870573536,0.7572819336955028,0.7958642557636563,0.005739051477285102,0.015216964296996593,0.09640624839812517,0.2292187511920929,29.423925265669823,60.46196746826172,0.9238204680383205,16,16,False,41,148,0.27702702702702703,-0.09642483765085201,3.2926907355923567,0.4273693713651409,0.44045122986773677,0.10223408787329101,93.36904404899906,17.16450320900003,51.44426502799979
ppo_privilege_gru_0722_long_clip015,3,307200,0.002000734939065829,0.1485269746824507,0.08911907437266738,0.4669404421021468,0.7001117745923758,0.22003578945066735,0.12640905078579073,0.07701815991423412,0.05182909795954405,0.6508638868650578,0.7002940366194352,0.10286644230422098,0.8599998354911804,0.07893066154792905,0.1961718648672104,43.245581328868866,113.53363037109375,2.063640411198139,16,16,False,63,159,0.39622641509433965,-0.32244562360956486,4.177056141827316,0.2947445831165943,0.43390675632943554,0.09872791987455612,92.74964527100019,17.63983225800075,52.82085604399981
ppo_privilege_gru_0722_long_clip015,4,409600,0.005776745468174339,0.12803494725243278,0.08532775202232953,0.6403170669352906,0.8212522305310981,0.1916477602299674,0.1182545149285451,0.06442213427489811,0.05240098911611396,0.7794700312331896,0.7611433245796937,0.3748586910657468,2.378282308578491,0.188012687896844,0.349921852350235,96.56992954015732,172.8115234375,1.5419982008635997,16,16,False,68,160,0.425,-0.4101708278491877,3.297867928199827,0.269053852619832,0.4570198788093573,0.10761152214751266,94.35421819200019,17.857975117000024,53.23108671200134
ppo_privilege_gru_0722_long_clip015,5,512000,0.00018505691665721136,0.11865415632705972,0.12939849064483527,0.6682971110764591,0.8176774137772385,0.18682745070624374,0.13299286024801799,0.05048086194787568,0.1258041210416526,0.768537452957987,0.7859791521240712,0.0034106669222455817,0.02034442126750946,0.03796874889667379,0.08023437112569809,24.479503989219666,75.59945678710938,2.192218316346407,16,16,False,52,156,0.3333333333333333,-0.2137920084170487,3.2954871800693653,0.34359694692278,0.4222158851835388,0.08726414702623558,93.54668747299911,17.626968357000806,52.471955438000805
ppo_privilege_gru_0722_long_clip015,6,614400,0.004031428864127523,0.09328875295790112,0.04627428527824841,0.7138602076673269,0.8475376182722726,0.13528161361193972,0.06702698454212544,0.0512958923038625,0.02552158601437139,0.8265588086616389,0.7914159920101751,0.030059676782693712,0.30947551131248474,0.1238818330457434,0.3153125047683716,92.1497437953949,199.40211486816406,1.4313657566905023,16,16,False,47,153,0.30718954248366015,-0.16849197400751564,3.5627729724351367,0.36484643759641505,0.47623946525935806,0.09076917294681035,94.8413967359993,17.552817014999164,52.58200878000025
ppo_privilege_gru_0722_long_clip015,7,716800,0.000668186348912414,0.08642395322557414,0.052102615803311166,0.7360244795963866,0.8262161747941605,0.12491066493034232,0.0702727557985008,0.04793724152080596,0.03393247580812153,0.8161644210183038,0.7927693051352902,0.0028983925475040417,0.005859386641532183,0.05023925669956952,0.1145312488079071,28.915089309215546,74.66773986816406,1.4159452255815268,16,16,False,34,141,0.24113475177304963,0.0006855048623736385,3.4354304995989757,0.4193679184287148,0.44093317495222234,0.07552729411872873,95.84347769499982,17.20795725899916,50.978902516000744
ppo_privilege_gru_0722_long_clip015,8,819200,0.00043107337429315606,0.09149235476399553,0.0430282479275363,0.6766203844370755,0.8485445320078497,0.14535107477812467,0.06491184212761297,0.03763363474986636,0.021144653727459627,0.8337398069114065,0.7935004767322192,0.06505299993601511,0.8403179049491882,0.03377929620910436,0.07640624791383743,22.823099672794342,53.36624526977539,1.1153161235153675,16,16,False,42,150,0.28,-0.08668366518187197,3.4698324297720458,0.3868965232569633,0.4558507199922493,0.08142788613932557,96.50501481200081,17.444127239999943,52.10602760800066
ppo_privilege_gru_0722_long_clip015,9,921600,0.0018792655807192693,0.07073777515018165,0.039701072919752625,0.7407289050719778,0.8552151508769952,0.11618513843717754,0.06388103085129192,0.025290411863185768,0.015521114988213337,0.8208843136401954,0.8441277754102503,0.0036494575288088527,0.009456511586904526,0.0740087874874007,0.2560156285762787,52.55340677499771,153.24505615234375,0.8706536058336496,16,16,False,29,141,0.20567375886524822,0.07841017143229256,3.4651198773409293,0.4252012549137078,0.4377520260520863,0.08044960516360755,95.04304220799895,17.150580905001334,51.34476419099883
ppo_privilege_gru_0722_long_clip015,10,1024000,0.0006091632679453562,0.10001307014834397,0.052228897492037234,0.6800530539406682,0.8508910048461742,0.1619492898695028,0.08066753171423968,0.03807685042718514,0.02379026326983475,0.8160247630103936,0.8163701802462926,0.002512538408918772,0.004565645940601826,0.03937988227698952,0.08374999463558197,22.495504766702652,41.701229095458984,0.7912257920950652,16,16,False,37,148,0.25,-0.02092737955399878,3.5114551813297057,0.38888982647067954,0.44992228900080355,0.07978137209838994,95.1677239519995,17.356776751001235,51.76703853899926
ppo_privilege_gru_0722_long_clip015,11,1126400,0.0008705570633225079,0.08497909049759393,0.06341166985743188,0.7233018252607044,0.8688978809234054,0.13862949892764997,0.09126801429341574,0.031328682067537875,0.03555532542144802,0.8472972771841356,0.8451438603699606,0.08701271808386082,1.1923576593399048,0.04776855374802835,0.09804687649011612,25.19303971529007,59.85481262207031,0.7457137878984212,16,16,False,38,147,0.2585034013605442,-0.05349601972080007,3.100978308129879,0.4419303412720181,0.44563021172771233,0.07299960325704563,93.47167214599904,17.388174724001146,51.63620895999884
ppo_privilege_gru_0722_long_clip015,12,1228800,0.000705011827230928,0.09676801809591147,0.09472771766545016,0.7537315940040399,0.8848864056065504,0.1691485441610995,0.10530822842739905,0.02438749203072347,0.08414720690350125,0.8695263237908126,0.8695269276349787,0.003874855183530597,0.008832313120365143,0.07101562229217961,0.17210936546325684,31.100108236074448,69.1482162475586,0.8619918495416641,16,16,False,43,153,0.28104575163398693,-0.10112788789534766,3.5620945177226155,0.4114295652158303,0.45225882274095297,0.08639050208246186,93.0953310620007,17.559072934998767,52.382668926000406
ppo_privilege_gru_0722_long_clip015,13,1331200,0.0025269625512009952,0.1044029811549132,0.05022113182871055,0.7571671836546608,0.8972963822371917,0.15536381172632366,0.0740869722768796,0.053442150583502775,0.026355291380541494,0.874896198908478,0.8486752176645483,0.0049473695877532,0.01689385250210762,0.09392089593893616,0.2946093678474426,61.42187464237213,204.51153564453125,1.2584727488458156,16,16,False,52,151,0.3443708609271523,-0.24626995981073338,2.790794524543971,0.3058932887617478,0.45285112939749406,0.0991051410301963,91.403870645001,17.509730673000377,52.203771508999125
ppo_privilege_gru_0722_long_clip015,14,1433600,0.003058763638764894,0.08605425953860583,0.04531157475853745,0.7273432707693813,0.8775510297906896,0.14171929967981106,0.07105723788588536,0.03038921939740057,0.019565911631189543,0.8394772338348823,0.9008584453625985,0.3125069399207132,3.094435453414917,0.10422851338807959,0.25703123211860657,43.45800316333771,105.06452941894531,1.1933815374970436,16,16,False,32,145,0.2206896551724138,0.012739380836352213,2.444065198741511,0.4161744022242859,0.4295080260415579,0.0787528777532392,93.82425826700091,17.290118861999872,51.523282296000616
ppo_privilege_gru_0722_long_clip015,15,1536000,0.0026616714989540213,0.09934763234823332,0.052222564429348764,0.7420673889552886,0.8642720748252954,0.1669270752751888,0.07898626053362354,0.03176818942127785,0.025458868325073995,0.8476715315075978,0.8350366209231977,0.04791829086199868,0.6657530069351196,0.10151855142612476,0.20226562023162842,50.34109565615654,111.52989959716797,1.3545633181929588,16,16,False,46,151,0.304635761589404,-0.13921814112248682,3.426273039209949,0.36679823385339605,0.4457660774999352,0.09433328766545769,93.23812465300034,17.55828319400098,52.23458987699996
ppo_privilege_gru_0722_long_clip015,16,1638400,-0.00011844730364818368,0.0835899505796186,0.027292102242941495,0.7851347289058033,0.9294969316104371,0.12205786927808113,0.03792235955534323,0.0451220318811561,0.016661844930539762,0.9301895136991284,0.8720116337568453,0.0030878619127906876,0.013597050681710243,0.02432617131853476,0.04937499761581421,15.5838041305542,33.29201889038086,0.42094546668231486,16,16,False,42,151,0.2781456953642384,-0.08371463526207729,3.918785940070931,0.376541351401268,0.4591982847380057,0.09250272570184798,93.67408115599937,17.52913738999996,52.121547339000244
ppo_privilege_gru_0722_long_clip015,17,1740800,0.003408136779325721,0.08605574956541102,0.030920861067826957,0.7506016142917374,0.9124263044293639,0.13389457461572213,0.043106994352790355,0.038216924515099934,0.018734727782863562,0.9134176448957382,0.8267814878809587,0.007387597016058858,0.03965902328491211,0.09365722339134663,0.20140624046325684,52.366724640131,98.85053253173828,0.6640070289373398,16,16,False,27,138,0.1956521739130435,0.13087253386144487,4.421189771352382,0.33752038573940146,0.4523927905599934,0.07350137341912084,94.49684764599988,16.909356889002083,50.80893648200072
ppo_privilege_gru_0722_long_clip015,18,1843200,0.0034844239356246476,0.07941081401418443,0.03525746234174334,0.8036430514251972,0.9221635827302107,0.13363582096660362,0.052029128577449006,0.02518580706176521,0.01848579610603767,0.9007060904265656,0.9179675560750773,0.058731083185994064,0.843797504901886,0.14825683177332394,0.3572656214237213,63.38696166872978,159.9341583251953,0.7335121128708124,16,16,False,35,148,0.23648648648648649,0.05274509162180124,5.708184487660871,0.29744281338531464,0.4684416631425292,0.08479765494246683,93.003055227,17.330596543000865,51.89564939699994
ppo_privilege_gru_0722_long_clip015,19,1945600,0.00684998379700108,0.10246664553879431,0.06227340824099854,0.7622251069396635,0.8752636983021697,0.1585929640816759,0.07782618084345883,0.04634032699591277,0.04672063563853824,0.8614154087567005,0.8242871132409977,0.03527784940437414,0.40210872888565063,0.2205175762064755,0.4278906285762787,93.21319898962975,190.20921325683594,0.9375332742929459,16,16,False,46,148,0.3108108108108108,-0.12233268435543902,4.6472725850324075,0.3175665589062599,0.4664929715345565,0.09086306971063271,92.81903401499949,17.412853637000808,52.0064172329985
ppo_privilege_gru_0722_long_clip015,20,2048000,0.0025735469734535776,0.0762007306883036,0.031062841662583874,0.8082258970348783,0.9220174622338332,0.12186229503493641,0.04249097358191074,0.030539166341670775,0.01963470974325701,0.9214666967809444,0.8640827169759592,0.11873954111419152,1.0881820917129517,0.11695800453890115,0.2409375011920929,38.12199768424034,79.09058380126953,0.8051487386226654,16,16,False,35,143,0.24475524475524477,0.020436447014787612,4.5901949014582435,0.38750104240919125,0.44094332614851667,0.07059413693803678,95.98137104499983,17.20053003799694,51.27213832900088
ppo_privilege_gru_0722_long_clip015,21,2150400,0.005339974984467588,0.07305071656186318,0.03610262664126938,0.8274615432558601,0.920475390489585,0.12036074388897483,0.05596046862694614,0.025740689234751556,0.016244784655592617,0.9057757637016215,0.8787867973514889,0.0463629783820943,0.6059059500694275,0.17499023163691163,0.3521093726158142,94.3696985244751,176.77084350585938,1.2156955860555172,16,16,False,39,146,0.2671232876712329,-0.07197580517860339,2.824264796233285,0.386603883738396,0.44758572184344686,0.0839893264837554,91.83893792599702,17.21137588000056,51.487501438001345
ppo_privilege_gru_0722_long_clip015,22,2252800,0.0007633128134558742,0.09715633480411733,0.04829844953290041,0.7753009695285429,0.90689296348949,0.14041245009245576,0.06611788130034449,0.053900219515778856,0.030479017765456327,0.9003556168736613,0.8549425343338916,0.006756372431918858,0.06612192094326019,0.0335595694341464,0.11554687470197678,28.821697652339935,107.084228515625,0.753385155275464,16,16,False,45,154,0.2922077922077922,-0.09509254830551304,4.542331252794493,0.3373185956529236,0.44286466191433255,0.08703191323714735,93.21927148299801,17.633082743999694,52.49927861899778
ppo_privilege_gru_0722_long_clip015,23,2355200,0.0007800967640286816,0.07412407287002683,0.04954743739050071,0.810035304154055,0.9150386645033484,0.12887071135736006,0.07426048745516765,0.019377434382693584,0.02483438732583376,0.9105105014732028,0.8634716796300251,0.0035419421331607734,0.017754005268216133,0.030903319930075668,0.08710937201976776,20.297217309474945,60.2949333190918,0.6144653841853142,16,16,False,35,144,0.24305555555555555,-0.0021611573535113868,3.704525834953473,0.3609604575947395,0.4259047902755231,0.08250322798192758,92.60059132900278,17.288051553001424,51.2859565539984
ppo_privilege_gru_0722_long_clip015,24,2457600,0.0021775123312545164,0.12254835218966172,0.04675616287675188,0.7096491203964301,0.8926754825689035,0.20408527354733078,0.06540809542513029,0.041011430831992636,0.02810423032837347,0.8784684396246835,0.7834113438036092,0.06565100123581942,0.7060516476631165,0.07652343576774001,0.18124999105930328,51.00382751226425,103.95932006835938,0.5924329299479723,16,16,False,49,157,0.31210191082802546,-0.15343691820051686,3.9944905002808335,0.3280045612825558,0.4700605377531362,0.08680214171341971,93.92349017000015,17.7763233700025,52.74659842699839
ppo_privilege_gru_0722_long_clip015,25,2560000,0.0015559778663369883,0.08806081403244576,0.038611734790678656,0.78616143719482,0.9171240797069817,0.1518697925019081,0.061204137350719244,0.02425183556298346,0.016019332230638075,0.8914623492380538,0.8617287814761247,0.003392160649491417,0.014511249028146267,0.05155761569949391,0.11546874791383743,26.659342020750046,57.593929290771484,0.7017087880522013,16,16,False,41,149,0.2751677852348993,-0.09652386190589257,3.0553591195817553,0.4088523290810159,0.46972731858415784,0.07709777487446103,94.59459662499648,17.456894307000766,51.91768525700172
ppo_privilege_gru_0722_long_clip015,26,2662400,0.0026306286359978337,0.09009938119343545,0.036595602546917946,0.7338300209028772,0.9025931972566661,0.15262764470713777,0.058897788147154066,0.027571117679733134,0.014293416946681825,0.8870563339620354,0.8949586682067575,0.09368853918247623,0.8005392551422119,0.07831054518464953,0.2311718761920929,26.908763468265533,66.18424987792969,0.6793401520699263,16,16,False,28,143,0.1958041958041958,0.10594983687934253,3.9596133794876263,0.37855250138167873,0.45842771058524984,0.08943921146374148,93.46225721299925,17.30903779900109,51.18791542799954
ppo_privilege_gru_0722_long_clip015,27,2764800,0.0009198829812884224,0.09724574770064642,0.04201871040477404,0.7847755307605436,0.9150175788955799,0.15165213562376512,0.06124004153246123,0.04283935977752768,0.022797379277086853,0.9110255747125139,0.862823523100012,0.004796495865812173,0.019281556829810143,0.04853027147873945,0.10593749582767487,22.957255572080612,61.773902893066406,0.7029107082635164,16,16,False,44,147,0.29931972789115646,-0.13068387130333578,3.286182182587616,0.3674143115843927,0.4465787148166607,0.06859127217602189,94.91086558199822,17.40329597500022,51.87800868599879
ppo_privilege_gru_0722_long_clip015,28,2867200,0.002035913105610465,0.11372118643252335,0.07234483972633864,0.7658133577493618,0.8917777496278606,0.20936605294124633,0.09400494371020604,0.018076319923800363,0.050684735742471225,0.865527290150934,0.796952309595492,0.06276479194988496,0.6910313963890076,0.06989257677923888,0.24187499284744263,46.94761702418327,108.4209976196289,0.9205363105982542,16,16,False,46,157,0.2929936305732484,-0.1256531811747678,3.768820585393605,0.36678011399900395,0.4505674840181521,0.09546053716363832,92.66644180299772,17.808402122998814,52.990847173001384
ppo_privilege_gru_0722_long_clip015,29,2969600,0.0012684988615547788,0.07677588404338033,0.027633056631549198,0.7960920382040205,0.9260058890729549,0.12349807519342831,0.04235578896894657,0.030053692893332363,0.012910324294151832,0.9181622528892283,0.9093459720310051,0.05041813326966803,0.5135791897773743,0.047172850579954684,0.10851562023162842,23.37029919028282,60.330196380615234,0.48682108540087937,16,16,False,24,140,0.17142857142857143,0.19546498461689302,5.147077241729616,0.424825881396468,0.48455931199797575,0.06400161172858648,93.15720043900001,17.011691748000885,50.94505849300185
ppo_privilege_gru_0722_long_clip015,30,3072000,0.0011124929467403177,0.0695580907222636,0.031106311928055273,0.8326229313799266,0.9504502799407462,0.11664527641119914,0.041780242950101486,0.022470905033328076,0.020432380906009063,0.9446069798804855,0.9176855551286858,0.003629436953342516,0.007558932527899742,0.07003417770101805,0.18921874463558197,28.689195036888123,87.8804931640625,0.3737763037905097,16,16,False,35,142,0.24647887323943662,-0.023600998671496787,3.3050994824353572,0.4008319569337312,0.45252430797361903,0.07717047898137308,94.81794350100245,17.151342388999183,51.240517305999674
ppo_privilege_gru_0722_long_clip020,1,102400,0.011417587460455403,0.22842687677454587,0.17396116385642058,0.10238142722100074,0.6211697350443632,0.34710617631484125,0.18860901186375695,0.10974757723425047,0.15931331584908423,0.6038145037468354,0.5865283103675676,0.20632292214548215,2.34454345703125,0.15409179485868663,0.577343761920929,93.93508404493332,278.0511779785156,2.5946134328842163,16,16,False,54,159,0.33962264150943394,-0.23055848805200252,3.503862829655375,0.3090019532907204,0.43090997908191037,0.08736558703054961,90.80995552899913,17.53425168800095,52.337299259001156
ppo_privilege_gru_0722_long_clip020,2,204800,0.0032865849928569446,0.11937562527868821,0.10487971264084474,0.4993909556465108,0.6969163028387098,0.17633818000601123,0.16004552854849835,0.06241307055136519,0.04971389673319118,0.6566820201244843,0.7372884875874838,0.11663796911714598,1.761121153831482,0.09140136521091335,0.27585935592651367,58.00592866539955,155.95022583007812,2.8122584126889705,16,16,False,50,151,0.33112582781456956,-0.22878015366825663,2.7092272977524208,0.4290079463597363,0.4508674586715706,0.09493919706278349,94.94594213399978,17.333077881001373,51.60100340899953
ppo_privilege_gru_0722_long_clip020,3,307200,0.0026914794651384244,0.13545481972448387,0.0624699856490718,0.49207085783012505,0.7651915385737708,0.21120325051226993,0.09222403094185923,0.05970638893669781,0.03271594035628436,0.7364088711514418,0.7317196895081888,0.00763283988839248,0.016503017395734787,0.08436523226555437,0.2361718714237213,63.22606360912323,153.3418731689453,1.2020461700856686,16,16,False,48,150,0.32,-0.14377911119484546,4.502300307793661,0.3252872516556506,0.4294454278558195,0.08970084964377847,92.43361539599937,17.257799899998645,51.68511796199891
ppo_privilege_gru_0722_long_clip020,4,409600,0.0024689849573041878,0.13057592158538472,0.06495030894581574,0.65976562048158,0.8313047924446528,0.20170387840209625,0.09038162354957252,0.05944796476867327,0.039518994342058994,0.8079090323731641,0.7576321745541394,0.049721679509093515,0.6914357542991638,0.09187499876134098,0.23609374463558197,30.840241089463234,66.46528625488281,1.0963727109134198,16,16,False,69,161,0.42857142857142855,-0.41670654431050597,3.560403384203998,0.2818160434246205,0.47306631617081174,0.09581544148458232,92.3884466640011,17.832341596000333,53.3102221980007
ppo_privilege_gru_0722_long_clip020,5,512000,0.0003246217804802054,0.12420553276437861,0.08295444268314894,0.6747680571708219,0.8159666358188626,0.192741087928527,0.12311062666551549,0.05566997760023019,0.042798258700782334,0.775085266365723,0.7715906716818492,0.003729354590395813,0.006887258030474186,0.02897460834356025,0.08507812023162842,20.611833930015564,53.077796936035156,2.3395184986293316,16,16,False,47,149,0.31543624161073824,-0.15760934242507318,3.6820921533608493,0.35250709322041374,0.42691534602500003,0.07797718422775846,94.53979133699977,17.344678538000153,51.73289584500162
ppo_privilege_gru_0722_long_clip020,6,614400,0.0005974083413811115,0.11445706381487436,0.05996386612072319,0.7340385019029739,0.8610131603774741,0.1734523371429032,0.08757342957387186,0.05546179048684551,0.03235430266757449,0.8391095728830302,0.8234955365813862,0.004913305790541923,0.010989037342369556,0.038627928552159574,0.14179687201976776,21.342825815081596,81.6664047241211,1.1217540971934796,16,16,False,54,162,0.3333333333333333,-0.22805317422212681,3.375824551438864,0.34771267762873753,0.47817613812156134,0.09899398125087645,92.23604463199808,17.833988720998605,53.12740984899938
ppo_privilege_gru_0722_long_clip020,7,716800,0.0003398947867387925,0.12220209237090296,0.08172831856711152,0.7097065716673105,0.8057668357265894,0.192111007825882,0.1304588438134413,0.052293176915923834,0.03299779332078172,0.7569978191518669,0.833742056142933,0.08141578429698712,0.6424549221992493,0.036826170929998625,0.06984374672174454,20.815378218889236,47.096405029296875,1.9593582555651665,16,16,False,50,156,0.32051282051282054,-0.17246940077639314,3.6878795856446187,0.3786094289601914,0.43823328850886567,0.08847284257664113,91.16245407099996,17.570324871001503,52.447162533000665
ppo_privilege_gru_0722_long_clip020,8,819200,0.00010554155367614726,0.1275458109485771,0.10044130745705583,0.7076365516416359,0.8579146685144122,0.20465536643609306,0.11922090182211888,0.050436255461061126,0.08166171309199281,0.820156896189344,0.8417056182372413,0.14129965611471562,0.7964723706245422,0.0193505856077536,0.07445312291383743,19.206073135137558,48.762569427490234,1.3598226554691792,16,16,False,58,154,0.37662337662337664,-0.3127835166491891,2.934576653637562,0.35371561976874605,0.45543159977024067,0.09018144906901397,93.74437857399971,17.456794580997666,52.200558309999906
ppo_privilege_gru_0722_long_clip020,9,921600,0.00019464388129564192,0.10292752587135227,0.0736406510125415,0.7270343206201353,0.8179376355187663,0.1690889485104246,0.09067009406974207,0.03676610323227992,0.056611207955340956,0.7726779551160271,0.7522364678066489,0.003178910555725452,0.005254628602415323,0.02448242143873358,0.05453125014901161,18.05229303240776,63.19511413574219,0.9599111799150706,16,16,False,52,154,0.33766233766233766,-0.22788353874880793,2.8567480186447862,0.3696017936262987,0.4502602925207372,0.08415784170622677,93.90959370600103,17.558415319999767,52.2668659459996
ppo_privilege_gru_0722_long_clip020,10,1024000,0.0021966915747362314,0.09254805766331588,0.039151174651479104,0.7268894201363372,0.8848547653307935,0.1361790675464767,0.04984232667123422,0.04891704778015505,0.028460022631723984,0.8741643136537545,0.7451570663623945,0.006299816422979346,0.01528159435838461,0.0690429670503363,0.20226562023162842,52.45747232437134,150.62167358398438,0.5677498165518046,16,16,False,52,153,0.33986928104575165,-0.1884075734053129,4.121376831802295,0.34661161739706303,0.44097118146950365,0.09121294047308239,92.80481847999908,17.512990816998354,52.41277963899847
ppo_privilege_gru_0722_long_clip020,11,1126400,0.0013512765131417082,0.08974043444901954,0.06714302939780696,0.7438884795455099,0.8641153873479299,0.1460929069101076,0.11039680392062026,0.0333879619879315,0.023889254874993673,0.843272253938874,0.8510651337793933,0.08671953492128523,0.5260141491889954,0.044604491093195975,0.10953124612569809,36.48815402388573,95.11063385009766,1.1172100022435187,16,16,False,46,152,0.3026315789473684,-0.13264553106159513,3.816304223126416,0.3892230638105113,0.46474002833998146,0.08205387197199562,93.49776905199906,17.534438134000084,51.96747618500012
ppo_privilege_gru_0722_long_clip020,12,1228800,0.003304056102979125,0.07310691941000638,0.03057747965610704,0.7756412496055958,0.9042105916234885,0.1195149089339753,0.049406524311101326,0.02669892988603742,0.011748435001112771,0.8777967210694493,0.911601635338086,0.06702228852343978,0.488064169883728,0.10588378796092002,0.26664063334465027,52.06845682859421,106.42021942138672,0.44864255040884016,16,16,False,33,145,0.22758620689655173,0.025441656726825936,3.7924270284060007,0.40294525841463075,0.45284925536319715,0.08242513561359734,94.70542456199837,17.20829744599905,51.41111113599982
ppo_privilege_gru_0722_long_clip020,13,1331200,-0.00011918431722723888,0.09525474021263884,0.052868160803769826,0.7123961883992733,0.8808095548616529,0.15075851007112034,0.07463178744611945,0.03975097035415735,0.03110453416142021,0.8535698854507481,0.8266322401555081,0.0997393242792168,0.7739030122756958,0.02687499938201654,0.06257812678813934,14.968249395489693,28.84467315673828,0.7555337272584438,16,16,False,40,145,0.27586206896551724,-0.08684765521537191,3.1332179568462775,0.3317324192263524,0.46507915880778816,0.08539554461828673,90.68213006699807,17.26670091000051,51.737005609000335
ppo_privilege_gru_0722_long_clip020,14,1433600,0.0016111518339982922,0.09402202962901826,0.041790136664509044,0.7416639533727075,0.9116495817368186,0.15793490155096535,0.05509045584411712,0.030109157707071215,0.028489817484900985,0.9003393699161639,0.8873730320174751,0.1095873106943327,0.9564189910888672,0.04432128811458824,0.08500000089406967,30.547249138355255,64.60413360595703,0.8250968314707279,16,16,False,44,150,0.29333333333333333,-0.13872904824029741,2.637236260931329,0.34359129080571016,0.44706573778075814,0.09536775195269682,91.57783863099758,17.448056526001892,51.98250178700255
ppo_privilege_gru_0722_long_clip020,15,1536000,0.00036211405094954685,0.07465306379414162,0.03866991719382837,0.7768414569321616,0.8855975875899237,0.1156434146023945,0.054224501594841594,0.033662712985888736,0.02311533279281515,0.8823904315796992,0.8177505219796295,0.08895986016810639,0.8682770133018494,0.023364257416687906,0.060624998062849045,18.031986385583878,60.89394760131836,0.6111006647348404,16,16,False,34,146,0.2328767123287671,0.026681378161154096,3.6622862720381795,0.3999795829142953,0.4483024658319947,0.08260533118767095,92.26003081100134,17.246369420998235,51.508311151999806
ppo_privilege_gru_0722_long_clip020,16,1638400,0.002460874501848842,0.0941578042745189,0.037324183745817675,0.7884571701872585,0.9177886523499492,0.15448235166935032,0.05821156770343723,0.03383325687968752,0.01643679978819812,0.9009918479793023,0.8990232633869731,0.03480276313814101,0.34039434790611267,0.06899413952487521,0.1775781214237213,25.195780962705612,45.72027587890625,0.5597690206021071,16,16,False,56,161,0.34782608695652173,-0.24554612684676316,3.6919587287484905,0.32791996696448256,0.4683632486777846,0.1012493952116107,94.2189959669995,17.944033219999255,53.56421478500124
ppo_privilege_gru_0722_long_clip020,17,1740800,0.00015113338908001595,0.08501493154405662,0.0905565297135886,0.7990104356270108,0.9175999118039071,0.13220631786876524,0.1173465553866492,0.037823545219347936,0.06376650404052801,0.9124463828097937,0.8154062837275178,0.0043846016127645285,0.011239473707973957,0.027353515064532985,0.06242187321186066,18.790511146187782,46.71406555175781,0.7734824169427157,16,16,False,40,151,0.26490066225165565,-0.04511593359465229,3.895846643466522,0.31739790042004956,0.45637310109096074,0.0969332748597428,92.83366579100039,17.428771830000187,51.99586215599993
ppo_privilege_gru_0722_long_clip020,18,1843200,0.001997837182079465,0.09302153839400393,0.053813856014675227,0.7921100836582465,0.8855920687557102,0.14356730336677126,0.07331478469431135,0.04247577342123653,0.034312927335039094,0.8749494984683487,0.8585052135147089,0.005923990442497598,0.015874003991484642,0.0677294918032203,0.20640625059604645,32.07939898967743,95.64986419677734,1.3760773114860059,16,16,False,36,147,0.24489795918367346,0.03529402211232873,5.597661788657632,0.2828935026660775,0.45220772608025894,0.0860755725476971,91.7469900319993,17.288723147001292,51.51782139699935
ppo_privilege_gru_0722_long_clip020,19,1945600,0.0010741901004984733,0.10124525928560678,0.0849383524486884,0.7334305602366926,0.8704602376476426,0.17591801428096251,0.11024438792254995,0.0265725042902511,0.059632316974826835,0.8396385415684138,0.8789205162959537,0.0054708375409245474,0.011507800780236721,0.058583982863638084,0.14289061725139618,17.230581402778625,47.461151123046875,1.4687415577471257,16,16,False,41,149,0.2751677852348993,-0.06116947664098635,4.102167952079531,0.33713812102587076,0.457428705867028,0.08397026870988325,94.16394615600075,17.294914162001078,51.57951177900031
ppo_privilege_gru_0722_long_clip020,20,2048000,0.00035855065325884894,0.07142148734156059,0.02948180087349966,0.8348533408690484,0.9379833952439158,0.11734114008839244,0.04502519271757862,0.025501834594728722,0.013938409029420704,0.9229997139432969,0.925345247522886,0.0039527445792919,0.0073198662139475346,0.03625976464445557,0.06867187470197678,20.006450071930885,45.978092193603516,0.7243979923427105,16,16,False,42,152,0.27631578947368424,-0.10043060574416,2.6982643768397048,0.40312388939280214,0.46034126933349273,0.06991324254923749,93.48215372599952,17.48300392800229,51.86048146599933
ppo_privilege_gru_0722_long_clip020,21,2150400,0.004085817223526078,0.075317180634593,0.03742371801257669,0.8389312584272737,0.937254497843986,0.13068795715967668,0.06407212731023694,0.019946404109509347,0.010775308714916438,0.9213726426018898,0.9387795499404772,0.4431079248370952,3.832719564437866,0.09170409876969643,0.22695311903953552,64.56278508901596,160.97659301757812,0.4441698770970106,16,16,False,46,152,0.3026315789473684,-0.15973486871827652,3.1309062886431858,0.37585273619583043,0.4640310841682717,0.08957538487223968,91.64463792800234,17.352760811001644,51.85323508499641
ppo_privilege_gru_0722_long_clip020,22,2252800,0.0012653960043123025,0.09671270116258292,0.058919686423734755,0.7686572565803711,0.9055608258168838,0.15342029611018254,0.08244337051471132,0.04000510621498328,0.035396002332758185,0.9028812400964369,0.8274044791270868,0.055365539603808425,0.4447918236255646,0.0583837873318771,0.15078124403953552,21.619054436683655,50.29004669189453,0.6591949686408043,16,16,False,39,154,0.2532467532467532,-0.03947223440857976,3.3915452102545975,0.32673721952063894,0.462706003710233,0.10094443786109328,91.34746296100275,17.51148488999752,52.21530417000031
ppo_privilege_gru_0722_long_clip020,23,2355200,0.0018929615998244387,0.09631379267634423,0.03377743509697873,0.7726561697994606,0.9220472522837951,0.16949842304320362,0.05477032434422433,0.023129162309484797,0.012784545849733124,0.9110139462662235,0.921901807296891,0.16657694239736884,1.7013685703277588,0.06038085811178462,0.18132811784744263,34.45778527855873,80.31900024414062,1.0069985184818506,16,16,False,42,151,0.2781456953642384,-0.08442080571538227,3.6329379139955478,0.3398152457808853,0.42995226618211035,0.08973945783888655,92.62469429300108,17.363130460998946,51.671029815999646
ppo_privilege_gru_0722_long_clip020,24,2457600,0.00035478623940443654,0.09590338225643087,0.03354699637854912,0.7730520696573235,0.9293733408110859,0.1649715680482772,0.04276775614680079,0.02683519646458453,0.024326236610297456,0.9204334314699865,0.8892823811411249,0.04340458220278379,0.590450644493103,0.037578123970888555,0.11289062350988388,25.040702030062675,52.03291702270508,0.46349913664162157,16,16,False,38,147,0.2585034013605442,-0.03376383804464686,3.7311682048291877,0.3632875256637731,0.47673642820794404,0.08426340786190283,93.40081550499963,17.20481069000016,51.3225686040023
ppo_privilege_gru_0722_long_clip020,25,2560000,0.0014137868373654827,0.06746508921627395,0.027497298417801627,0.8408723084611366,0.9408050788775355,0.1205664478624724,0.042971286113856415,0.014363730570075476,0.012023310721746833,0.9270981547355006,0.9357779703012569,0.0474929101204907,0.6626574397087097,0.044570311409188434,0.10499999672174454,29.632771492004395,53.306373596191406,0.5367187228053808,16,16,False,38,151,0.25165562913907286,-0.03818739366180974,3.4534458100247503,0.37424725864573355,0.4616669275886483,0.09641587648647551,93.00630685099895,17.357665888001065,51.85254290100056
ppo_privilege_gru_0722_long_clip020,26,2662400,0.0001314583663032387,0.08943014126469323,0.03436181909632337,0.7576846006368936,0.9080397713490185,0.1617096037552057,0.055990605930270144,0.01715067877418078,0.012733032262376588,0.8852758711768018,0.8880225530523911,0.05011350625070918,0.732550323009491,0.027871093000612746,0.05804687365889549,19.229118689894676,55.29986572265625,0.7274611327797175,16,16,False,39,146,0.2671232876712329,-0.048040577024303976,3.589118086846814,0.3571231643082162,0.46655049053500325,0.068210953498516,92.78946842399819,17.139957870000217,51.263774201997876
ppo_privilege_gru_0722_long_clip020,27,2764800,0.0013631912015170666,0.09137404372495206,0.04381575223966693,0.7707810912914926,0.9119841498938324,0.15747287353048617,0.06798121798150589,0.02527521391941799,0.019650286497827966,0.8987341690418917,0.880249338157905,0.005775645195681134,0.012264439836144447,0.06397460741573013,0.14812499284744263,46.86843881011009,89.24781799316406,0.459873603656888,16,16,False,43,153,0.28104575163398693,-0.1040956227675115,3.5034228734893613,0.3507324147474562,0.45986090099520066,0.09202874381119136,94.0923851080006,17.472090176001075,52.14672702700045
ppo_privilege_gru_0722_long_clip020,28,2867200,5.7229900976008e-05,0.07171640872899164,0.026507733129339375,0.8184802119912226,0.9411940504066117,0.12413889105113379,0.04146089595610757,0.0192939264068495,0.011554570302571175,0.9293621696126806,0.9261682556860278,0.121828450501489,1.2778233289718628,0.0256591788293008,0.08960936963558197,16.39382752776146,71.31148529052734,0.49419639855623243,16,16,False,30,141,0.2127659574468085,0.1046022290952106,5.139677055929267,0.3629400852171228,0.4746167312721532,0.06642692253822681,93.96310552700015,17.260619051001413,51.371534974001406
ppo_privilege_gru_0722_long_clip020,29,2969600,3.782819505415702e-05,0.07579113419749885,0.033541443999359793,0.8422544150846731,0.9395279234486974,0.1291172942053072,0.054004363826545464,0.022464974189690512,0.013078524172174123,0.9225578971597974,0.924953024596591,0.10309522952418775,1.5729814767837524,0.02351562469266355,0.06312499940395355,16.485414147377014,33.7859992980957,0.6808464836329222,16,16,False,37,146,0.2534246575342466,-0.002503935078636428,4.717528599473445,0.3994927278573587,0.47701642044198383,0.07553850624774776,92.9364982549996,17.272681442998874,51.53774730099758
ppo_privilege_gru_0722_long_clip020,30,3072000,0.0036986640164826667,0.09297266630890584,0.03588672267890336,0.7492075632429211,0.9059636928899524,0.14930340860614677,0.04912372133732897,0.03664192401166494,0.022649724020477734,0.9027370677362223,0.8732978575351854,0.015088822011312009,0.11299610882997513,0.10962890394148417,0.2647656202316284,65.56434914469719,135.95986938476562,0.6969241339713335,16,16,False,29,143,0.20279720279720279,0.10561827489930775,4.431858698887638,0.3641844772324417,0.4761748801174563,0.08519640832428094,94.37306500100021,17.217877437000425,51.354782856000384
ppo_privilege_gru_0722_lr1_tkloff,1,102400,0.003657469385798473,0.22842687677454587,0.17396116385642058,0.10238142722100074,0.6211697350443632,0.34710617631484125,0.18860901186375695,0.10974757723425047,0.15931331584908423,0.6038145037468354,0.5865283103675676,0.005871681492571952,0.012227625586092472,0.10522949110600166,0.2932812571525574,85.01477235555649,195.56263732910156,2.5946134328842163,16,16,False,54,159,0.33962264150943394,-0.23055848805200252,3.503862829655375,0.3090019532907204,0.43090997908191037,0.08736558703054961,92.29989166999985,17.64963775299975,52.67530868899985
ppo_privilege_gru_0722_lr1_tkloff,2,204800,0.004211184553568614,0.11285766479520029,0.09348415847407049,0.5204289751338204,0.6257246811666659,0.16282243731965806,0.11098878773546522,0.06289289227074255,0.07597952921267574,0.6251324469079746,0.5301429636853017,0.0060786822612863035,0.014207636006176472,0.13065429411653895,0.25062498450279236,86.34251534938812,167.6344451904297,1.86659282296896,16,16,False,49,151,0.32450331125827814,-0.21582845194049813,2.6216770477929967,0.4260943656169355,0.45033791902226883,0.09886692487164982,95.22949715000004,17.469344292999722,52.01974955899959
ppo_privilege_gru_0722_lr1_tkloff,3,307200,-0.000400486646976006,0.1045202341969043,0.0718471179671133,0.49302405996844323,0.7511807033932156,0.15727096651847428,0.0920132844935433,0.05176950187533435,0.05168095144068332,0.701545353439796,0.7360928981506464,0.010878093316205192,0.15136241912841797,0.014589843432077032,0.026640623807907104,10.298714399337769,24.496917724609375,1.5821538999676705,16,16,False,53,156,0.33974358974358976,-0.2154585447851803,3.7268860971605955,0.3120224596816555,0.43412750137403716,0.10802802915983331,93.57036757700007,17.57599141899982,52.46145137300027
ppo_privilege_gru_0722_lr1_tkloff,4,409600,-4.428483649454584e-05,0.09229551547356615,0.06034301176959299,0.6167455001704656,0.7976957673612425,0.13070910579821582,0.08860324839293518,0.05388192514891652,0.03208277514625079,0.7617943960780957,0.6653146585212892,0.0014966132278186675,0.002797328867018223,0.019887694915269094,0.047968748956918716,14.710836991667747,30.008420944213867,1.2177899420261382,16,16,False,61,155,0.3935483870967742,-0.32952853462771725,3.7956402327329024,0.29121737583046675,0.46200734221639045,0.09234808366193288,94.08168311300005,17.680465017000188,52.58420786500028
ppo_privilege_gru_0722_lr1_tkloff,5,512000,-0.0002493729492196728,0.0846745044333844,0.06157724714240583,0.6784484317547902,0.8294151157505467,0.12993870357343493,0.09383738959815474,0.03941030529333388,0.029317104686656922,0.78228634412624,0.6987739082072486,0.019976941837594492,0.1643335372209549,0.013554687498981366,0.0234375,15.108820647001266,30.668703079223633,1.3757591731846333,16,16,False,59,158,0.37341772151898733,-0.3169422612753227,2.668725731404476,0.3394150282280332,0.4295008451739045,0.1002956890534021,92.45249274700018,17.70200090599974,52.91376757599983
ppo_privilege_gru_0722_lr1_tkloff,6,614400,-0.0004662750921489156,0.10179297003087613,0.059274406827611016,0.6675164971608432,0.8071747606920872,0.16431324381266907,0.0886307558127802,0.03927269624908317,0.02991805784244184,0.7729336262062235,0.6929558477198619,0.001497996310354209,0.007802624721080065,0.010380859122051334,0.0234375,9.831969201564789,20.770694732666016,1.1476020514965057,16,16,False,55,159,0.34591194968553457,-0.24475160479450644,3.5567843577399563,0.33129080886399564,0.47163265796961795,0.09672100387221853,94.55282022500023,17.722562055000253,52.89734431599982
ppo_privilege_gru_0722_lr1_tkloff,7,716800,0.0007214556487156187,0.10374174917466317,0.050521171110909216,0.6664876998285842,0.8347039365842182,0.1530494582105109,0.07917065045701467,0.05443404013881545,0.021871691764803768,0.7996508711112886,0.8276512558165525,0.03265980076284904,0.4702492356300354,0.04658691277018079,0.11968749761581421,39.563565358519554,98.26094055175781,1.1861441820859908,16,16,False,38,146,0.2602739726027397,-0.034203979281103206,3.8948558959823223,0.40292769122945477,0.4422472361797257,0.08100775609381854,94.06546214499986,17.267524496000078,51.5323249070002
ppo_privilege_gru_0722_lr1_tkloff,8,819200,0.0004158525782997913,0.09733261003956581,0.050176497456644216,0.7113379520991451,0.8524510282731789,0.15220119239549754,0.07285099123318808,0.04246402768363408,0.027502003680100334,0.830729103110269,0.7315094740624584,0.05336519323478568,0.5414211750030518,0.032924803788773715,0.11015624552965164,31.359829545021057,101.98637390136719,1.1696043446660043,16,16,False,53,154,0.34415584415584416,-0.2384255281674691,3.0100267500247324,0.3570975751062018,0.45261876965143827,0.08889723504862888,93.40786865900009,17.669986078999955,52.61549933900005
ppo_privilege_gru_0722_lr1_tkloff,9,921600,0.00021166424676755113,0.09339085088218846,0.05071246526547607,0.7421785322578434,0.8631224513089332,0.1531208688010845,0.07652346983402278,0.03366083296329245,0.024901460696929348,0.8349305256213128,0.7916197248392322,0.0029279509849675367,0.015449351631104946,0.03284667887692194,0.11828124523162842,30.87786227464676,79.81411743164062,1.1750093869864942,16,16,False,40,145,0.27586206896551724,-0.05389695917054866,4.080944285695815,0.36733064799487314,0.4323880132530188,0.08226090132041008,89.97754524499987,17.174821793999854,51.37939615100004
ppo_privilege_gru_0722_lr1_tkloff,10,1024000,0.00016061213159446197,0.10242028739662086,0.05329529546905012,0.7611910292258707,0.891779026502669,0.15683748073746143,0.07871621662302225,0.04800309405578025,0.027874374315078,0.8846494954432813,0.820957591794409,0.035725678106653044,0.27854210138320923,0.01402343701920472,0.05523437261581421,20.781263947486877,56.694461822509766,0.8295163072645664,16,16,False,43,147,0.2925170068027211,-0.07565056230905065,4.494065377118392,0.37408566849932184,0.45654816061817644,0.07364679409095844,90.43158664900011,17.34797830000025,51.7094750769993
ppo_privilege_gru_0722_lr1_tkloff,11,1126400,-0.00031784819625044203,0.11203412920635249,0.07861643063291024,0.7565745229195213,0.8874319058715017,0.17854586702545674,0.08554300407273495,0.04552239138724823,0.07168985719308554,0.880309120190738,0.8224890303506002,0.038875603498154304,0.5998773574829102,0.009150390415015863,0.017812499776482582,12.05159056186676,33.13195037841797,1.173387897759676,16,16,False,48,153,0.3137254901960784,-0.16701470563816434,3.519093872435166,0.3954786022194189,0.4553576174298753,0.0940650009368824,90.72950310099986,17.580406242999743,52.486057846999756
ppo_privilege_gru_0722_lr1_tkloff,12,1228800,-0.0002639084204334452,0.07515648745686622,0.040156098434176224,0.824901044437756,0.9156113956989494,0.11045747062723989,0.051649022417251576,0.039855504286492566,0.02866317445110087,0.9123301484011005,0.891375146314983,0.0017671801528376802,0.0059446957893669605,0.019609374962783477,0.06640625,13.85080274939537,51.25971221923828,0.8696376144886017,16,16,False,34,143,0.23776223776223776,0.03187586308347936,4.514464555930196,0.4092159122196671,0.4480923206721581,0.07156489619059989,91.15928125000028,17.151126222999665,50.95570922300067
ppo_privilege_gru_0722_lr1_tkloff,13,1331200,3.1738481447884936e-05,0.10110286568757575,0.06118585532093137,0.77413352052925,0.876479535155864,0.15904434627684086,0.0841763958021777,0.043161385098310606,0.038195314839685024,0.838234692155342,0.85974780369492,0.002202453657027946,0.004795251879841089,0.028486327901191544,0.10507812350988388,28.604081451892853,94.06314849853516,1.611819052323699,16,16,False,45,151,0.2980132450331126,-0.12730846336639876,3.4147744837732477,0.3298795451992305,0.4518733617052905,0.07636919001066618,90.74570159799987,17.462144201999763,52.14214111599995
ppo_privilege_gru_0722_lr1_tkloff,14,1433600,0.0004742238094874729,0.08630892939980135,0.043325192453914016,0.8020392623355528,0.9206919680610454,0.13090325120909593,0.0624713278046342,0.04171460759050676,0.02417905710319384,0.8986395271809736,0.9293212451878451,0.035558087786575925,0.5364580750465393,0.03349609320775926,0.0885937511920929,35.84777483344078,87.96107482910156,0.8641404919326305,16,16,False,40,146,0.273972602739726,-0.08218379109130494,3.108298910822165,0.3655313001423749,0.44473449056954956,0.08053999554175378,95.95450588200038,17.35086708899962,51.42540629500036
ppo_privilege_gru_0722_lr1_tkloff,15,1536000,0.0008728227260235144,0.11067436790342525,0.061779740749260216,0.7428153252133582,0.8838364129292955,0.18006065316454162,0.08437982623982726,0.04128808264230893,0.03917965525869318,0.8586527828285554,0.9071402264913879,0.004294842748859079,0.028815196827054024,0.046669920993736014,0.10148437321186066,31.151874363422394,63.683963775634766,0.7108635324984789,16,16,False,45,149,0.30201342281879195,-0.12711966293987012,3.6819074883750385,0.35901158614987916,0.44582176830895764,0.09853655301793714,96.45936975799941,17.4031130809999,52.00612811300016
ppo_privilege_gru_0722_lr1_tkloff,16,1638400,0.00046584303981944686,0.10536995099089076,0.04243375941240669,0.7591184524906837,0.9017912076504331,0.16203226995677297,0.06439408825345684,0.048707632025008565,0.020473430571356543,0.890276248019364,0.8782892943801411,0.0023630290610890323,0.00533038005232811,0.0398193354048999,0.1257031261920929,33.615699142217636,95.56326293945312,0.49268562346696854,16,16,False,47,156,0.30128205128205127,-0.12163213531013393,4.727708920546711,0.33133241453440127,0.4452647471457383,0.09740966011670672,94.0238649339999,17.6895658680005,52.98673994599994
ppo_privilege_gru_0722_lr1_tkloff,17,1740800,0.0002060599139621644,0.10799004768980999,0.04364455486194875,0.7338048340471655,0.8978841724708673,0.169279942160873,0.061782544397035656,0.04670015321874701,0.02550656532686185,0.8873054693021254,0.8422923943087142,0.026625910898219446,0.3992621898651123,0.018525390205468284,0.06617187708616257,20.258771687746048,60.8024787902832,0.8703548088669777,16,16,False,45,147,0.30612244897959184,-0.11209600509344063,4.30544101485652,0.31018559553861175,0.45223185086976087,0.08602872252370444,94.39512548099992,17.265567026999634,51.546965483999884
ppo_privilege_gru_0722_lr1_tkloff,18,1843200,0.00037996702772957747,0.10440897872532318,0.07108471814864156,0.790895043448939,0.8935419120257155,0.17291578411134875,0.0997947950050246,0.0359021733392976,0.04237464129225852,0.8659506213719488,0.8751674539419805,0.0023404806161124725,0.009105056524276733,0.036918944475473836,0.10562499612569809,27.240229979157448,70.22289276123047,1.1374823823571205,16,16,False,47,148,0.31756756756756754,-0.11017604717746578,6.118717002417345,0.27238780160391135,0.44183630287808345,0.09501000334170548,94.26286419700045,17.60561739900004,51.89577930300038
ppo_privilege_gru_0722_lr1_tkloff,19,1945600,-0.0002852733284817166,0.10737789411441823,0.03404358045404656,0.7672991079499873,0.9257349794051271,0.17720654533238103,0.05443598937934812,0.03754924289645541,0.013651171528745,0.8923729972647728,0.9383549567740181,0.0011335412379776255,0.0018651263089850545,0.010981445038851234,0.019687499850988388,12.590335875749588,26.587913513183594,0.635078452900052,16,16,False,43,150,0.2866666666666667,-0.07757916332382579,4.392882871139832,0.31327170374838764,0.45200813743173396,0.08567587182109475,97.05296952800018,17.468965980000576,52.016162764
ppo_privilege_gru_0722_lr1_tkloff,20,2048000,0.0002793984084928508,0.07490748025214101,0.033153266766823376,0.8160656654003954,0.9351399714458795,0.11779315838520553,0.04355521202285742,0.03202180211907653,0.022751321510789332,0.9282825762317608,0.9202442871893634,0.008924766338313926,0.09215585142374039,0.021845702274731593,0.057499997317790985,18.7431218624115,63.11124038696289,0.8202279359102249,16,16,False,31,144,0.2152777777777778,0.08866215975931052,4.747724553371145,0.39166482049048407,0.44595928622518166,0.06996253645224441,90.61926811400008,17.21192042199982,51.47664400599933
ppo_privilege_gru_0722_lr5_tkloff,1,102400,0.03816044157603771,0.22842687677454587,0.17396116385642058,0.10238142722100074,0.6211697350443632,0.34710617631484125,0.18860901186375695,0.10974757723425047,0.15931331584908423,0.6038145037468354,0.5865283103675676,0.5360915522684808,4.960463047027588,0.38606444373726845,0.8042187094688416,155.10621696710587,298.2712707519531,2.5946134328842163,16,16,False,54,159,0.33962264150943394,-0.23055848805200252,3.503862829655375,0.3090019532907204,0.43090997908191037,0.08736558703054961,90.76083656599985,17.442277502999787,51.82391121099863
ppo_privilege_gru_0722_lr5_tkloff,2,204800,0.004377448415762049,0.1186773446594644,0.07579562225925425,0.5226794364920719,0.7455533538975663,0.17255649787251395,0.09658590846879125,0.06479819144641488,0.05500533604971725,0.7218505185374043,0.7331985183867458,0.05882867598091252,0.8480066657066345,0.11453613103367388,0.2540625035762787,42.49785342812538,90.94990539550781,1.8146980740129948,16,16,False,50,152,0.32894736842105265,-0.2177851293450688,2.917629927934736,0.41065853394422264,0.4324881999881085,0.10409869304333803,91.72636696800146,17.178475885000807,51.25424339000165
ppo_privilege_gru_0722_lr5_tkloff,3,307200,0.010635314307364752,0.11239686403901507,0.07771296186266242,0.6061633544613765,0.7663408317967577,0.15736505927434116,0.08835193089104107,0.06742866880368897,0.06707399283428377,0.7360973695442433,0.6730206070986668,0.04968890293559525,0.5767236351966858,0.25831542460946366,0.45906248688697815,106.04745942354202,207.1720428466797,1.269541797786951,16,16,False,63,160,0.39375,-0.3464324868099182,3.4122313322859426,0.2915152565356423,0.4356574708450097,0.10743226809440602,91.91478450999966,17.565716354998585,52.29586317900066
ppo_privilege_gru_0722_lr5_tkloff,4,409600,0.008071601026420794,0.09720641523159919,0.04725264119828989,0.6176769867551883,0.8077054013053986,0.1334731437994525,0.07076120761053073,0.0609396866637459,0.02374407478604905,0.7718934846882799,0.7602275643840221,0.09769353563751793,0.7513698935508728,0.20909667271189392,0.422187477350235,59.206037759780884,115.73745727539062,1.3495881348848342,16,16,False,57,154,0.37012987012987014,-0.2751657753107377,3.707227273452234,0.298985121377685,0.4643492662610708,0.08875427304185826,91.90386591099923,17.391504594001162,51.72174345699932
ppo_privilege_gru_0722_lr5_tkloff,5,512000,0.00227529245748892,0.07786864912378762,0.115219637031791,0.711095271708713,0.8195305732103546,0.11901075246478278,0.12427039324115263,0.036726545782792455,0.10616888082242935,0.7743759313618741,0.7099604510416692,0.058466288921772504,0.775219202041626,0.0866845678538084,0.1478906273841858,27.34966340661049,53.41352081298828,2.178152836114168,16,16,False,53,154,0.34415584415584416,-0.24019255900561362,3.0777553667029878,0.3485518277340134,0.41318192841236756,0.089305546627524,92.4596248960006,17.344130556999517,51.78597375699974
ppo_privilege_gru_0722_lr5_tkloff,6,614400,0.004834837953094251,0.08003823329543293,0.049141669582578845,0.7093098434324479,0.8431362009775586,0.11215132236345315,0.07371936272114547,0.047925144227412696,0.024563976444012214,0.8015523276563066,0.8242826459039923,0.006880945329030511,0.014476492069661617,0.11359374597668648,0.2712499797344208,41.113454937934875,139.80128479003906,1.2928174827247858,16,16,False,50,159,0.31446540880503143,-0.1931018114717729,3.0797520567581107,0.35632871598267324,0.47576537049020357,0.09796937094604063,90.48234608500024,17.655467040000076,52.416298518000985
ppo_privilege_gru_0722_lr5_tkloff,7,716800,0.008358869111980027,0.06994476390060651,0.035201258398278486,0.7405825397120883,0.8802446066812248,0.10683023193917916,0.05448521250005786,0.03305929586203386,0.015917304296499117,0.847762830944808,0.8787991445370626,0.010544074626814108,0.02657155878841877,0.19176757475361228,0.46117186546325684,88.59985929727554,210.13023376464844,0.49932814612984655,16,16,False,51,153,0.3333333333333333,-0.2245358866543221,2.927758691187663,0.37592031130389714,0.4340890190208547,0.09071129747732448,91.342198757,17.424349867000274,51.756762398999854
ppo_privilege_gru_0722_lr5_tkloff,8,819200,0.01241679545317309,0.07377547264295463,0.07422789675069988,0.732176125237904,0.8714009311652946,0.12037960102196149,0.07891831213716259,0.027171344263947766,0.06953748136423718,0.83921999067674,0.8319464598800069,0.14117758809152292,0.8123719096183777,0.2624414023011923,0.43156248331069946,76.52613997459412,165.213623046875,1.0672702632844449,16,16,False,46,145,0.31724137931034485,-0.16194021188516702,3.224186727661065,0.3838695580362546,0.44703558275466243,0.08583242056586363,94.39222684800006,17.0672200279987,50.975012048998906
ppo_privilege_gru_0722_lr5_tkloff,9,921600,0.0041129109455138035,0.08173740213724566,0.037643748102721995,0.6860727682212374,0.8605877188038286,0.13006271295438204,0.06148601809965988,0.033412091320109256,0.013801478105784115,0.7998760655720184,0.8343808875934705,0.006417031239252538,0.0140096889808774,0.11978027014993131,0.28984373807907104,62.0391885638237,130.78761291503906,1.080036548525095,16,16,False,55,156,0.3525641025641026,-0.2462037521203378,3.442751587726418,0.31564990610811705,0.4337359532564194,0.09507760077776133,94.4558928180013,17.501021586000206,52.11524813700089
ppo_privilege_gru_0722_lr5_tkloff,10,1024000,0.004844143524387778,0.08065749555941011,0.09745370561316595,0.7392452722233119,0.8551190625943853,0.12138793881877871,0.09638807326312542,0.03992705230004148,0.0985193379632065,0.7971060312922312,0.8093987830004569,0.007989257904118856,0.018199700862169266,0.14149901980999857,0.3084374964237213,46.494631201028824,108.53852081298828,0.9895851910114288,16,16,False,58,156,0.3717948717948718,-0.2816130261801726,3.5977263317230816,0.3437464353291676,0.43478242382366533,0.09599920203862254,92.47167425900079,17.511931508999623,52.02527376699982
ppo_privilege_gru_0722_lr5_tkloff,11,1126400,0.006532878181096713,0.06802595065554687,0.02854310361506191,0.7470028920132032,0.8891052795795227,0.09950730880604301,0.039830799180745974,0.03654459250505074,0.01725540804937784,0.8712460524715843,0.8403723883483611,0.1605824979004683,1.1110519170761108,0.17510741751175374,0.41328123211860657,49.4002890586853,108.88124084472656,0.6719245851039887,16,16,False,54,155,0.34838709677419355,-0.24408792883801275,3.265801136130777,0.3511112400551145,0.4406639331687152,0.08861636220712216,92.47978212900125,17.477040216001114,52.18124114999955
ppo_privilege_gru_0722_lr5_tkloff,12,1228800,0.007991834931890485,0.07467522972230872,0.041991495982068534,0.7588646214154968,0.901630189631493,0.11650119518303109,0.047736567676376615,0.03284926426158636,0.036246424287760454,0.8663451505862391,0.8698266270443596,0.00993833011103561,0.028594469651579857,0.22663085302338004,0.4953906238079071,59.052560448646545,119.64315795898438,0.6848617877811194,16,16,False,59,161,0.36645962732919257,-0.31163477260139816,2.6208750299566876,0.3807925168912395,0.4468467066002293,0.1048496314613141,91.45481827899857,17.72391578600036,52.58300707499984
ppo_privilege_gru_0722_lr5_tkloff,13,1331200,0.001091535135729238,0.06732574721154755,0.018907122461231222,0.7707282756584212,0.9200317168038626,0.08799359982885888,0.023520103781563422,0.04665789459423625,0.014294141140899014,0.8953263237977834,0.8855504517377075,0.006014148047834164,0.045627325773239136,0.05663574155187234,0.14531250298023224,38.87380075454712,85.7924575805664,0.7684297285974026,16,16,False,37,146,0.2534246575342466,-0.06998491873680233,2.1964261136237155,0.3764688709340736,0.459792263108918,0.08665097998256438,89.86690372599878,17.085224346999894,51.21904192200054
ppo_privilege_gru_0722_lr5_tkloff,14,1433600,0.003126045857988924,0.06164451629938102,0.02342303696980077,0.7665357766471761,0.9006989380078382,0.09149244228834638,0.03478117283505044,0.031796590310415686,0.012064901104551112,0.8561440728686197,0.9141593352201842,0.06753884358768118,0.5515279173851013,0.07753417710773647,0.14835937321186066,37.27827858924866,89.32449340820312,0.9154009737074376,16,16,False,30,144,0.20833333333333334,0.03832145745590923,2.3837703044584537,0.4021655567100726,0.43288152300809013,0.09039513719662219,90.1750497840003,17.015637036000044,51.096319361000496
ppo_privilege_gru_0722_lr5_tkloff,15,1536000,0.0022923835758047045,0.06267754174330531,0.02597916757208101,0.7498894779755836,0.8921454347255494,0.09749961669769545,0.039441869493566796,0.02785546678891517,0.012516465650595223,0.852889187916418,0.9121580950972041,0.008093478800437877,0.045797210186719894,0.07101074093952775,0.1607031226158142,27.933195918798447,66.67587280273438,0.5645503472536803,16,16,False,37,145,0.25517241379310346,-0.06288363992500366,2.4626962007467665,0.4363355439606899,0.439458182352981,0.0944694574965995,90.98923369300064,17.178328640000473,51.21432236600049
ppo_privilege_gru_0722_lr5_tkloff,16,1638400,0.0033860346733671776,0.05431349250606891,0.02551365624243237,0.779915315910653,0.8885035293003236,0.08710123510181518,0.03663429895656517,0.021525749910322606,0.01439301352829957,0.8600006167316128,0.8611477815688767,0.1507952918423689,1.2970004081726074,0.10916991915291874,0.2095312476158142,51.66455966234207,125.83150482177734,0.6671707969158888,16,16,False,31,149,0.2080536912751678,0.0665188343742258,3.9943462936963585,0.4112335682967653,0.4539857262560333,0.0795896897422107,90.70591559099921,17.23745953800062,51.49728101600158
ppo_privilege_gru_0722_lr5_tkloff,17,1740800,0.0041647420536179425,0.06462278691461089,0.027409358156435776,0.7745658303273218,0.902106977043215,0.08688578313690375,0.034677366548090824,0.04235979069231801,0.020141349764780728,0.8937591845646091,0.8331432106943459,0.09476026395408553,1.4136135578155518,0.11791991934296675,0.29343748092651367,69.93435940146446,180.07675170898438,0.6704099133610726,16,16,False,40,151,0.26490066225165565,-0.07192128921522178,3.173820690630774,0.3689981396193909,0.4514086972558547,0.08085743975036368,90.77504065999892,17.269535198000085,51.687296112000695
ppo_privilege_gru_0722_lr5_tkloff,18,1843200,0.010736401417816399,0.07492469736028622,0.03429956629955077,0.7409213399373096,0.881365675639027,0.11394511936121354,0.04914171469164195,0.03590427535935891,0.019457417907459577,0.8508740921485984,0.8660282608811286,0.10282482171664015,1.2576769590377808,0.2428662059828639,0.4294531047344208,95.03592815995216,187.99819946289062,0.864605475589633,16,16,False,41,152,0.26973684210526316,-0.0751530168641449,3.976050226546508,0.3125947682260126,0.4478180672330649,0.09407547867305559,88.49368016799963,17.372597333000158,51.73822716700124
ppo_privilege_gru_0722_lr5_tkloff,19,1945600,0.007324330217670649,0.06575933839014762,0.0242995829455917,0.7487645615060061,0.9117530845013144,0.09900599304250318,0.03554328161837105,0.032512683737792085,0.013055884272812355,0.8893986047851987,0.893392931305156,0.05236143431160599,0.6842632293701172,0.17851562099531293,0.4447656273841858,53.017560854554176,147.45335388183594,0.45930262058973315,16,16,False,36,151,0.23841059602649006,-0.017173633115153766,3.0644498789785644,0.4012368511238339,0.4542622570764296,0.0866122046114737,91.72495092700046,17.271570478000285,51.48323029600033
ppo_privilege_gru_0722_lr5_tkloff,20,2048000,0.0008625810883309271,0.05241126007527761,0.03224459800836655,0.7823548874771601,0.9249300132148621,0.08018022621651863,0.03507441956111499,0.024642293934036573,0.029414776455618116,0.9122480291837732,0.8901370163545904,0.003551909620000515,0.009552763774991035,0.05089843613677658,0.14749999344348907,30.628740578889847,79.14037322998047,0.6580353058874607,16,16,False,22,139,0.15827338129496402,0.14936107376092259,2.5464578712637382,0.5280271135553112,0.43982796189693135,0.06507825769970854,92.52996242299923,16.86663512799896,50.316701443000056
ppo_privilege_mlp_0721_base,1,102400,0.022954452503181955,0.15080878891927868,0.13832522922568619,0.23452821213852837,0.30666758594647836,0.26994614576337983,0.21756747488640016,0.03167143207517752,0.05908298356497222,0.29233283511088914,-0.4981700952221986,0.19317712300806306,2.662461757659912,0.36630858667194843,0.5797656178474426,147.61260396242142,262.6734313964844,0.2531983029097319,,,,54,159,0.33962264150943394,-0.23055848805200252,3.503862829655375,0.3090019532907204,0.43090997908191037,0.08736558703054961,74.40636509400065,17.403024900000673,0.8026506710011745
ppo_privilege_mlp_0721_base,2,204800,0.0017315581883303732,0.1279095662867989,0.12186459113010206,0.3416606081308916,0.3744156412319448,0.21217072768080528,0.19627377600473447,0.04364840489279251,0.04745540625546968,0.36040746508645005,0.05382083908479607,0.004362897249520756,0.009444089606404305,0.07133300579153001,0.13507811725139618,36.44007655978203,71.65874481201172,0.2301916044205427,,,,50,152,0.32894736842105265,-0.21728592693206852,2.920536592356998,0.42142507339774804,0.44185322882811673,0.09322524173370496,76.30749305099926,17.064720162999947,0.7960202300000674
ppo_privilege_mlp_0721_base,3,307200,0.0033564576926439216,0.14801271063427276,0.13702991976057766,0.4335351179633157,0.4757848545343627,0.2292137519888748,0.20616065640202286,0.06681166927967074,0.06789918311913247,0.4470028823254375,0.3419156183493477,0.04013600588878034,0.5602995753288269,0.09687011421192437,0.2862499952316284,57.89008393883705,194.70794677734375,0.29896771963685753,,,,60,155,0.3870967741935484,-0.3071631466819088,3.978245475533244,0.30875311809337214,0.42468712195810393,0.09779325539794488,74.68448743399858,17.236957589000667,0.8041356720004842
ppo_privilege_mlp_0721_base,4,409600,0.008008947729831573,0.1588212462863096,0.14497628597657133,0.48254172298192854,0.5279254990976591,0.24699569035944002,0.22272249265623992,0.0706468022131792,0.06723007929690275,0.5143071362073516,0.40764171023720086,0.06076597183331614,0.8206790089607239,0.19382812199182808,0.341796875,107.91388323903084,216.98602294921875,0.2772655222564936,,,,67,159,0.42138364779874216,-0.39141194286613007,3.71855539723494,0.27747261981019217,0.4728317016525426,0.08981694779706068,75.78789356400011,17.480740604998573,0.8158906949993252
ppo_privilege_mlp_0721_base,5,512000,0.0007917761253830591,0.12653482697310633,0.11581793013614866,0.5554643478954148,0.5875576836813436,0.18437226585582522,0.17789208806050755,0.06869738809038745,0.05374377221178979,0.5441131865188022,0.6381607260579296,0.002378753069206138,0.005285773891955614,0.04187499883119017,0.10062500089406967,23.981689050793648,53.067562103271484,0.3276865968480706,,,,44,150,0.29333333333333333,-0.12169289111872122,3.4612940351753165,0.3710618411011277,0.41407417815770514,0.08725076186336414,76.47717295999973,16.93318344200088,0.7937331480006833
ppo_privilege_mlp_0721_base,6,614400,0.005813909988500843,0.17359341326499483,0.1654179139347524,0.5460059545283422,0.5709583723069842,0.2522754071569627,0.24667042411471854,0.09491141937302683,0.08416540375478627,0.5395505367266565,0.5573766089997114,0.12512162330473076,0.6860371828079224,0.14790527056902647,0.30921873450279236,96.52845418453217,167.2115478515625,0.39163936357945206,,,,70,166,0.42168674698795183,-0.41565697825587056,3.4824101977032504,0.32119448714992554,0.4657067256210306,0.09557274747413791,75.7621850509986,17.668040436999945,0.821636168000623
ppo_privilege_mlp_0721_base,7,716800,0.004797437022863171,0.14568844490568006,0.13267157336066351,0.6190275561418651,0.6405361466226918,0.20789407624828793,0.2100210987204132,0.08348281356307215,0.05532204800091384,0.6235401450793298,0.7227685044739882,0.019285749832633883,0.12900741398334503,0.1517431598767871,0.3995312452316284,105.535495698452,214.65269470214844,0.2634608820080757,,,,45,149,0.30201342281879195,-0.1204870836752554,4.013171390241614,0.4031001803862648,0.4280378595827562,0.08222112409844007,76.17292347799957,16.95540808399892,0.7891928819990426
ppo_privilege_mlp_0721_base,8,819200,0.0011277999106493741,0.1429216330981412,0.1345059323926085,0.6119670078353943,0.6307777855424646,0.2062101654269118,0.2030147798564611,0.07963310076937061,0.06599708492875588,0.57648810700414,0.6938556324045102,0.05293233086616965,0.7667542695999146,0.05355468625202775,0.15312500298023224,39.94982758164406,100.4834976196289,0.2559936100617051,,,,45,150,0.3,-0.12423910057781529,3.5351127427823577,0.36905066906571077,0.4451200059204522,0.0834239583877743,76.37243309800033,17.014447651999944,0.7977379809999547
ppo_privilege_mlp_0721_base,9,921600,0.0011473410397231376,0.15064080383980735,0.14357916805514725,0.6163943866477373,0.6291588511786317,0.21996457391991278,0.22045320746858857,0.08131703375970192,0.06670512864170589,0.5414946061575713,0.7635035621760947,0.0058465092908591,0.04221940040588379,0.058886717073619366,0.13968749344348907,31.533303126692772,92.50415802001953,0.29957111552357674,,,,42,147,0.2857142857142857,-0.0869448137115308,3.8918236018904437,0.3292980892062229,0.4268551953421756,0.08139837282865457,74.67170566700042,16.943223291000322,0.7883070730003965
ppo_privilege_mlp_0721_base,10,1024000,0.0011983128188424175,0.15929898620421948,0.14965890082407346,0.6403119126290984,0.6591607623791911,0.23302495039923785,0.22411443741217163,0.08557302200920111,0.07520336423597522,0.6090853712364344,0.7127089337169958,0.043148289355740416,0.6236236691474915,0.0665478496812284,0.11867187172174454,28.97087799012661,76.26020050048828,0.2669613897800446,,,,49,151,0.32450331125827814,-0.1510506472907945,4.288353639656818,0.3560252185155274,0.4347864311610565,0.0816732975339523,75.59506985799999,17.035559203999583,0.8007322800003749
ppo_privilege_mlp_0721_base,11,1126400,0.004465888257819017,0.19173079666220777,0.18160390301598742,0.5905216726158029,0.6129579795962163,0.30259063835916644,0.27481841013551683,0.08087095496524918,0.088389395896458,0.5476544470709226,0.6928024088123045,0.4182528210537566,1.829658031463623,0.12926269316812977,0.3703906238079071,77.75628831982613,183.8998260498047,0.31410229951143265,,,,60,159,0.37735849056603776,-0.3144221561844114,3.1296402570788144,0.3475751871796839,0.4311050675008735,0.10288367166089009,74.99209491200054,17.29593660700084,0.8058769979998033
ppo_privilege_mlp_0721_base,12,1228800,0.001892667752690258,0.13889932439880412,0.13101760717683342,0.6887813443511781,0.7009829099437734,0.19419835262718457,0.19878570220300049,0.08360029617042361,0.06324951215066642,0.6801630634399645,0.777769317471029,0.004850533119897589,0.010813522152602673,0.08187499802443199,0.20351561903953552,45.897901982069016,124.78733825683594,0.2946585398167372,,,,39,148,0.2635135135135135,-0.05438951948589266,3.7863043069167115,0.41193343298101237,0.4332500719022322,0.0699762450495913,74.82120208000015,16.85375475699948,0.7993788090007001
ppo_privilege_mlp_0721_base,13,1331200,0.003539202870487923,0.17785688433292876,0.16809071879499424,0.6581477368982178,0.6772323013393166,0.2520273234176337,0.23067321456534462,0.10368644524822379,0.10550822302464381,0.6345338299821144,0.7046290724736208,0.08975416600718744,0.8134414553642273,0.07038574016769417,0.12601561844348907,34.25438007712364,68.83973693847656,0.33021650798618796,,,,57,150,0.38,-0.3082243681702387,3.287796140019213,0.299479456731946,0.4508893311382256,0.08130737315990613,76.18497279599978,16.983169961000385,0.7904300259997399
ppo_privilege_mlp_0721_base,14,1433600,0.003835079549171283,0.1724812943184668,0.16350450423760993,0.6596151462331268,0.6764686623377749,0.255652851171535,0.24883189494428082,0.08930973746539848,0.07817711353093912,0.6332622642864945,0.750613090566202,0.15350189991499064,1.3385201692581177,0.06741699087433517,0.1322656273841858,27.244157195091248,60.96693420410156,0.3747072022408247,,,,51,153,0.3333333333333333,-0.21434736864940315,2.984221642282554,0.3313238409910754,0.43400661811317276,0.08955603123752053,74.21833212999991,17.081223802999375,0.8066638889995374
ppo_privilege_mlp_0721_base,15,1536000,0.002807225404685587,0.1894945797337058,0.18395360403959496,0.653985300977943,0.6658913141525656,0.2855021695076518,0.2728297046047575,0.09348698995975978,0.09507750347443247,0.6236510154111513,0.7490978206310287,0.0053450421456364,0.013771148398518562,0.08327148237731308,0.2752343714237213,39.858401983976364,131.3185272216797,0.5895849954336881,,,,57,157,0.3630573248407643,-0.27762460060258837,3.4845988369533503,0.34739202110847084,0.4414694214295161,0.10061034870589806,74.04955710700051,17.335503747000985,0.8066992280000704
ppo_privilege_mlp_0721_base,16,1638400,0.0023432083547589855,0.170079386659609,0.15560758420454937,0.7050224151794806,0.7248788269193616,0.2181179038568641,0.21820463732232603,0.12204086946235389,0.09301053108677265,0.7192356776700084,0.747865499362838,0.004364787054655608,0.00897871982306242,0.08332519386385684,0.2313281148672104,39.71085783839226,115.26822662353516,0.30413934867829084,,,,42,147,0.2857142857142857,-0.05885105460603623,4.944847537949784,0.3869489142614953,0.446501778542043,0.07018225160363763,75.88089600700005,16.932578472000387,0.7886225969996303
ppo_privilege_mlp_0721_base,17,1740800,0.0030869271097435508,0.1779359851644024,0.17022631096621027,0.7048432090237228,0.7138248446493627,0.24789565907472752,0.2525837265285314,0.10797631125407729,0.08786889540388915,0.6848568585449255,0.7530381796518808,0.09741915842983873,0.7426986694335938,0.12270995858125389,0.2400781214237213,52.27471148967743,108.95664978027344,0.24398047886788846,,,,43,147,0.2925170068027211,-0.06896013811956433,4.851538496862517,0.31333203673095444,0.4475105310656885,0.08582218094190824,74.95938237200062,16.909239320999404,0.7874799740002345
ppo_privilege_mlp_0721_base,18,1843200,0.0020704694546287428,0.2139627163484149,0.1959207691169788,0.6774159081090503,0.702037014549123,0.30991486710042304,0.29589561576504103,0.11801056559640673,0.09594592246891662,0.6400916430182755,0.7848578297959071,0.431144766466532,2.4397146701812744,0.049599608188145794,0.09234374761581421,28.330486178398132,74.64205932617188,0.4308534512296319,,,,49,151,0.32450331125827814,-0.13409772640537396,5.831736121625894,0.26763774879142205,0.4255540638016365,0.09429723827434912,76.43926369899964,17.138935824999862,0.8028691340005025
ppo_privilege_mlp_0721_base,19,1945600,0.007052519240714261,0.2054245917643242,0.20104273521457638,0.6463793487823326,0.6566592868292652,0.3059418652762038,0.3060107040778832,0.10490731825244459,0.09607476635126966,0.5941782350107219,0.74973839612254,0.03511750788456993,0.43431612849235535,0.09207030991092324,0.3207031190395355,37.5823495388031,195.5399932861328,0.40627873577177526,,,,52,157,0.33121019108280253,-0.18450497176488226,4.14760299139523,0.3271181153623573,0.44593997139461056,0.08027897159947564,77.91431490600007,17.264462156999798,0.8156546209993394
ppo_privilege_mlp_0721_base,20,2048000,0.005450373932909258,0.180091996544529,0.17581658649850873,0.6638272482943641,0.6734456517455584,0.2712121456209657,0.2838553530919208,0.0889718474680923,0.06777781990509663,0.5988132401013067,0.7992051009723162,0.14436727076623357,1.4722648859024048,0.1540283167269081,0.41234374046325684,82.23346012830734,216.34829711914062,0.4843306798487902,,,,38,145,0.2620689655172414,-0.010953824387962193,4.500107274588114,0.37597961934439633,0.4539267734318916,0.06508605353933088,78.5358409090004,16.812034109001615,0.7951184289995581
