group,run,update,scenario_id,episode_key,bc_strict_5deg_tail,outcome,ego_collision,opp_collision,collision_time_s,avg_speed_mps,final_relative_position_m,trace_frames,trace_duration_s,terminal_post_step_present,terminal_post_step_true_count,collision_flag_present_in_trace,reference_index,reference_kind,reference_time_s,json_collision_time_s,trace_reference_lag_to_collision_s,initial_relative_progress_m,max_relative_progress_before_reference_m,relative_progress_at_reference_m,first_overtake_time_s,time_from_overtake_to_reference_s,opponent_longitudinal_in_ego_frame_m,opponent_lateral_in_ego_frame_m,center_distance_at_reference_m,rear_center_distance_at_reference_m,front_center_distance_at_reference_m,max_abs_estimated_sideslip_deg_0p5s_5step,max_abs_estimated_sideslip_deg_0p5s_10step,max_abs_estimated_yaw_rate_radps_0p5s,lateral_closure_m_0p5s,lateral_closure_m_1p0s,min_center_distance_m_1p0s,vehicle_collision,wall_only_collision,overtake_before_reference,opponent_behind_at_reference,lateral_merge_closing_0p5s,post_overtake_rear_contact,post_overtake_rear_merge_contact,high_sideslip_tail_3deg,high_sideslip_tail_5deg,high_sideslip_tail_8deg,trace_missing
BC,BC,0,evaluation-sp1-ego42-raceline2-v0.7,ol2_e42_o63_s0.7,True,ego_collision,True,True,4.709999999999944,5.371740916044004,0.050885455288494086,472,4.709999999999944,True,1,True,471,terminal_collision_flag,4.709999999999944,4.709999999999944,0.0,-2.99293232204343,0.050885455288494086,0.050885455288494086,4.629999999999946,0.0799999999999983,-0.11730816594123857,0.3392186523208411,0.35892965867822185,0.38064650744876993,0.5300653130745145,14.157440193659028,16.14958744942091,2.6041664290432576,0.36845631852819133,0.5679745805301737,0.35892965867822185,True,False,True,True,True,True,True,True,True,True,False
BC,BC,0,evaluation-sp12-ego513-raceline0-v0.8,ol0_e513_o523_s0.8,False,ego_collision,True,True,5.869999999999919,6.0380098349670295,0.10200797999576139,588,5.869999999999919,True,1,True,587,terminal_collision_flag,5.869999999999919,5.869999999999919,0.0,-2.918793232532323,0.16910758943612336,0.10200797999576139,5.479999999999928,0.3899999999999917,-0.08834830649626281,-0.3169999449397652,0.32908112731144545,0.3757025027661372,0.4935953870534085,3.533825732110579,4.218305121585768,0.4402455375603958,0.28451185579587895,0.35450697009496673,0.32908112731144545,True,False,True,True,True,True,True,True,False,False,False
BC,BC,0,evaluation-sp13-ego556-raceline0-v0.8,ol0_e556_o565_s0.8,True,ego_collision,True,True,7.049999999999894,5.356413182139344,0.3790720708225024,706,7.049999999999894,True,1,True,705,terminal_collision_flag,7.049999999999894,7.049999999999894,0.0,-3.042886322651867,0.3790720708225024,0.3790720708225024,6.599999999999904,0.4499999999999904,-0.1844263236942223,-0.47609801404274027,0.5105706492218363,0.48766291647423676,0.6721232443454521,19.23658910860113,24.811992941603133,5.144499034885047,0.26591943207847474,0.25889401937606954,0.5105706492218363,True,False,True,True,True,True,True,True,True,True,False
BC,BC,0,evaluation-sp15-ego641-raceline2-v0.7,ol2_e641_o661_s0.7,True,ego_collision,True,True,4.369999999999951,4.685537919795945,0.2634561926437584,438,4.369999999999951,True,1,True,437,terminal_collision_flag,4.369999999999951,4.369999999999951,0.0,-3.120405458589886,0.2634561926437584,0.2634561926437584,4.1699999999999555,0.19999999999999574,-0.36740713695497046,0.30517533608681496,0.4776190846701469,0.31483940447038394,0.7247869545425274,18.117444364284463,24.653807198623614,5.237465831107292,0.18027311493541942,0.5013113062099104,0.45793940292459556,True,False,True,True,True,True,True,True,True,True,False
BC,BC,0,evaluation-sp2-ego85-raceline2-v0.8,ol2_e85_o106_s0.8,True,ego_collision,True,True,5.769999999999921,5.514384644309614,0.21871777265468495,578,5.769999999999921,True,1,True,577,terminal_collision_flag,5.769999999999921,5.769999999999921,0.0,-2.990392967341876,0.21871777265468495,0.21871777265468495,5.5799999999999255,0.18999999999999595,-0.15823833827674422,0.34696673149223434,0.3813466722851919,0.3711428946679135,0.5668364143767594,10.420628323138125,13.955826053104762,2.6906767182884335,0.36003913787395536,0.5928622537407083,0.3813466722851919,True,False,True,True,True,True,True,True,True,True,False
BC,BC,0,evaluation-sp21-ego898-raceline0-v0.7,ol0_e898_o902_s0.7,True,ego_collision,True,True,6.099999999999914,4.966912395408133,0.2002413333312063,611,6.099999999999914,True,1,True,610,terminal_collision_flag,6.099999999999914,6.099999999999914,0.0,-2.9938366206783087,0.2942155679924383,0.2002413333312063,5.689999999999923,0.40999999999999126,-0.02426424816925954,-0.44301738631328036,0.4436813702591869,0.5166041950825595,0.5431633476710669,13.70788448295745,18.37971275648171,3.477425664521053,0.3417303396029264,0.18828326745427348,0.4436813702591869,True,False,True,True,True,True,True,True,True,True,False
BC,BC,0,evaluation-sp30-ego1283-raceline0-v0.7,ol0_e1283_o1279_s0.7,False,ego_collision,True,True,7.25999999999989,4.608282765705023,0.5833296194275022,727,7.25999999999989,True,1,True,726,terminal_collision_flag,7.25999999999989,7.25999999999989,0.0,-2.7444438072821526,0.5833296194275022,0.5833296194275022,6.089999999999915,1.169999999999975,-0.10425257176541317,-0.47464259196837205,0.48595698248935276,0.5096937288276338,0.6170256724432921,2.4184541148581205,4.642504535623697,2.595568880983683,0.2613282506741929,0.25909275013668404,0.48595698248935276,True,False,True,True,True,True,True,False,False,False,False
BC,BC,0,evaluation-sp37-ego1582-raceline2-v0.7,ol2_e1582_o1611_s0.7,True,ego_collision,True,True,3.2699999999999743,4.46947943275672,0.5393858850768538,328,3.2699999999999743,True,1,True,327,terminal_collision_flag,3.2699999999999743,3.2699999999999743,0.0,-3.0969620622893785,0.5393858850768538,0.5393858850768538,2.9399999999999813,0.32999999999999297,-0.5485970421464164,0.3084057565250502,0.6293431697488941,0.40247551585737984,0.893509434619751,11.497926425057104,16.376395301629728,2.5394983123502977,0.3543227211210127,0.04983103412119194,0.5022240818855537,True,False,True,True,True,True,True,True,True,True,False
BC,BC,0,evaluation-sp4-ego171-raceline2-v0.8,ol2_e171_o194_s0.8,True,ego_collision,True,True,6.7499999999999005,5.262749472933925,0.5245361851931705,676,6.7499999999999005,True,1,True,675,terminal_collision_flag,6.7499999999999005,6.7499999999999005,0.0,-2.9674902499793063,0.5245361851931705,0.5245361851931705,6.259999999999911,0.48999999999998956,-0.47023898093223737,0.35567675667640686,0.5896021153524104,0.3987380662632292,0.8393266726184357,8.414380405175596,10.911154702691922,1.7872013378265477,0.4926292479107426,0.7486576934029364,0.5885965354424381,True,False,True,True,True,True,True,True,True,True,False
BC,BC,0,evaluation-sp45-ego1924-raceline0-v0.7,ol0_e1924_o1919_s0.7,False,ego_collision,True,True,7.129999999999892,4.916866693885193,0.4263164048785768,714,7.129999999999892,True,1,True,713,terminal_collision_flag,7.129999999999892,7.129999999999892,0.0,-3.036418303031155,0.5228902684545176,0.4263164048785768,6.089999999999915,1.0399999999999778,-0.29835491425338173,-0.47050283971148393,0.5571252794800404,0.47057701470508706,0.7533488085227682,3.813820747511424,4.64795267722992,1.7943190016568193,0.08375179517412418,0.1814698631444343,0.5326217252019008,True,False,True,True,False,True,False,False,False,False,False
BC,BC,0,evaluation-sp5-ego213-raceline0-v0.7,ol0_e213_o221_s0.7,True,ego_collision,True,True,3.3099999999999734,4.792826672170031,0.3994657999474782,332,3.3099999999999734,True,1,True,331,terminal_collision_flag,3.3099999999999734,3.3099999999999734,0.0,-3.1763834205093247,0.3994657999474782,0.3994657999474782,3.0699999999999785,0.23999999999999488,-0.3578429480408372,-0.33742089768021805,0.4918378164129732,0.34417368840484586,0.7304473612229474,6.689688528709283,8.409797836458475,1.0946240253638406,0.30907522544123983,0.04914131531723037,0.4510113112995222,True,False,True,True,True,True,True,True,True,False,False
BC,BC,0,evaluation-sp9-ego384-raceline0-v0.7,ol0_e384_o391_s0.7,False,ego_collision,True,True,7.389999999999887,5.180466971937848,0.0727690511544381,740,7.389999999999887,True,1,True,739,terminal_collision_flag,7.389999999999887,7.389999999999887,0.0,-2.819123226821347,0.0727690511544381,0.0727690511544381,7.089999999999893,0.2999999999999936,-0.030657368199426827,-0.33992644160775826,0.3413061088363757,0.42756120775084394,0.46730197248106653,4.825410114407883,5.770600216293625,0.9693637132742989,0.4324625021702631,0.46051312376615255,0.3413061088363757,True,False,True,True,True,True,True,True,False,False,False
G1,ppo_independent_gru_0721_base,1,evaluation-sp1-ego42-raceline2-v0.7,ol2_e42_o63_s0.7,True,overtake,False,False,,5.520384148085265,4.491952583617035,801,7.999999999999874,False,0,False,479,closest_approach,4.789999999999942,,,-2.99293232204343,-0.3345428036212468,-0.3350766373991121,,,0.22987447701982147,0.5032886999467514,0.5533008139152044,0.7235806709349857,0.506867432380234,11.867887447487547,13.88052756575638,2.154626630356519,0.05992782938169916,0.39105595102460544,0.5533008139152044,False,False,False,False,False,False,False,False,False,False,False
G1,ppo_independent_gru_0721_base,1,evaluation-sp12-ego513-raceline0-v0.8,ol0_e513_o523_s0.8,False,ego_collision,True,True,7.179999999999891,5.901543227129055,0.34410697369725085,718,7.169999999999892,False,0,False,717,nearest_preterminal_frame,7.169999999999892,7.179999999999891,0.009999999999999787,-2.918793232532323,0.3405814762671753,0.3405814762671753,5.599999999999925,1.5699999999999665,-0.2685909384583293,-0.3827063153922414,0.46755236718792453,0.3833046722350261,0.6771173903902209,5.92570324183296,7.428695016341894,1.1438595897322545,-0.009499275153002806,-0.062485283880732434,0.32593372806439175,True,False,True,True,False,True,False,False,False,False,False
G1,ppo_independent_gru_0721_base,1,evaluation-sp13-ego556-raceline0-v0.8,ol0_e556_o565_s0.8,True,ego_collision,True,True,7.049999999999894,5.35978204329132,0.3866112586661359,705,7.039999999999894,False,0,False,704,nearest_preterminal_frame,7.039999999999894,7.049999999999894,0.009999999999999787,-3.042886322651867,0.3707906701932302,0.3707906701932302,6.599999999999904,0.4399999999999906,-0.17316697621953808,-0.4906520404397996,0.5203135847167137,0.504370280878468,0.6747318524036707,18.859190173537833,24.45667361033893,5.028545859339558,0.2509763429114824,0.20323459838304458,0.5203135847167137,True,False,True,True,True,True,True,True,True,True,False
G1,ppo_independent_gru_0721_base,1,evaluation-sp15-ego641-raceline2-v0.7,ol2_e641_o661_s0.7,True,ego_collision,True,True,4.3599999999999515,4.681943084372155,0.2480019848579218,436,4.349999999999952,False,0,False,435,nearest_preterminal_frame,4.349999999999952,4.3599999999999515,0.009999999999999787,-3.120405458589886,0.23799218986277992,0.23799218986277992,4.1699999999999555,0.17999999999999616,-0.3165484188198579,0.32436418264223715,0.4532273429952332,0.32544883088283044,0.6878321796441602,17.929833323289113,24.476362094307895,5.161602743771864,0.14183428619247335,0.5242677200883836,0.4473794626056461,True,False,True,True,True,True,True,True,True,True,False
G1,ppo_independent_gru_0721_base,1,evaluation-sp2-ego85-raceline2-v0.8,ol2_e85_o106_s0.8,True,ego_collision,True,True,5.81999999999992,5.461047528673608,-0.016676242566774135,582,5.809999999999921,False,0,False,581,nearest_preterminal_frame,5.809999999999921,5.81999999999992,0.009999999999999787,-2.990392967341876,-0.023622516456953235,-0.023622516456953235,,,0.09593031487849858,0.34428744609815687,0.3574023934635569,0.5171808711495508,0.39521752013789824,10.006631118483957,13.360439671144913,2.550598566085532,0.28125767355865006,0.5871802431500375,0.3574023934635569,True,False,False,False,True,False,False,False,False,False,False
G1,ppo_independent_gru_0721_base,1,evaluation-sp21-ego898-raceline0-v0.7,ol0_e898_o902_s0.7,True,ego_collision,True,True,6.109999999999914,4.951646507071736,0.14403510340051184,611,6.099999999999914,False,0,False,610,nearest_preterminal_frame,6.099999999999914,6.109999999999914,0.009999999999999787,-2.9938366206783087,0.2295954293772411,0.12131259720112553,5.709999999999923,0.3899999999999917,0.02378322523182208,-0.44205776711594613,0.4426970874875547,0.5421023721626944,0.5160294958968012,12.36400319744626,17.114130579353198,3.623990516014561,0.3420443290898184,0.15563300542925085,0.4426970874875547,True,False,True,False,True,False,False,False,False,False,False
G1,ppo_independent_gru_0721_base,1,evaluation-sp30-ego1283-raceline0-v0.7,ol0_e1283_o1279_s0.7,False,ego_collision,True,True,7.389999999999887,4.521413847462326,0.26662744402540284,739,7.379999999999887,False,0,False,738,nearest_preterminal_frame,7.379999999999887,7.389999999999887,0.009999999999999787,-2.7444438072821526,0.31966762399849813,0.258892000340154,6.1399999999999135,1.2399999999999736,-0.0577641386409212,-0.40387503808286873,0.4079849777863962,0.46588468711434583,0.5329680501785267,4.696565143660941,2.7652285798914433,1.3398919319780875,0.19006811448579608,0.2235011093838245,0.4079849777863962,True,False,True,True,True,True,True,True,False,False,False
G1,ppo_independent_gru_0721_base,1,evaluation-sp37-ego1582-raceline2-v0.7,ol2_e1582_o1611_s0.7,True,ego_collision,True,True,3.319999999999973,4.449298403398224,0.5244372692079082,332,3.3099999999999734,False,0,False,331,nearest_preterminal_frame,3.3099999999999734,3.319999999999973,0.009999999999999787,-3.0969620622893785,0.5122841040279695,0.5122841040279695,2.949999999999981,0.3599999999999923,-0.5075041343891813,0.31596964765986985,0.5978271193785161,0.3835946646118652,0.8578168001444946,11.898239351501399,17.131907440974505,2.5734328272381997,0.28240433281853844,0.07040374609257188,0.4613502712315768,True,False,True,True,True,True,True,True,True,True,False
G1,ppo_independent_gru_0721_base,1,evaluation-sp4-ego171-raceline2-v0.8,ol2_e171_o194_s0.8,True,overtake,False,False,,5.472334963051514,1.240438904914555,801,7.999999999999874,False,0,False,655,closest_approach,6.549999999999905,,,-2.9674902499793063,0.6163488166382933,0.6163488166382933,6.089999999999915,0.4599999999999902,-0.581770452781671,0.5656897318943127,0.8114565499769226,0.6365020580383701,1.0392249973484178,8.55191875677551,11.024572668049597,2.1097343323905364,0.5257559949414458,0.6150428794487771,0.8114565499769226,False,False,True,True,True,False,False,False,False,False,False
G1,ppo_independent_gru_0721_base,1,evaluation-sp45-ego1924-raceline0-v0.7,ol0_e1924_o1919_s0.7,False,overtake,False,False,,5.213012379486418,4.994548259855975,801,7.999999999999874,False,0,False,655,closest_approach,6.549999999999905,,,-3.036418303031155,0.7678824590327054,0.7678824590327054,6.069999999999915,0.47999999999998977,-0.24117286986967146,-0.5339093066139651,0.5858527979366306,0.5361373297260404,0.753129315174086,11.457101322414315,14.923173913504657,2.485321534196547,0.1089719046979708,-0.023206507029615908,0.5858527979366306,False,False,True,True,True,False,False,False,False,False,False
G1,ppo_independent_gru_0721_base,1,evaluation-sp5-ego213-raceline0-v0.7,ol0_e213_o221_s0.7,True,ego_collision,True,True,3.2999999999999736,4.779992275145729,0.37348708273398756,330,3.289999999999974,False,0,False,329,nearest_preterminal_frame,3.289999999999974,3.2999999999999736,0.009999999999999787,-3.1763834205093247,0.3607330677060361,0.3607330677060361,3.0699999999999785,0.2199999999999953,-0.3252453929500269,-0.33841565681062263,0.4693716250582075,0.3402460793290158,0.7021766517912698,7.010244807917243,8.837936020707286,1.1949370393683967,0.28879461432242176,0.033210273600359996,0.4467246526437123,True,False,True,True,True,True,True,True,True,False,False
G1,ppo_independent_gru_0721_base,1,evaluation-sp9-ego384-raceline0-v0.7,ol0_e384_o391_s0.7,False,ego_collision,True,True,7.519999999999884,5.199936234249874,0.2067473643325286,752,7.509999999999884,False,0,False,751,nearest_preterminal_frame,7.509999999999884,7.519999999999884,0.009999999999999787,-2.819123226821347,0.19862736531402447,0.19862736531402447,7.0799999999998935,0.42999999999999083,-0.19383283362664033,-0.31923339570496145,0.3734717235950445,0.33340378645360635,0.5796586683803708,5.34506306651936,6.715675179110735,1.6622223476049847,0.46175870342105896,0.515733255001238,0.3734717235950445,True,False,True,True,True,True,True,True,True,False,False
G1,ppo_independent_gru_0721_base,5,evaluation-sp1-ego42-raceline2-v0.7,ol2_e42_o63_s0.7,True,overtake,False,False,,5.453193755835934,4.003993155196525,801,7.999999999999874,False,0,False,492,closest_approach,4.9199999999999395,,,-2.99293232204343,-0.45956055097715875,-0.45956055097715875,,,0.3399036545820563,0.49000955882114183,0.5963588367202484,0.7980526184356019,0.49254415281955716,11.523089665192984,13.377032866745171,2.0725342505663042,0.019677641658843448,0.48537565170874275,0.5963588367202484,False,False,False,False,False,False,False,False,False,False,False
G1,ppo_independent_gru_0721_base,5,evaluation-sp12-ego513-raceline0-v0.8,ol0_e513_o523_s0.8,False,overtake,False,False,,5.769052427426457,0.8574412082077458,801,7.999999999999874,False,0,False,772,closest_approach,7.71999999999988,,,-2.918793232532323,0.8590167960690849,0.8590167960690849,7.149999999999892,0.5699999999999878,-0.25414205384191574,-0.7783176356984612,0.8187591377018212,0.7791432052850866,0.9496677928615569,12.730834999325154,16.704748988617027,3.6955875845368955,0.08908185312206485,0.15536458516090335,0.8187591377018212,False,False,True,True,False,False,False,False,False,False,False
G1,ppo_independent_gru_0721_base,5,evaluation-sp13-ego556-raceline0-v0.8,ol0_e556_o565_s0.8,True,overtake,False,False,,5.1550660455025366,0.21825328306042024,801,7.999999999999874,False,0,False,727,closest_approach,7.269999999999889,,,-3.042886322651867,-0.12100500737324182,-0.12207915788209789,,,0.10520376903904652,-0.5549708800000364,0.5648544154629898,0.681306609912661,0.584929333018433,14.81538789108603,20.44921023856041,3.922437704828331,0.11041023130469352,0.030899030346517087,0.5648544154629898,False,False,False,False,True,False,False,False,False,False,False
G1,ppo_independent_gru_0721_base,5,evaluation-sp15-ego641-raceline2-v0.7,ol2_e641_o661_s0.7,True,ego_collision,True,True,4.369999999999951,4.654832616907619,0.1650712288676175,437,4.3599999999999515,False,0,False,436,nearest_preterminal_frame,4.3599999999999515,4.369999999999951,0.009999999999999787,-3.120405458589886,0.16102454390684784,0.15697259794575302,4.239999999999954,0.11999999999999744,-0.21883459686510043,0.33584316019221344,0.4008481121734313,0.3433003682655256,0.6096747290275053,19.02122940352505,25.74869979973729,5.374901575459789,0.0777121241473242,0.4535518718547307,0.4008481121734313,True,False,True,True,False,True,False,False,False,False,False
G1,ppo_independent_gru_0721_base,5,evaluation-sp2-ego85-raceline2-v0.8,ol2_e85_o106_s0.8,True,overtake,False,False,,5.4925814183811275,0.110072867754468,801,7.999999999999874,False,0,False,599,closest_approach,5.989999999999917,,,-2.990392967341876,-0.3605862869622456,-0.3833146646954617,,,0.3618280930436966,0.3988990172185386,0.5385536137224909,0.7641991159500893,0.4053143235665499,9.436389549838971,12.693548567919063,2.4281399130729295,0.20719003243750933,0.38747801170155927,0.5385536137224909,False,False,False,False,True,False,False,False,False,False,False
G1,ppo_independent_gru_0721_base,5,evaluation-sp21-ego898-raceline0-v0.7,ol0_e898_o902_s0.7,True,overtake,False,False,,5.061085846684575,1.6767152080211076,801,7.999999999999874,False,0,False,629,closest_approach,6.28999999999991,,,-2.9938366206783087,0.08233537306685434,0.01422087595415178,5.779999999999921,0.5099999999999891,0.02638265803101844,-0.4271994004391211,0.42801328528484506,0.5315988281009627,0.5019894727206293,12.394228706378085,16.910401355862135,3.5814637239524947,0.2950177143577142,0.2753553992449349,0.42801328528484506,False,False,True,False,True,False,False,False,False,False,False
G1,ppo_independent_gru_0721_base,5,evaluation-sp30-ego1283-raceline0-v0.7,ol0_e1283_o1279_s0.7,False,ego_collision,True,True,7.189999999999891,4.6514917507355165,0.8091035541141309,719,7.179999999999891,False,0,False,718,nearest_preterminal_frame,7.179999999999891,7.189999999999891,0.009999999999999787,-2.7444438072821526,0.8086139479320877,0.8086139479320877,6.1899999999999125,0.9899999999999789,-0.2965262947770017,-0.47329969713062525,0.5585162905396036,0.47334469029181886,0.7536747957632521,4.395461174708044,7.108093819911611,2.040408224141509,0.15251144670742256,0.181268539976145,0.5585162905396036,True,False,True,True,True,True,True,True,False,False,False
G1,ppo_independent_gru_0721_base,5,evaluation-sp37-ego1582-raceline2-v0.7,ol2_e1582_o1611_s0.7,True,ego_collision,True,True,3.2199999999999753,4.437217841539349,0.44297739766926725,322,3.2099999999999755,False,0,False,321,nearest_preterminal_frame,3.2099999999999755,3.2199999999999753,0.009999999999999787,-3.0969620622893785,0.43328171138529115,0.43328171138529115,2.9199999999999817,0.2899999999999938,-0.43096905103806654,0.31179289800127336,0.5319296327491861,0.3421799009214385,0.7855005943974598,16.907246767551726,23.305839383771005,5.063815783652965,0.31553158837436196,0.30738136044277103,0.4684864901371219,True,False,True,True,True,True,True,True,True,True,False
G1,ppo_independent_gru_0721_base,5,evaluation-sp4-ego171-raceline2-v0.8,ol2_e171_o194_s0.8,True,overtake,False,False,,5.460281857229098,1.1576055935393867,801,7.999999999999874,False,0,False,652,closest_approach,6.519999999999905,,,-2.9674902499793063,0.5629710894504854,0.5629710894504854,6.119999999999914,0.3999999999999915,-0.5377731791938959,0.5668375330799412,0.7813480537945069,0.6186245527264529,1.0032513269868737,9.342203512720083,11.968408572066203,2.4120588847041162,0.5174150790867919,0.6035656235248502,0.7813480537945069,False,False,True,True,True,False,False,False,False,False,False
G1,ppo_independent_gru_0721_base,5,evaluation-sp45-ego1924-raceline0-v0.7,ol0_e1924_o1919_s0.7,False,overtake,False,False,,5.119945851349795,4.12668979090526,801,7.999999999999874,False,0,False,598,closest_approach,5.979999999999917,,,-3.036418303031155,-0.19320005176120958,-0.19320005176120958,,,0.10300216602047177,-0.49228929792102705,0.5029494995051556,0.6299201975999501,0.5266089087364673,5.455451050510306,6.622497977993666,1.319691563031145,-0.05295065805385385,0.03200071425590412,0.5029494995051556,False,False,False,False,False,False,False,False,False,False,False
G1,ppo_independent_gru_0721_base,5,evaluation-sp5-ego213-raceline0-v0.7,ol0_e213_o221_s0.7,True,ego_collision,True,True,3.279999999999974,4.733089523005059,0.18549264411598188,328,3.2699999999999743,False,0,False,327,nearest_preterminal_frame,3.2699999999999743,3.279999999999974,0.009999999999999787,-3.1763834205093247,0.17305671085310337,0.17305671085310337,3.1599999999999766,0.10999999999999766,-0.13550607738706252,-0.34081663505561377,0.3667667865816915,0.3741982774612461,0.5451709829255004,7.078348601357142,8.617548023581088,1.2507600950652176,0.26421905181045324,-0.03916083831593925,0.3667667865816915,True,False,True,True,True,True,True,True,True,False,False
G1,ppo_independent_gru_0721_base,5,evaluation-sp9-ego384-raceline0-v0.7,ol0_e384_o391_s0.7,False,overtake,False,False,,5.2934278607270056,0.9446917695073296,801,7.999999999999874,False,0,False,757,closest_approach,7.569999999999883,,,-2.819123226821347,0.46145574966888603,0.46145574966888603,7.189999999999891,0.3799999999999919,-0.3898225778265426,-0.555048823551519,0.6782631043402376,0.5639536714747598,0.877632003660219,1.766053239578292,2.117135234850799,0.5987815655029344,0.29784762649657504,0.323820730988158,0.6782631043402376,False,False,True,True,True,False,False,False,False,False,False
G1,ppo_independent_gru_0721_base,10,evaluation-sp1-ego42-raceline2-v0.7,ol2_e42_o63_s0.7,True,overtake,False,False,,5.4495863382591265,4.036957680771849,801,7.999999999999874,False,0,False,490,closest_approach,4.89999999999994,,,-2.99293232204343,-0.4444613232179506,-0.4444613232179506,,,0.3096475473875629,0.5028459295650347,0.5905384259159236,0.7825798425515721,0.503229624523905,13.0579454878524,15.187371929029165,2.468372242966427,0.028827065497957882,0.4763399726187777,0.5905384259159236,False,False,False,False,False,False,False,False,False,False,False
G1,ppo_independent_gru_0721_base,10,evaluation-sp12-ego513-raceline0-v0.8,ol0_e513_o523_s0.8,False,ego_collision,True,True,7.879999999999876,5.70907787010607,0.3541006359992025,788,7.869999999999877,False,0,False,787,nearest_preterminal_frame,7.869999999999877,7.879999999999876,0.009999999999999787,-2.918793232532323,0.5932179079982802,0.451113853081921,7.369999999999887,0.49999999999998934,-0.11292686578885427,-0.4847683633846931,0.4977477706183803,0.5160961741749616,0.6303573790423201,12.436729600751114,17.42614054618901,3.470777008608644,0.26583301981446994,0.24674882006652332,0.4977477706183803,True,False,True,True,True,True,True,True,True,True,False
G1,ppo_independent_gru_0721_base,10,evaluation-sp13-ego556-raceline0-v0.8,ol0_e556_o565_s0.8,True,overtake,False,False,,5.274913020273364,1.1699783948190827,801,7.999999999999874,False,0,False,738,closest_approach,7.379999999999887,,,-3.042886322651867,0.33848500253768066,0.33677610509900546,7.119999999999893,0.25999999999999446,-0.18004666078042644,-0.48354797350158474,0.5159800797857135,0.49589149970837765,0.6743608129097647,11.624539394210922,16.41407922909756,3.6147628219712375,0.21644344685379802,0.1694874114418189,0.5159800797857135,False,False,True,True,True,False,False,False,False,False,False
G1,ppo_independent_gru_0721_base,10,evaluation-sp15-ego641-raceline2-v0.7,ol2_e641_o661_s0.7,True,ego_collision,True,True,4.329999999999952,4.700723551077188,0.2691126969740196,433,4.319999999999952,False,0,False,432,nearest_preterminal_frame,4.319999999999952,4.329999999999952,0.009999999999999787,-3.120405458589886,0.22851823879543076,0.22851823879543076,4.159999999999956,0.1599999999999966,-0.3371654931297948,0.3205989652595199,0.4652572044395794,0.3240498113988829,0.7043580426872497,20.68843799969051,27.648261712700403,5.661816410427379,0.09502981567610297,0.47941983790028064,0.45592296243743446,True,False,True,True,False,True,False,False,False,False,False
G1,ppo_independent_gru_0721_base,10,evaluation-sp2-ego85-raceline2-v0.8,ol2_e85_o106_s0.8,True,follow,False,False,,5.456767789895099,-0.5477928846166265,801,7.999999999999874,False,0,False,598,closest_approach,5.979999999999917,,,-2.990392967341876,-0.5007717670331999,-0.5264626178571632,,,0.47614853847527655,0.4324387383645604,0.6432112352333988,0.8797652217757502,0.47080201870299393,10.469570727810007,13.879958538839919,2.5430135046374067,0.031214700363331682,0.35276509671679396,0.6432112352333988,False,False,False,False,False,False,False,False,False,False,False
G1,ppo_independent_gru_0721_base,10,evaluation-sp21-ego898-raceline0-v0.7,ol0_e898_o902_s0.7,True,ego_collision,True,True,6.119999999999914,5.02414120773168,0.6269186251138876,612,6.109999999999914,False,0,False,611,nearest_preterminal_frame,6.109999999999914,6.119999999999914,0.009999999999999787,-2.9938366206783087,0.6900985142888487,0.6138390860910192,5.539999999999926,0.5699999999999878,-0.36198623773315497,-0.47201447930655516,0.5948375450349805,0.4774721846327938,0.8049122454457208,16.951225364937326,22.03202609793205,4.395789437615365,0.2750932262025787,0.10384208646192261,0.594721557626934,True,False,True,True,True,True,True,True,True,True,False
G1,ppo_independent_gru_0721_base,10,evaluation-sp30-ego1283-raceline0-v0.7,ol0_e1283_o1279_s0.7,False,overtake,False,False,,4.556183142230859,1.8154488599190586,801,7.999999999999874,False,0,False,625,closest_approach,6.249999999999911,,,-2.7444438072821526,0.0447896948143125,0.0447896948143125,6.229999999999912,0.019999999999999574,-0.0094230329238148,-0.5758865678913969,0.5759636556478333,0.6406003227687317,0.6490758751664002,2.082171219273172,2.7256963366541687,0.6169424549768141,0.00502241341087839,-0.21913011788281156,0.5759636556478333,False,False,True,True,False,False,False,False,False,False,False
G1,ppo_independent_gru_0721_base,10,evaluation-sp37-ego1582-raceline2-v0.7,ol2_e1582_o1611_s0.7,True,ego_collision,True,True,3.089999999999978,4.505641502941403,0.5144055739811506,309,3.0799999999999783,False,0,False,308,nearest_preterminal_frame,3.0799999999999783,3.089999999999978,0.009999999999999787,-3.0969620622893785,0.5038362233746625,0.5038362233746625,2.819999999999984,0.25999999999999446,-0.5155306988576461,0.3002768931435285,0.5966054927844555,0.37554002274477793,0.8596777997354693,19.43075143341465,25.918506985699096,5.379823058436392,0.28293092138683434,0.5266964530213825,0.5036327225182999,True,False,True,True,True,True,True,True,True,True,False
G1,ppo_independent_gru_0721_base,10,evaluation-sp4-ego171-raceline2-v0.8,ol2_e171_o194_s0.8,True,follow,False,False,,5.204707945908245,-0.8399058651748135,801,7.999999999999874,False,0,False,694,closest_approach,6.9399999999998965,,,-2.9674902499793063,0.055992810661422254,-0.0005549574898111587,6.6099999999999035,0.32999999999999297,-0.0195874711182627,0.4713606653474941,0.47176747011810927,0.5434186347679372,0.5639373006906295,7.451098167604199,9.63536632738595,1.244895730033102,0.24518840451906554,0.4521638207204618,0.47176747011810927,False,False,True,True,True,False,False,False,False,False,False
G1,ppo_independent_gru_0721_base,10,evaluation-sp45-ego1924-raceline0-v0.7,ol0_e1924_o1919_s0.7,False,overtake,False,False,,5.442485156622617,6.502539667156725,801,7.999999999999874,False,0,False,570,closest_approach,5.699999999999923,,,-3.036418303031155,-0.18641910076087242,-0.18641910076087242,,,0.10970937974726486,-0.4939295579281897,0.5059669516872287,0.6354006582095112,0.5258052072262626,4.034386639961945,4.8484894405823,0.9238314818839773,-0.09841730350106292,-0.005000421252738085,0.5059669516872287,False,False,False,False,False,False,False,False,False,False,False
G1,ppo_independent_gru_0721_base,10,evaluation-sp5-ego213-raceline0-v0.7,ol0_e213_o221_s0.7,True,ego_collision,True,True,3.279999999999974,4.703450792432466,0.06423253184473765,328,3.2699999999999743,False,0,False,327,nearest_preterminal_frame,3.2699999999999743,3.279999999999974,0.009999999999999787,-3.1763834205093247,0.053172192161781595,0.053172192161781595,3.229999999999975,0.03999999999999915,-0.019697446587223888,-0.34180418094002984,0.3423712714439417,0.43576779193688847,0.46124029153005597,7.8739426848095375,9.44757580089947,1.3763460179691416,0.23953401479289516,-0.08317721029016556,0.3423712714439417,True,False,True,True,True,True,True,True,True,False,False
G1,ppo_independent_gru_0721_base,10,evaluation-sp9-ego384-raceline0-v0.7,ol0_e384_o391_s0.7,False,overtake,False,False,,5.301515096245098,0.9100065661187671,801,7.999999999999874,False,0,False,755,closest_approach,7.5499999999998835,,,-2.819123226821347,0.4407396065856517,0.4407396065856517,7.159999999999892,0.3899999999999917,-0.38146309802065936,-0.508299236708483,0.6355172768618849,0.5164625952941444,0.8421584209885501,1.865827207758665,2.286825808479342,0.6948459877446004,0.333003603411656,0.37573847462634324,0.6355172768618849,False,False,True,True,True,False,False,False,False,False,False
G1,ppo_independent_gru_0721_base,15,evaluation-sp1-ego42-raceline2-v0.7,ol2_e42_o63_s0.7,True,overtake,False,False,,5.429389003220124,3.9045700985089695,801,7.999999999999874,False,0,False,495,closest_approach,4.949999999999939,,,-2.99293232204343,-0.4970563887495416,-0.4970563887495416,,,0.35330095537712747,0.5242711029636999,0.6322038867906187,0.8298772852608386,0.5280787823369081,12.271528804112146,14.321155701073167,2.310977121957927,-0.02569172377066148,0.4494236650924601,0.6322038867906187,False,False,False,False,False,False,False,False,False,False,False
G1,ppo_independent_gru_0721_base,15,evaluation-sp12-ego513-raceline0-v0.8,ol0_e513_o523_s0.8,False,overtake,False,False,,5.73133733781443,0.6205377547714761,801,7.999999999999874,False,0,False,789,closest_approach,7.889999999999876,,,-2.918793232532323,0.6966525855955297,0.4732524737191568,7.279999999999889,0.609999999999987,-0.18323609458164525,-0.6487925198780572,0.6741714916898022,0.6575182623698741,0.8030467826126988,14.572615518513814,19.518222600675283,3.7507196294805745,0.21356841061261955,0.25402359631759863,0.6741714916898022,False,False,True,True,True,False,False,False,False,False,False
G1,ppo_independent_gru_0721_base,15,evaluation-sp13-ego556-raceline0-v0.8,ol0_e556_o565_s0.8,True,overtake,False,False,,5.178545516170092,0.38370227085437136,801,7.999999999999874,False,0,False,743,closest_approach,7.429999999999886,,,-3.042886322651867,-0.02995961501173383,-0.03419457003096227,,,0.10969978107263034,-0.56784730179499,0.57834643607723,0.694413762209073,0.5957841279365437,13.980903490676107,18.78285048408223,3.3320006699077442,0.0739231840518565,0.04277323325776172,0.57834643607723,False,False,False,False,False,False,False,False,False,False,False
G1,ppo_independent_gru_0721_base,15,evaluation-sp15-ego641-raceline2-v0.7,ol2_e641_o661_s0.7,True,ego_collision,True,True,4.399999999999951,4.6254437475152,0.10778358690012624,440,4.389999999999951,False,0,False,439,nearest_preterminal_frame,4.389999999999951,4.399999999999951,0.009999999999999787,-3.120405458589886,0.06838764908962958,0.06838764908962958,4.319999999999952,0.06999999999999851,-0.11648278406622965,0.3410943999775356,0.36043533217465645,0.38269258409517387,0.5306351321183588,18.426056176440177,25.064116584833634,5.230585571274743,0.03854769949638531,0.45519826941803226,0.36043533217465645,True,False,True,True,False,True,False,False,False,False,False
G1,ppo_independent_gru_0721_base,15,evaluation-sp2-ego85-raceline2-v0.8,ol2_e85_o106_s0.8,True,follow,False,False,,5.415572939789202,-0.9037836960516472,801,7.999999999999874,False,0,False,601,closest_approach,6.009999999999916,,,-2.990392967341876,-0.9413714007705778,-0.9764367602737423,,,0.8402103026194117,0.6478154880907918,1.0609515819480708,1.3027049684243064,0.849938988233188,9.570098562956774,12.901801626735967,2.481110613720929,-0.42579815884692274,0.13316051208906776,1.0609515819480708,False,False,False,False,False,False,False,False,False,False,False
G1,ppo_independent_gru_0721_base,15,evaluation-sp21-ego898-raceline0-v0.7,ol0_e898_o902_s0.7,True,ego_collision,True,True,6.109999999999914,4.956215990795984,0.1421322401907048,611,6.099999999999914,False,0,False,610,nearest_preterminal_frame,6.099999999999914,6.109999999999914,0.009999999999999787,-2.9938366206783087,0.2519564886227954,0.12105416078077269,5.699999999999923,0.3999999999999915,0.044438844130519184,-0.44914316729897624,0.4513362334213959,0.5599811828934199,0.5118885288842793,15.290820482083747,20.23725153699565,3.819915855275761,0.34934895150046225,0.16042243301510334,0.4513362334213959,True,False,True,False,True,False,False,False,False,False,False
G1,ppo_independent_gru_0721_base,15,evaluation-sp30-ego1283-raceline0-v0.7,ol0_e1283_o1279_s0.7,False,overtake,False,False,,4.719304690878593,2.9101940171503315,801,7.999999999999874,False,0,False,625,closest_approach,6.249999999999911,,,-2.7444438072821526,0.05019644031210646,0.05019644031210646,6.209999999999912,0.03999999999999915,0.023967718576771463,-0.6479963809520124,0.6484394815714731,0.7200521078610966,0.700480181365721,5.632915803166447,6.998279911491514,1.435296303680746,-0.10260194531871014,-0.32240337541276604,0.6484394815714731,False,False,True,False,False,False,False,False,False,False,False
G1,ppo_independent_gru_0721_base,15,evaluation-sp37-ego1582-raceline2-v0.7,ol2_e1582_o1611_s0.7,True,ego_collision,True,True,3.149999999999977,4.4602580539357675,0.46602430957159413,315,3.139999999999977,False,0,False,314,nearest_preterminal_frame,3.139999999999977,3.149999999999977,0.009999999999999787,-3.0969620622893785,0.45678062568310906,0.45678062568310906,2.8799999999999826,0.25999999999999446,-0.4573341338214883,0.3095275803502273,0.5522334949599829,0.3518636601572464,0.8088977874689611,18.70864694541995,25.183667147159948,5.358553736635176,0.3007303624823101,0.4387452947272449,0.487259691914553,True,False,True,True,True,True,True,True,True,True,False
G1,ppo_independent_gru_0721_base,15,evaluation-sp4-ego171-raceline2-v0.8,ol2_e171_o194_s0.8,True,follow,False,False,,5.177402754839651,-0.9895938414374257,801,7.999999999999874,False,0,False,683,closest_approach,6.829999999999899,,,-2.9674902499793063,-0.2510938471578754,-0.2742340749720995,,,0.2664390694462425,0.6799031882698002,0.730245248630088,0.8785742902143447,0.680311298500913,8.47502197614848,11.091363392706794,1.9035039630303048,0.10662592594914011,0.2119068399279863,0.730245248630088,False,False,False,False,True,False,False,False,False,False,False
G1,ppo_independent_gru_0721_base,15,evaluation-sp45-ego1924-raceline0-v0.7,ol0_e1924_o1919_s0.7,False,overtake,False,False,,5.235943510727216,5.024375905238259,801,7.999999999999874,False,0,False,594,closest_approach,5.939999999999918,,,-3.036418303031155,-0.09052622751084982,-0.09052622751084982,,,0.045870869842034395,-0.6077645731446273,0.609493160806367,0.6943968732490922,0.6549632116091376,2.390404789551172,2.9256959362275126,0.6281096657492847,-0.11973161193715787,-0.16656451360540725,0.609493160806367,False,False,False,False,False,False,False,False,False,False,False
G1,ppo_independent_gru_0721_base,15,evaluation-sp5-ego213-raceline0-v0.7,ol0_e213_o221_s0.7,True,ego_collision,True,True,3.2699999999999743,4.725925384853501,0.19366679514379825,327,3.2599999999999745,False,0,False,326,nearest_preterminal_frame,3.2599999999999745,3.2699999999999743,0.009999999999999787,-3.1763834205093247,0.18334817554728033,0.18334817554728033,3.139999999999977,0.11999999999999744,-0.1393936557401666,-0.35176658545451733,0.37837854313232183,0.38265127933098786,0.5550843559606368,7.6360538610855375,9.645857478013898,1.1966490460574597,0.2664587669200277,-0.07485569204129561,0.37837854313232183,True,False,True,True,True,True,True,True,True,False,False
G1,ppo_independent_gru_0721_base,15,evaluation-sp9-ego384-raceline0-v0.7,ol0_e384_o391_s0.7,False,overtake,False,False,,5.300491016024937,0.9668798231744518,801,7.999999999999874,False,0,False,755,closest_approach,7.5499999999998835,,,-2.819123226821347,0.17375902746090333,0.17375902746090333,7.449999999999886,0.09999999999999787,-0.14469261371521583,-0.7449643388452983,0.7588859061907482,0.7590033614287409,0.8625134981956968,1.8789098612764186,2.292551209300137,0.26288232903830205,0.16361508641190314,0.18849452335350037,0.7588859061907482,False,False,True,True,True,False,False,False,False,False,False
G1,ppo_independent_gru_0721_base,20,evaluation-sp1-ego42-raceline2-v0.7,ol2_e42_o63_s0.7,True,overtake,False,False,,5.4187318684073995,3.9011706205044163,801,7.999999999999874,False,0,False,503,closest_approach,5.029999999999937,,,-2.99293232204343,-0.5595301422659134,-0.5595301422659134,,,0.4093492753000654,0.5508283315807643,0.6862788646466806,0.8902253982755014,0.5636098831520782,11.141567069435052,13.053113793877666,2.1396277857153136,-0.07761477309668907,0.4525224364047058,0.6862788646466806,False,False,False,False,False,False,False,False,False,False,False
G1,ppo_independent_gru_0721_base,20,evaluation-sp12-ego513-raceline0-v0.8,ol0_e513_o523_s0.8,False,overtake,False,False,,5.689387915200974,0.4715072930473241,801,7.999999999999874,False,0,False,794,closest_approach,7.939999999999875,,,-2.918793232532323,0.6047979010142797,0.4171246989111239,7.379999999999887,0.5599999999999881,-0.17563466662678068,-0.5011560053537706,0.5310413146105009,0.5140396591506498,0.6840855096161457,17.374291897314254,22.487650312482877,5.092006984908865,0.27396229833130803,0.2782613917930401,0.5310413146105009,False,False,True,True,True,False,False,False,False,False,False
G1,ppo_independent_gru_0721_base,20,evaluation-sp13-ego556-raceline0-v0.8,ol0_e556_o565_s0.8,True,overtake,False,False,,5.189671205012731,0.295778112182262,801,7.999999999999874,False,0,False,800,closest_approach,7.999999999999874,,,-3.042886322651867,0.2901361798568871,0.2901361798568871,7.629999999999882,0.3699999999999921,-0.17921606450448946,-0.5837945572164889,0.6106836192432817,0.5942130639757677,0.7489858478133465,6.0760118710863535,8.561192708433348,1.6878551606808228,0.03781070438495793,0.15663824644931534,0.6106836192432817,False,False,True,True,False,False,False,False,False,False,False
G1,ppo_independent_gru_0721_base,20,evaluation-sp15-ego641-raceline2-v0.7,ol2_e641_o661_s0.7,True,ego_collision,True,True,4.40999999999995,4.619854242899615,0.14965433268096717,441,4.399999999999951,False,0,False,440,nearest_preterminal_frame,4.399999999999951,4.40999999999995,0.009999999999999787,-3.120405458589886,0.13079019960085247,0.13079019960085247,4.299999999999953,0.09999999999999787,-0.15129904105028444,0.33977588624518656,0.3719395820512219,0.3669953799263318,0.556949276420755,18.808709604065356,25.562405851357042,5.3275317910808955,0.0473971555559381,0.41567776038061627,0.3719395820512219,True,False,True,True,False,True,False,False,False,False,False
G1,ppo_independent_gru_0721_base,20,evaluation-sp2-ego85-raceline2-v0.8,ol2_e85_o106_s0.8,True,follow,False,False,,5.4603045099035175,-0.4848845193828879,801,7.999999999999874,False,0,False,598,closest_approach,5.979999999999917,,,-2.990392967341876,-0.6974976871195508,-0.7133510413753754,,,0.627783169278183,0.5602670488571504,0.8414338201332654,1.0752790855612353,0.654214517939425,9.88885490631134,13.1931877279478,2.483692223717275,-0.21304410388952538,0.23611393460067176,0.8414338201332654,False,False,False,False,False,False,False,False,False,False,False
G1,ppo_independent_gru_0721_base,20,evaluation-sp21-ego898-raceline0-v0.7,ol0_e898_o902_s0.7,True,ego_collision,True,True,6.099999999999914,4.970220435933072,0.2116593213497424,610,6.089999999999915,False,0,False,609,nearest_preterminal_frame,6.089999999999915,6.099999999999914,0.009999999999999787,-2.9938366206783087,0.32322123760414456,0.25720064082830163,5.679999999999923,0.40999999999999126,-0.009778622787088298,-0.46319005665054813,0.46329326570062523,0.5413585215243581,0.5517356715493945,14.849750623508022,19.733435179779747,3.755839226901969,0.3159207669629345,0.12515346263139604,0.46329326570062523,True,False,True,True,True,True,True,True,True,True,False
G1,ppo_independent_gru_0721_base,20,evaluation-sp30-ego1283-raceline0-v0.7,ol0_e1283_o1279_s0.7,False,overtake,False,False,,4.98926858991138,5.079024141623563,801,7.999999999999874,False,0,False,625,closest_approach,6.249999999999911,,,-2.7444438072821526,-0.23617894778573145,-0.23617894778573145,,,0.14583995696550117,-0.554604958116951,0.5734596346872238,0.7053673707052197,0.5730347088751374,2.4012404047233398,3.168168808531186,0.6769912579295367,-0.1961274547851528,-0.11995528177012682,0.5734596346872238,False,False,False,False,False,False,False,False,False,False,False
G1,ppo_independent_gru_0721_base,20,evaluation-sp37-ego1582-raceline2-v0.7,ol2_e1582_o1611_s0.7,True,ego_collision,True,True,3.179999999999976,4.434468791199735,0.38565298426766503,318,3.1699999999999764,False,0,False,317,nearest_preterminal_frame,3.1699999999999764,3.179999999999976,0.009999999999999787,-3.0969620622893785,0.3769680883285673,0.3769680883285673,2.9199999999999817,0.24999999999999467,-0.3840201633884896,0.31248807899780157,0.4950962385280851,0.3263258963664002,0.7429347078781435,17.86611136602467,24.261835431394836,5.035607230570363,0.2807715222971356,0.41291588861026746,0.45397040868217525,True,False,True,True,True,True,True,True,True,True,False
G1,ppo_independent_gru_0721_base,20,evaluation-sp4-ego171-raceline2-v0.8,ol2_e171_o194_s0.8,True,follow,False,False,,5.183226246142533,-0.8669326495073619,801,7.999999999999874,False,0,False,693,closest_approach,6.929999999999897,,,-2.9674902499793063,0.007544752297093282,-0.04693303870462273,6.699999999999902,0.2299999999999951,0.033674690556619785,0.5134277169313768,0.5145308594219107,0.6069376622193497,0.5738559791224717,7.713045192740274,10.086542239732019,1.3964606191070081,0.24879928874778368,0.4761312537356349,0.5145308594219107,False,False,True,False,True,False,False,False,False,False,False
G1,ppo_independent_gru_0721_base,20,evaluation-sp45-ego1924-raceline0-v0.7,ol0_e1924_o1919_s0.7,False,overtake,False,False,,5.19994209560731,4.900482567457004,801,7.999999999999874,False,0,False,588,closest_approach,5.879999999999919,,,-3.036418303031155,-0.1541388957046479,-0.1541388957046479,,,0.08270630115801028,-0.48650549535299015,0.49348549042489365,0.6128601667032568,0.528827263469133,4.812129080754489,5.8465163673078155,1.084685327702629,-0.06871184572753941,-0.0007616976857200974,0.49348549042489365,False,False,False,False,False,False,False,False,False,False,False
G1,ppo_independent_gru_0721_base,20,evaluation-sp5-ego213-raceline0-v0.7,ol0_e213_o221_s0.7,True,ego_collision,True,True,3.2699999999999743,4.707756341466167,0.11255644835770795,327,3.2599999999999745,False,0,False,326,nearest_preterminal_frame,3.2599999999999745,3.2699999999999743,0.009999999999999787,-3.1763834205093247,0.10224638188302038,0.10224638188302038,3.189999999999976,0.06999999999999851,-0.06400958240259494,-0.3436369702984785,0.3495476991703307,0.41128826411869196,0.4933651302927448,7.770660927112595,9.362537411956392,1.291347493687188,0.250942109910009,-0.09423023519978602,0.3495476991703307,True,False,True,True,True,True,True,True,True,False,False
G1,ppo_independent_gru_0721_base,20,evaluation-sp9-ego384-raceline0-v0.7,ol0_e384_o391_s0.7,False,overtake,False,False,,5.31026102956257,1.0515672811384036,801,7.999999999999874,False,0,False,752,closest_approach,7.519999999999884,,,-2.819123226821347,0.2145003952010427,0.2145003952010427,7.389999999999887,0.12999999999999723,-0.1744298063994598,-0.7484332394534534,0.7684907750125198,0.7573036270662228,0.8808219791711773,1.7919973493922,2.189819266910203,0.26244859254335956,0.15905326731532177,0.16254328960862474,0.7684907750125198,False,False,True,True,True,False,False,False,False,False,False
G1,ppo_privilege_gru_0721_base,1,evaluation-sp1-ego42-raceline2-v0.7,ol2_e42_o63_s0.7,True,overtake,False,False,,5.553674572986016,4.748248488226494,801,7.999999999999874,False,0,False,463,closest_approach,4.629999999999946,,,-2.99293232204343,0.1824753290166825,0.1824753290166825,4.469999999999949,0.1599999999999966,-0.24327371715132942,0.374468710399443,0.44655225508874874,0.3773727077798233,0.651619269568218,13.385353071319082,15.535664291980778,2.4788343473685077,0.37050652855429006,0.48730972797859246,0.44655225508874874,False,False,True,True,True,False,False,False,False,False,False
G1,ppo_privilege_gru_0721_base,1,evaluation-sp12-ego513-raceline0-v0.8,ol0_e513_o523_s0.8,False,ego_collision,True,True,5.9999999999999165,6.023287793066099,0.047117555420499,600,5.989999999999917,False,0,False,599,nearest_preterminal_frame,5.989999999999917,5.9999999999999165,0.009999999999999787,-2.918793232532323,0.1815918607829019,0.05345376874876706,5.489999999999927,0.49999999999998934,-0.042095833431272336,-0.31770460648319215,0.32048131953814935,0.4029797672126672,0.4595909698449822,2.741233198905577,3.2090967265344537,0.34497249556683607,0.21229857329666596,0.42301864650342497,0.32048131953814935,True,False,True,True,True,True,True,False,False,False,False
G1,ppo_privilege_gru_0721_base,1,evaluation-sp13-ego556-raceline0-v0.8,ol0_e556_o565_s0.8,True,overtake,False,False,,5.154448748863993,0.4409523586091666,801,7.999999999999874,False,0,False,741,closest_approach,7.4099999999998865,,,-3.042886322651867,0.06262092710886691,0.0495510130617447,7.159999999999892,0.24999999999999467,-0.008195139489588568,-0.4211920404929629,0.42127175942125467,0.5067708697053512,0.5160649922149737,10.655956873965424,14.323958332737572,3.3340653420693123,0.1429517743554759,0.4336358041268341,0.42127175942125467,False,False,True,True,True,False,False,False,False,False,False
G1,ppo_privilege_gru_0721_base,1,evaluation-sp15-ego641-raceline2-v0.7,ol2_e641_o661_s0.7,True,ego_collision,True,True,4.379999999999951,4.682576699058446,0.24756309757535178,438,4.369999999999951,False,0,False,437,nearest_preterminal_frame,4.369999999999951,4.379999999999951,0.009999999999999787,-3.120405458589886,0.2562204552159528,0.2562204552159528,4.179999999999955,0.18999999999999595,-0.35097564111493135,0.3157893746599857,0.4721300983883382,0.3216223841052139,0.7145437017081895,18.08045801446916,24.590254623284583,5.187036464896856,0.14824195143865704,0.505337222493905,0.45666472419415893,True,False,True,True,True,True,True,True,True,True,False
G1,ppo_privilege_gru_0721_base,1,evaluation-sp2-ego85-raceline2-v0.8,ol2_e85_o106_s0.8,True,ego_collision,True,True,5.759999999999922,5.524416980647647,0.20746215221331,576,5.749999999999922,False,0,False,575,nearest_preterminal_frame,5.749999999999922,5.759999999999922,0.009999999999999787,-2.990392967341876,0.20238794325999265,0.20238794325999265,5.5799999999999255,0.16999999999999638,-0.14586418832172704,0.3514248185053802,0.3804941057313446,0.3798348789535974,0.5598901621951374,10.617276501204243,14.18524929087249,2.736618581231532,0.3110732977025905,0.551628219569592,0.3804941057313446,True,False,True,True,True,True,True,True,True,True,False
G1,ppo_privilege_gru_0721_base,1,evaluation-sp21-ego898-raceline0-v0.7,ol0_e898_o902_s0.7,True,ego_collision,True,True,6.119999999999914,4.96713182456589,0.23482624864152513,612,6.109999999999914,False,0,False,611,nearest_preterminal_frame,6.109999999999914,6.119999999999914,0.009999999999999787,-2.9938366206783087,0.30099216512047633,0.22574505059873218,5.679999999999923,0.42999999999999083,-0.04295847762358074,-0.44838217743113107,0.45043535367199805,0.5119336781419456,0.5584871751967942,13.075439838860007,17.560062159438477,3.6487204445542276,0.33448105953348917,0.1898314953800332,0.45043535367199805,True,False,True,True,True,True,True,True,True,True,False
G1,ppo_privilege_gru_0721_base,1,evaluation-sp30-ego1283-raceline0-v0.7,ol0_e1283_o1279_s0.7,False,overtake,False,False,,5.17867690636905,6.430426981064954,801,7.999999999999874,False,0,False,576,closest_approach,5.759999999999922,,,-2.7444438072821526,-0.0008388783461441562,-0.0008388783461441562,,,0.01927748563718007,-0.8154726969948619,0.815700521635585,0.8721515250609437,0.8592359392663933,1.3351349547115148,1.6479664029441135,0.279123286364437,-0.09513861270327573,-0.12432658587718137,0.815700521635585,False,False,False,False,False,False,False,False,False,False,False
G1,ppo_privilege_gru_0721_base,1,evaluation-sp37-ego1582-raceline2-v0.7,ol2_e1582_o1611_s0.7,True,overtake,False,False,,6.319276841930674,12.23398565751944,801,7.999999999999874,False,0,False,294,closest_approach,2.9399999999999813,,,-3.0969620622893785,0.2664368942924966,0.2664368942924966,2.849999999999983,0.08999999999999808,-0.274628191543839,0.628971597294379,0.6863132767138356,0.6291594096079748,0.8452279366473333,14.915792232544414,20.456214799022757,4.798365463352536,-0.07316143476826276,-0.1720605147634111,0.6863132767138356,False,False,True,True,False,False,False,False,False,False,False
G1,ppo_privilege_gru_0721_base,1,evaluation-sp4-ego171-raceline2-v0.8,ol2_e171_o194_s0.8,True,overtake,False,False,,5.4129889413834995,0.7077228532163247,801,7.999999999999874,False,0,False,678,closest_approach,6.7799999999999,,,-2.9674902499793063,0.5631719925608536,0.5631719925608536,6.169999999999913,0.609999999999987,-0.5128511957767549,0.40394160583714334,0.652828591542939,0.4613366193848258,0.8987429351524578,7.583621376945071,9.99505929574957,1.6527919187084181,0.45547430670027034,0.7470758650747543,0.652828591542939,False,False,True,True,True,False,False,False,False,False,False
G1,ppo_privilege_gru_0721_base,1,evaluation-sp45-ego1924-raceline0-v0.7,ol0_e1924_o1919_s0.7,False,overtake,False,False,,5.129315663809865,4.163352766622353,801,7.999999999999874,False,0,False,656,closest_approach,6.559999999999905,,,-3.036418303031155,0.6574955589774731,0.618845203088938,5.979999999999917,0.5799999999999876,-0.2345177989775011,-0.5415331971600252,0.5901328678048786,0.5443679621879485,0.753907902247059,5.06376164986531,7.381782890533298,1.8102711153402171,0.2056576911319975,0.32204487165587414,0.5901328678048786,False,False,True,True,True,False,False,False,False,False,False
G1,ppo_privilege_gru_0721_base,1,evaluation-sp5-ego213-raceline0-v0.7,ol0_e213_o221_s0.7,True,ego_collision,True,True,3.3099999999999734,4.799668883414235,0.45126287480630367,331,3.2999999999999736,False,0,False,330,nearest_preterminal_frame,3.2999999999999736,3.3099999999999734,0.009999999999999787,-3.1763834205093247,0.43671187781862386,0.43671187781862386,3.049999999999979,0.24999999999999467,-0.404367335343209,-0.3368791647055982,0.5263083825147656,0.3557632063694159,0.7717730028994082,6.989892454586201,8.61701087714091,1.2426701870764487,0.3076881685767737,0.06893358906605496,0.4712178671642637,True,False,True,True,True,True,True,True,True,False,False
G1,ppo_privilege_gru_0721_base,1,evaluation-sp9-ego384-raceline0-v0.7,ol0_e384_o391_s0.7,False,ego_collision,True,True,7.189999999999891,5.14635723378165,-0.1330606654999258,719,7.179999999999891,False,0,False,718,nearest_preterminal_frame,7.179999999999891,7.189999999999891,0.009999999999999787,-2.819123226821347,-0.053597689955608985,-0.13218674378734363,,,0.19028103061202306,-0.33078403906006515,0.3816083740009702,0.5831706001357044,0.34548799306588207,7.5961178189935685,9.105995261343134,1.2971835730501902,0.4339321055140173,0.36176620268843307,0.3816083740009702,True,False,False,False,True,False,False,False,False,False,False
G1,ppo_privilege_gru_0721_base,5,evaluation-sp1-ego42-raceline2-v0.7,ol2_e42_o63_s0.7,True,overtake,False,False,,5.5281092898566815,4.56026250994293,801,7.999999999999874,False,0,False,476,closest_approach,4.759999999999943,,,-2.99293232204343,-0.2930133314330021,-0.2930133314330021,,,0.18447266365891088,0.5168626761685502,0.5487961275861276,0.7016205060969195,0.5275253972382381,12.673808810508657,14.81013023174702,2.3136454403659505,0.08450401982009592,0.3699685649173128,0.5487961275861276,False,False,False,False,False,False,False,False,False,False,False
G1,ppo_privilege_gru_0721_base,5,evaluation-sp12-ego513-raceline0-v0.8,ol0_e513_o523_s0.8,False,ego_collision,True,True,7.22999999999989,5.896080855890212,0.39581163208058,723,7.2199999999998905,False,0,False,722,nearest_preterminal_frame,7.2199999999998905,7.22999999999989,0.009999999999999787,-2.918793232532323,0.39098862079541163,0.39098862079541163,5.549999999999926,1.6699999999999644,-0.3477100623865997,-0.36595468260180525,0.5048020574473534,0.3704770991827339,0.7352529859764657,4.894785309142094,5.879832990352097,0.9693297725222323,0.04559868251589366,-0.045453651107453696,0.331943914502051,True,False,True,True,False,True,False,False,False,False,False
G1,ppo_privilege_gru_0721_base,5,evaluation-sp13-ego556-raceline0-v0.8,ol0_e556_o565_s0.8,True,overtake,False,False,,5.131290717364075,0.21301562062890866,801,7.999999999999874,False,0,False,729,closest_approach,7.289999999999889,,,-3.042886322651867,-0.06570637991913486,-0.0965449086476724,,,0.09140758766370186,-0.4608943750843696,0.4698712292393618,0.5982435732307168,0.5018591149136995,11.258453877166678,15.230091497438597,3.138777848646295,0.1174124617846205,0.3398977464243659,0.4698712292393618,False,False,False,False,True,False,False,False,False,False,False
G1,ppo_privilege_gru_0721_base,5,evaluation-sp15-ego641-raceline2-v0.7,ol2_e641_o661_s0.7,True,ego_collision,True,True,4.40999999999995,4.677764558028691,0.3782400391200724,441,4.399999999999951,False,0,False,440,nearest_preterminal_frame,4.399999999999951,4.40999999999995,0.009999999999999787,-3.120405458589886,0.3675178190365216,0.3675178190365216,4.1699999999999555,0.2299999999999951,-0.46094682265894643,0.3059580245940855,0.5532470389734528,0.35047557545527236,0.8108831255335642,18.190548403682786,24.94786640952342,5.392016262033223,0.254716281942604,0.49363529872036427,0.5084051265039627,True,False,True,True,True,True,True,True,True,True,False
G1,ppo_privilege_gru_0721_base,5,evaluation-sp2-ego85-raceline2-v0.8,ol2_e85_o106_s0.8,True,ego_collision,True,True,5.82999999999992,5.470041974695184,0.05234498889961969,583,5.81999999999992,False,0,False,582,nearest_preterminal_frame,5.81999999999992,5.82999999999992,0.009999999999999787,-2.990392967341876,0.04478064684440142,0.04478064684440142,5.759999999999922,0.05999999999999872,0.02236867690757338,0.3486250092284191,0.34934188807829886,0.4680957032194413,0.43950645292159035,10.703355342397913,14.234788282739562,2.7384172175612824,0.3128384433957918,0.6034637866047323,0.34934188807829886,True,False,True,False,True,False,False,False,False,False,False
G1,ppo_privilege_gru_0721_base,5,evaluation-sp21-ego898-raceline0-v0.7,ol0_e898_o902_s0.7,True,ego_collision,True,True,6.1399999999999135,4.9413064686246475,0.146064310192628,614,6.129999999999914,False,0,False,613,nearest_preterminal_frame,6.129999999999914,6.1399999999999135,0.009999999999999787,-2.9938366206783087,0.19686565414249912,0.13703685934120813,5.7199999999999225,0.40999999999999126,0.0244819751863197,-0.429825316654612,0.4305219738251011,0.5325868150398829,0.5052223513842153,13.891122852770179,18.7029496491799,4.005033829210825,0.3242062865354203,0.13388962799277815,0.4305219738251011,True,False,True,False,True,False,False,False,False,False,False
G1,ppo_privilege_gru_0721_base,5,evaluation-sp30-ego1283-raceline0-v0.7,ol0_e1283_o1279_s0.7,False,ego_collision,True,True,7.209999999999891,4.649439114616274,0.7995770507800444,721,7.199999999999891,False,0,False,720,nearest_preterminal_frame,7.199999999999891,7.209999999999891,0.009999999999999787,-2.7444438072821526,0.7871975645682028,0.7871975645682028,6.129999999999914,1.0699999999999772,-0.21991034676934684,-0.48358176722160745,0.5312361868372554,0.4886347153847812,0.702751654093826,2.393538475874692,3.0851180812111583,2.1255677542521587,0.21533717160036553,0.23794843762661783,0.5312361868372554,True,False,True,True,True,True,True,False,False,False,False
G1,ppo_privilege_gru_0721_base,5,evaluation-sp37-ego1582-raceline2-v0.7,ol2_e1582_o1611_s0.7,True,overtake,False,False,,6.2412958468245785,11.496487466034125,801,7.999999999999874,False,0,False,307,closest_approach,3.0699999999999785,,,-3.0969620622893785,0.21369021169141433,0.21369021169141433,2.949999999999981,0.11999999999999744,-0.20164144845210907,0.4369846991779747,0.4812638580337501,0.4458282863920888,0.6577742326602288,16.749046603905043,23.07621232825469,5.335415947805496,-0.0020757015916507138,0.3134039315717025,0.4812638580337501,False,False,True,True,False,False,False,False,False,False,False
G1,ppo_privilege_gru_0721_base,5,evaluation-sp4-ego171-raceline2-v0.8,ol2_e171_o194_s0.8,True,ego_collision,True,True,6.839999999999899,5.245201455036864,0.4272416222190998,684,6.829999999999899,False,0,False,683,nearest_preterminal_frame,6.829999999999899,6.839999999999899,0.009999999999999787,-2.9674902499793063,0.42258481815201776,0.42258481815201776,6.30999999999991,0.5199999999999889,-0.3704161084754458,0.35899011911023243,0.5158313668602096,0.3678867436061179,0.7516803455942098,7.5890986052786715,10.017421454170327,1.5488670871711705,0.47005433685939596,0.7595073121310649,0.5158313668602096,True,False,True,True,True,True,True,True,True,False,False
G1,ppo_privilege_gru_0721_base,5,evaluation-sp45-ego1924-raceline0-v0.7,ol0_e1924_o1919_s0.7,False,overtake,False,False,,4.999852483171284,3.3884144969247814,801,7.999999999999874,False,0,False,661,closest_approach,6.6099999999999035,,,-3.036418303031155,0.6820967648776559,0.6820967648776559,6.079999999999915,0.5299999999999887,-0.15449363285849102,-0.49113928778901195,0.5148651110763984,0.5094897207459512,0.6624140620953308,7.714542661305356,9.4495836720652,2.379595966995109,0.20680351311409773,0.1717289273325191,0.5148651110763984,False,False,True,True,True,False,False,False,False,False,False
G1,ppo_privilege_gru_0721_base,5,evaluation-sp5-ego213-raceline0-v0.7,ol0_e213_o221_s0.7,True,ego_collision,True,True,3.2999999999999736,4.775989828008212,0.3723278425511296,330,3.289999999999974,False,0,False,329,nearest_preterminal_frame,3.289999999999974,3.2999999999999736,0.009999999999999787,-3.1763834205093247,0.3588137336621742,0.3588137336621742,3.0699999999999785,0.2199999999999953,-0.3248498899297279,-0.3378237820369864,0.468670842593317,0.3396165816592108,0.7015449343102491,6.98701624729808,8.618896667959214,1.233947430100128,0.28684647803855823,0.022687906211036446,0.4421080802334434,True,False,True,True,True,True,True,True,True,False,False
G1,ppo_privilege_gru_0721_base,5,evaluation-sp9-ego384-raceline0-v0.7,ol0_e384_o391_s0.7,False,ego_collision,True,True,7.459999999999885,5.1917210244837335,0.13473292110475654,746,7.449999999999886,False,0,False,745,nearest_preterminal_frame,7.449999999999886,7.459999999999885,0.009999999999999787,-2.819123226821347,0.12811399977275073,0.12811399977275073,7.0799999999998935,0.3699999999999921,-0.09859519384869622,-0.34119950078283723,0.3551592763599443,0.39121975813125226,0.5171298908560239,4.632127162708684,5.535490615610394,1.091909077784342,0.45069932029047854,0.49711030429101677,0.3551592763599443,True,False,True,True,True,True,True,True,False,False,False
G1,ppo_privilege_gru_0721_base,10,evaluation-sp1-ego42-raceline2-v0.7,ol2_e42_o63_s0.7,True,overtake,False,False,,5.4556869982889715,4.0377469909892625,801,7.999999999999874,False,0,False,511,closest_approach,5.1099999999999355,,,-2.99293232204343,-0.7123493996179207,-0.7123493996179207,,,0.5563324081210448,0.6795264131410133,0.8782151755020245,1.0853730654444387,0.7298555321238894,7.672812228291366,9.197874994666549,1.440812395884978,-0.28407330464330355,0.12122840482897523,0.8782151755020245,False,False,False,False,False,False,False,False,False,False,False
G1,ppo_privilege_gru_0721_base,10,evaluation-sp12-ego513-raceline0-v0.8,ol0_e513_o523_s0.8,False,overtake,False,False,,5.78163948640311,0.983677473108628,801,7.999999999999874,False,0,False,716,closest_approach,7.159999999999892,,,-2.918793232532323,0.29185235341012117,0.29185235341012117,6.9399999999998965,0.2199999999999953,-0.21263790811627448,-0.8094016704926381,0.8368667421784297,0.8130903747166727,0.9527727593040103,1.9751574049966574,2.4736169970797173,0.4483504238345499,0.07026183855034063,0.01052882090817997,0.8368667421784297,False,False,True,True,False,False,False,False,False,False,False
G1,ppo_privilege_gru_0721_base,10,evaluation-sp13-ego556-raceline0-v0.8,ol0_e556_o565_s0.8,True,overtake,False,False,,5.127503224628211,0.18467658634057216,801,7.999999999999874,False,0,False,728,closest_approach,7.279999999999889,,,-3.042886322651867,-0.06260165116518124,-0.08347434537739673,,,0.07488404427846468,-0.4640651136387682,0.47006813312972184,0.5903361715713948,0.5114990753682281,11.876896857919782,15.949682558335423,3.315664119764658,0.12857869513506776,0.34359079648512086,0.47006813312972184,False,False,False,False,True,False,False,False,False,False,False
G1,ppo_privilege_gru_0721_base,10,evaluation-sp15-ego641-raceline2-v0.7,ol2_e641_o661_s0.7,True,ego_collision,True,True,4.479999999999949,4.633578897158933,0.36959682166670405,448,4.469999999999949,False,0,False,447,nearest_preterminal_frame,4.469999999999949,4.479999999999949,0.009999999999999787,-3.120405458589886,0.3392515583058753,0.3392515583058753,4.249999999999954,0.2199999999999953,-0.40118401033690265,0.3128216888465383,0.5087298095873687,0.33199291132100534,0.7586782883134353,17.647546255429216,24.119448850119397,5.371494716182203,0.27532475863816946,0.4660563623391876,0.47774304433870196,True,False,True,True,True,True,True,True,True,True,False
G1,ppo_privilege_gru_0721_base,10,evaluation-sp2-ego85-raceline2-v0.8,ol2_e85_o106_s0.8,True,follow,False,False,,5.399911878265386,-0.28015039450176005,801,7.999999999999874,False,0,False,602,closest_approach,6.019999999999916,,,-2.990392967341876,-0.13218402749743063,-0.1532193313979917,,,0.1554204555941301,0.4182403320034709,0.4461843714558596,0.6110027476010692,0.4393593393645628,8.151545457251023,11.143644506250746,1.8032361691269678,0.2634610710831402,0.29470700491938184,0.4461843714558596,False,False,False,False,True,False,False,False,False,False,False
G1,ppo_privilege_gru_0721_base,10,evaluation-sp21-ego898-raceline0-v0.7,ol0_e898_o902_s0.7,True,overtake,False,False,,5.098485028749486,2.030295073546256,801,7.999999999999874,False,0,False,631,closest_approach,6.30999999999991,,,-2.9938366206783087,0.12070916661971864,0.07932035353030642,5.779999999999921,0.5299999999999887,-0.04060918141840275,-0.3746062224273788,0.37680091228231327,0.4500284460721455,0.4996321173818364,13.13918353376529,17.78334840852502,3.331378486897383,0.3226809941718766,0.29469088671156335,0.37680091228231327,False,False,True,True,True,False,False,False,False,False,False
G1,ppo_privilege_gru_0721_base,10,evaluation-sp30-ego1283-raceline0-v0.7,ol0_e1283_o1279_s0.7,False,ego_collision,True,True,7.279999999999889,4.639653330998678,1.5957067460763028,728,7.269999999999889,False,0,False,727,nearest_preterminal_frame,7.269999999999889,7.279999999999889,0.009999999999999787,-2.7444438072821526,1.5882575952584261,1.537611479255247,6.199999999999912,1.0699999999999772,-0.48681027929335685,-0.3802144120295229,0.6176951085613612,0.4281323220109467,0.8648683189542665,3.4688723769833154,6.964625893354471,2.136123516259484,0.22666555128299404,0.2842712845969385,0.6094633730849557,True,False,True,True,True,True,True,True,False,False,False
G1,ppo_privilege_gru_0721_base,10,evaluation-sp37-ego1582-raceline2-v0.7,ol2_e1582_o1611_s0.7,True,overtake,False,False,,6.165980164422844,10.890388548923227,801,7.999999999999874,False,0,False,315,closest_approach,3.149999999999977,,,-3.0969620622893785,0.1733052851095067,0.1733052851095067,3.0199999999999796,0.12999999999999723,-0.14851275440070558,0.4377749212423842,0.4622801314013614,0.4600712144179972,0.6196291773640661,15.405145749151714,21.299982522479365,5.0221738476690545,0.0017804783407087688,0.1565803973710716,0.4622801314013614,False,False,True,True,False,False,False,False,False,False,False
G1,ppo_privilege_gru_0721_base,10,evaluation-sp4-ego171-raceline2-v0.8,ol2_e171_o194_s0.8,True,ego_collision,True,True,6.809999999999899,5.238039431314629,0.4122741212561607,681,6.7999999999998995,False,0,False,680,nearest_preterminal_frame,6.7999999999998995,6.809999999999899,0.009999999999999787,-2.9674902499793063,0.4071097415435645,0.4071097415435645,6.31999999999991,0.47999999999998977,-0.35466735357002643,0.35563029566260773,0.502256745979026,0.36146199497433285,0.736253287905769,8.370190700201837,10.895478391543396,1.816376069059714,0.4878117382378734,0.7785325641813977,0.502256745979026,True,False,True,True,True,True,True,True,True,True,False
G1,ppo_privilege_gru_0721_base,10,evaluation-sp45-ego1924-raceline0-v0.7,ol0_e1924_o1919_s0.7,False,overtake,False,False,,5.080172113689502,4.018408181290766,801,7.999999999999874,False,0,False,660,closest_approach,6.599999999999904,,,-3.036418303031155,0.7125362087078315,0.7125362087078315,6.159999999999913,0.4399999999999906,-0.14564118800132683,-0.5328901373971047,0.552433936482493,0.5520972424643809,0.6882987310886984,15.553067143158893,19.536884321971723,3.7223165505344276,0.13132305587029303,0.06274512485502381,0.552433936482493,False,False,True,True,True,False,False,False,False,False,False
G1,ppo_privilege_gru_0721_base,10,evaluation-sp5-ego213-raceline0-v0.7,ol0_e213_o221_s0.7,True,ego_collision,True,True,3.319999999999973,4.742984743147216,0.23342983831796005,332,3.3099999999999734,False,0,False,331,nearest_preterminal_frame,3.3099999999999734,3.319999999999973,0.009999999999999787,-3.1763834205093247,0.22201622472118743,0.22201622472118743,3.1599999999999766,0.1499999999999968,-0.19069600675550852,-0.3328673263156721,0.3836217198244139,0.3473642756571927,0.5846959105716715,6.793842057147302,8.28818070528843,1.223611401987909,0.27788018419204813,-0.017675426657766002,0.38282363555604987,True,False,True,True,True,True,True,True,True,False,False
G1,ppo_privilege_gru_0721_base,10,evaluation-sp9-ego384-raceline0-v0.7,ol0_e384_o391_s0.7,False,overtake,False,False,,5.3354596298404875,1.2500485793082987,801,7.999999999999874,False,0,False,744,closest_approach,7.439999999999886,,,-2.819123226821347,0.36807978357154525,0.36807978357154525,7.149999999999892,0.2899999999999938,-0.2979224614214212,-0.6497909242226244,0.7148328743290215,0.6498392190358061,0.8762882321735895,2.3550381017598663,2.899160282726487,0.23062600149545134,0.213212731578463,0.21546347711913594,0.7148328743290215,False,False,True,True,True,False,False,False,False,False,False
G1,ppo_privilege_gru_0721_base,15,evaluation-sp1-ego42-raceline2-v0.7,ol2_e42_o63_s0.7,True,overtake,False,False,,5.510077408123557,4.432327581378075,801,7.999999999999874,False,0,False,483,closest_approach,4.8299999999999415,,,-2.99293232204343,-0.4171742326222443,-0.4171742326222443,,,0.28286572293097006,0.5482693264022522,0.6169378181655261,0.7929529562230047,0.5483157413232608,12.916186980466176,15.06098993037351,2.4640584662155876,-0.009138386100107976,0.3609597707696822,0.6169378181655261,False,False,False,False,False,False,False,False,False,False,False
G1,ppo_privilege_gru_0721_base,15,evaluation-sp12-ego513-raceline0-v0.8,ol0_e513_o523_s0.8,False,overtake,False,False,,5.847036429423673,1.8267178181821464,801,7.999999999999874,False,0,False,655,closest_approach,6.549999999999905,,,-2.918793232532323,0.1759316414022578,0.1759316414022578,6.28999999999991,0.25999999999999446,-0.1508791673026019,-0.6245089666505417,0.6424764373522611,0.6398172047681625,0.7644513650902607,2.802744885457965,3.4194441973934993,0.3424988028597904,0.10333577901876256,0.01696352553910252,0.6424764373522611,False,False,True,True,True,False,False,False,False,False,False
G1,ppo_privilege_gru_0721_base,15,evaluation-sp13-ego556-raceline0-v0.8,ol0_e556_o565_s0.8,True,overtake,False,False,,5.399411811486008,2.6331236820406616,801,7.999999999999874,False,0,False,699,closest_approach,6.989999999999895,,,-3.042886322651867,0.42545363625472987,0.41145646203847264,6.519999999999905,0.46999999999999,-0.1877259669093419,-0.5426999967762762,0.5742510993920843,0.5522528989019426,0.7230113318340424,19.649205546290275,25.35175446294639,5.2789156700921565,0.22449795917919868,0.13769763402234003,0.5742510993920843,False,False,True,True,True,False,False,False,False,False,False
G1,ppo_privilege_gru_0721_base,15,evaluation-sp15-ego641-raceline2-v0.7,ol2_e641_o661_s0.7,True,ego_collision,True,True,4.3599999999999515,4.703560286460044,0.34002897958427525,436,4.349999999999952,False,0,False,435,nearest_preterminal_frame,4.349999999999952,4.3599999999999515,0.009999999999999787,-3.120405458589886,0.33371898363128594,0.33046704036124197,4.149999999999956,0.19999999999999574,-0.45107858630404996,0.3140591863713946,0.5496408496157492,0.3529581894643807,0.8048792727003669,18.318876424107746,24.9507322760139,5.221887232778564,0.2018049990113271,0.5216574911021502,0.5110885012825703,True,False,True,True,True,True,True,True,True,True,False
G1,ppo_privilege_gru_0721_base,15,evaluation-sp2-ego85-raceline2-v0.8,ol2_e85_o106_s0.8,True,overtake,False,False,,5.526247214465694,0.7433461593852542,801,7.999999999999874,False,0,False,597,closest_approach,5.969999999999917,,,-2.990392967341876,0.20925489443274614,0.20581547625147323,5.689999999999923,0.27999999999999403,-0.14115058839653372,0.39809859845582707,0.4223813238025345,0.42501604843487023,0.5868333016855563,8.514456664116373,11.648792987264345,1.9701768634266312,0.3392482622353271,0.3432760432006212,0.4223813238025345,False,False,True,True,True,False,False,False,False,False,False
G1,ppo_privilege_gru_0721_base,15,evaluation-sp21-ego898-raceline0-v0.7,ol0_e898_o902_s0.7,True,overtake,False,False,,5.400660017710411,4.331390467697588,801,7.999999999999874,False,0,False,553,closest_approach,5.5299999999999265,,,-2.9938366206783087,-0.13951239032820695,-0.13951239032820695,,,0.08399893120048835,-0.6931429196316173,0.6982140985960302,0.7876054263237083,0.7231068713419779,4.836741764763476,6.303049947722789,1.7252175784140635,-0.23290725003906743,-0.1047061980090902,0.6982140985960302,False,False,False,False,False,False,False,False,False,False,False
G1,ppo_privilege_gru_0721_base,15,evaluation-sp30-ego1283-raceline0-v0.7,ol0_e1283_o1279_s0.7,False,overtake,False,False,,5.047886054471614,5.658007348034857,801,7.999999999999874,False,0,False,613,closest_approach,6.129999999999914,,,-2.7444438072821526,-0.09763538246619419,-0.09763538246619419,,,0.0682141919048665,-0.5491843488529218,0.553404576238977,0.6556835031530565,0.5922772945989226,1.911809911535482,2.452727816994164,0.6058032857899094,-0.12513664453812035,-0.12013328067480333,0.553404576238977,False,False,False,False,False,False,False,False,False,False,False
G1,ppo_privilege_gru_0721_base,15,evaluation-sp37-ego1582-raceline2-v0.7,ol2_e1582_o1611_s0.7,True,ego_collision,True,True,3.289999999999974,4.460335115795758,0.5221938647259208,329,3.279999999999974,False,0,False,328,nearest_preterminal_frame,3.279999999999974,3.289999999999974,0.009999999999999787,-3.0969620622893785,0.5099920434808496,0.5099920434808496,2.949999999999981,0.32999999999999297,-0.5226692660635325,0.31107040474850994,0.6082334735920026,0.3884582140732059,0.870170174571987,14.11354006256374,20.269781705257707,3.425095104683111,0.2977547000707446,0.11036957716628454,0.4672410700939018,True,False,True,True,True,True,True,True,True,True,False
G1,ppo_privilege_gru_0721_base,15,evaluation-sp4-ego171-raceline2-v0.8,ol2_e171_o194_s0.8,True,overtake,False,False,,5.4548039760774145,1.0666031131189868,801,7.999999999999874,False,0,False,662,closest_approach,6.619999999999903,,,-2.9674902499793063,0.5031958326366635,0.5031958326366635,6.219999999999912,0.3999999999999915,-0.4624260021059085,0.4835297233567094,0.669058144553274,0.5133534061167245,0.8943969376146681,9.282680379745551,11.881344126706882,2.3186986956414706,0.4869680169593338,0.6474400533381451,0.669058144553274,False,False,True,True,True,False,False,False,False,False,False
G1,ppo_privilege_gru_0721_base,15,evaluation-sp45-ego1924-raceline0-v0.7,ol0_e1924_o1919_s0.7,False,ego_collision,True,True,7.159999999999892,4.882907333379919,0.27780238345499697,716,7.149999999999892,False,0,False,715,nearest_preterminal_frame,7.149999999999892,7.159999999999892,0.009999999999999787,-3.036418303031155,0.3684495479317036,0.27599827293391854,6.059999999999915,1.0899999999999768,-0.20694371990248467,-0.4669943073113797,0.5107928995868222,0.4743227052596916,0.6819360261870276,5.053280329585599,3.650934910129824,1.6880574015965348,0.08381046576057871,0.15421333777502877,0.5107928995868222,True,False,True,True,False,True,False,False,False,False,False
G1,ppo_privilege_gru_0721_base,15,evaluation-sp5-ego213-raceline0-v0.7,ol0_e213_o221_s0.7,True,ego_collision,True,True,3.319999999999973,4.7593942767973045,0.25248436330332424,332,3.3099999999999734,False,0,False,331,nearest_preterminal_frame,3.3099999999999734,3.319999999999973,0.009999999999999787,-3.1763834205093247,0.24098365132996946,0.24098365132996946,3.149999999999977,0.1599999999999966,-0.20404025553043992,-0.3363831076057627,0.3934285461928727,0.3471925586065781,0.5976866814369318,7.456250441634394,9.06914704437073,1.3394220289703382,0.27465894007456054,0.02078323198435983,0.39176015427793764,True,False,True,True,True,True,True,True,True,False,False
G1,ppo_privilege_gru_0721_base,15,evaluation-sp9-ego384-raceline0-v0.7,ol0_e384_o391_s0.7,False,ego_collision,True,True,7.419999999999886,5.179701424013646,0.05687036981484539,742,7.4099999999998865,False,0,False,741,nearest_preterminal_frame,7.4099999999998865,7.419999999999886,0.009999999999999787,-2.819123226821347,0.052122593211919366,0.052122593211919366,7.159999999999892,0.24999999999999467,-0.0006519222616825637,-0.35743674830557426,0.3574373428195461,0.4598731772240275,0.4606946591330028,4.544234389923507,5.402609637413469,0.842629109900255,0.44179929801789375,0.4736392440055577,0.3574373428195461,True,False,True,True,True,True,True,True,False,False,False
G1,ppo_privilege_gru_0721_base,20,evaluation-sp1-ego42-raceline2-v0.7,ol2_e42_o63_s0.7,True,overtake,False,False,,5.518035958161794,4.49913572623521,801,7.999999999999874,False,0,False,478,closest_approach,4.7799999999999425,,,-2.99293232204343,-0.24425578810937054,-0.24425578810937054,,,0.12533227604410957,0.46565276870999506,0.4822247198409482,0.623965864876649,0.4939108829739404,15.0980444772304,17.490083648833693,2.926640361402324,0.17029959117740612,0.46592771551703815,0.4822247198409482,False,False,False,False,True,False,False,False,False,False,False
G1,ppo_privilege_gru_0721_base,20,evaluation-sp12-ego513-raceline0-v0.8,ol0_e513_o523_s0.8,False,overtake,False,False,,5.789851292531464,1.2488070225552121,801,7.999999999999874,False,0,False,697,closest_approach,6.969999999999896,,,-2.918793232532323,0.31673538456317374,0.31673538456317374,6.669999999999902,0.2999999999999936,-0.2679263809621953,-0.6647703145643039,0.7167315513784941,0.6651366895483587,0.8678717749181017,1.5812996441091662,1.9477119159325884,0.2926218949918775,0.08474330441958566,0.07911005490520695,0.7167315513784941,False,False,True,True,False,False,False,False,False,False,False
G1,ppo_privilege_gru_0721_base,20,evaluation-sp13-ego556-raceline0-v0.8,ol0_e556_o565_s0.8,True,ego_collision,True,True,6.899999999999897,5.375061890071853,0.15871832281754905,690,6.8899999999998975,False,0,False,689,nearest_preterminal_frame,6.8899999999998975,6.899999999999897,0.009999999999999787,-3.042886322651867,0.18580539170730503,0.1525332924265399,6.579999999999904,0.3099999999999934,-0.030362254761874007,-0.48172110091414677,0.48267699922428714,0.547235760726833,0.5785215582344788,17.435015343377103,22.834163029664197,4.916379807330198,0.2862185338827984,0.09719609924165662,0.48267699922428714,True,False,True,True,True,True,True,True,True,True,False
G1,ppo_privilege_gru_0721_base,20,evaluation-sp15-ego641-raceline2-v0.7,ol2_e641_o661_s0.7,True,ego_collision,True,True,4.389999999999951,4.69173913735894,0.36224179516480604,439,4.379999999999951,False,0,False,438,nearest_preterminal_frame,4.379999999999951,4.389999999999951,0.009999999999999787,-3.120405458589886,0.3436638399892047,0.3436638399892047,4.159999999999956,0.2199999999999953,-0.47909040076644205,0.3052689742171618,0.5680816479399315,0.35908818733232073,0.8274594800778372,18.159828879818136,24.89670817219583,5.30730637699192,0.2496676922292782,0.5011332215243207,0.5157585907985983,True,False,True,True,True,True,True,True,True,True,False
G1,ppo_privilege_gru_0721_base,20,evaluation-sp2-ego85-raceline2-v0.8,ol2_e85_o106_s0.8,True,ego_collision,True,True,5.969999999999917,5.437846433786862,0.000914844419014571,597,5.959999999999917,False,0,False,596,nearest_preterminal_frame,5.959999999999917,5.969999999999917,0.009999999999999787,-2.990392967341876,0.008348000247110576,-0.0036244276411139253,5.939999999999918,0.019999999999999574,0.02149882600022518,0.3185900633783753,0.31931462228157537,0.44556834165249637,0.41664434344257517,9.625839813196533,12.885529198801478,2.2229149635709198,0.3376608817094772,0.4921211111968669,0.31931462228157537,True,False,True,False,True,False,False,False,False,False,False
G1,ppo_privilege_gru_0721_base,20,evaluation-sp21-ego898-raceline0-v0.7,ol0_e898_o902_s0.7,True,ego_collision,True,True,6.29999999999991,4.9638344640431535,0.4838892898842744,630,6.28999999999991,False,0,False,629,nearest_preterminal_frame,6.28999999999991,6.29999999999991,0.009999999999999787,-2.9938366206783087,0.5062606220388943,0.4496926719600367,5.609999999999925,0.6799999999999855,-0.26621109502231827,-0.40334833566200523,0.48327862252979015,0.4040492443766562,0.6870667086296904,14.19254965152483,19.400887908310832,3.885462283332662,0.33589363346171686,0.14820303875275875,0.48327862252979015,True,False,True,True,True,True,True,True,True,True,False
G1,ppo_privilege_gru_0721_base,20,evaluation-sp30-ego1283-raceline0-v0.7,ol0_e1283_o1279_s0.7,False,overtake,False,False,,4.568387013070105,1.812177136443438,801,7.999999999999874,False,0,False,641,closest_approach,6.409999999999908,,,-2.7444438072821526,0.19021588057682948,0.1587911929703978,6.099999999999914,0.3099999999999934,-0.10103583898841098,-0.6673770071486784,0.674981711182473,0.6936133820923158,0.7734992547146362,5.563306514923258,6.655341331504704,1.0993687040965008,0.03390242289511458,-0.13226631662832689,0.674981711182473,False,False,True,True,False,False,False,False,False,False,False
G1,ppo_privilege_gru_0721_base,20,evaluation-sp37-ego1582-raceline2-v0.7,ol2_e1582_o1611_s0.7,True,ego_collision,True,True,3.2699999999999743,4.445364729479324,0.5041775788006362,327,3.2599999999999745,False,0,False,326,nearest_preterminal_frame,3.2599999999999745,3.2699999999999743,0.009999999999999787,-3.0969620622893785,0.49231353432651304,0.49231353432651304,2.9399999999999813,0.3199999999999932,-0.49397260577255314,0.3104242148515018,0.5834141997071186,0.37144046235139316,0.8431940700502929,15.695822554948432,22.30096423407168,4.275695079268069,0.3193557309445691,0.18771852722056087,0.472369277234079,True,False,True,True,True,True,True,True,True,True,False
G1,ppo_privilege_gru_0721_base,20,evaluation-sp4-ego171-raceline2-v0.8,ol2_e171_o194_s0.8,True,overtake,False,False,,5.438891553539435,0.9967177830676803,801,7.999999999999874,False,0,False,673,closest_approach,6.729999999999901,,,-2.9674902499793063,0.5344007779486901,0.5344007779486901,6.219999999999912,0.5099999999999891,-0.48496861003633795,0.4325194431957373,0.6498212226935408,0.4744321106774417,0.8874961494474239,8.564841008190726,11.036491516533395,2.14895966447359,0.48820940474021424,0.7281204202707665,0.6498212226935408,False,False,True,True,True,False,False,False,False,False,False
G1,ppo_privilege_gru_0721_base,20,evaluation-sp45-ego1924-raceline0-v0.7,ol0_e1924_o1919_s0.7,False,ego_collision,True,True,7.129999999999892,4.914443173070052,0.4406334864144128,713,7.119999999999893,False,0,False,712,nearest_preterminal_frame,7.119999999999893,7.129999999999892,0.009999999999999787,-3.036418303031155,0.534610437004801,0.534610437004801,6.009999999999916,1.1099999999999763,-0.3577546299167151,-0.46396404243360334,0.585876273540904,0.46888519122113625,0.7967739285706272,3.6066949493424807,4.285953342555958,1.4473854807208173,0.04213239552978243,0.16364343297707185,0.5081296745080263,True,False,True,True,False,True,False,False,False,False,False
G1,ppo_privilege_gru_0721_base,20,evaluation-sp5-ego213-raceline0-v0.7,ol0_e213_o221_s0.7,True,ego_collision,True,True,3.329999999999973,4.7680793043388965,0.2871413107079661,333,3.319999999999973,False,0,False,332,nearest_preterminal_frame,3.319999999999973,3.329999999999973,0.009999999999999787,-3.1763834205093247,0.27386837406717746,0.27386837406717746,3.1299999999999772,0.18999999999999595,-0.237721693746302,-0.3361786151088263,0.4117373737397408,0.3402191684212455,0.6257046006758733,7.162549748363794,8.76329678409728,1.2939603797720443,0.28641164496604143,0.037714245699242865,0.4073432237403931,True,False,True,True,True,True,True,True,True,False,False
G1,ppo_privilege_gru_0721_base,20,evaluation-sp9-ego384-raceline0-v0.7,ol0_e384_o391_s0.7,False,ego_collision,True,True,7.2199999999998905,5.134970001272173,-0.22954175502280805,722,7.209999999999891,False,0,False,721,nearest_preterminal_frame,7.209999999999891,7.2199999999998905,0.009999999999999787,-2.819123226821347,-0.13654798630105347,-0.23117056659327773,,,0.2645751856353271,-0.3151510594995688,0.41148538146290026,0.6378666215018296,0.3161749697385592,7.983062817050563,9.567725254789098,1.3689110853519295,0.4295744908647726,0.3834862066543432,0.41148538146290026,True,False,False,False,True,False,False,False,False,False,False
G2,ppo_privilege_gru_0721_bs25600,1,evaluation-sp1-ego42-raceline2-v0.7,ol2_e42_o63_s0.7,True,overtake,False,False,,5.504845394625133,4.356607093298749,801,7.999999999999874,False,0,False,467,closest_approach,4.669999999999945,,,-2.99293232204343,0.210565815539411,0.210565815539411,4.489999999999949,0.17999999999999616,-0.2617139408329585,0.32623060615335614,0.41823509563103795,0.3274545915610095,0.64094826694564,12.963176895061059,15.031964575196557,2.3886868431061603,0.427567762975197,0.5429505931878946,0.41823509563103795,False,False,True,True,True,False,False,False,False,False,False
G2,ppo_privilege_gru_0721_bs25600,1,evaluation-sp12-ego513-raceline0-v0.8,ol0_e513_o523_s0.8,False,overtake,False,False,,5.841950044558568,1.7570210232280488,801,7.999999999999874,False,0,False,647,closest_approach,6.4699999999999065,,,-2.918793232532323,0.21305561009509688,0.21305561009509688,6.119999999999914,0.34999999999999254,-0.20193632541426085,-0.6260524452437642,0.6578145207560491,0.6322158452437264,0.7962053833388606,4.556468781501164,5.319564211659483,0.6480007409467663,0.10630567468560226,0.030259570002307723,0.6578145207560491,False,False,True,True,True,False,False,False,False,False,False
G2,ppo_privilege_gru_0721_bs25600,1,evaluation-sp13-ego556-raceline0-v0.8,ol0_e556_o565_s0.8,True,ego_collision,True,True,7.159999999999892,5.288656652338827,0.14908196774908333,716,7.149999999999892,False,0,False,715,nearest_preterminal_frame,7.149999999999892,7.159999999999892,0.009999999999999787,-3.042886322651867,0.1370323823521744,0.1370323823521744,7.019999999999895,0.12999999999999723,0.0010562630738510381,-0.46555320603901573,0.46555440428040995,0.5490478448438907,0.5479308996233502,14.326761077611962,19.150442734295574,4.0277149349285475,0.2609342130352257,0.30401914190418533,0.46555440428040995,True,False,True,False,True,False,False,False,False,False,False
G2,ppo_privilege_gru_0721_bs25600,1,evaluation-sp15-ego641-raceline2-v0.7,ol2_e641_o661_s0.7,True,ego_collision,True,True,4.349999999999952,4.728422337883472,0.4356403315764794,435,4.339999999999952,False,0,False,434,nearest_preterminal_frame,4.339999999999952,4.349999999999952,0.009999999999999787,-3.120405458589886,0.4198180323618317,0.4198180323618317,4.089999999999957,0.24999999999999467,-0.5585751759046294,0.29798417078691164,0.6330882980883875,0.40115731471801175,0.8993744466022682,18.82195575211001,25.517656282856226,5.411101468875593,0.23601251672700363,0.5269193417846318,0.5559840592391657,True,False,True,True,True,True,True,True,True,True,False
G2,ppo_privilege_gru_0721_bs25600,1,evaluation-sp2-ego85-raceline2-v0.8,ol2_e85_o106_s0.8,True,ego_collision,True,True,5.759999999999922,5.524211817010756,0.23451284747997647,576,5.749999999999922,False,0,False,575,nearest_preterminal_frame,5.749999999999922,5.759999999999922,0.009999999999999787,-2.990392967341876,0.22929914154590847,0.22929914154590847,5.559999999999926,0.18999999999999595,-0.16879912619451426,0.35556127054454506,0.39359492135351887,0.37565072730192395,0.5804484949658333,10.998521690307697,14.64993561194684,2.995291970851099,0.3225019236978564,0.5731410346308246,0.39359492135351887,True,False,True,True,True,True,True,True,True,True,False
G2,ppo_privilege_gru_0721_bs25600,1,evaluation-sp21-ego898-raceline0-v0.7,ol0_e898_o902_s0.7,True,overtake,False,False,,5.238868457246143,2.954391581997868,801,7.999999999999874,False,0,False,639,closest_approach,6.389999999999908,,,-2.9938366206783087,0.38737657060860897,0.3727243082487064,5.629999999999924,0.7599999999999838,-0.18683479336568398,-0.576259689905997,0.6057907808992753,0.585421463622967,0.7479616637065367,10.939719349782509,15.733521466913562,3.0610991736589708,0.21172994665561506,0.0020153194871807,0.6057907808992753,False,False,True,True,True,False,False,False,False,False,False
G2,ppo_privilege_gru_0721_bs25600,1,evaluation-sp30-ego1283-raceline0-v0.7,ol0_e1283_o1279_s0.7,False,overtake,False,False,,5.262362232387555,6.95449146714401,801,7.999999999999874,False,0,False,550,closest_approach,5.499999999999927,,,-2.7444438072821526,-0.0890453329299703,-0.0890453329299703,,,0.08384929991031864,-0.8398451635902953,0.8440204996926676,0.919294946058905,0.8647762773998114,1.277267786966583,1.561393690732018,0.2623521750958047,-0.05512121336061859,-0.2091563027447152,0.8440204996926676,False,False,False,False,False,False,False,False,False,False,False
G2,ppo_privilege_gru_0721_bs25600,1,evaluation-sp37-ego1582-raceline2-v0.7,ol2_e1582_o1611_s0.7,True,ego_collision,True,True,3.189999999999976,4.455451017344152,0.45008622290168887,319,3.179999999999976,False,0,False,318,nearest_preterminal_frame,3.179999999999976,3.189999999999976,0.009999999999999787,-3.0969620622893785,0.4242121445727207,0.4242121445727207,2.899999999999982,0.27999999999999403,-0.44205630799310397,0.3103683956731459,0.5401317621369961,0.3456149039512274,0.7951320513633046,15.01095477948514,20.556522608396023,4.532892987501777,0.35203681445521673,0.11147589221859677,0.4900466779547528,True,False,True,True,True,True,True,True,True,True,False
G2,ppo_privilege_gru_0721_bs25600,1,evaluation-sp4-ego171-raceline2-v0.8,ol2_e171_o194_s0.8,True,ego_collision,True,True,6.829999999999899,5.277407155252887,0.5677950399890506,683,6.819999999999899,False,0,False,682,nearest_preterminal_frame,6.819999999999899,6.829999999999899,0.009999999999999787,-2.9674902499793063,0.565256440067941,0.565256440067941,6.219999999999912,0.5999999999999872,-0.5206580267315677,0.34574479631670185,0.6249993959837782,0.4156231339516344,0.8813091968681576,7.560552931155557,9.947100428776608,1.5926324704963852,0.45870829215992703,0.7796107076405027,0.6212199719352988,True,False,True,True,True,True,True,True,True,False,False
G2,ppo_privilege_gru_0721_bs25600,1,evaluation-sp45-ego1924-raceline0-v0.7,ol0_e1924_o1919_s0.7,False,overtake,False,False,,5.294877647806472,5.247448801725199,801,7.999999999999874,False,0,False,642,closest_approach,6.419999999999908,,,-3.036418303031155,0.6098817307494642,0.6098817307494642,5.919999999999918,0.49999999999998934,-0.34298377863943896,-0.5862497969286885,0.679210347984125,0.5886391978095254,0.8627614319263412,4.856493109857787,6.82904912649795,1.4563142303828291,0.21299215238468483,0.2527824440848824,0.679210347984125,False,False,True,True,True,False,False,False,False,False,False
G2,ppo_privilege_gru_0721_bs25600,1,evaluation-sp5-ego213-raceline0-v0.7,ol0_e213_o221_s0.7,True,ego_collision,True,True,3.3099999999999734,4.791321117587445,0.3679772063771054,331,3.2999999999999736,False,0,False,330,nearest_preterminal_frame,3.2999999999999736,3.3099999999999734,0.009999999999999787,-3.1763834205093247,0.35529736425840497,0.35529736425840497,3.0799999999999783,0.2199999999999953,-0.32066243715783316,-0.33774594548391523,0.4657217219486602,0.3391349417905532,0.697840193630582,6.760453432082803,8.419502384091723,1.203338833274711,0.3037881314067068,0.03119070484831904,0.4462771972781741,True,False,True,True,True,True,True,True,True,False,False
G2,ppo_privilege_gru_0721_bs25600,1,evaluation-sp9-ego384-raceline0-v0.7,ol0_e384_o391_s0.7,False,ego_collision,True,True,7.209999999999891,5.151441892479914,-0.10931384070639183,721,7.199999999999891,False,0,False,720,nearest_preterminal_frame,7.199999999999891,7.209999999999891,0.009999999999999787,-2.819123226821347,-0.051274124673938104,-0.1084155433598255,,,0.1738931326776131,-0.3353716760469338,0.37777371889394773,0.572425540695014,0.3549013464808888,6.868085157817612,8.27487039209162,1.2514928875363385,0.4277055815019138,0.3528204949407257,0.37777371889394773,True,False,False,False,True,False,False,False,False,False,False
G2,ppo_privilege_gru_0721_bs25600,5,evaluation-sp1-ego42-raceline2-v0.7,ol2_e42_o63_s0.7,True,overtake,False,False,,5.551792033015017,4.75701712011076,801,7.999999999999874,False,0,False,479,closest_approach,4.789999999999942,,,-2.99293232204343,-0.33261569281722814,-0.33261569281722814,,,0.23034177443234424,0.5309436292626746,0.578755968006604,0.7434088375006185,0.5342847942179355,11.075953754146996,13.0327675781951,2.1564799063997526,0.04173446939307213,0.35601018609217494,0.578755968006604,False,False,False,False,False,False,False,False,False,False,False
G2,ppo_privilege_gru_0721_bs25600,5,evaluation-sp12-ego513-raceline0-v0.8,ol0_e513_o523_s0.8,False,overtake,False,False,,5.8596895793978865,1.9169080539675178,801,7.999999999999874,False,0,False,644,closest_approach,6.439999999999907,,,-2.918793232532323,0.2159582233780668,0.2159582233780668,6.059999999999915,0.3799999999999919,-0.20222101817552776,-0.6107024771644477,0.6433124091813712,0.6169786586786724,0.7843717526457374,4.697488410789505,5.498280907888349,0.8943534021497626,0.09794138782751038,0.04413247658274522,0.6433124091813712,False,False,True,True,False,False,False,False,False,False,False
G2,ppo_privilege_gru_0721_bs25600,5,evaluation-sp13-ego556-raceline0-v0.8,ol0_e556_o565_s0.8,True,ego_collision,True,True,7.069999999999894,5.347896423597726,0.3668332677862054,707,7.059999999999894,False,0,False,706,nearest_preterminal_frame,7.059999999999894,7.069999999999894,0.009999999999999787,-3.042886322651867,0.35084708931023556,0.35084708931023556,6.7999999999998995,0.25999999999999446,-0.15104787915137785,-0.48975288208733325,0.5125166800300051,0.5090830751470524,0.6590759570920318,18.83294243081003,24.332098840687994,5.1131938305561,0.2568664791650975,0.20364713985930416,0.5125166800300051,True,False,True,True,True,True,True,True,True,True,False
G2,ppo_privilege_gru_0721_bs25600,5,evaluation-sp15-ego641-raceline2-v0.7,ol2_e641_o661_s0.7,True,overtake,False,False,,5.863429021825027,8.754365878827713,801,7.999999999999874,False,0,False,424,closest_approach,4.239999999999954,,,-3.120405458589886,0.2318841096574431,0.2318841096574431,4.089999999999957,0.1499999999999968,-0.3317886291346331,0.4741448631700416,0.578702899330543,0.4759828156514575,0.7819427412487846,18.465955901419914,25.28326548506941,5.501579100417746,-0.025239649262863206,0.45716450815898807,0.578702899330543,False,False,True,True,False,False,False,False,False,False,False
G2,ppo_privilege_gru_0721_bs25600,5,evaluation-sp2-ego85-raceline2-v0.8,ol2_e85_o106_s0.8,True,overtake,False,False,,5.533266068254894,0.8133560451153414,801,7.999999999999874,False,0,False,595,closest_approach,5.949999999999918,,,-2.990392967341876,0.20980203891988936,0.20980203891988936,5.689999999999923,0.25999999999999446,-0.14377372339995137,0.3560937396459698,0.38402296149493126,0.3849478865812432,0.561215105398375,8.074760316305323,11.040856820139332,1.7969619616183092,0.36571157314009595,0.41352294586760796,0.38402296149493126,False,False,True,True,True,False,False,False,False,False,False
G2,ppo_privilege_gru_0721_bs25600,5,evaluation-sp21-ego898-raceline0-v0.7,ol0_e898_o902_s0.7,True,ego_collision,True,True,6.039999999999916,5.013260110412848,0.49119876626414793,604,6.029999999999916,False,0,False,603,nearest_preterminal_frame,6.029999999999916,6.039999999999916,0.009999999999999787,-2.9938366206783087,0.5667656863880381,0.481615064945089,5.5799999999999255,0.4499999999999904,-0.1743134170359326,-0.48300556339837664,0.5134973628291836,0.49666664851959336,0.6699860621784359,13.801777743450826,19.192147125210518,4.455551901721632,0.30031459727556,0.14804692176133039,0.5134973628291836,True,False,True,True,True,True,True,True,True,True,False
G2,ppo_privilege_gru_0721_bs25600,5,evaluation-sp30-ego1283-raceline0-v0.7,ol0_e1283_o1279_s0.7,False,overtake,False,False,,4.526896331218701,1.3935591697201062,801,7.999999999999874,False,0,False,731,closest_approach,7.309999999999889,,,-2.7444438072821526,1.4745336599998495,1.454464650340583,6.1399999999999135,1.169999999999975,-0.43006598209466546,-0.4313785255489032,0.6091339600283299,0.4535481359733373,0.8393940974743036,2.2401880709971747,5.213381856605603,2.2122978034209355,0.22747106765594516,0.2579632449755038,0.6091339600283299,False,False,True,True,True,False,False,False,False,False,False
G2,ppo_privilege_gru_0721_bs25600,5,evaluation-sp37-ego1582-raceline2-v0.7,ol2_e1582_o1611_s0.7,True,ego_collision,True,True,3.139999999999977,4.4769287907380875,0.510728506967439,314,3.1299999999999772,False,0,False,313,nearest_preterminal_frame,3.1299999999999772,3.139999999999977,0.009999999999999787,-3.0969620622893785,0.4719217155434876,0.4719217155434876,2.869999999999983,0.25999999999999446,-0.5029375624349702,0.30099293774319263,0.5861253622556416,0.3686992732119556,0.8481431049602358,17.037362667939597,23.482299885816154,5.260123031651648,0.31310233081092215,0.41748717459219736,0.4996243348081458,True,False,True,True,True,True,True,True,True,True,False
G2,ppo_privilege_gru_0721_bs25600,5,evaluation-sp4-ego171-raceline2-v0.8,ol2_e171_o194_s0.8,True,overtake,False,False,,5.515926026838304,1.591961587140645,801,7.999999999999874,False,0,False,641,closest_approach,6.409999999999908,,,-2.9674902499793063,0.5536681913157224,0.5536681913157224,6.069999999999915,0.33999999999999275,-0.5345649605948357,0.6610734817323443,0.8501634227285259,0.7048618078747618,1.0568469721253344,9.281343625586379,11.891777939974212,2.3474429531555754,0.4741366709989636,0.5305730129522854,0.8501634227285259,False,False,True,True,True,False,False,False,False,False,False
G2,ppo_privilege_gru_0721_bs25600,5,evaluation-sp45-ego1924-raceline0-v0.7,ol0_e1924_o1919_s0.7,False,ego_collision,True,True,7.189999999999891,4.864489566096524,0.27180971543538135,719,7.179999999999891,False,0,False,718,nearest_preterminal_frame,7.179999999999891,7.189999999999891,0.009999999999999787,-3.036418303031155,0.36403041672272707,0.27254715099456917,6.059999999999915,1.1199999999999761,-0.21618312276910823,-0.46035875227062817,0.5085915093298087,0.46623932926801676,0.6842159999360259,5.311319578736096,3.915500867701553,1.5673696147071658,0.08148489268819203,0.12952828070139422,0.5085915093298087,True,False,True,True,False,True,False,False,False,False,False
G2,ppo_privilege_gru_0721_bs25600,5,evaluation-sp5-ego213-raceline0-v0.7,ol0_e213_o221_s0.7,True,ego_collision,True,True,3.279999999999974,4.7829178366860425,0.37007778043687267,328,3.2699999999999743,False,0,False,327,nearest_preterminal_frame,3.2699999999999743,3.279999999999974,0.009999999999999787,-3.1763834205093247,0.3551876789983339,0.3551876789983339,3.0599999999999787,0.20999999999999552,-0.32558851991871696,-0.3402384634518669,0.4709247246800152,0.3420946576053071,0.7033572619002408,6.834227921025512,8.489104437494966,1.2115721644093904,0.2868699650789004,-0.003806599197743843,0.4479022612856698,True,False,True,True,True,True,True,True,True,False,False
G2,ppo_privilege_gru_0721_bs25600,5,evaluation-sp9-ego384-raceline0-v0.7,ol0_e384_o391_s0.7,False,overtake,False,False,,5.343934235549344,1.3430537439450916,801,7.999999999999874,False,0,False,738,closest_approach,7.379999999999887,,,-2.819123226821347,0.4102965302569146,0.4102965302569146,7.089999999999893,0.2899999999999938,-0.3126961989368077,-0.6813264111037353,0.7496563154519702,0.6817043317404365,0.909641900244471,2.817033124384294,3.491388254846477,0.2376397956238436,0.1729694240321279,0.14640805928018064,0.7496563154519702,False,False,True,True,True,False,False,False,False,False,False
G2,ppo_privilege_gru_0721_bs25600,10,evaluation-sp1-ego42-raceline2-v0.7,ol2_e42_o63_s0.7,True,overtake,False,False,,5.568811474494775,4.868999982478812,801,7.999999999999874,False,0,False,478,closest_approach,4.7799999999999425,,,-2.99293232204343,-0.28984352224910026,-0.28984352224910026,,,0.19423940002679596,0.5261787154935729,0.5608858931736793,0.7150886918255508,0.5348215900145527,10.922020602453422,12.819539505875975,2.0534612204661857,0.05724396815025523,0.3412062744298019,0.5608858931736793,False,False,False,False,False,False,False,False,False,False,False
G2,ppo_privilege_gru_0721_bs25600,10,evaluation-sp12-ego513-raceline0-v0.8,ol0_e513_o523_s0.8,False,ego_collision,True,True,6.0499999999999154,6.103722269437838,0.5494013886122673,605,6.039999999999916,False,0,False,604,nearest_preterminal_frame,6.039999999999916,6.0499999999999154,0.009999999999999787,-2.918793232532323,0.5417450887320285,0.5417450887320285,5.34999999999993,0.6899999999999853,-0.5190874999032654,-0.32874557913424096,0.6144310281521679,0.4006928230106401,0.873324818323643,4.871175000477329,5.696786160564186,0.6048215453900547,0.04147448216913108,0.36986807077425643,0.4429610684326344,True,False,True,True,False,True,False,False,False,False,False
G2,ppo_privilege_gru_0721_bs25600,10,evaluation-sp13-ego556-raceline0-v0.8,ol0_e556_o565_s0.8,True,ego_collision,True,True,7.069999999999894,5.338514492828109,0.2755611926945676,707,7.059999999999894,False,0,False,706,nearest_preterminal_frame,7.059999999999894,7.069999999999894,0.009999999999999787,-3.042886322651867,0.2628731511446176,0.26047093965482304,6.869999999999898,0.18999999999999595,-0.07290375175295932,-0.4835425310864561,0.4890075013628661,0.530041659091469,0.6045763081744685,17.409549423122225,22.862541488363128,4.6539997192020905,0.29899679251922,0.3014776014798037,0.4890075013628661,True,False,True,True,True,True,True,True,True,True,False
G2,ppo_privilege_gru_0721_bs25600,10,evaluation-sp15-ego641-raceline2-v0.7,ol2_e641_o661_s0.7,True,ego_collision,True,True,4.389999999999951,4.693168566617532,0.36481235746333596,439,4.379999999999951,False,0,False,438,nearest_preterminal_frame,4.379999999999951,4.389999999999951,0.009999999999999787,-3.120405458589886,0.3461912648228349,0.3461912648228349,4.159999999999956,0.2199999999999953,-0.4709735266078824,0.31168556127312863,0.5647689367091739,0.3604154636513799,0.8223311968447887,17.847709975836345,24.531422424341134,5.396646919198904,0.2494682811761595,0.5275342627839775,0.5227440739259028,True,False,True,True,True,True,True,True,True,True,False
G2,ppo_privilege_gru_0721_bs25600,10,evaluation-sp2-ego85-raceline2-v0.8,ol2_e85_o106_s0.8,True,ego_collision,True,True,5.81999999999992,5.479752819811931,0.09369890660738633,582,5.809999999999921,False,0,False,581,nearest_preterminal_frame,5.809999999999921,5.81999999999992,0.009999999999999787,-2.990392967341876,0.08594942211217926,0.08594942211217926,5.709999999999923,0.09999999999999787,-0.01637334489952244,0.348936040120121,0.3493199772671317,0.44342745345342166,0.46435006897774056,9.831254514479856,13.219930436098315,2.625710468409104,0.3135554377333175,0.5486645758240496,0.3493199772671317,True,False,True,True,True,True,True,True,True,True,False
G2,ppo_privilege_gru_0721_bs25600,10,evaluation-sp21-ego898-raceline0-v0.7,ol0_e898_o902_s0.7,True,ego_collision,True,True,5.979999999999917,5.018710560321029,0.5072453766920262,598,5.969999999999917,False,0,False,597,nearest_preterminal_frame,5.969999999999917,5.979999999999917,0.009999999999999787,-2.9938366206783087,0.6640057146880451,0.5020146609797678,5.509999999999927,0.4599999999999902,-0.16633659610357765,-0.4804036113330456,0.5083851817128,0.4960647812988558,0.6625939320015176,11.366821732971731,16.30173085470346,4.111591958025506,0.3019263346772862,0.2809894356607823,0.5083851817128,True,False,True,True,True,True,True,True,True,True,False
G2,ppo_privilege_gru_0721_bs25600,10,evaluation-sp30-ego1283-raceline0-v0.7,ol0_e1283_o1279_s0.7,False,overtake,False,False,,5.074259893217831,5.731693396108938,801,7.999999999999874,False,0,False,597,closest_approach,5.969999999999917,,,-2.7444438072821526,0.19424078511991638,0.19424078511991638,5.8599999999999195,0.10999999999999766,-0.1118199552068215,-0.7729698367924163,0.7810160503941966,0.7932405038532726,0.8711725690087507,1.5189743407360252,1.8966832845521642,0.38150911366394624,-0.027387717260614508,-0.1266015070171138,0.7810160503941966,False,False,True,True,False,False,False,False,False,False,False
G2,ppo_privilege_gru_0721_bs25600,10,evaluation-sp37-ego1582-raceline2-v0.7,ol2_e1582_o1611_s0.7,True,overtake,False,False,,6.296154601776643,12.06755414590566,801,7.999999999999874,False,0,False,296,closest_approach,2.959999999999981,,,-3.0969620622893785,0.33303471414961905,0.33303471414961905,2.8399999999999834,0.11999999999999744,-0.3065417660172931,0.5921748939533333,0.6668125368809755,0.5924058870838578,0.840555282912238,14.416856192509412,19.923550942619286,4.752147001059085,-0.021768912590379608,0.025890324366715678,0.6668125368809755,False,False,True,True,False,False,False,False,False,False,False
G2,ppo_privilege_gru_0721_bs25600,10,evaluation-sp4-ego171-raceline2-v0.8,ol2_e171_o194_s0.8,True,overtake,False,False,,5.4712876866820865,1.1665274298773056,801,7.999999999999874,False,0,False,671,closest_approach,6.709999999999901,,,-2.9674902499793063,0.5812909623159328,0.5812909623159328,6.1899999999999125,0.5199999999999889,-0.5225773488608028,0.45822673093947924,0.69502433230058,0.5138715405143599,0.9328738847395894,8.309073257470091,10.770683850310425,1.9406409829676687,0.4633424154643034,0.6835701710879463,0.69502433230058,False,False,True,True,True,False,False,False,False,False,False
G2,ppo_privilege_gru_0721_bs25600,10,evaluation-sp45-ego1924-raceline0-v0.7,ol0_e1924_o1919_s0.7,False,ego_collision,True,True,7.24999999999989,4.850454057543947,0.32549431942206297,725,7.23999999999989,False,0,False,724,nearest_preterminal_frame,7.23999999999989,7.24999999999989,0.009999999999999787,-3.036418303031155,0.41970107993478223,0.3221810304103485,5.949999999999918,1.2899999999999725,-0.3124936381312243,-0.45745294518823093,0.5539995225032917,0.4580056340458762,0.7564798616288375,4.339984849766628,2.6151595489347903,1.364369085795947,0.0591789831868475,0.10267607133034923,0.5090342602834294,True,False,True,True,False,True,False,False,False,False,False
G2,ppo_privilege_gru_0721_bs25600,10,evaluation-sp5-ego213-raceline0-v0.7,ol0_e213_o221_s0.7,True,ego_collision,True,True,3.3399999999999728,4.85039596156131,0.5965631349549199,334,3.329999999999973,False,0,False,333,nearest_preterminal_frame,3.329999999999973,3.3399999999999728,0.009999999999999787,-3.1763834205093247,0.5801540400413785,0.5801540400413785,3.00999999999998,0.3199999999999932,-0.5339925936804428,-0.33864442036888587,0.6323196450787728,0.41738762465828855,0.8908669024535607,7.252367867406295,9.013490787712364,1.1294074445292575,0.28397379463914074,0.056080919925308725,0.49721063372541807,True,False,True,True,True,True,True,True,True,False,False
G2,ppo_privilege_gru_0721_bs25600,10,evaluation-sp9-ego384-raceline0-v0.7,ol0_e384_o391_s0.7,False,ego_collision,True,True,6.989999999999895,5.150592055100626,-0.05822735964213166,699,6.979999999999896,False,0,False,698,nearest_preterminal_frame,6.979999999999896,6.989999999999895,0.009999999999999787,-2.819123226821347,0.017561628610081925,-0.05221025570799043,6.739999999999901,0.23999999999999488,0.1377337276969367,-0.35040575540222046,0.37650335080088554,0.5529379126344276,0.3820591722496286,9.580042370440708,11.452655398349808,1.5084108020683884,0.3769854825868492,0.145226534715154,0.37650335080088554,True,False,True,False,True,False,False,False,False,False,False
G2,ppo_privilege_gru_0721_bs25600,15,evaluation-sp1-ego42-raceline2-v0.7,ol2_e42_o63_s0.7,True,overtake,False,False,,5.512962463460826,4.463577620423365,801,7.999999999999874,False,0,False,496,closest_approach,4.959999999999939,,,-2.99293232204343,-0.5701129846717379,-0.5701129846717379,,,0.4416039843422914,0.5937305353698076,0.7399527198527653,0.9422103472877138,0.6127803168338357,8.322248604010158,9.947741917720546,1.7950307258107694,-0.11874642812365738,0.2840257098739215,0.7399527198527653,False,False,False,False,False,False,False,False,False,False,False
G2,ppo_privilege_gru_0721_bs25600,15,evaluation-sp12-ego513-raceline0-v0.8,ol0_e513_o523_s0.8,False,ego_collision,True,True,6.029999999999916,6.093224373449645,0.46343808406001585,603,6.019999999999916,False,0,False,602,nearest_preterminal_frame,6.019999999999916,6.029999999999916,0.009999999999999787,-2.918793232532323,0.4602805494573943,0.4602805494573943,5.37999999999993,0.6399999999999864,-0.4384743963851172,-0.32575844046150076,0.5462402015754626,0.35799889373269583,0.7979934258630017,5.094119907703809,5.929628476628146,0.5281118488801729,0.059567402360716726,0.35295567469733796,0.429910009654959,True,False,True,True,False,True,False,False,False,False,False
G2,ppo_privilege_gru_0721_bs25600,15,evaluation-sp13-ego556-raceline0-v0.8,ol0_e556_o565_s0.8,True,ego_collision,True,True,7.039999999999894,5.347962984716622,0.29249182617803626,704,7.0299999999998946,False,0,False,703,nearest_preterminal_frame,7.0299999999998946,7.039999999999894,0.009999999999999787,-3.042886322651867,0.2801058326160728,0.2801058326160728,6.839999999999899,0.18999999999999595,-0.08361858708803135,-0.4853232428172444,0.4924740786328197,0.5273821551912679,0.6124781617627708,17.959635452959137,23.5381251487006,4.813819749902374,0.2842908648656601,0.2687060260375678,0.4924740786328197,True,False,True,True,True,True,True,True,True,True,False
G2,ppo_privilege_gru_0721_bs25600,15,evaluation-sp15-ego641-raceline2-v0.7,ol2_e641_o661_s0.7,True,ego_collision,True,True,4.369999999999951,4.714368753492725,0.4235228411877756,437,4.3599999999999515,False,0,False,436,nearest_preterminal_frame,4.3599999999999515,4.369999999999951,0.009999999999999787,-3.120405458589886,0.4081683066933124,0.4081683066933124,4.109999999999957,0.24999999999999467,-0.5417822065228367,0.30046112443880924,0.6195198516623881,0.3920091412461475,0.8843859600802313,17.375191959393284,24.025808451327933,5.109780952120124,0.2670680648424639,0.5589961786478141,0.5540849800448883,True,False,True,True,True,True,True,True,True,True,False
G2,ppo_privilege_gru_0721_bs25600,15,evaluation-sp2-ego85-raceline2-v0.8,ol2_e85_o106_s0.8,True,ego_collision,True,True,5.9999999999999165,5.433452922306859,0.006662732025205287,600,5.989999999999917,False,0,False,599,nearest_preterminal_frame,5.989999999999917,5.9999999999999165,0.009999999999999787,-2.990392967341876,0.021834892798864303,0.021834892798864303,5.899999999999919,0.08999999999999808,0.0003157905801675631,0.327196965421675,0.3271971178125555,0.4374255507413124,0.43700663080592506,7.95049668514391,10.84909307449382,1.79936231642919,0.3540719088518056,0.40893424524247257,0.3271971178125555,True,False,True,False,True,False,False,False,False,False,False
G2,ppo_privilege_gru_0721_bs25600,15,evaluation-sp21-ego898-raceline0-v0.7,ol0_e898_o902_s0.7,True,ego_collision,True,True,6.009999999999916,5.008970165850992,0.43224022231123627,601,5.9999999999999165,False,0,False,600,nearest_preterminal_frame,5.9999999999999165,6.009999999999916,0.009999999999999787,-2.9938366206783087,0.5889032054729171,0.4248171465690973,5.569999999999926,0.42999999999999083,-0.14815152735092785,-0.4858571919978865,0.5079429949044321,0.5061404945358016,0.6542430526463556,12.072167047451185,16.494397758109915,3.526749334107046,0.29297813797168887,0.2516762603893719,0.5079429949044321,True,False,True,True,True,True,True,True,True,True,False
G2,ppo_privilege_gru_0721_bs25600,15,evaluation-sp30-ego1283-raceline0-v0.7,ol0_e1283_o1279_s0.7,False,overtake,False,False,,5.23654910423923,6.715779318732757,801,7.999999999999874,False,0,False,562,closest_approach,5.619999999999925,,,-2.7444438072821526,-0.05098143908963948,-0.05098143908963948,,,0.05442007658990605,-0.8268812217869141,0.8286700789094965,0.8957442403398509,0.8597851215610361,0.8894872826649045,1.0897421839791663,0.24505683988323834,-0.05182994083071435,-0.14977019750458453,0.8286700789094965,False,False,False,False,False,False,False,False,False,False,False
G2,ppo_privilege_gru_0721_bs25600,15,evaluation-sp37-ego1582-raceline2-v0.7,ol2_e1582_o1611_s0.7,True,ego_collision,True,True,3.2099999999999755,4.4381335849307675,0.5007351319313784,321,3.1999999999999758,False,0,False,320,nearest_preterminal_frame,3.1999999999999758,3.2099999999999755,0.009999999999999787,-3.0969620622893785,0.49112010273495343,0.49112010273495343,2.8899999999999824,0.3099999999999934,-0.488721014757862,0.3156983314905326,0.5818192732901348,0.3730354918936007,0.8402808193285269,14.708626479577228,20.504323640655407,4.161699721061849,0.4135245160585116,0.13971249249444273,0.522599779392133,True,False,True,True,True,True,True,True,True,True,False
G2,ppo_privilege_gru_0721_bs25600,15,evaluation-sp4-ego171-raceline2-v0.8,ol2_e171_o194_s0.8,True,overtake,False,False,,5.445646467227167,0.991472968514671,801,7.999999999999874,False,0,False,674,closest_approach,6.739999999999901,,,-2.9674902499793063,0.6170671180136935,0.6170671180136935,6.159999999999913,0.5799999999999876,-0.5588435975257134,0.45264460895344244,0.719161531583897,0.5264636948025786,0.9619888747147807,7.676424089616976,10.117676901639165,1.679341040774265,0.43357129934166466,0.6948827651736356,0.719161531583897,False,False,True,True,True,False,False,False,False,False,False
G2,ppo_privilege_gru_0721_bs25600,15,evaluation-sp45-ego1924-raceline0-v0.7,ol0_e1924_o1919_s0.7,False,ego_collision,True,True,7.25999999999989,4.834047369806481,0.2237955323462586,726,7.24999999999989,False,0,False,725,nearest_preterminal_frame,7.24999999999989,7.25999999999989,0.009999999999999787,-3.036418303031155,0.3603556972009585,0.22504703656429115,5.939999999999918,1.309999999999972,-0.22179700862979937,-0.4538819888060486,0.5051759820098946,0.4589776767930851,0.6840650830183813,5.473833438817192,3.786605637385554,1.3950636119882929,0.0863153320540001,0.10501364699301485,0.5051759820098946,True,False,True,True,False,True,False,False,False,False,False
G2,ppo_privilege_gru_0721_bs25600,15,evaluation-sp5-ego213-raceline0-v0.7,ol0_e213_o221_s0.7,True,ego_collision,True,True,3.289999999999974,4.821938268998656,0.5304536379190097,329,3.279999999999974,False,0,False,328,nearest_preterminal_frame,3.279999999999974,3.289999999999974,0.009999999999999787,-3.1763834205093247,0.5110221153811665,0.5110221153811665,3.00999999999998,0.26999999999999424,-0.47082132279880234,-0.34439123168923624,0.5833335567807181,0.3889751550461005,0.8351373573788617,7.842036497073808,9.81210946344994,1.1808991931479336,0.2652119219634437,0.014966541958013946,0.47928279156875786,True,False,True,True,True,True,True,True,True,False,False
G2,ppo_privilege_gru_0721_bs25600,15,evaluation-sp9-ego384-raceline0-v0.7,ol0_e384_o391_s0.7,False,ego_collision,True,True,6.909999999999897,5.184109184658152,0.25564997928003663,691,6.899999999999897,False,0,False,690,nearest_preterminal_frame,6.899999999999897,6.909999999999897,0.009999999999999787,-2.819123226821347,0.2561400094854491,0.2561400094854491,6.439999999999907,0.4599999999999902,-0.18346206202788068,-0.36189970749422423,0.405745889058567,0.37725552416333974,0.5959343273080497,9.8216471863961,12.01859702421424,1.834642335040634,0.32002209243281193,0.09790098536187403,0.405745889058567,True,False,True,True,True,True,True,True,True,True,False
G2,ppo_privilege_gru_0721_bs25600,20,evaluation-sp1-ego42-raceline2-v0.7,ol2_e42_o63_s0.7,True,overtake,False,False,,5.519702137719309,4.505952468683802,801,7.999999999999874,False,0,False,487,closest_approach,4.869999999999941,,,-2.99293232204343,-0.46156304223148936,-0.46156304223148936,,,0.3552932308755392,0.5328703538191764,0.640456160783354,0.8368716555082781,0.5368556789096495,9.635786659847431,11.38477689599987,1.7879018692598363,-0.013065224909072248,0.36467629693623704,0.640456160783354,False,False,False,False,False,False,False,False,False,False,False
G2,ppo_privilege_gru_0721_bs25600,20,evaluation-sp12-ego513-raceline0-v0.8,ol0_e513_o523_s0.8,False,overtake,False,False,,5.791914290933671,1.0922221040208058,801,7.999999999999874,False,0,False,709,closest_approach,7.089999999999893,,,-2.918793232532323,0.32121611682040907,0.32121611682040907,6.819999999999899,0.26999999999999424,-0.2517810474817736,-0.7498833619412145,0.7910238633488104,0.7508566739717034,0.9251225648132826,1.5788112722649554,1.9705531857605283,0.3014436646752181,0.0699669802977414,0.02802173672292374,0.7910238633488104,False,False,True,True,False,False,False,False,False,False,False
G2,ppo_privilege_gru_0721_bs25600,20,evaluation-sp13-ego556-raceline0-v0.8,ol0_e556_o565_s0.8,True,ego_collision,True,True,7.069999999999894,5.3301179912119725,0.23885161506251507,707,7.059999999999894,False,0,False,706,nearest_preterminal_frame,7.059999999999894,7.069999999999894,0.009999999999999787,-3.042886322651867,0.23332820400668197,0.23332820400668197,6.879999999999898,0.17999999999999616,-0.04357371745644313,-0.4833297005550789,0.4852898806812648,0.5425251258392547,0.5872640159386349,17.39487610681059,22.77877859370418,4.750719109058807,0.2768019311218904,0.26946145411086503,0.4852898806812648,True,False,True,True,True,True,True,True,True,True,False
G2,ppo_privilege_gru_0721_bs25600,20,evaluation-sp15-ego641-raceline2-v0.7,ol2_e641_o661_s0.7,True,overtake,False,False,,5.853404893216511,8.656584954825064,801,7.999999999999874,False,0,False,424,closest_approach,4.239999999999954,,,-3.120405458589886,0.20958948634634567,0.20958948634634567,4.109999999999957,0.12999999999999723,-0.3042408757397909,0.4791610616270459,0.5675894937809125,0.47937263743500613,0.7633593789163472,17.22121584895884,23.919743436261943,5.204505735480114,-0.04932217293735164,0.4088865091170731,0.5675894937809125,False,False,True,True,False,False,False,False,False,False,False
G2,ppo_privilege_gru_0721_bs25600,20,evaluation-sp2-ego85-raceline2-v0.8,ol2_e85_o106_s0.8,True,overtake,False,False,,5.483194689446601,0.4090207749847252,801,7.999999999999874,False,0,False,605,closest_approach,6.0499999999999154,,,-2.990392967341876,0.007872600862924628,-0.004586339963282171,5.949999999999918,0.09999999999999787,0.030558415906102365,0.3972393066175557,0.3984129559950162,0.5104476121309865,0.4744565336036035,7.40578973884401,10.111238797138467,1.8312766239092362,0.29960671858898347,0.2673686066574562,0.3984129559950162,False,False,True,False,True,False,False,False,False,False,False
G2,ppo_privilege_gru_0721_bs25600,20,evaluation-sp21-ego898-raceline0-v0.7,ol0_e898_o902_s0.7,True,ego_collision,True,True,6.039999999999916,4.999284709062622,0.44526252104455466,604,6.029999999999916,False,0,False,603,nearest_preterminal_frame,6.029999999999916,6.039999999999916,0.009999999999999787,-2.9938366206783087,0.5618665442116253,0.41924273146980795,5.569999999999926,0.4599999999999902,-0.14774370761282252,-0.47107743348100584,0.49370249287828666,0.49208820455158,0.6430657057328371,12.330863105736725,17.340851995018742,4.385639258170122,0.29983284652538755,0.29748298065249645,0.49370249287828666,True,False,True,True,True,True,True,True,True,True,False
G2,ppo_privilege_gru_0721_bs25600,20,evaluation-sp30-ego1283-raceline0-v0.7,ol0_e1283_o1279_s0.7,False,overtake,False,False,,5.242456216182869,6.839844959915865,801,7.999999999999874,False,0,False,556,closest_approach,5.559999999999926,,,-2.7444438072821526,-0.04671948434031492,-0.04671948434031492,,,0.05283622612689143,-0.8238379702139887,0.8255305372653619,0.8923259937440094,0.8572955481069757,1.0670484714394899,1.3137321239404334,0.25419069497833224,-0.049900337782693094,-0.15497645567149532,0.8255305372653619,False,False,False,False,False,False,False,False,False,False,False
G2,ppo_privilege_gru_0721_bs25600,20,evaluation-sp37-ego1582-raceline2-v0.7,ol2_e1582_o1611_s0.7,True,ego_collision,True,True,3.189999999999976,4.424576540963015,0.38727541629492634,319,3.179999999999976,False,0,False,318,nearest_preterminal_frame,3.179999999999976,3.189999999999976,0.009999999999999787,-3.0969620622893785,0.36215299766041653,0.36215299766041653,2.909999999999982,0.26999999999999424,-0.37136957400047826,0.31183119939438725,0.4849268577930478,0.3222727175681513,0.7311965606656777,15.725404255498216,21.965521462883,5.057101211154032,0.3097580273681612,0.27575992487172957,0.4593995952986852,True,False,True,True,True,True,True,True,True,True,False
G2,ppo_privilege_gru_0721_bs25600,20,evaluation-sp4-ego171-raceline2-v0.8,ol2_e171_o194_s0.8,True,overtake,False,False,,5.447866321450198,1.1556400146608325,801,7.999999999999874,False,0,False,671,closest_approach,6.709999999999901,,,-2.9674902499793063,0.6382774227048742,0.6382774227048742,6.079999999999915,0.6299999999999866,-0.5992082527042695,0.5187493711731562,0.7925600546339998,0.6039127864460003,1.02946210555315,8.842035033655856,11.577447454993155,1.8865848254859732,0.4628128696061058,0.7293919720214085,0.7925600546339998,False,False,True,True,True,False,False,False,False,False,False
G2,ppo_privilege_gru_0721_bs25600,20,evaluation-sp45-ego1924-raceline0-v0.7,ol0_e1924_o1919_s0.7,False,ego_collision,True,True,7.209999999999891,4.855780713139386,0.30801844352569674,721,7.199999999999891,False,0,False,720,nearest_preterminal_frame,7.199999999999891,7.209999999999891,0.009999999999999787,-3.036418303031155,0.3807859336756678,0.30978058798800134,5.9999999999999165,1.1999999999999744,-0.22032662800795516,-0.4604759802339068,0.5104722826772607,0.46571719652286747,0.6873655473082333,5.827457629653331,4.410215197353714,1.6461783871524278,0.0725735433152015,0.10765848513419363,0.5104722826772607,True,False,True,True,False,True,False,False,False,False,False
G2,ppo_privilege_gru_0721_bs25600,20,evaluation-sp5-ego213-raceline0-v0.7,ol0_e213_o221_s0.7,True,ego_collision,True,True,3.2599999999999745,4.780856131112612,0.3661674599278797,326,3.2499999999999747,False,0,False,325,nearest_preterminal_frame,3.2499999999999747,3.2599999999999745,0.009999999999999787,-3.1763834205093247,0.35132513038072943,0.35132513038072943,3.049999999999979,0.19999999999999574,-0.3155429493508945,-0.34317242381551055,0.4661916616076198,0.344121714991883,0.6960241202544581,8.172829217003867,10.263435326242616,1.1738611749329648,0.26475798301993453,-0.03949837992846683,0.43808736968319606,True,False,True,True,True,True,True,True,True,True,False
G2,ppo_privilege_gru_0721_bs25600,20,evaluation-sp9-ego384-raceline0-v0.7,ol0_e384_o391_s0.7,False,ego_collision,True,True,6.989999999999895,5.146245524313936,-0.04629879763641043,699,6.979999999999896,False,0,False,698,nearest_preterminal_frame,6.979999999999896,6.989999999999895,0.009999999999999787,-2.819123226821347,0.01594347799039042,-0.041190077655897994,6.7499999999999005,0.2299999999999951,0.12338948427994494,-0.3481732861458109,0.3693908526431637,0.5404771067296112,0.3859840684977495,9.819266052814916,11.727055010790494,1.6688237531999128,0.37726410584597936,0.13012454850219024,0.3693908526431637,True,False,True,False,True,False,False,False,False,False,False
G2,ppo_privilege_gru_0721_bs51200,1,evaluation-sp1-ego42-raceline2-v0.7,ol2_e42_o63_s0.7,True,overtake,False,False,,5.541062256663411,4.6724396021550945,801,7.999999999999874,False,0,False,470,closest_approach,4.699999999999944,,,-2.99293232204343,0.07293283678120588,0.07293283678120588,4.589999999999947,0.10999999999999766,-0.15080569624285453,0.35530271427200183,0.3859823529493853,0.3815954310097125,0.5661710700920698,14.603090934801724,16.864168223009973,2.647537010950639,0.35491303602887986,0.5316172991084065,0.3859823529493853,False,False,True,True,True,False,False,False,False,False,False
G2,ppo_privilege_gru_0721_bs51200,1,evaluation-sp12-ego513-raceline0-v0.8,ol0_e513_o523_s0.8,False,ego_collision,True,True,6.089999999999915,6.013619788748717,-0.03828740856229729,609,6.079999999999915,False,0,False,608,nearest_preterminal_frame,6.079999999999915,6.089999999999915,0.009999999999999787,-2.918793232532323,0.1240376520005384,-0.029991039656778185,5.549999999999926,0.5299999999999887,0.03159165431284891,-0.31535476123802036,0.3169332075654291,0.45041072096383733,0.4077051613068677,2.2680815955151314,2.607672153912228,0.4428166323810695,0.15685158657005788,0.4391987426564518,0.3169332075654291,True,False,True,False,True,False,False,False,False,False,False
G2,ppo_privilege_gru_0721_bs51200,1,evaluation-sp13-ego556-raceline0-v0.8,ol0_e556_o565_s0.8,True,ego_collision,True,True,6.959999999999896,5.34708371593286,0.08852238262900869,696,6.949999999999896,False,0,False,695,nearest_preterminal_frame,6.949999999999896,6.959999999999896,0.009999999999999787,-3.042886322651867,0.07715861003845248,0.07715861003845248,6.879999999999898,0.06999999999999851,-0.0356249650877357,-0.4636202547249064,0.4649869661922681,0.5288198171190285,0.5665468722705794,10.89786435163407,15.072000756334122,3.263728413166128,0.33609808574317046,0.16978260051365968,0.4649869661922681,True,False,True,True,True,True,True,True,True,True,False
G2,ppo_privilege_gru_0721_bs51200,1,evaluation-sp15-ego641-raceline2-v0.7,ol2_e641_o661_s0.7,True,ego_collision,True,True,4.339999999999952,4.712512434829159,0.3423964371088175,434,4.329999999999952,False,0,False,433,nearest_preterminal_frame,4.329999999999952,4.339999999999952,0.009999999999999787,-3.120405458589886,0.3306660276548712,0.3306660276548712,4.149999999999956,0.17999999999999616,-0.4311446679737403,0.3092772075187483,0.5306016545514928,0.3399620690430218,0.784666823076872,18.81314938658335,25.430641134933186,5.352197070727267,0.16517477853164864,0.5536168068420247,0.4979375835687551,True,False,True,True,True,True,True,True,True,True,False
G2,ppo_privilege_gru_0721_bs51200,1,evaluation-sp2-ego85-raceline2-v0.8,ol2_e85_o106_s0.8,True,ego_collision,True,True,5.8599999999999195,5.4632843048686155,0.05127264574491619,586,5.84999999999992,False,0,False,585,nearest_preterminal_frame,5.84999999999992,5.8599999999999195,0.009999999999999787,-2.990392967341876,0.04424645212409928,0.04424645212409928,5.789999999999921,0.05999999999999872,0.01673855880438302,0.3443641701800982,0.3447707369465619,0.46116724207300064,0.43961175706313094,10.198141715466798,13.575451819756898,2.5710335038882106,0.3230130304203251,0.5515427592710567,0.3447707369465619,True,False,True,False,True,False,False,False,False,False,False
G2,ppo_privilege_gru_0721_bs51200,1,evaluation-sp21-ego898-raceline0-v0.7,ol0_e898_o902_s0.7,True,ego_collision,True,True,6.069999999999915,4.973057797792949,0.24611000964316077,607,6.059999999999915,False,0,False,606,nearest_preterminal_frame,6.059999999999915,6.069999999999915,0.009999999999999787,-2.9938366206783087,0.34195382287595066,0.236582441618566,5.679999999999923,0.3799999999999919,-0.02175660044111999,-0.4631034531242137,0.46361423399020585,0.53518158572813,0.5582624707197994,13.655556115081476,18.447064655745788,3.9198671611975513,0.30480469998084897,0.08482299989968439,0.46361423399020585,True,False,True,True,True,True,True,True,True,True,False
G2,ppo_privilege_gru_0721_bs51200,1,evaluation-sp30-ego1283-raceline0-v0.7,ol0_e1283_o1279_s0.7,False,ego_collision,True,True,7.189999999999891,4.664085158061502,1.0364425715804373,719,7.179999999999891,False,0,False,718,nearest_preterminal_frame,7.179999999999891,7.189999999999891,0.009999999999999787,-2.7444438072821526,1.029866223687975,1.029866223687975,6.099999999999914,1.079999999999977,-0.3156745211583156,-0.4866988270992455,0.5801087411928156,0.48737555266600113,0.7769925185483681,3.2939217345695426,6.235172603131803,2.1173094789580302,0.16831789128002106,0.196481068145408,0.5801087411928156,True,False,True,True,True,True,True,True,False,False,False
G2,ppo_privilege_gru_0721_bs51200,1,evaluation-sp37-ego1582-raceline2-v0.7,ol2_e1582_o1611_s0.7,True,ego_collision,True,True,3.2099999999999755,4.453622855246498,0.490810513733436,321,3.1999999999999758,False,0,False,320,nearest_preterminal_frame,3.1999999999999758,3.2099999999999755,0.009999999999999787,-3.0969620622893785,0.480378366807372,0.480378366807372,2.8899999999999824,0.3099999999999934,-0.48129914537529755,0.3104676248791814,0.5727469017263312,0.36467178272994927,0.8314400265531992,16.29682830949037,22.720246046584,5.094877066632312,0.316004245027164,0.30176445640617816,0.4877363293561049,True,False,True,True,True,True,True,True,True,True,False
G2,ppo_privilege_gru_0721_bs51200,1,evaluation-sp4-ego171-raceline2-v0.8,ol2_e171_o194_s0.8,True,overtake,False,False,,5.450604583972932,1.047058651998924,801,7.999999999999874,False,0,False,657,closest_approach,6.569999999999904,,,-2.9674902499793063,0.5536720822999257,0.5536720822999257,6.129999999999914,0.4399999999999906,-0.5137347685398184,0.523531722869459,0.7334908842360107,0.5693353243074156,0.9592054227382264,8.205758550619883,10.627188622951202,2.0022133406506697,0.4710518831091658,0.6103734488463429,0.7334908842360107,False,False,True,True,True,False,False,False,False,False,False
G2,ppo_privilege_gru_0721_bs51200,1,evaluation-sp45-ego1924-raceline0-v0.7,ol0_e1924_o1919_s0.7,False,overtake,False,False,,5.206476142407174,4.878663199649395,801,7.999999999999874,False,0,False,593,closest_approach,5.929999999999918,,,-3.036418303031155,-0.18968915340940384,-0.18968915340940384,,,0.10431270595961001,-0.5301719760883079,0.5403364367262284,0.6607305307843517,0.5617491392048799,4.512872585288962,5.490140707143977,1.0987378053959096,-0.0866598076424685,0.011431655620174452,0.5403364367262284,False,False,False,False,False,False,False,False,False,False,False
G2,ppo_privilege_gru_0721_bs51200,1,evaluation-sp5-ego213-raceline0-v0.7,ol0_e213_o221_s0.7,True,ego_collision,True,True,3.3099999999999734,4.785233779962634,0.3601374574893157,331,3.2999999999999736,False,0,False,330,nearest_preterminal_frame,3.2999999999999736,3.3099999999999734,0.009999999999999787,-3.1763834205093247,0.3471372677284137,0.3471372677284137,3.089999999999978,0.20999999999999552,-0.3075223125760566,-0.33877038673596116,0.45753179961764245,0.3392232397216407,0.6868757449171367,6.602291432797944,8.31159689191653,1.1428278382463097,0.30767646796577297,0.035235617980597544,0.43752498111270477,True,False,True,True,True,True,True,True,True,False,False
G2,ppo_privilege_gru_0721_bs51200,1,evaluation-sp9-ego384-raceline0-v0.7,ol0_e384_o391_s0.7,False,overtake,False,False,,5.322698504183602,1.1967630787178791,801,7.999999999999874,False,0,False,744,closest_approach,7.439999999999886,,,-2.819123226821347,0.4253914152610889,0.4253914152610889,7.119999999999893,0.3199999999999932,-0.3324137923065842,-0.6494711706058487,0.7295969646070194,0.6508546160441343,0.8995619657931271,2.0776994223447454,2.5619644853502765,0.23802423687090243,0.20020903263092293,0.20557519559280424,0.7295969646070194,False,False,True,True,True,False,False,False,False,False,False
G2,ppo_privilege_gru_0721_bs51200,5,evaluation-sp1-ego42-raceline2-v0.7,ol2_e42_o63_s0.7,True,overtake,False,False,,5.505947551873793,4.40146395403724,801,7.999999999999874,False,0,False,480,closest_approach,4.799999999999942,,,-2.99293232204343,-0.37053525874844695,-0.37053525874844695,,,0.2550823671745045,0.5246690368141185,0.5833906171981202,0.756566180314727,0.5258296675479531,12.24272753656036,14.302224028313722,2.349605942227472,0.02427091615593524,0.3715793463727298,0.5833906171981202,False,False,False,False,False,False,False,False,False,False,False
G2,ppo_privilege_gru_0721_bs51200,5,evaluation-sp12-ego513-raceline0-v0.8,ol0_e513_o523_s0.8,False,ego_collision,True,True,7.169999999999892,5.905824831140065,0.34726232844684546,717,7.159999999999892,False,0,False,716,nearest_preterminal_frame,7.159999999999892,7.169999999999892,0.009999999999999787,-2.918793232532323,0.3442642802823457,0.3442642802823457,5.5299999999999265,1.6299999999999653,-0.28158245249904085,-0.37567640323336166,0.4694906149240152,0.3757706947757984,0.683987763012741,4.744262857061187,5.933225078468347,0.9665329514213845,0.0004473581797407866,-0.05346244613655715,0.328467823838976,True,False,True,True,False,True,False,False,False,False,False
G2,ppo_privilege_gru_0721_bs51200,5,evaluation-sp13-ego556-raceline0-v0.8,ol0_e556_o565_s0.8,True,ego_collision,True,True,6.9399999999998965,5.360124329531801,0.1289074558283403,694,6.929999999999897,False,0,False,693,nearest_preterminal_frame,6.929999999999897,6.9399999999998965,0.009999999999999787,-3.042886322651867,0.11423763325140612,0.113798746062173,6.839999999999899,0.08999999999999808,-0.03213126275999166,-0.47485680131323754,0.4759426433930786,0.5403566113218159,0.5738096654821931,13.723299716007185,18.40770910979473,4.256844814860534,0.30575807100376223,0.16841365880050024,0.4759426433930786,True,False,True,True,True,True,True,True,True,True,False
G2,ppo_privilege_gru_0721_bs51200,5,evaluation-sp15-ego641-raceline2-v0.7,ol2_e641_o661_s0.7,True,ego_collision,True,True,4.3599999999999515,4.71920294133034,0.37909090380597377,436,4.349999999999952,False,0,False,435,nearest_preterminal_frame,4.349999999999952,4.3599999999999515,0.009999999999999787,-3.120405458589886,0.36425806192562504,0.36425806192562504,4.129999999999956,0.2199999999999953,-0.4993150115765308,0.30093317430110295,0.5829890703783469,0.3665699789483875,0.8447360314885337,19.003886458078227,25.68222921967716,5.497960144972713,0.18164565795900034,0.5671292674644806,0.5239942314321833,True,False,True,True,True,True,True,True,True,True,False
G2,ppo_privilege_gru_0721_bs51200,5,evaluation-sp2-ego85-raceline2-v0.8,ol2_e85_o106_s0.8,True,follow,False,False,,5.483096062448816,-0.28126766563590877,801,7.999999999999874,False,0,False,598,closest_approach,5.979999999999917,,,-2.990392967341876,-0.4143143187077385,-0.4363309986761408,,,0.3940455968445688,0.4116146971169249,0.5698232982910142,0.798338923919597,0.4245611205767673,10.239850493557169,13.705287657264783,2.6976779388464363,0.13213887633791088,0.33098978852277006,0.5698232982910142,False,False,False,False,True,False,False,False,False,False,False
G2,ppo_privilege_gru_0721_bs51200,5,evaluation-sp21-ego898-raceline0-v0.7,ol0_e898_o902_s0.7,True,ego_collision,True,True,6.039999999999916,4.976270900491274,0.2908153121835255,604,6.029999999999916,False,0,False,603,nearest_preterminal_frame,6.029999999999916,6.039999999999916,0.009999999999999787,-2.9938366206783087,0.3715936368726318,0.2819396913897094,5.639999999999924,0.3899999999999917,-0.021080632877296973,-0.46643451128861874,0.4669106407050069,0.5384039183872343,0.5606534700440123,13.481376849345166,18.350590999631766,3.7305473781292027,0.2914973500696459,0.061210055023744714,0.4669106407050069,True,False,True,True,True,True,True,True,True,True,False
G2,ppo_privilege_gru_0721_bs51200,5,evaluation-sp30-ego1283-raceline0-v0.7,ol0_e1283_o1279_s0.7,False,overtake,False,False,,4.9885232793319565,5.40710724497211,801,7.999999999999874,False,0,False,610,closest_approach,6.099999999999914,,,-2.7444438072821526,-0.051861942835557784,-0.051861942835557784,,,0.04432033686631251,-0.5431421907713054,0.5449474577019299,0.6377879953701369,0.5961224171873889,1.2500500581257237,1.599660045395987,0.41851488506424955,-0.11380946881007492,-0.11656088128652331,0.5449474577019299,False,False,False,False,False,False,False,False,False,False,False
G2,ppo_privilege_gru_0721_bs51200,5,evaluation-sp37-ego1582-raceline2-v0.7,ol2_e1582_o1611_s0.7,True,ego_collision,True,True,3.1999999999999758,4.454081898018357,0.5035753866359869,320,3.189999999999976,False,0,False,319,nearest_preterminal_frame,3.189999999999976,3.1999999999999758,0.009999999999999787,-3.0969620622893785,0.47995335313663645,0.47995335313663645,2.8799999999999826,0.3099999999999934,-0.4925368292795448,0.3072446427107529,0.5805099470906642,0.3679951598717974,0.8406920718392327,16.828582544349707,23.29824912471784,5.152259267843221,0.34108937530567895,0.3349050579298126,0.49746285747109753,True,False,True,True,True,True,True,True,True,True,False
G2,ppo_privilege_gru_0721_bs51200,5,evaluation-sp4-ego171-raceline2-v0.8,ol2_e171_o194_s0.8,True,overtake,False,False,,5.455058431099316,1.1198434830662052,801,7.999999999999874,False,0,False,658,closest_approach,6.579999999999904,,,-2.9674902499793063,0.5769974522776806,0.5769974522776806,6.129999999999914,0.4499999999999904,-0.5383796525850423,0.5232904475378239,0.7507899458583119,0.579245495711967,0.9798192390952789,9.192725380770357,11.774582380364297,2.4057440694580534,0.5212281761688935,0.6347010851718669,0.7507899458583119,False,False,True,True,True,False,False,False,False,False,False
G2,ppo_privilege_gru_0721_bs51200,5,evaluation-sp45-ego1924-raceline0-v0.7,ol0_e1924_o1919_s0.7,False,overtake,False,False,,5.113035545287567,4.274541880573679,801,7.999999999999874,False,0,False,591,closest_approach,5.909999999999918,,,-3.036418303031155,-0.15591429698412185,-0.15591429698412185,,,0.08664305779730982,-0.5090421311922908,0.5163631578581661,0.6332328831604507,0.5481586789158935,4.22842540758864,5.153924538119196,0.9671916669511167,-0.07987570908338015,0.012666388224733982,0.5163631578581661,False,False,False,False,False,False,False,False,False,False,False
G2,ppo_privilege_gru_0721_bs51200,5,evaluation-sp5-ego213-raceline0-v0.7,ol0_e213_o221_s0.7,True,ego_collision,True,True,3.289999999999974,4.752651193272071,0.26647396870220064,329,3.279999999999974,False,0,False,328,nearest_preterminal_frame,3.279999999999974,3.289999999999974,0.009999999999999787,-3.1763834205093247,0.2505893253500915,0.2505893253500915,3.1299999999999772,0.1499999999999968,-0.2133422907346706,-0.34395677375390377,0.4047483109626412,0.352395610927551,0.6096390110985515,6.739812895172924,8.333800214312495,1.2190096759697149,0.29642297729380396,-0.009790679412426284,0.4033232324186014,True,False,True,True,True,True,True,True,True,False,False
G2,ppo_privilege_gru_0721_bs51200,5,evaluation-sp9-ego384-raceline0-v0.7,ol0_e384_o391_s0.7,False,ego_collision,True,True,6.879999999999898,5.148561873627048,-0.017878849983702594,688,6.869999999999898,False,0,False,687,nearest_preterminal_frame,6.869999999999898,6.879999999999898,0.009999999999999787,-2.819123226821347,0.04275890473414279,-0.011528535895280356,6.619999999999903,0.24999999999999467,0.10064902593856989,-0.3566114811503192,0.3705428111711349,0.5289408378589971,0.4037642132064664,10.968154600533056,13.074404033960853,1.7953607690932332,0.34434026326784734,0.15294987745506433,0.3705428111711349,True,False,True,False,True,False,False,False,False,False,False
G2,ppo_privilege_gru_0721_bs51200,10,evaluation-sp1-ego42-raceline2-v0.7,ol2_e42_o63_s0.7,True,overtake,False,False,,5.51939923151161,4.520477186976308,801,7.999999999999874,False,0,False,479,closest_approach,4.789999999999942,,,-2.99293232204343,-0.33897717400625993,-0.33897717400625993,,,0.22645770182989577,0.5465725627880765,0.5916288170050575,0.7519774758409612,0.5502537506000884,11.925599414830483,13.970572172061361,2.2135658352640357,0.04279693194973477,0.34999285171955596,0.5916288170050575,False,False,False,False,False,False,False,False,False,False,False
G2,ppo_privilege_gru_0721_bs51200,10,evaluation-sp12-ego513-raceline0-v0.8,ol0_e513_o523_s0.8,False,ego_collision,True,True,6.089999999999915,6.091394686601648,0.43470457113190264,609,6.079999999999915,False,0,False,608,nearest_preterminal_frame,6.079999999999915,6.089999999999915,0.009999999999999787,-2.918793232532323,0.4339862701041568,0.4339862701041568,5.37999999999993,0.6999999999999851,-0.4222311269574581,-0.3246481589538747,0.5326120085802661,0.3505445735546048,0.7827321414885371,4.936411537496266,5.726303947816809,0.4812705729426728,0.06585404101442405,0.42287930921043887,0.47522500613473195,True,False,True,True,False,True,False,False,False,False,False
G2,ppo_privilege_gru_0721_bs51200,10,evaluation-sp13-ego556-raceline0-v0.8,ol0_e556_o565_s0.8,True,ego_collision,True,True,6.839999999999899,5.407922384654172,0.2329860575688656,684,6.829999999999899,False,0,False,683,nearest_preterminal_frame,6.829999999999899,6.839999999999899,0.009999999999999787,-3.042886322651867,0.23581926093896755,0.2158294534306151,6.509999999999906,0.3199999999999932,-0.05549702699288388,-0.48377908370272005,0.48695186808686985,0.5376186810160335,0.5944833029523747,18.280843140064842,23.75839837086237,5.498231895284739,0.2949296322523889,0.08625175277548913,0.48695186808686985,True,False,True,True,True,True,True,True,True,True,False
G2,ppo_privilege_gru_0721_bs51200,10,evaluation-sp15-ego641-raceline2-v0.7,ol2_e641_o661_s0.7,True,overtake,False,False,,5.890865941808978,8.91524942819791,801,7.999999999999874,False,0,False,418,closest_approach,4.179999999999955,,,-3.120405458589886,0.22197056222046285,0.22197056222046285,4.069999999999958,0.10999999999999766,-0.3060015857857494,0.5011482965095589,0.5871853077162491,0.5014036954810879,0.7786960288543667,19.591094953734412,26.277112673394033,5.7479549185111605,-0.06669342696505232,0.37307954130215426,0.5871853077162491,False,False,True,True,False,False,False,False,False,False,False
G2,ppo_privilege_gru_0721_bs51200,10,evaluation-sp2-ego85-raceline2-v0.8,ol2_e85_o106_s0.8,True,ego_collision,True,True,5.879999999999919,5.445343552456759,-0.009360712641466762,588,5.869999999999919,False,0,False,587,nearest_preterminal_frame,5.869999999999919,5.879999999999919,0.009999999999999787,-2.990392967341876,-0.008512479386268978,-0.008512479386268978,,,0.07470144701339629,0.33782736626305415,0.34598791247979604,0.4971262162166634,0.40060054457571215,10.169439337756739,13.57803753059781,2.6019442952362337,0.3239244873255827,0.5909109202122946,0.34598791247979604,True,False,False,False,True,False,False,False,False,False,False
G2,ppo_privilege_gru_0721_bs51200,10,evaluation-sp21-ego898-raceline0-v0.7,ol0_e898_o902_s0.7,True,ego_collision,True,True,6.069999999999915,5.014254852877611,0.5262094399933517,607,6.059999999999915,False,0,False,606,nearest_preterminal_frame,6.059999999999915,6.069999999999915,0.009999999999999787,-2.9938366206783087,0.6447274367228601,0.49434865520021276,5.559999999999926,0.49999999999998934,-0.2420236076531364,-0.47302583303839746,0.5313462763425647,0.4754525979993064,0.7119006656984724,16.349635221923897,21.136535925434263,4.277325821881786,0.2836680476614259,0.08615588366594268,0.5313462763425647,True,False,True,True,True,True,True,True,True,True,False
G2,ppo_privilege_gru_0721_bs51200,10,evaluation-sp30-ego1283-raceline0-v0.7,ol0_e1283_o1279_s0.7,False,overtake,False,False,,5.032989408237269,5.763681298822519,801,7.999999999999874,False,0,False,603,closest_approach,6.029999999999916,,,-2.7444438072821526,-0.03137829397087444,-0.03137829397087444,,,0.028279839648226862,-0.5432569934856777,0.543992564564652,0.6296270461929019,0.6030137670946291,1.3173045727020452,1.680569453438814,0.3860441442167766,-0.12649302096205844,-0.11932129110635442,0.543992564564652,False,False,False,False,False,False,False,False,False,False,False
G2,ppo_privilege_gru_0721_bs51200,10,evaluation-sp37-ego1582-raceline2-v0.7,ol2_e1582_o1611_s0.7,True,overtake,False,False,,6.324692202971775,12.134804492410012,801,7.999999999999874,False,0,False,297,closest_approach,2.9699999999999807,,,-3.0969620622893785,0.2539668714360914,0.2539668714360914,2.859999999999983,0.10999999999999766,-0.24901058940037402,0.46409386784777407,0.5266776925287693,0.46590047215603025,0.7112773957181866,17.13911224948556,23.65691145164266,5.351074087714623,-0.031339689826908435,0.44021389768559316,0.5266776925287693,False,False,True,True,False,False,False,False,False,False,False
G2,ppo_privilege_gru_0721_bs51200,10,evaluation-sp4-ego171-raceline2-v0.8,ol2_e171_o194_s0.8,True,overtake,False,False,,5.419214508763968,0.8727007283155217,801,7.999999999999874,False,0,False,672,closest_approach,6.719999999999901,,,-2.9674902499793063,0.5890915157729921,0.5890915157729921,6.169999999999913,0.5499999999999883,-0.5371283801145954,0.458902833769404,0.7064691837342365,0.5212142046219128,0.9459033608316358,8.457572513748485,11.013368057454926,1.978928115462002,0.4542941909568504,0.6940533393359368,0.7064691837342365,False,False,True,True,True,False,False,False,False,False,False
G2,ppo_privilege_gru_0721_bs51200,10,evaluation-sp45-ego1924-raceline0-v0.7,ol0_e1924_o1919_s0.7,False,overtake,False,False,,5.396268628262499,6.137567052636001,801,7.999999999999874,False,0,False,582,closest_approach,5.81999999999992,,,-3.036418303031155,-0.09822561005296393,-0.09822561005296393,,,0.04585108751975739,-0.6762359988107086,0.6777886457548999,0.7550437597091445,0.718960233637996,3.077024747362872,3.738612588592385,0.7483368809427409,-0.16640572722896263,-0.14426984095111461,0.6777886457548999,False,False,False,False,False,False,False,False,False,False,False
G2,ppo_privilege_gru_0721_bs51200,10,evaluation-sp5-ego213-raceline0-v0.7,ol0_e213_o221_s0.7,True,ego_collision,True,True,3.2999999999999736,4.757234847853943,0.26868657458672374,330,3.289999999999974,False,0,False,329,nearest_preterminal_frame,3.289999999999974,3.2999999999999736,0.009999999999999787,-3.1763834205093247,0.2556039209652283,0.2556039209652283,3.139999999999977,0.1499999999999968,-0.21893251535642516,-0.3381794702733215,0.4028607704835948,0.34556611738986953,0.611046364281273,7.121929787964442,8.654652503487704,1.2670464086872184,0.28031236695834216,-0.022080590693947466,0.398538367194955,True,False,True,True,True,True,True,True,True,False,False
G2,ppo_privilege_gru_0721_bs51200,10,evaluation-sp9-ego384-raceline0-v0.7,ol0_e384_o391_s0.7,False,ego_collision,True,True,7.22999999999989,5.156391169808432,-0.08299748671092289,723,7.2199999999998905,False,0,False,722,nearest_preterminal_frame,7.2199999999998905,7.22999999999989,0.009999999999999787,-2.819123226821347,-0.03343078668561361,-0.08309495319528537,,,0.14697531807025488,-0.3413918385626148,0.37168552777719915,0.5545230527577396,0.37014111778923886,7.402502121767631,8.867950676253958,1.3433403439635525,0.4567130371019287,0.35658439193918745,0.37168552777719915,True,False,False,False,True,False,False,False,False,False,False
G2,ppo_privilege_gru_0721_bs51200,15,evaluation-sp1-ego42-raceline2-v0.7,ol2_e42_o63_s0.7,True,overtake,False,False,,5.466847066012115,4.152975968810438,801,7.999999999999874,False,0,False,497,closest_approach,4.9699999999999385,,,-2.99293232204343,-0.5829248352975185,-0.5829248352975185,,,0.4415441115503062,0.5874291573373777,0.7348702044135759,0.9382056288650311,0.606661876695473,9.786676961732194,11.571735457789101,1.8313290711344123,-0.10435635274900035,0.37913634727034407,0.7348702044135759,False,False,False,False,False,False,False,False,False,False,False
G2,ppo_privilege_gru_0721_bs51200,15,evaluation-sp12-ego513-raceline0-v0.8,ol0_e513_o523_s0.8,False,ego_collision,True,True,5.919999999999918,6.069991990404666,0.3066087127549224,592,5.909999999999918,False,0,False,591,nearest_preterminal_frame,5.909999999999918,5.919999999999918,0.009999999999999787,-2.918793232532323,0.3044682937710377,0.3044682937710377,5.449999999999928,0.4599999999999902,-0.28434894970641067,-0.3224194619171104,0.42989374806114344,0.32246898113204575,0.6586585044253024,4.386529511963223,5.043868144188608,0.6991491446201585,0.24607876163845327,0.40798694271078745,0.41323379402855037,True,False,True,True,True,True,True,True,False,False,False
G2,ppo_privilege_gru_0721_bs51200,15,evaluation-sp13-ego556-raceline0-v0.8,ol0_e556_o565_s0.8,True,ego_collision,True,True,6.989999999999895,5.389240778197321,0.48016902774631376,699,6.979999999999896,False,0,False,698,nearest_preterminal_frame,6.979999999999896,6.989999999999895,0.009999999999999787,-3.042886322651867,0.4964459348439334,0.4964459348439334,6.459999999999907,0.5199999999999889,-0.2547262723604316,-0.47628624566004535,0.5401241168801685,0.47759064445038235,0.7235850327395061,21.280256567213804,27.457660131621562,5.3538390469556045,0.2541696024402404,0.22557152064633607,0.5388077188152659,True,False,True,True,True,True,True,True,True,True,False
G2,ppo_privilege_gru_0721_bs51200,15,evaluation-sp15-ego641-raceline2-v0.7,ol2_e641_o661_s0.7,True,ego_collision,True,True,4.389999999999951,4.686900820830194,0.3071211000262224,439,4.379999999999951,False,0,False,438,nearest_preterminal_frame,4.379999999999951,4.389999999999951,0.009999999999999787,-3.120405458589886,0.2893623382784938,0.2893623382784938,4.1699999999999555,0.20999999999999552,-0.416094407391549,0.3090743851108652,0.518325700109674,0.3338064935064705,0.7707764187371602,18.60462376243875,25.236967972635146,5.404375736783958,0.16920254222116615,0.5301813852429913,0.484450752789543,True,False,True,True,True,True,True,True,True,True,False
G2,ppo_privilege_gru_0721_bs51200,15,evaluation-sp2-ego85-raceline2-v0.8,ol2_e85_o106_s0.8,True,ego_collision,True,True,5.969999999999917,5.417706044168928,-0.14045935282567257,597,5.959999999999917,False,0,False,596,nearest_preterminal_frame,5.959999999999917,5.969999999999917,0.009999999999999787,-2.990392967341876,-0.11959083330194176,-0.14481700314189538,,,0.11751969782907255,0.3465133976979263,0.3658994590895124,0.5349241431295281,0.3870671639665856,10.10359489025865,13.525593213527788,2.450640482464416,0.2690896522305099,0.4314281533991204,0.3658994590895124,True,False,False,False,True,False,False,False,False,False,False
G2,ppo_privilege_gru_0721_bs51200,15,evaluation-sp21-ego898-raceline0-v0.7,ol0_e898_o902_s0.7,True,overtake,False,False,,5.079685745164193,1.90697655343007,801,7.999999999999874,False,0,False,628,closest_approach,6.2799999999999105,,,-2.9938366206783087,0.16714897321108424,0.13598932551317944,5.729999999999922,0.5499999999999883,-0.07178585881713528,-0.3559622166304394,0.3631285023164246,0.4175242640621394,0.5075412370522301,12.186578869416184,17.06853347160296,3.4272472587801084,0.3414916826235345,0.3228593595853165,0.3631285023164246,False,False,True,True,True,False,False,False,False,False,False
G2,ppo_privilege_gru_0721_bs51200,15,evaluation-sp30-ego1283-raceline0-v0.7,ol0_e1283_o1279_s0.7,False,ego_collision,True,True,7.289999999999889,4.596434144996854,0.8295590090078235,729,7.279999999999889,False,0,False,728,nearest_preterminal_frame,7.279999999999889,7.289999999999889,0.009999999999999787,-2.7444438072821526,0.8221470015342334,0.8221470015342334,6.0499999999999154,1.2299999999999738,-0.25339220479014746,-0.47084819778765746,0.5347014445541521,0.47226915633991123,0.719008423863436,2.9204303223709895,1.194083720625617,2.1779722892548503,0.10692866458825218,0.1503243772225849,0.5347014445541521,True,False,True,True,True,True,True,False,False,False,False
G2,ppo_privilege_gru_0721_bs51200,15,evaluation-sp37-ego1582-raceline2-v0.7,ol2_e1582_o1611_s0.7,True,ego_collision,True,True,3.3499999999999726,4.421997393496417,0.5196915004470384,335,3.3399999999999728,False,0,False,334,nearest_preterminal_frame,3.3399999999999728,3.3499999999999726,0.009999999999999787,-3.0969620622893785,0.5048197646165136,0.5048197646165136,2.949999999999981,0.3899999999999917,-0.4993226565937781,0.3232761121532824,0.594836582665197,0.38512779600077995,0.8529582058349641,10.22950621831412,14.800483426706291,2.017933335796421,0.3000632618880134,0.07305977961745852,0.4774612417251286,True,False,True,True,True,True,True,True,True,True,False
G2,ppo_privilege_gru_0721_bs51200,15,evaluation-sp4-ego171-raceline2-v0.8,ol2_e171_o194_s0.8,True,overtake,False,False,,5.430242790636317,0.9120847586963237,801,7.999999999999874,False,0,False,668,closest_approach,6.679999999999902,,,-2.9674902499793063,0.5244159695389783,0.5244159695389783,6.219999999999912,0.4599999999999902,-0.4877728892032567,0.45436396222828535,0.6666100821420864,0.4955408417835914,0.9007648291043385,8.53253928083516,11.068570303229674,2.1509412846031775,0.4520274589043439,0.6463663149918701,0.6666100821420864,False,False,True,True,True,False,False,False,False,False,False
G2,ppo_privilege_gru_0721_bs51200,15,evaluation-sp45-ego1924-raceline0-v0.7,ol0_e1924_o1919_s0.7,False,ego_collision,True,True,6.949999999999896,5.006924307828996,0.5569373393698527,695,6.9399999999998965,False,0,False,694,nearest_preterminal_frame,6.9399999999998965,6.949999999999896,0.009999999999999787,-3.036418303031155,0.5466951588845177,0.5466951588845177,6.059999999999915,0.8799999999999812,-0.27256741917425625,-0.4533497086755483,0.5289791643831723,0.4536847509344463,0.7225012522290795,3.3781009967522118,5.83254930862975,1.99908232758548,0.03531881466538278,0.1935606533932806,0.46922179765570293,True,False,True,True,False,True,False,False,False,False,False
G2,ppo_privilege_gru_0721_bs51200,15,evaluation-sp5-ego213-raceline0-v0.7,ol0_e213_o221_s0.7,True,ego_collision,True,True,3.329999999999973,4.73501944194119,0.1963590238145514,333,3.319999999999973,False,0,False,332,nearest_preterminal_frame,3.319999999999973,3.329999999999973,0.009999999999999787,-3.1763834205093247,0.1820895457312588,0.1820895457312588,3.1999999999999758,0.11999999999999744,-0.14492046390027055,-0.3348608330813515,0.3648749352709862,0.3649381445215743,0.5488967001642142,8.080194151768854,9.701939353677187,1.3500193391380688,0.27446579420780814,0.004038677467968155,0.3648749352709862,True,False,True,True,True,True,True,True,True,True,False
G2,ppo_privilege_gru_0721_bs51200,15,evaluation-sp9-ego384-raceline0-v0.7,ol0_e384_o391_s0.7,False,ego_collision,True,True,6.869999999999898,5.147817095571688,-0.01434719206881141,687,6.859999999999898,False,0,False,686,nearest_preterminal_frame,6.859999999999898,6.869999999999898,0.009999999999999787,-2.819123226821347,0.056696771151109715,-0.007328433068352069,6.589999999999904,0.26999999999999424,0.09336744227216613,-0.3539647434843133,0.36607174010890536,0.5217869636395857,0.40491406790639617,11.272761634780256,13.43282762526177,1.888655306204954,0.3414588611941035,0.13882688353636358,0.36607174010890536,True,False,True,False,True,False,False,False,False,False,False
G2,ppo_privilege_gru_0721_bs51200,20,evaluation-sp1-ego42-raceline2-v0.7,ol2_e42_o63_s0.7,True,overtake,False,False,,5.457991695143584,4.063747013640295,801,7.999999999999874,False,0,False,508,closest_approach,5.079999999999936,,,-2.99293232204343,-0.6889764362262554,-0.6889764362262554,,,0.5306196536584257,0.6701791985932348,0.854808385005469,1.059507798082461,0.7120659912913769,7.651016943136983,9.211808423640022,1.4135819626955062,-0.25324456996745903,0.17527026999388906,0.854808385005469,False,False,False,False,False,False,False,False,False,False,False
G2,ppo_privilege_gru_0721_bs51200,20,evaluation-sp12-ego513-raceline0-v0.8,ol0_e513_o523_s0.8,False,ego_collision,True,True,5.929999999999918,6.024295545899758,0.033569285760194134,593,5.919999999999918,False,0,False,592,nearest_preterminal_frame,5.919999999999918,5.929999999999918,0.009999999999999787,-2.918793232532323,0.12347566230818074,0.04280717191539907,5.559999999999926,0.3599999999999923,-0.028868537033882105,-0.31759792105476337,0.318907246529119,0.41116673066912,0.4500506453372064,5.932583792377285,6.931777884217514,0.7462054391741172,0.20731405433268302,0.3805339149532224,0.318907246529119,True,False,True,True,True,True,True,True,True,False,False
G2,ppo_privilege_gru_0721_bs51200,20,evaluation-sp13-ego556-raceline0-v0.8,ol0_e556_o565_s0.8,True,ego_collision,True,True,6.949999999999896,5.34740243375923,0.08219586803392076,695,6.9399999999998965,False,0,False,694,nearest_preterminal_frame,6.9399999999998965,6.949999999999896,0.009999999999999787,-3.042886322651867,0.08523225460993444,0.08523225460993444,6.869999999999898,0.06999999999999851,-0.030501701838631254,-0.4653419383232589,0.46634051226276757,0.5328062371172979,0.5650349196677198,10.529234759258534,14.459415125420078,3.3615790833499752,0.3300785002374753,0.18889284110526772,0.46634051226276757,True,False,True,True,True,True,True,True,True,True,False
G2,ppo_privilege_gru_0721_bs51200,20,evaluation-sp15-ego641-raceline2-v0.7,ol2_e641_o661_s0.7,True,ego_collision,True,True,4.489999999999949,4.625718755465722,0.34481867755391704,449,4.479999999999949,False,0,False,448,nearest_preterminal_frame,4.479999999999949,4.489999999999949,0.009999999999999787,-3.120405458589886,0.3487837853257929,0.3487837853257929,4.249999999999954,0.2299999999999951,-0.3877939610028167,0.3131350703287766,0.49843528011173327,0.3280506532205481,0.7466312515838697,17.402040099956906,23.888082229124095,5.369719733417514,0.25626233600759135,0.4226922996013594,0.47147774660632374,True,False,True,True,True,True,True,True,True,True,False
G2,ppo_privilege_gru_0721_bs51200,20,evaluation-sp2-ego85-raceline2-v0.8,ol2_e85_o106_s0.8,True,overtake,False,False,,5.496608998774274,0.11486987008694882,801,7.999999999999874,False,0,False,599,closest_approach,5.989999999999917,,,-2.990392967341876,-0.4116896508205343,-0.4312866360557166,,,0.40367256232815424,0.4567646537024689,0.6095781216944338,0.8305513666227052,0.47069671795986046,8.80692606878122,12.037271519075746,2.315495922964757,0.13707420184803887,0.24483960146517025,0.6095781216944338,False,False,False,False,True,False,False,False,False,False,False
G2,ppo_privilege_gru_0721_bs51200,20,evaluation-sp21-ego898-raceline0-v0.7,ol0_e898_o902_s0.7,True,overtake,False,False,,5.013373989582084,1.171748899567234,801,7.999999999999874,False,0,False,627,closest_approach,6.269999999999911,,,-2.9938366206783087,-0.05542999763756029,-0.15621642614274833,,,0.15485123077685195,-0.5450107731886557,0.5665824269819901,0.7035121608155585,0.5615175266313849,11.460250062210221,15.35323997782278,3.3234429814051625,0.19462197935857117,0.14522611324573276,0.5665824269819901,False,False,False,False,True,False,False,False,False,False,False
G2,ppo_privilege_gru_0721_bs51200,20,evaluation-sp30-ego1283-raceline0-v0.7,ol0_e1283_o1279_s0.7,False,overtake,False,False,,5.209659400636069,6.430095811118633,801,7.999999999999874,False,0,False,599,closest_approach,5.989999999999917,,,-2.7444438072821526,0.35304241965860683,0.35304241965860683,5.809999999999921,0.17999999999999616,-0.20949136031358684,-0.8868025756818607,0.9112109735302902,0.8904495770677523,1.017796849702287,1.4047365326623913,1.7781288438929794,0.2659924158982875,0.05918215443896946,-0.022680547979118226,0.9112109735302902,False,False,True,True,False,False,False,False,False,False,False
G2,ppo_privilege_gru_0721_bs51200,20,evaluation-sp37-ego1582-raceline2-v0.7,ol2_e1582_o1611_s0.7,True,ego_collision,True,True,3.3999999999999715,4.402511942136442,0.5231791905038676,340,3.3899999999999717,False,0,False,339,nearest_preterminal_frame,3.3899999999999717,3.3999999999999715,0.009999999999999787,-3.0969620622893785,0.5108287699167704,0.5108287699167704,2.959999999999981,0.42999999999999083,-0.4961435796519784,0.3269343836524465,0.5941755151839261,0.3864987278710457,0.851415186053333,7.983376779240251,11.500658860130892,1.808492304716782,0.30682060713768294,0.024203647391952188,0.4842577061735971,True,False,True,True,True,True,True,True,True,False,False
G2,ppo_privilege_gru_0721_bs51200,20,evaluation-sp4-ego171-raceline2-v0.8,ol2_e171_o194_s0.8,True,ego_collision,True,True,6.949999999999896,5.231817446212498,0.3748904318210009,695,6.9399999999998965,False,0,False,694,nearest_preterminal_frame,6.9399999999998965,6.949999999999896,0.009999999999999787,-2.9674902499793063,0.37137383148964886,0.37137383148964886,6.359999999999909,0.5799999999999876,-0.35327293596283627,0.3258815821287134,0.48062518957553146,0.3319672724773792,0.7211094755395747,5.636329901642362,7.457360047346742,1.027744459942874,0.4162266402935389,0.7566222467453034,0.48062518957553146,True,False,True,True,True,True,True,True,True,False,False
G2,ppo_privilege_gru_0721_bs51200,20,evaluation-sp45-ego1924-raceline0-v0.7,ol0_e1924_o1919_s0.7,False,overtake,False,False,,5.023719862559619,3.3684587668019503,801,7.999999999999874,False,0,False,608,closest_approach,6.079999999999915,,,-3.036418303031155,-0.1791599282312859,-0.1791599282312859,,,0.09293060890622398,-0.47390024861028146,0.48292602301446563,0.6092760432432724,0.5132424286231198,5.162134276017721,6.445680410424855,1.3513550019525256,-0.021726222486351476,0.03172697491620047,0.48292602301446563,False,False,False,False,False,False,False,False,False,False,False
G2,ppo_privilege_gru_0721_bs51200,20,evaluation-sp5-ego213-raceline0-v0.7,ol0_e213_o221_s0.7,True,ego_collision,True,True,3.3399999999999728,4.742437011116986,0.2487367132389693,334,3.329999999999973,False,0,False,333,nearest_preterminal_frame,3.329999999999973,3.3399999999999728,0.009999999999999787,-3.1763834205093247,0.23669579148855746,0.23669579148855746,3.179999999999976,0.1499999999999968,-0.20381604715481064,-0.3302812699801041,0.3881065554425516,0.34134057922797906,0.5940875404578626,7.115574178441351,8.64267620816549,1.2848834945820993,0.2939052865713072,0.004835054134361194,0.38509160519914115,True,False,True,True,True,True,True,True,True,False,False
G2,ppo_privilege_gru_0721_bs51200,20,evaluation-sp9-ego384-raceline0-v0.7,ol0_e384_o391_s0.7,False,overtake,False,False,,5.315133485512239,1.1311114116220722,801,7.999999999999874,False,0,False,747,closest_approach,7.469999999999885,,,-2.819123226821347,0.48583138041354346,0.48583138041354346,7.089999999999893,0.3799999999999919,-0.39967103264856607,-0.602545837378789,0.7230480070374837,0.6124452804493711,0.9158098161829482,1.8860012020026495,2.322666002465938,0.3460758936778315,0.23650698576107476,0.24138242563316215,0.7230480070374837,False,False,True,True,True,False,False,False,False,False,False
G3,ppo_privilege_gru_0721_clip010,1,evaluation-sp1-ego42-raceline2-v0.7,ol2_e42_o63_s0.7,True,ego_collision,True,True,4.719999999999944,5.367436540660792,0.03311267643900351,472,4.709999999999944,False,0,False,471,nearest_preterminal_frame,4.709999999999944,4.719999999999944,0.009999999999999787,-2.99293232204343,0.027474930813781384,0.027474930813781384,4.679999999999945,0.02999999999999936,-0.05813760363517088,0.328311410265943,0.3334192002078653,0.4019310301019983,0.47852708719115544,10.926546290116624,12.59533718440865,2.405526454746052,0.39453440043502486,0.5693252100019681,0.3334192002078653,True,False,True,True,True,True,True,True,True,True,False
G3,ppo_privilege_gru_0721_clip010,1,evaluation-sp12-ego513-raceline0-v0.8,ol0_e513_o523_s0.8,False,ego_collision,True,True,6.119999999999914,6.013834163474137,-0.03240047071150798,612,6.109999999999914,False,0,False,611,nearest_preterminal_frame,6.109999999999914,6.119999999999914,0.009999999999999787,-2.918793232532323,0.15748960723385608,-0.026656289309954673,5.539999999999926,0.5699999999999878,0.02873411396167673,-0.3185853063991654,0.31987848748956643,0.4506528962032589,0.41201512188370004,2.2457394867926306,2.579190732342354,0.5349604052114757,0.1633387734304061,0.4204860760278951,0.31987848748956643,True,False,True,False,True,False,False,False,False,False,False
G3,ppo_privilege_gru_0721_clip010,1,evaluation-sp13-ego556-raceline0-v0.8,ol0_e556_o565_s0.8,True,ego_collision,True,True,6.979999999999896,5.355877837689348,0.2057349859627493,698,6.969999999999896,False,0,False,697,nearest_preterminal_frame,6.969999999999896,6.979999999999896,0.009999999999999787,-3.042886322651867,0.19066602504997832,0.19066602504997832,6.849999999999898,0.11999999999999744,-0.04282683016515969,-0.48135822562519615,0.4832596390751381,0.5411102634983374,0.585217429896637,15.530897178533705,20.356837294440428,4.349184143912014,0.3101129051823047,0.19712475692296405,0.4832596390751381,True,False,True,True,True,True,True,True,True,True,False
G3,ppo_privilege_gru_0721_clip010,1,evaluation-sp15-ego641-raceline2-v0.7,ol2_e641_o661_s0.7,True,ego_collision,True,True,4.3599999999999515,4.684472287543634,0.20448203197395287,436,4.349999999999952,False,0,False,435,nearest_preterminal_frame,4.349999999999952,4.3599999999999515,0.009999999999999787,-3.120405458589886,0.1966895152097834,0.19491007467459553,4.2199999999999545,0.12999999999999723,-0.2769052881600969,0.3201438244981544,0.4232831286211764,0.3204115164011356,0.651055814894689,18.52966623245455,24.928913693939453,5.037606941056217,0.02218662370324148,0.5343055232894182,0.42004989901679657,True,False,True,True,False,True,False,False,False,False,False
G3,ppo_privilege_gru_0721_clip010,1,evaluation-sp2-ego85-raceline2-v0.8,ol2_e85_o106_s0.8,True,ego_collision,True,True,5.789999999999921,5.5171406260009785,0.2246919352752741,579,5.779999999999921,False,0,False,578,nearest_preterminal_frame,5.779999999999921,5.789999999999921,0.009999999999999787,-2.990392967341876,0.21357901411647617,0.21357901411647617,5.5799999999999255,0.19999999999999574,-0.16026153388314107,0.34571286495793274,0.381052679087812,0.36925527022342847,0.5676731752445423,11.304901799593813,15.13366496885531,3.125758396564291,0.32493573930455943,0.5630297172713413,0.381052679087812,True,False,True,True,True,True,True,True,True,True,False
G3,ppo_privilege_gru_0721_clip010,1,evaluation-sp21-ego898-raceline0-v0.7,ol0_e898_o902_s0.7,True,ego_collision,True,True,6.079999999999915,4.963109439476409,0.191880749153853,608,6.069999999999915,False,0,False,607,nearest_preterminal_frame,6.069999999999915,6.079999999999915,0.009999999999999787,-2.9938366206783087,0.26357755090702994,0.18227892335738716,5.699999999999923,0.3699999999999921,0.021164927762180957,-0.4599341156756673,0.4604208345954128,0.5553044237457517,0.5327397927951989,12.875266997756183,17.422081768521036,3.449413443912624,0.3365074934666528,0.1449413432509939,0.4604208345954128,True,False,True,False,True,False,False,False,False,False,False
G3,ppo_privilege_gru_0721_clip010,1,evaluation-sp30-ego1283-raceline0-v0.7,ol0_e1283_o1279_s0.7,False,ego_collision,True,True,7.329999999999888,4.587201270360789,0.9953951198824029,733,7.319999999999888,False,0,False,732,nearest_preterminal_frame,7.319999999999888,7.329999999999888,0.009999999999999787,-2.7444438072821526,0.9833114273480419,0.9833114273480419,6.079999999999915,1.2399999999999736,-0.31080239976638324,-0.46224711578803523,0.5570193243998811,0.46271496181817773,0.7580474388977263,2.7176558716395074,1.1027041308076522,2.0756388260910885,0.09628365322196841,0.14445660517371905,0.5570193243998811,True,False,True,True,False,True,False,False,False,False,False
G3,ppo_privilege_gru_0721_clip010,1,evaluation-sp37-ego1582-raceline2-v0.7,ol2_e1582_o1611_s0.7,True,ego_collision,True,True,3.2999999999999736,4.452843299117147,0.5285493195041795,330,3.289999999999974,False,0,False,329,nearest_preterminal_frame,3.289999999999974,3.2999999999999736,0.009999999999999787,-3.0969620622893785,0.5021297413617845,0.5021297413617845,2.949999999999981,0.33999999999999275,-0.5112750665839376,0.3182192952735598,0.6022173308655364,0.387590215273976,0.8621515250891195,13.29540267983224,19.21237124714463,3.3244551553429647,0.29653789582314577,0.0830601255330829,0.4740661847136305,True,False,True,True,True,True,True,True,True,True,False
G3,ppo_privilege_gru_0721_clip010,1,evaluation-sp4-ego171-raceline2-v0.8,ol2_e171_o194_s0.8,True,overtake,False,False,,5.440882815195389,0.928817907590826,801,7.999999999999874,False,0,False,664,closest_approach,6.639999999999903,,,-2.9674902499793063,0.5396550635002484,0.5396550635002484,6.169999999999913,0.46999999999999,-0.49695896338603696,0.4720370246438713,0.6854102158009926,0.5154133924923389,0.9176727971822335,9.03029752189246,11.597782287461305,2.341362102271397,0.48098779449460305,0.6689230300671879,0.6854102158009926,False,False,True,True,True,False,False,False,False,False,False
G3,ppo_privilege_gru_0721_clip010,1,evaluation-sp45-ego1924-raceline0-v0.7,ol0_e1924_o1919_s0.7,False,ego_collision,True,True,6.699999999999902,5.13701330960813,0.4676134060211439,670,6.689999999999902,False,0,False,669,nearest_preterminal_frame,6.689999999999902,6.699999999999902,0.009999999999999787,-3.036418303031155,0.5271692283857305,0.44770411276078903,6.109999999999914,0.5799999999999876,-0.09778973272205313,-0.4214603416483629,0.432656505103304,0.46322090456866744,0.5727213077815388,5.160862735883037,8.147346574085379,2.3209155237568484,0.19647399720784187,0.3308316625596299,0.432656505103304,True,False,True,True,True,True,True,True,True,False,False
G3,ppo_privilege_gru_0721_clip010,1,evaluation-sp5-ego213-raceline0-v0.7,ol0_e213_o221_s0.7,True,ego_collision,True,True,3.3099999999999734,4.776269181044128,0.3371748152541727,331,3.2999999999999736,False,0,False,330,nearest_preterminal_frame,3.2999999999999736,3.3099999999999734,0.009999999999999787,-3.1763834205093247,0.32528283239062716,0.32528283239062716,3.089999999999978,0.20999999999999552,-0.28953715467724594,-0.33578346091196654,0.4433760216346996,0.3357837799057765,0.6697864184002361,6.724533522899601,8.21652643448041,1.2188683919488057,0.2982002185781243,0.02329846873100716,0.43175018213609284,True,False,True,True,True,True,True,True,True,False,False
G3,ppo_privilege_gru_0721_clip010,1,evaluation-sp9-ego384-raceline0-v0.7,ol0_e384_o391_s0.7,False,overtake,False,False,,5.367854957013356,1.5377862116654057,801,7.999999999999874,False,0,False,732,closest_approach,7.319999999999888,,,-2.819123226821347,0.3373718493422473,0.3373718493422473,7.069999999999894,0.24999999999999467,-0.25076608159890534,-0.7053835192627468,0.7486317765951207,0.7064737855013459,0.8888159900988122,3.509895406734475,4.327224343967067,0.22405677453669648,0.1356467117345277,0.08701558252621955,0.7486317765951207,False,False,True,True,True,False,False,False,False,False,False
G3,ppo_privilege_gru_0721_clip010,5,evaluation-sp1-ego42-raceline2-v0.7,ol2_e42_o63_s0.7,True,ego_collision,True,True,4.679999999999945,5.40394041616749,0.19529506524006024,468,4.669999999999945,False,0,False,467,nearest_preterminal_frame,4.669999999999945,4.679999999999945,0.009999999999999787,-2.99293232204343,0.19122890194665843,0.19122890194665843,4.4999999999999485,0.16999999999999638,-0.23448349887926817,0.31828391710605497,0.3953317127869175,0.3230893588236268,0.6135043540880646,13.169321849125133,15.142302287770448,2.4316066395337708,0.4443157470051152,0.5570941249371559,0.3953317127869175,True,False,True,True,True,True,True,True,True,True,False
G3,ppo_privilege_gru_0721_clip010,5,evaluation-sp12-ego513-raceline0-v0.8,ol0_e513_o523_s0.8,False,ego_collision,True,True,5.869999999999919,6.03619062173463,0.09368439808511653,587,5.8599999999999195,False,0,False,586,nearest_preterminal_frame,5.8599999999999195,5.869999999999919,0.009999999999999787,-2.918793232532323,0.14034024370539555,0.09774647228280742,5.499999999999927,0.3599999999999923,-0.08736680174238734,-0.31492666976814754,0.3268206930075717,0.3744850068659155,0.491512472261421,3.5864097748642423,4.279653770538953,0.4902799812999097,0.2871182865664652,0.36370942328480615,0.3268206930075717,True,False,True,True,True,True,True,True,False,False,False
G3,ppo_privilege_gru_0721_clip010,5,evaluation-sp13-ego556-raceline0-v0.8,ol0_e556_o565_s0.8,True,overtake,False,False,,5.384414579087998,2.517388995369572,801,7.999999999999874,False,0,False,699,closest_approach,6.989999999999895,,,-3.042886322651867,0.416196009165958,0.3919537113321212,6.539999999999905,0.4499999999999904,-0.17598809722150063,-0.5279324973497752,0.5564930656545639,0.5401031713785287,0.7041715902463582,19.43883765606774,25.157964163650025,5.196092023939216,0.23836578463952962,0.17634592406741978,0.5564930656545639,False,False,True,True,True,False,False,False,False,False,False
G3,ppo_privilege_gru_0721_clip010,5,evaluation-sp15-ego641-raceline2-v0.7,ol2_e641_o661_s0.7,True,ego_collision,True,True,4.369999999999951,4.677521521807537,0.23256876284168015,437,4.3599999999999515,False,0,False,436,nearest_preterminal_frame,4.3599999999999515,4.369999999999951,0.009999999999999787,-3.120405458589886,0.2224402821971978,0.2224402821971978,4.209999999999955,0.1499999999999968,-0.3070744507875262,0.3218355064669146,0.44482896887374174,0.32228811658593787,0.6782890187862703,18.98037896438429,25.603163082742917,5.36276972720766,0.08305239667102071,0.47064681430133304,0.4388393958686406,True,False,True,True,False,True,False,False,False,False,False
G3,ppo_privilege_gru_0721_clip010,5,evaluation-sp2-ego85-raceline2-v0.8,ol2_e85_o106_s0.8,True,ego_collision,True,True,5.769999999999921,5.518816813870781,0.20736964506326672,577,5.759999999999922,False,0,False,576,nearest_preterminal_frame,5.759999999999922,5.769999999999921,0.009999999999999787,-2.990392967341876,0.20237774817178433,0.20237774817178433,5.5799999999999255,0.17999999999999616,-0.1403941197023784,0.35413653973442716,0.380950387349953,0.38444064326590105,0.5573614509898032,10.637635816904973,14.193353096240719,2.846986014107714,0.3273976209843308,0.5623915679504808,0.380950387349953,True,False,True,True,True,True,True,True,True,True,False
G3,ppo_privilege_gru_0721_clip010,5,evaluation-sp21-ego898-raceline0-v0.7,ol0_e898_o902_s0.7,True,ego_collision,True,True,6.079999999999915,4.979851760940549,0.2962383737894072,608,6.069999999999915,False,0,False,607,nearest_preterminal_frame,6.069999999999915,6.079999999999915,0.009999999999999787,-2.9938366206783087,0.3619337207495903,0.2712410630983584,5.639999999999924,0.42999999999999083,-0.05575968008961113,-0.46224636481434833,0.4655972977883091,0.5182086734663951,0.5772533743164693,13.519820457230129,18.16443800232382,3.6210386182310668,0.3328751264286497,0.17307361915564667,0.4655972977883091,True,False,True,True,True,True,True,True,True,True,False
G3,ppo_privilege_gru_0721_clip010,5,evaluation-sp30-ego1283-raceline0-v0.7,ol0_e1283_o1279_s0.7,False,follow,False,False,,4.342795738677044,-0.24345569002940692,801,7.999999999999874,False,0,False,760,closest_approach,7.599999999999882,,,-2.7444438072821526,0.40771421438250854,-0.24312407745230757,6.099999999999914,1.499999999999968,-0.04257541324319558,-0.3857479543040814,0.3880903890366425,0.45827983850651677,0.5093210085433998,3.682294794000044,1.8760192077938753,1.5656916100166618,0.15642056730934195,0.22219398037993754,0.3880903890366425,False,False,True,True,True,False,False,False,False,False,False
G3,ppo_privilege_gru_0721_clip010,5,evaluation-sp37-ego1582-raceline2-v0.7,ol2_e1582_o1611_s0.7,True,overtake,False,False,,6.24929423155447,11.507391059434553,801,7.999999999999874,False,0,False,306,closest_approach,3.0599999999999787,,,-3.0969620622893785,0.2188707951052038,0.2188707951052038,2.949999999999981,0.10999999999999766,-0.21221590040341728,0.43982104604115524,0.4883422374982212,0.44664630155279145,0.6675802297542603,14.93020160582808,20.47377013346594,4.742051792449237,0.0016644209548941635,0.1295972851468472,0.4883422374982212,False,False,True,True,False,False,False,False,False,False,False
G3,ppo_privilege_gru_0721_clip010,5,evaluation-sp4-ego171-raceline2-v0.8,ol2_e171_o194_s0.8,True,overtake,False,False,,5.4597336385396735,1.0885945664912526,801,7.999999999999874,False,0,False,660,closest_approach,6.599999999999904,,,-2.9674902499793063,0.5624383085201146,0.5624383085201146,6.159999999999913,0.4399999999999906,-0.5261417767538425,0.5093359295798165,0.7322897366525263,0.5614143103710463,0.9620345570320511,9.052262201865567,11.618707124059943,2.362449301003148,0.501325928801686,0.6477317758435184,0.7322897366525263,False,False,True,True,True,False,False,False,False,False,False
G3,ppo_privilege_gru_0721_clip010,5,evaluation-sp45-ego1924-raceline0-v0.7,ol0_e1924_o1919_s0.7,False,overtake,False,False,,5.181496293499649,4.508249510117793,801,7.999999999999874,False,0,False,652,closest_approach,6.519999999999905,,,-3.036418303031155,0.6525967785706825,0.6525967785706825,5.929999999999918,0.5899999999999874,-0.29879249158783006,-0.5445143474054749,0.6211061322831016,0.5445853307230486,0.8019803443231106,4.832558814997588,6.824390696857992,1.4807493152966127,0.20777402375262555,0.30512803323562865,0.6211061322831016,False,False,True,True,True,False,False,False,False,False,False
G3,ppo_privilege_gru_0721_clip010,5,evaluation-sp5-ego213-raceline0-v0.7,ol0_e213_o221_s0.7,True,ego_collision,True,True,3.2999999999999736,4.793943324159048,0.4078782011175974,330,3.289999999999974,False,0,False,329,nearest_preterminal_frame,3.289999999999974,3.2999999999999736,0.009999999999999787,-3.1763834205093247,0.39363505213836447,0.39363505213836447,3.0599999999999787,0.2299999999999951,-0.3619291927238325,-0.3358948802147919,0.4937794154278148,0.3435100861989523,0.7333737402443976,6.6848400956705705,8.332422712436106,1.192809813679493,0.3135496701661547,0.04952167020913062,0.45672639031413204,True,False,True,True,True,True,True,True,True,False,False
G3,ppo_privilege_gru_0721_clip010,5,evaluation-sp9-ego384-raceline0-v0.7,ol0_e384_o391_s0.7,False,overtake,False,False,,5.328374165228313,1.2032911660596994,801,7.999999999999874,False,0,False,743,closest_approach,7.429999999999886,,,-2.819123226821347,0.4484343011123144,0.4484343011123144,7.089999999999893,0.33999999999999275,-0.3557372725599465,-0.6442878515717824,0.7359727187684152,0.6476327853703855,0.9121860889402675,2.2430564683164085,2.7715383322944356,0.24948355260928956,0.20619972740487535,0.20253454975355145,0.7359727187684152,False,False,True,True,True,False,False,False,False,False,False
G3,ppo_privilege_gru_0721_clip010,10,evaluation-sp1-ego42-raceline2-v0.7,ol2_e42_o63_s0.7,True,overtake,False,False,,5.53755471150179,4.638891074088889,801,7.999999999999874,False,0,False,466,closest_approach,4.659999999999945,,,-2.99293232204343,0.12918564234738028,0.12918564234738028,4.519999999999948,0.13999999999999702,-0.19798179889153783,0.3750190556563975,0.42407084879503976,0.3861432913319271,0.6154392968886837,13.719102404693343,15.931967933057336,2.5308665951193636,0.3536130412140337,0.48251730891368627,0.42407084879503976,False,False,True,True,True,False,False,False,False,False,False
G3,ppo_privilege_gru_0721_clip010,10,evaluation-sp12-ego513-raceline0-v0.8,ol0_e513_o523_s0.8,False,ego_collision,True,True,7.199999999999891,5.902290949158661,0.3737627286677707,720,7.189999999999891,False,0,False,719,nearest_preterminal_frame,7.189999999999891,7.199999999999891,0.009999999999999787,-2.918793232532323,0.37077609334596673,0.37077609334596673,5.619999999999925,1.5699999999999665,-0.3149022953907731,-0.37467330388314374,0.48943185458763133,0.3754999453507815,0.71153838379369,4.6399336770899975,5.644796761779321,0.9223055883956218,0.013574052447657359,-0.053106177897077445,0.3267372509381393,True,False,True,True,False,True,False,False,False,False,False
G3,ppo_privilege_gru_0721_clip010,10,evaluation-sp13-ego556-raceline0-v0.8,ol0_e556_o565_s0.8,True,overtake,False,False,,5.3845312319979115,2.5123595458955776,801,7.999999999999874,False,0,False,699,closest_approach,6.989999999999895,,,-3.042886322651867,0.41276211354096404,0.38837347147463674,6.529999999999905,0.4599999999999902,-0.1819795935852922,-0.5276608606349512,0.5581599737776667,0.5386041143994502,0.7079482471247139,19.298881054885584,24.859762873479962,5.136019648369257,0.23382709580316707,0.15416086412454644,0.5581599737776667,False,False,True,True,True,False,False,False,False,False,False
G3,ppo_privilege_gru_0721_clip010,10,evaluation-sp15-ego641-raceline2-v0.7,ol2_e641_o661_s0.7,True,ego_collision,True,True,4.399999999999951,4.641504987256947,0.15078271508684793,440,4.389999999999951,False,0,False,439,nearest_preterminal_frame,4.389999999999951,4.399999999999951,0.009999999999999787,-3.120405458589886,0.10985876228170355,0.10985876228170355,4.279999999999953,0.10999999999999766,-0.1677351415111445,0.3412023185764755,0.380202708958953,0.3624468482733193,0.5709119739295981,17.64995296658185,23.958607522009835,5.1951260357788565,0.022887344455343184,0.49616560428032436,0.380202708958953,True,False,True,True,False,True,False,False,False,False,False
G3,ppo_privilege_gru_0721_clip010,10,evaluation-sp2-ego85-raceline2-v0.8,ol2_e85_o106_s0.8,True,ego_collision,True,True,5.779999999999921,5.502774983975363,0.12872339963340096,578,5.769999999999921,False,0,False,577,nearest_preterminal_frame,5.769999999999921,5.779999999999921,0.009999999999999787,-2.990392967341876,0.12362751752695544,0.12362751752695544,5.639999999999924,0.12999999999999723,-0.060456001963336115,0.3526557234886674,0.35780020609651186,0.42078082934464994,0.4971775021271993,10.57733848254293,14.205625614844841,2.9328760521787705,0.2977710250229562,0.5688869603939206,0.35780020609651186,True,False,True,True,True,True,True,True,True,True,False
G3,ppo_privilege_gru_0721_clip010,10,evaluation-sp21-ego898-raceline0-v0.7,ol0_e898_o902_s0.7,True,ego_collision,True,True,6.099999999999914,4.96548509258315,0.17613985467170323,610,6.089999999999915,False,0,False,609,nearest_preterminal_frame,6.089999999999915,6.099999999999914,0.009999999999999787,-2.9938366206783087,0.2797362569741608,0.20861999049986935,5.689999999999923,0.3999999999999915,0.006280738935964897,-0.45551707958450793,0.4555603774197013,0.5433949632243938,0.5366492605901186,14.288055266492515,19.029067126504895,3.741103775508776,0.34356119885025904,0.1825202038653696,0.4555603774197013,True,False,True,False,True,False,False,False,False,False,False
G3,ppo_privilege_gru_0721_clip010,10,evaluation-sp30-ego1283-raceline0-v0.7,ol0_e1283_o1279_s0.7,False,ego_collision,True,True,7.2199999999998905,4.619604158248857,0.5698915845114811,722,7.209999999999891,False,0,False,721,nearest_preterminal_frame,7.209999999999891,7.2199999999998905,0.009999999999999787,-2.7444438072821526,0.5631745305668687,0.5631745305668687,6.149999999999913,1.0599999999999774,-0.15292738467302858,-0.4735367434496699,0.49761815921432256,0.4929766214228565,0.648399348773738,3.474901997116058,2.496723268756989,1.7944993223096644,0.1960201199767061,0.21586318294239049,0.49761815921432256,True,False,True,True,True,True,True,True,False,False,False
G3,ppo_privilege_gru_0721_clip010,10,evaluation-sp37-ego1582-raceline2-v0.7,ol2_e1582_o1611_s0.7,True,overtake,False,False,,6.253018726442639,11.673043398437699,801,7.999999999999874,False,0,False,305,closest_approach,3.049999999999979,,,-3.0969620622893785,0.3099126462672075,0.3099126462672075,2.909999999999982,0.13999999999999702,-0.27062884230814876,0.5218119328770305,0.5878160116753469,0.5221713655910147,0.765893198899584,13.595623012372753,18.940269324827646,4.481910742627931,0.012071910538937969,-0.053694228972767655,0.5878160116753469,False,False,True,True,False,False,False,False,False,False,False
G3,ppo_privilege_gru_0721_clip010,10,evaluation-sp4-ego171-raceline2-v0.8,ol2_e171_o194_s0.8,True,overtake,False,False,,5.460174320988304,1.1453582907880957,801,7.999999999999874,False,0,False,661,closest_approach,6.6099999999999035,,,-2.9674902499793063,0.5627180113785073,0.5627180113785073,6.159999999999913,0.4499999999999904,-0.5173140642051899,0.5127656349732592,0.7283834412135005,0.5608923962713445,0.9563914442700914,8.799315999243492,11.365336173019209,2.3020219575866774,0.481371736059227,0.6356792760020407,0.7283834412135005,False,False,True,True,True,False,False,False,False,False,False
G3,ppo_privilege_gru_0721_clip010,10,evaluation-sp45-ego1924-raceline0-v0.7,ol0_e1924_o1919_s0.7,False,overtake,False,False,,4.941551473578187,2.8029997330536673,801,7.999999999999874,False,0,False,662,closest_approach,6.619999999999903,,,-3.036418303031155,0.41885120971272727,0.4087182721165732,5.979999999999917,0.6399999999999864,-0.12040068420205863,-0.4783731861490012,0.4932922358832245,0.5075478629109542,0.630293286351572,3.682016310625903,5.729389322851695,1.6939677262173987,0.19411051372695837,0.3503029548453312,0.4932922358832245,False,False,True,True,True,False,False,False,False,False,False
G3,ppo_privilege_gru_0721_clip010,10,evaluation-sp5-ego213-raceline0-v0.7,ol0_e213_o221_s0.7,True,ego_collision,True,True,3.2999999999999736,4.789153185278575,0.3830280294571935,330,3.289999999999974,False,0,False,329,nearest_preterminal_frame,3.289999999999974,3.2999999999999736,0.009999999999999787,-3.1763834205093247,0.36906310965125044,0.36906310965125044,3.0699999999999785,0.2199999999999953,-0.33323265252429723,-0.3371759736250539,0.47405868613324875,0.3399363167334283,0.7085947899628352,6.695646340623896,8.408934731736267,1.1865723978875118,0.30300182357868055,0.04936851600012321,0.4442155443663952,True,False,True,True,True,True,True,True,True,False,False
G3,ppo_privilege_gru_0721_clip010,10,evaluation-sp9-ego384-raceline0-v0.7,ol0_e384_o391_s0.7,False,overtake,False,False,,5.326454698373836,1.1986321603053227,801,7.999999999999874,False,0,False,746,closest_approach,7.459999999999885,,,-2.819123226821347,0.4339306854342624,0.4339306854342624,7.159999999999892,0.2999999999999936,-0.33556677904063187,-0.6799895660833117,0.7582815263329806,0.6815145936326736,0.9239694827327585,2.2116920054864195,2.7285977489127506,0.24179661504923528,0.19854908359682355,0.18661506230606895,0.7582815263329806,False,False,True,True,True,False,False,False,False,False,False
G3,ppo_privilege_gru_0721_clip010,15,evaluation-sp1-ego42-raceline2-v0.7,ol2_e42_o63_s0.7,True,overtake,False,False,,5.502272609515825,4.361072265415402,801,7.999999999999874,False,0,False,480,closest_approach,4.799999999999942,,,-2.99293232204343,-0.35988745982641035,-0.35988745982641035,,,0.2526838472216429,0.5198113106692657,0.577973118186677,0.7514715940971975,0.5211490131986029,11.547393740601105,13.541687356531632,2.0921171371068326,0.050348749143432014,0.36290838070190146,0.577973118186677,False,False,False,False,False,False,False,False,False,False,False
G3,ppo_privilege_gru_0721_clip010,15,evaluation-sp12-ego513-raceline0-v0.8,ol0_e513_o523_s0.8,False,ego_collision,True,True,6.899999999999897,5.958679243386683,0.21677059906730278,690,6.8899999999998975,False,0,False,689,nearest_preterminal_frame,6.8899999999998975,6.899999999999897,0.009999999999999787,-2.918793232532323,0.21096018150274176,0.21096018150274176,5.84999999999992,1.0399999999999778,-0.18092789372986157,-0.34459817073750526,0.38920791616455963,0.3614479542642885,0.5835417554626906,1.621531781474014,1.9279207713341282,0.3404168722229601,0.025413230681041787,0.14559909565859597,0.3642876975104053,True,False,True,True,False,True,False,False,False,False,False
G3,ppo_privilege_gru_0721_clip010,15,evaluation-sp13-ego556-raceline0-v0.8,ol0_e556_o565_s0.8,True,follow,False,False,,5.06654661902539,-0.439121413811165,801,7.999999999999874,False,0,False,699,closest_approach,6.989999999999895,,,-3.042886322651867,-0.4099038397000925,-0.4292703512033995,,,0.2146251953844883,-0.511969245695515,0.5551364544252742,0.7188595804153045,0.5174880382278041,16.270914502752422,21.37518398305816,4.722761710122108,0.3232100608903715,0.03579099779106609,0.5551364544252742,False,False,False,False,True,False,False,False,False,False,False
G3,ppo_privilege_gru_0721_clip010,15,evaluation-sp15-ego641-raceline2-v0.7,ol2_e641_o661_s0.7,True,ego_collision,True,True,4.469999999999949,4.6275045797283125,0.2798885079667457,447,4.459999999999949,False,0,False,446,nearest_preterminal_frame,4.459999999999949,4.469999999999949,0.009999999999999787,-3.120405458589886,0.239652275676832,0.23598091423062328,4.249999999999954,0.20999999999999552,-0.31933901594084313,0.3164693477614635,0.44958898471229497,0.31782640848259164,0.6866198980661143,17.841678189262066,24.468573899145287,5.367883985543437,0.2232398471864776,0.4490757277181274,0.4375056114569841,True,False,True,True,True,True,True,True,True,True,False
G3,ppo_privilege_gru_0721_clip010,15,evaluation-sp2-ego85-raceline2-v0.8,ol2_e85_o106_s0.8,True,follow,False,False,,5.401695421005255,-0.240811668482678,801,7.999999999999874,False,0,False,604,closest_approach,6.039999999999916,,,-2.990392967341876,-0.19869078565031373,-0.21844088675297257,,,0.19105857653193306,0.40086158067032474,0.4440646197614934,0.6261847657939635,0.41289152587017164,7.318048516203968,10.136999550457654,1.6702679426428713,0.2632983883723329,0.29556265316941166,0.4440646197614934,False,False,False,False,True,False,False,False,False,False,False
G3,ppo_privilege_gru_0721_clip010,15,evaluation-sp21-ego898-raceline0-v0.7,ol0_e898_o902_s0.7,True,ego_collision,True,True,6.089999999999915,4.95980972128741,0.22058621443667903,609,6.079999999999915,False,0,False,608,nearest_preterminal_frame,6.079999999999915,6.089999999999915,0.009999999999999787,-2.9938366206783087,0.2602035639017686,0.21075082241549126,5.699999999999923,0.3799999999999919,-0.0010030276263405247,-0.4582128629793484,0.4582139607914084,0.5417363545497688,0.542809165257393,13.600689088228302,18.241069688521453,3.8253865117316117,0.3062814173088082,0.11416807922441696,0.4582139607914084,True,False,True,True,True,True,True,True,True,True,False
G3,ppo_privilege_gru_0721_clip010,15,evaluation-sp30-ego1283-raceline0-v0.7,ol0_e1283_o1279_s0.7,False,ego_collision,True,True,7.22999999999989,4.634762975475837,0.9600368123553835,723,7.2199999999998905,False,0,False,722,nearest_preterminal_frame,7.2199999999998905,7.22999999999989,0.009999999999999787,-2.7444438072821526,0.9574178845628012,0.9574178845628012,6.209999999999912,1.0099999999999785,-0.3005036230278124,-0.4818070396736621,0.5678384021285805,0.48192151806679917,0.7621237119313836,3.6904060917955936,6.007266054950226,1.7068663160887896,0.1498329358625874,0.17766528478630206,0.5678384021285805,True,False,True,True,True,True,True,True,False,False,False
G3,ppo_privilege_gru_0721_clip010,15,evaluation-sp37-ego1582-raceline2-v0.7,ol2_e1582_o1611_s0.7,True,ego_collision,True,True,3.319999999999973,4.442638607545153,0.5176715206059157,332,3.3099999999999734,False,0,False,331,nearest_preterminal_frame,3.3099999999999734,3.319999999999973,0.009999999999999787,-3.0969620622893785,0.5051345389369999,0.5051345389369999,2.949999999999981,0.3599999999999923,-0.4990338960807974,0.3172304004958804,0.5913289747985945,0.37990827407348515,0.8504173188283617,12.36126153662669,17.960312797085006,2.981125071677967,0.2893911126577338,0.08085410316049396,0.46615749449975835,True,False,True,True,True,True,True,True,True,True,False
G3,ppo_privilege_gru_0721_clip010,15,evaluation-sp4-ego171-raceline2-v0.8,ol2_e171_o194_s0.8,True,ego_collision,True,True,6.809999999999899,5.257905201242699,0.5228724597077132,681,6.7999999999998995,False,0,False,680,nearest_preterminal_frame,6.7999999999998995,6.809999999999899,0.009999999999999787,-2.9674902499793063,0.5144716299739969,0.5144716299739969,6.259999999999911,0.5399999999999885,-0.4710142888363863,0.3501415895623979,0.586901689407459,0.39416405912288016,0.8377003524855612,8.349313433219583,10.913105364799465,1.66330662136283,0.47323709411003007,0.7852043674060336,0.5859686975305225,True,False,True,True,True,True,True,True,True,True,False
G3,ppo_privilege_gru_0721_clip010,15,evaluation-sp45-ego1924-raceline0-v0.7,ol0_e1924_o1919_s0.7,False,ego_collision,True,True,6.989999999999895,4.988296316205774,0.4624302133946685,699,6.979999999999896,False,0,False,698,nearest_preterminal_frame,6.979999999999896,6.989999999999895,0.009999999999999787,-3.036418303031155,0.5684561394839989,0.45290317755706155,6.029999999999916,0.9499999999999797,-0.2962573618124834,-0.45860764633924633,0.5459756383840912,0.45865033288734847,0.7443243026800591,2.68637667946572,5.158077151807966,1.8032241743565642,0.052535116327524944,0.18274573641328629,0.491096904861033,True,False,True,True,False,True,False,False,False,False,False
G3,ppo_privilege_gru_0721_clip010,15,evaluation-sp5-ego213-raceline0-v0.7,ol0_e213_o221_s0.7,True,ego_collision,True,True,3.279999999999974,4.769870488590466,0.34361382592683754,328,3.2699999999999743,False,0,False,327,nearest_preterminal_frame,3.2699999999999743,3.279999999999974,0.009999999999999787,-3.1763834205093247,0.32905173825213296,0.32905173825213296,3.0699999999999785,0.19999999999999574,-0.2951030409800879,-0.3415878277801616,0.4514067443927536,0.34162594326955587,0.6775159132092144,7.120272954476442,8.995506405612975,1.1772341061888698,0.2882735006556536,0.025045188452443745,0.4354711738567912,True,False,True,True,True,True,True,True,True,False,False
G3,ppo_privilege_gru_0721_clip010,15,evaluation-sp9-ego384-raceline0-v0.7,ol0_e384_o391_s0.7,False,overtake,False,False,,5.313064998405448,1.1018137795103655,801,7.999999999999874,False,0,False,751,closest_approach,7.509999999999884,,,-2.819123226821347,0.44405683007713037,0.44405683007713037,7.199999999999891,0.3099999999999934,-0.34496342294117366,-0.6527007624377543,0.7382533768660438,0.655010887808925,0.9106024564869115,1.8113181348953236,2.223433134339532,0.2546329491336473,0.21834190239420914,0.23272401172970292,0.7382533768660438,False,False,True,True,True,False,False,False,False,False,False
G3,ppo_privilege_gru_0721_clip010,20,evaluation-sp1-ego42-raceline2-v0.7,ol2_e42_o63_s0.7,True,overtake,False,False,,5.526291934724546,4.558871027103123,801,7.999999999999874,False,0,False,479,closest_approach,4.789999999999942,,,-2.99293232204343,-0.34598987714883833,-0.34598987714883833,,,0.23908874691294524,0.527179251023935,0.5788621525117698,0.7468954845358672,0.5296318706432339,11.603429937614683,13.602614592163278,2.0711206552328583,0.050527847610566834,0.35621400293342953,0.5788621525117698,False,False,False,False,False,False,False,False,False,False,False
G3,ppo_privilege_gru_0721_clip010,20,evaluation-sp12-ego513-raceline0-v0.8,ol0_e513_o523_s0.8,False,overtake,False,False,,5.774000434627493,0.892259104020809,801,7.999999999999874,False,0,False,732,closest_approach,7.319999999999888,,,-2.918793232532323,0.2613442945135489,0.2613442945135489,7.109999999999893,0.20999999999999552,-0.11506611085369989,-0.8329019587183899,0.8408126323408363,0.8510743436438326,0.9261772114444796,3.304585504004726,4.163968876174126,0.8446590528298616,0.10497554951540733,0.034647988214347336,0.8408126323408363,False,False,True,True,True,False,False,False,False,False,False
G3,ppo_privilege_gru_0721_clip010,20,evaluation-sp13-ego556-raceline0-v0.8,ol0_e556_o565_s0.8,True,follow,False,False,,5.0897164510992345,-0.1495313325717973,801,7.999999999999874,False,0,False,703,closest_approach,7.0299999999998946,,,-3.042886322651867,-0.27279750649177004,-0.2848480115342511,,,0.10229970833942012,-0.5023936210717692,0.5127032092935784,0.6374154152958638,0.5363121758668837,10.523219848182118,14.235914841131075,3.459066628240282,0.2812324282969958,0.12834222061324474,0.5127032092935784,False,False,False,False,True,False,False,False,False,False,False
G3,ppo_privilege_gru_0721_clip010,20,evaluation-sp15-ego641-raceline2-v0.7,ol2_e641_o661_s0.7,True,ego_collision,True,True,4.41999999999995,4.624038776878802,0.13976735740476443,442,4.40999999999995,False,0,False,441,nearest_preterminal_frame,4.40999999999995,4.41999999999995,0.009999999999999787,-3.120405458589886,0.13357960536868063,0.13357960536868063,4.319999999999952,0.08999999999999808,-0.14942352629549047,0.3400296101187149,0.3714128780320688,0.36794276826251104,0.5556196281805106,17.501651266903874,23.922971832855676,5.166438313469367,0.08389134464543513,0.4562663852727903,0.3714128780320688,True,False,True,True,False,True,False,False,False,False,False
G3,ppo_privilege_gru_0721_clip010,20,evaluation-sp2-ego85-raceline2-v0.8,ol2_e85_o106_s0.8,True,follow,False,False,,5.379209557527844,-0.3401767909389264,801,7.999999999999874,False,0,False,603,closest_approach,6.029999999999916,,,-2.990392967341876,-0.021689337736489733,-0.02860830922884361,,,0.05311867250480662,0.35047560269860434,0.35447812549665586,0.49047280404565824,0.4230199893655559,7.197453508963825,9.923232016913019,1.650471647752196,0.32381752269823616,0.34117097062709845,0.35447812549665586,False,False,False,False,True,False,False,False,False,False,False
G3,ppo_privilege_gru_0721_clip010,20,evaluation-sp21-ego898-raceline0-v0.7,ol0_e898_o902_s0.7,True,ego_collision,True,True,6.069999999999915,4.971499603038818,0.236491267292962,607,6.059999999999915,False,0,False,606,nearest_preterminal_frame,6.059999999999915,6.069999999999915,0.009999999999999787,-2.9938366206783087,0.3205132864681275,0.2267102070915712,5.679999999999923,0.3799999999999919,-0.014854745410282588,-0.4629235927476585,0.4631618682314038,0.538519418262369,0.5542875323526303,13.804672498291149,18.525060588172344,3.585459892760957,0.31394800058092387,0.10836368370674165,0.4631618682314038,True,False,True,True,True,True,True,True,True,True,False
G3,ppo_privilege_gru_0721_clip010,20,evaluation-sp30-ego1283-raceline0-v0.7,ol0_e1283_o1279_s0.7,False,ego_collision,True,True,7.25999999999989,4.577082264345537,0.36825483166006734,726,7.24999999999989,False,0,False,725,nearest_preterminal_frame,7.24999999999989,7.25999999999989,0.009999999999999787,-2.7444438072821526,0.3631362556127442,0.3631362556127442,6.069999999999915,1.1799999999999748,-0.07314113610283351,-0.44531487596289054,0.4512814693118451,0.49531112000904476,0.5746101491306095,4.323901400346459,2.2194889474912602,1.5734538414661772,0.19164939556095384,0.2067573580047295,0.4512814693118451,True,False,True,True,True,True,True,True,False,False,False
G3,ppo_privilege_gru_0721_clip010,20,evaluation-sp37-ego1582-raceline2-v0.7,ol2_e1582_o1611_s0.7,True,overtake,False,False,,6.235211211685409,11.423035573783125,801,7.999999999999874,False,0,False,308,closest_approach,3.0799999999999783,,,-3.0969620622893785,0.22368222885882005,0.22368222885882005,2.959999999999981,0.11999999999999744,-0.18911004700116663,0.44631659402069046,0.48472787414694163,0.4575776269818452,0.6547861782564518,14.91091652910593,20.530041298069502,4.801583609588502,-0.005954938439556023,0.13528946794407692,0.48472787414694163,False,False,True,True,False,False,False,False,False,False,False
G3,ppo_privilege_gru_0721_clip010,20,evaluation-sp4-ego171-raceline2-v0.8,ol2_e171_o194_s0.8,True,overtake,False,False,,5.411077869678573,0.7927224041240777,801,7.999999999999874,False,0,False,677,closest_approach,6.7699999999999,,,-2.9674902499793063,0.5820364184064601,0.5820364184064601,6.169999999999913,0.5999999999999872,-0.5276810572815084,0.4166391635001736,0.6723358467134226,0.47966704864163856,0.9177093788335878,7.565057494597687,9.960750804821505,1.664951010086675,0.4645016260044812,0.753208975810115,0.6723358467134226,False,False,True,True,True,False,False,False,False,False,False
G3,ppo_privilege_gru_0721_clip010,20,evaluation-sp45-ego1924-raceline0-v0.7,ol0_e1924_o1919_s0.7,False,ego_collision,True,True,6.9399999999998965,5.038046599734511,0.7340515749095857,694,6.929999999999897,False,0,False,693,nearest_preterminal_frame,6.929999999999897,6.9399999999998965,0.009999999999999787,-3.036418303031155,0.7209895331168354,0.7209895331168354,5.969999999999917,0.9599999999999795,-0.3445935707937273,-0.4686180131093851,0.5816765176994507,0.47178734635701874,0.7888674427958865,4.1217488175267105,7.102322627437678,2.124603144026614,0.06929252467396685,0.21089525413186716,0.5008214643569464,True,False,True,True,False,True,False,False,False,False,False
G3,ppo_privilege_gru_0721_clip010,20,evaluation-sp5-ego213-raceline0-v0.7,ol0_e213_o221_s0.7,True,ego_collision,True,True,3.3099999999999734,4.80131761919506,0.45924259431407677,331,3.2999999999999736,False,0,False,330,nearest_preterminal_frame,3.2999999999999736,3.3099999999999734,0.009999999999999787,-3.1763834205093247,0.4444069314450303,0.4444069314450303,3.0299999999999794,0.26999999999999424,-0.4026540303771776,-0.3422145309812647,0.5284326384637043,0.3602800518693049,0.7725803459915835,7.158851136879189,8.853832679052797,1.247237390402356,0.28781134390570223,0.07266104566817139,0.4704255272437827,True,False,True,True,True,True,True,True,True,False,False
G3,ppo_privilege_gru_0721_clip010,20,evaluation-sp9-ego384-raceline0-v0.7,ol0_e384_o391_s0.7,False,overtake,False,False,,5.330573975636821,1.2687839247447243,801,7.999999999999874,False,0,False,742,closest_approach,7.419999999999886,,,-2.819123226821347,0.40388961497481546,0.40388961497481546,7.139999999999892,0.27999999999999403,-0.3069740195718899,-0.6931171102680983,0.7580530174325025,0.6933249208609381,0.9147618862798221,2.1665845331679803,2.684512614326798,0.2296700892222474,0.16632631934723452,0.15795082496010115,0.7580530174325025,False,False,True,True,True,False,False,False,False,False,False
G3,ppo_privilege_gru_0721_clip020,1,evaluation-sp1-ego42-raceline2-v0.7,ol2_e42_o63_s0.7,True,overtake,False,False,,5.582781905542144,4.980420721111244,801,7.999999999999874,False,0,False,466,closest_approach,4.659999999999945,,,-2.99293232204343,0.008456920828194825,0.008456920828194825,4.6399999999999455,0.019999999999999574,-0.09840160943962535,0.4315140018075738,0.4425914713325319,0.47213798514979993,0.5805688107117691,14.530333069309355,16.805334440437967,2.605718918655351,0.2684353639718077,0.4172249559354835,0.4425914713325319,False,False,True,True,True,False,False,False,False,False,False
G3,ppo_privilege_gru_0721_clip020,1,evaluation-sp12-ego513-raceline0-v0.8,ol0_e513_o523_s0.8,False,ego_collision,True,True,6.929999999999897,5.953062101740573,0.23945996612457066,693,6.919999999999897,False,0,False,692,nearest_preterminal_frame,6.919999999999897,6.929999999999897,0.009999999999999787,-2.918793232532323,0.23611433632240164,0.23611433632240164,5.589999999999925,1.3299999999999716,-0.19421198108539145,-0.3586488933605699,0.40785698756533995,0.37122011432079866,0.6025697232149994,2.6428145228237216,3.2043129034961546,0.5558267690546733,-0.011027827485419972,0.008281339068857141,0.3379279980774316,True,False,True,True,False,True,False,False,False,False,False
G3,ppo_privilege_gru_0721_clip020,1,evaluation-sp13-ego556-raceline0-v0.8,ol0_e556_o565_s0.8,True,ego_collision,True,True,7.059999999999894,5.346392140475325,0.32746456798807344,706,7.049999999999894,False,0,False,705,nearest_preterminal_frame,7.049999999999894,7.059999999999894,0.009999999999999787,-3.042886322651867,0.3113939184248693,0.3113939184248693,6.839999999999899,0.20999999999999552,-0.11418793988579014,-0.4905397724056918,0.5036547963905325,0.5210941841869188,0.635607708465644,18.221934262485174,23.75715460126533,4.997249255454026,0.2656591693355761,0.20853021797016136,0.5036547963905325,True,False,True,True,True,True,True,True,True,True,False
G3,ppo_privilege_gru_0721_clip020,1,evaluation-sp15-ego641-raceline2-v0.7,ol2_e641_o661_s0.7,True,ego_collision,True,True,4.369999999999951,4.663531798932266,0.16359347363211896,437,4.3599999999999515,False,0,False,436,nearest_preterminal_frame,4.3599999999999515,4.369999999999951,0.009999999999999787,-3.120405458589886,0.1591834887653647,0.1553647331779473,4.239999999999954,0.11999999999999744,-0.22235570913838829,0.33223231537681497,0.3997754029040243,0.33904875971873094,0.6106444825488396,17.93567978497081,24.405154044677616,5.127462149676963,0.04687051303678702,0.49476872119754367,0.3997754029040243,True,False,True,True,False,True,False,False,False,False,False
G3,ppo_privilege_gru_0721_clip020,1,evaluation-sp2-ego85-raceline2-v0.8,ol2_e85_o106_s0.8,True,ego_collision,True,True,5.869999999999919,5.494655706147129,0.1896672462155209,587,5.8599999999999195,False,0,False,586,nearest_preterminal_frame,5.8599999999999195,5.869999999999919,0.009999999999999787,-2.990392967341876,0.18374930946706058,0.18374930946706058,5.639999999999924,0.2199999999999953,-0.12834484258000475,0.33677356794969227,0.3604009360232743,0.3735623455195256,0.5370557172052588,10.257158052200543,13.869833130244125,2.61064246005849,0.35409936134556885,0.49212658388994746,0.3604009360232743,True,False,True,True,True,True,True,True,True,True,False
G3,ppo_privilege_gru_0721_clip020,1,evaluation-sp21-ego898-raceline0-v0.7,ol0_e898_o902_s0.7,True,ego_collision,True,True,6.099999999999914,4.957030660848405,0.1448505068841257,610,6.089999999999915,False,0,False,609,nearest_preterminal_frame,6.089999999999915,6.099999999999914,0.009999999999999787,-2.9938366206783087,0.2524563155209023,0.1905999221670811,5.699999999999923,0.3899999999999917,0.020042176274798262,-0.4529635820650175,0.4534067660578103,0.5489099723510085,0.5273075319655685,12.63668196974785,17.111296119077817,3.653057560320445,0.3309632528083454,0.13892939111642066,0.4534067660578103,True,False,True,False,True,False,False,False,False,False,False
G3,ppo_privilege_gru_0721_clip020,1,evaluation-sp30-ego1283-raceline0-v0.7,ol0_e1283_o1279_s0.7,False,ego_collision,True,True,7.22999999999989,4.619179551623362,0.6007239887047149,723,7.2199999999998905,False,0,False,722,nearest_preterminal_frame,7.2199999999998905,7.22999999999989,0.009999999999999787,-2.7444438072821526,0.5861530853144359,0.5861530853144359,6.129999999999914,1.0899999999999768,-0.1244766310620112,-0.4802682458195543,0.49613709760825175,0.5079917062385698,0.6343882609562588,2.4208233754436153,3.825631113599635,2.4146389982028875,0.23164981644588467,0.2489791972708747,0.49613709760825175,True,False,True,True,True,True,True,False,False,False,False
G3,ppo_privilege_gru_0721_clip020,1,evaluation-sp37-ego1582-raceline2-v0.7,ol2_e1582_o1611_s0.7,True,overtake,False,False,,6.223894483584208,11.370583479101754,801,7.999999999999874,False,0,False,304,closest_approach,3.039999999999979,,,-3.0969620622893785,0.28788115408468684,0.28788115408468684,2.9199999999999817,0.11999999999999744,-0.2568511676268959,0.4978221170031023,0.5601779917925643,0.4989245486695865,0.7395086610123981,14.070613267998215,19.435557097897423,4.752357522217191,-0.030051835332808863,-0.06329048989727404,0.5601779917925643,False,False,True,True,False,False,False,False,False,False,False
G3,ppo_privilege_gru_0721_clip020,1,evaluation-sp4-ego171-raceline2-v0.8,ol2_e171_o194_s0.8,True,ego_collision,True,True,6.809999999999899,5.274871107801432,0.5654683888166971,681,6.7999999999998995,False,0,False,680,nearest_preterminal_frame,6.7999999999998995,6.809999999999899,0.009999999999999787,-2.9674902499793063,0.556590673864946,0.556590673864946,6.219999999999912,0.5799999999999876,-0.5150863553673881,0.3464754350516371,0.6207730507841657,0.41316957108044067,0.8764754798013266,7.887097390593147,10.359211372356368,1.584264958424873,0.45312386334311444,0.7480033238069768,0.6166375900016231,True,False,True,True,True,True,True,True,True,False,False
G3,ppo_privilege_gru_0721_clip020,1,evaluation-sp45-ego1924-raceline0-v0.7,ol0_e1924_o1919_s0.7,False,overtake,False,False,,5.043054039202245,3.6298795351670776,801,7.999999999999874,False,0,False,666,closest_approach,6.659999999999902,,,-3.036418303031155,0.5998484518538589,0.5998484518538589,6.069999999999915,0.5899999999999874,-0.13585166105941432,-0.5085649201938454,0.5263971427205645,0.5314131993561263,0.6633158488072138,5.5601277472735395,8.730355928756948,2.2891180093197994,0.18924850559115136,0.30614541458632605,0.5263971427205645,False,False,True,True,True,False,False,False,False,False,False
G3,ppo_privilege_gru_0721_clip020,1,evaluation-sp5-ego213-raceline0-v0.7,ol0_e213_o221_s0.7,True,ego_collision,True,True,3.319999999999973,4.769317521099656,0.31213172584156723,332,3.3099999999999734,False,0,False,331,nearest_preterminal_frame,3.3099999999999734,3.319999999999973,0.009999999999999787,-3.1763834205093247,0.30088111583307864,0.30088111583307864,3.1199999999999775,0.18999999999999595,-0.25989481591944746,-0.339458133176769,0.4275244314909506,0.34079047270776364,0.6462322591413555,6.835650228388286,8.467636272038336,1.2325662820244783,0.30065599696354495,0.030161461759836028,0.4216925126668293,True,False,True,True,True,True,True,True,True,False,False
G3,ppo_privilege_gru_0721_clip020,1,evaluation-sp9-ego384-raceline0-v0.7,ol0_e384_o391_s0.7,False,overtake,False,False,,5.369912211715296,1.6087082442388123,801,7.999999999999874,False,0,False,598,closest_approach,5.979999999999917,,,-2.819123226821347,-0.5857917557652002,-0.5857917557652002,,,0.5166835084397187,-0.5363111382829785,0.7447089934598352,0.9686939247435165,0.5822499893043572,2.737775948304427,3.41518465770154,0.4614044361216428,-0.032681652865865884,-0.2739580627232502,0.7447089934598352,False,False,False,False,False,False,False,False,False,False,False
G3,ppo_privilege_gru_0721_clip020,5,evaluation-sp1-ego42-raceline2-v0.7,ol2_e42_o63_s0.7,True,overtake,False,False,,5.463641919199624,4.02034715393367,801,7.999999999999874,False,0,False,560,closest_approach,5.599999999999925,,,-2.99293232204343,0.11496655844442216,0.11496655844442216,5.489999999999927,0.10999999999999766,-0.10266230756545344,0.70358662209464,0.711037048391439,0.7280999559107572,0.805740542962294,3.6362093852220907,4.495768783953687,0.9662090704734567,0.004334662128067435,-0.14172876174706506,0.711037048391439,False,False,True,True,False,False,False,False,False,False,False
G3,ppo_privilege_gru_0721_clip020,5,evaluation-sp12-ego513-raceline0-v0.8,ol0_e513_o523_s0.8,False,overtake,False,False,,5.812332824656282,1.0515641979151837,801,7.999999999999874,False,0,False,723,closest_approach,7.22999999999989,,,-2.918793232532323,0.25044681750725317,0.25044681750725317,7.059999999999894,0.16999999999999638,-0.15357163681240613,-0.8865831537208494,0.8997854944901305,0.8970186100319509,0.9913553779780712,1.608355080539874,2.0577126152960483,0.34222753236986153,0.11858849250223213,0.0169197049275136,0.8997854944901305,False,False,True,True,True,False,False,False,False,False,False
G3,ppo_privilege_gru_0721_clip020,5,evaluation-sp13-ego556-raceline0-v0.8,ol0_e556_o565_s0.8,True,follow,False,False,,5.090960729949491,-0.21590936298136398,801,7.999999999999874,False,0,False,701,closest_approach,7.009999999999895,,,-3.042886322651867,-0.45405376411466136,-0.4558437667463977,,,0.22759205231683957,-0.5644521849004608,0.6086085862988585,0.7658379735038359,0.5678917334958558,9.254214436172777,13.408497644054401,3.503188421690812,0.30774097953310975,0.024394910255789548,0.6086085862988585,False,False,False,False,True,False,False,False,False,False,False
G3,ppo_privilege_gru_0721_clip020,5,evaluation-sp15-ego641-raceline2-v0.7,ol2_e641_o661_s0.7,True,overtake,False,False,,5.608167196024216,6.962296204630604,801,7.999999999999874,False,0,False,457,closest_approach,4.569999999999947,,,-3.120405458589886,0.12944440631460452,0.12944440631460452,4.399999999999951,0.16999999999999638,-0.15209723078456505,0.48276655580784794,0.5061591795264659,0.5020764096866706,0.6546094323136147,18.318493635268318,24.667261507006497,5.7205294082419895,0.11687068347535418,0.04323747782048132,0.5061591795264659,False,False,True,True,True,False,False,False,False,False,False
G3,ppo_privilege_gru_0721_clip020,5,evaluation-sp2-ego85-raceline2-v0.8,ol2_e85_o106_s0.8,True,ego_collision,True,True,5.939999999999918,5.464675449998691,0.11584061053025607,594,5.929999999999918,False,0,False,593,nearest_preterminal_frame,5.929999999999918,5.939999999999918,0.009999999999999787,-2.990392967341876,0.11164363286209777,0.09857059514030198,5.739999999999922,0.18999999999999595,-0.050005102858253964,0.33085747805892574,0.33461497440995835,0.40873490362530795,0.4744155781139194,8.739949393082812,11.96089786318102,1.9694247237553928,0.3629017115076667,0.4178190151214367,0.33461497440995835,True,False,True,True,True,True,True,True,True,True,False
G3,ppo_privilege_gru_0721_clip020,5,evaluation-sp21-ego898-raceline0-v0.7,ol0_e898_o902_s0.7,True,overtake,False,False,,5.465299959131385,4.8901885972125,801,7.999999999999874,False,0,False,566,closest_approach,5.659999999999924,,,-2.9938366206783087,0.3863977045000979,0.3863977045000979,5.519999999999927,0.13999999999999702,-0.04782937228615944,-0.6733477241897533,0.6750442996758125,0.7155723377820272,0.7533431107077176,7.189842576758933,8.95969975249772,1.638967704244089,0.38818038897693674,0.4032965615457268,0.6750442996758125,False,False,True,True,True,False,False,False,False,False,False
G3,ppo_privilege_gru_0721_clip020,5,evaluation-sp30-ego1283-raceline0-v0.7,ol0_e1283_o1279_s0.7,False,overtake,False,False,,5.1445755885132,6.088036050776566,801,7.999999999999874,False,0,False,636,closest_approach,6.359999999999909,,,-2.7444438072821526,0.3489161929378497,0.3489161929378497,6.059999999999915,0.2999999999999936,-0.1794838150397145,-0.824868731583241,0.8441699261434013,0.8322392994096836,0.9491172092676382,4.411822290290761,5.998982761561456,1.2551673601595947,0.08672925694564415,-0.049552238027457784,0.8441699261434013,False,False,True,True,False,False,False,False,False,False,False
G3,ppo_privilege_gru_0721_clip020,5,evaluation-sp37-ego1582-raceline2-v0.7,ol2_e1582_o1611_s0.7,True,overtake,False,False,,6.198535764337796,11.248051171940062,801,7.999999999999874,False,0,False,301,closest_approach,3.00999999999998,,,-3.0969620622893785,0.2915244854940511,0.2915244854940511,2.8899999999999824,0.11999999999999744,-0.26705910010835,0.5817345142277537,0.6401059349783301,0.5821866796240183,0.805437698433172,14.416379921897898,19.866144010481587,4.676207110938077,-0.06927212568329966,-0.20976362799827808,0.6401059349783301,False,False,True,True,False,False,False,False,False,False,False
G3,ppo_privilege_gru_0721_clip020,5,evaluation-sp4-ego171-raceline2-v0.8,ol2_e171_o194_s0.8,True,ego_collision,True,True,6.829999999999899,5.267869975873375,0.5425492904802525,683,6.819999999999899,False,0,False,682,nearest_preterminal_frame,6.819999999999899,6.829999999999899,0.009999999999999787,-2.9674902499793063,0.5408850473977225,0.5408850473977225,6.219999999999912,0.5999999999999872,-0.48328578158004865,0.3597421598616179,0.6024778570697352,0.4083794986809599,0.8528688771292857,7.494169855065576,9.908738174375555,1.5738233963521588,0.460519621971974,0.7866905047613484,0.6024778570697352,True,False,True,True,True,True,True,True,True,False,False
G3,ppo_privilege_gru_0721_clip020,5,evaluation-sp45-ego1924-raceline0-v0.7,ol0_e1924_o1919_s0.7,False,overtake,False,False,,5.481011890145919,6.40359694457095,801,7.999999999999874,False,0,False,623,closest_approach,6.229999999999912,,,-3.036418303031155,0.5344037470044327,0.5344037470044327,5.889999999999919,0.33999999999999275,-0.3044489847379814,-0.8313877989319767,0.8853783691286706,0.8315133464791261,1.0220446505260783,4.8939225754351,6.507374680203856,1.3984538744446742,0.15533545241417313,0.10621233453438861,0.8853783691286706,False,False,True,True,True,False,False,False,False,False,False
G3,ppo_privilege_gru_0721_clip020,5,evaluation-sp5-ego213-raceline0-v0.7,ol0_e213_o221_s0.7,True,ego_collision,True,True,3.3599999999999723,4.755257305761707,0.28564312301324435,336,3.3499999999999726,False,0,False,335,nearest_preterminal_frame,3.3499999999999726,3.3599999999999723,0.009999999999999787,-3.1763834205093247,0.27473454595138946,0.27473454595138946,3.1599999999999766,0.18999999999999595,-0.23553452281273668,-0.33191396126652245,0.4069931069689733,0.3363530375793726,0.6215733362618167,6.7556453684671505,8.363624109524428,1.2501288716856607,0.31909973743669745,0.08181074687503193,0.4028298605175492,True,False,True,True,True,True,True,True,True,False,False
G3,ppo_privilege_gru_0721_clip020,5,evaluation-sp9-ego384-raceline0-v0.7,ol0_e384_o391_s0.7,False,overtake,False,False,,5.31784043136935,1.1377315652545974,801,7.999999999999874,False,0,False,752,closest_approach,7.519999999999884,,,-2.819123226821347,0.29785885535656575,0.29785885535656575,7.329999999999888,0.18999999999999595,-0.22906072130429453,-0.8029583007220977,0.8349915249527761,0.8052674266270005,0.956120319363339,1.650660846641991,2.0079705808868287,0.2476304921045855,0.13016139134479232,0.07558226679638902,0.8349915249527761,False,False,True,True,True,False,False,False,False,False,False
G3,ppo_privilege_gru_0721_clip020,10,evaluation-sp1-ego42-raceline2-v0.7,ol2_e42_o63_s0.7,True,overtake,False,False,,5.5006924068757375,4.324074649941906,801,7.999999999999874,False,0,False,478,closest_approach,4.7799999999999425,,,-2.99293232204343,-0.40232734675251436,-0.40232734675251436,,,0.2970974424343589,0.6126399450452784,0.6808778103052845,0.8485346835445485,0.6126810556514627,10.304424493508815,12.28742823251952,1.7959437386294335,-0.03481492727231439,0.26560647624368827,0.6808778103052845,False,False,False,False,False,False,False,False,False,False,False
G3,ppo_privilege_gru_0721_clip020,10,evaluation-sp12-ego513-raceline0-v0.8,ol0_e513_o523_s0.8,False,overtake,False,False,,5.8043795131713125,1.4901490826743498,801,7.999999999999874,False,0,False,623,closest_approach,6.229999999999912,,,-2.918793232532323,0.09038965707125612,0.09038965707125612,6.0499999999999154,0.17999999999999616,-0.10480538924741827,-0.6549462430965604,0.6632787882644835,0.680625906940148,0.7647390906218304,3.5119008620526726,4.099429485192656,0.8931443520773475,-0.002838873920905538,0.07552320173343918,0.6632787882644835,False,False,True,True,False,False,False,False,False,False,False
G3,ppo_privilege_gru_0721_clip020,10,evaluation-sp13-ego556-raceline0-v0.8,ol0_e556_o565_s0.8,True,overtake,False,False,,5.14421359677172,0.40314558518835497,801,7.999999999999874,False,0,False,737,closest_approach,7.369999999999887,,,-3.042886322651867,0.045378035368571545,0.0308947266494215,7.069999999999894,0.2999999999999936,-0.009631256291582173,-0.37279905135362423,0.37292344226116475,0.46646089347210945,0.47828654845922014,8.488559910953768,12.040382477699668,3.027923247782802,0.18211446796861408,0.4922275801353114,0.37292344226116475,False,False,True,True,True,False,False,False,False,False,False
G3,ppo_privilege_gru_0721_clip020,10,evaluation-sp15-ego641-raceline2-v0.7,ol2_e641_o661_s0.7,True,overtake,False,False,,5.439165155974683,5.532557681521894,801,7.999999999999874,False,0,False,472,closest_approach,4.719999999999944,,,-3.120405458589886,0.009493053552176889,0.009493053552176889,4.709999999999944,0.009999999999999787,0.004620147953759396,0.4578140784606817,0.45783739056996847,0.5444214929786463,0.5394769600184399,16.220399322310982,22.269055828930455,5.417770618577453,0.007436927801770854,-0.2409791313923817,0.45783739056996847,False,False,True,False,False,False,False,False,False,False,False
G3,ppo_privilege_gru_0721_clip020,10,evaluation-sp2-ego85-raceline2-v0.8,ol2_e85_o106_s0.8,True,ego_collision,True,True,5.83999999999992,5.475386817571312,0.06808889465528978,584,5.82999999999992,False,0,False,583,nearest_preterminal_frame,5.82999999999992,5.83999999999992,0.009999999999999787,-2.990392967341876,0.06668439682823646,0.06668439682823646,5.739999999999922,0.08999999999999808,0.004016839563229374,0.34947554071754894,0.34949862454650654,0.4567045604179719,0.45157449176545267,9.868824929759187,13.292887033423154,2.5571885679433684,0.3331337618712997,0.5524997451073028,0.34949862454650654,True,False,True,False,True,False,False,False,False,False,False
G3,ppo_privilege_gru_0721_clip020,10,evaluation-sp21-ego898-raceline0-v0.7,ol0_e898_o902_s0.7,True,overtake,False,False,,5.487517744528605,5.092539588963348,801,7.999999999999874,False,0,False,564,closest_approach,5.639999999999924,,,-2.9938366206783087,0.4326848563073895,0.4326848563073895,5.509999999999927,0.12999999999999723,-0.06300005720756038,-0.668522382525258,0.6714843134023335,0.7060107293554526,0.7559968361876842,6.789340889520456,8.36958431977668,1.49020132140215,0.36907776836359907,0.4293858766190899,0.6714843134023335,False,False,True,True,True,False,False,False,False,False,False
G3,ppo_privilege_gru_0721_clip020,10,evaluation-sp30-ego1283-raceline0-v0.7,ol0_e1283_o1279_s0.7,False,overtake,False,False,,4.660078965022035,3.2509498000778194,801,7.999999999999874,False,0,False,672,closest_approach,6.719999999999901,,,-2.7444438072821526,0.4549688634207314,0.4549688634207314,6.119999999999914,0.5999999999999872,-0.18965798967464573,-0.5612435242957114,0.592422523720443,0.5701428001825546,0.7382859071000837,6.987372712621355,8.707473958604805,2.274567150894504,0.13031752576192346,0.11326895619758548,0.592422523720443,False,False,True,True,True,False,False,False,False,False,False
G3,ppo_privilege_gru_0721_clip020,10,evaluation-sp37-ego1582-raceline2-v0.7,ol2_e1582_o1611_s0.7,True,overtake,False,False,,6.122585804377142,10.596323734334248,801,7.999999999999874,False,0,False,310,closest_approach,3.099999999999978,,,-3.0969620622893785,0.2576986736343656,0.2576986736343656,2.959999999999981,0.13999999999999702,-0.22853354835295864,0.4934783803569327,0.5438276331729527,0.49729170167797854,0.7158197766527631,13.791004633578764,19.059060834675442,4.681172060924339,0.007238655760968049,-0.1285755575005263,0.5438276331729527,False,False,True,True,False,False,False,False,False,False,False
G3,ppo_privilege_gru_0721_clip020,10,evaluation-sp4-ego171-raceline2-v0.8,ol2_e171_o194_s0.8,True,ego_collision,True,True,6.839999999999899,5.245392095357511,0.42742564007639317,684,6.829999999999899,False,0,False,683,nearest_preterminal_frame,6.829999999999899,6.839999999999899,0.009999999999999787,-2.9674902499793063,0.4233228465325567,0.4233228465325567,6.30999999999991,0.5199999999999889,-0.3590873650512514,0.3623542870724641,0.510141514777267,0.36888167936279864,0.7433808154835382,7.623949355630237,10.095197729828802,1.5536156382670516,0.46777452749514614,0.7801089369708492,0.510141514777267,True,False,True,True,True,True,True,True,True,False,False
G3,ppo_privilege_gru_0721_clip020,10,evaluation-sp45-ego1924-raceline0-v0.7,ol0_e1924_o1919_s0.7,False,overtake,False,False,,5.589616474007585,7.123081328937872,801,7.999999999999874,False,0,False,583,closest_approach,5.82999999999992,,,-3.036418303031155,0.29640177141322965,0.29640177141322965,5.699999999999923,0.12999999999999723,-0.19224183004595632,-1.029214426540292,1.0470144492881082,1.0338466983027155,1.1365911835153109,1.862945843157059,2.2690795117602893,0.3189920120050761,0.08592408814368047,-0.011974606251104802,1.0470144492881082,False,False,True,True,False,False,False,False,False,False,False
G3,ppo_privilege_gru_0721_clip020,10,evaluation-sp5-ego213-raceline0-v0.7,ol0_e213_o221_s0.7,True,ego_collision,True,True,3.3499999999999726,4.765396570975146,0.32174499230589504,335,3.3399999999999728,False,0,False,334,nearest_preterminal_frame,3.3399999999999728,3.3499999999999726,0.009999999999999787,-3.1763834205093247,0.30975008886377964,0.30975008886377964,3.139999999999977,0.19999999999999574,-0.26879042968934613,-0.33791205404696883,0.4317787064722216,0.33857702542110585,0.6530170752611647,6.541896326873865,8.20278921003295,1.1700456740396774,0.30673742091008654,0.05979325125643992,0.4203572190234314,True,False,True,True,True,True,True,True,True,False,False
G3,ppo_privilege_gru_0721_clip020,10,evaluation-sp9-ego384-raceline0-v0.7,ol0_e384_o391_s0.7,False,overtake,False,False,,5.310506421361393,1.1196266670429793,801,7.999999999999874,False,0,False,754,closest_approach,7.539999999999884,,,-2.819123226821347,0.3264136671503195,0.3264136671503195,7.319999999999888,0.2199999999999953,-0.23572312091295994,-0.8734979973297741,0.90474534597978,0.8751826843251386,1.0195016190284294,1.566967592962357,1.9020024244859994,0.24290162306942328,0.07661067622268025,-0.03270239086245197,0.90474534597978,False,False,True,True,False,False,False,False,False,False,False
G3,ppo_privilege_gru_0721_clip020,15,evaluation-sp1-ego42-raceline2-v0.7,ol2_e42_o63_s0.7,True,overtake,False,False,,5.667322807897845,5.5993714180087295,801,7.999999999999874,False,0,False,464,closest_approach,4.6399999999999455,,,-2.99293232204343,0.26353007388883043,0.26353007388883043,4.42999999999995,0.20999999999999552,-0.3069728547853427,0.3573854905173276,0.47112283154966494,0.357788298623467,0.6957736544184989,11.753637858958955,13.653816790032522,2.172696645103482,0.4249438020603957,0.49186188477652026,0.47112283154966494,False,False,True,True,True,False,False,False,False,False,False
G3,ppo_privilege_gru_0721_clip020,15,evaluation-sp12-ego513-raceline0-v0.8,ol0_e513_o523_s0.8,False,overtake,False,False,,5.828275411491248,1.6491725806904185,801,7.999999999999874,False,0,False,626,closest_approach,6.259999999999911,,,-2.918793232532323,0.1271647732584995,0.1271647732584995,6.069999999999915,0.18999999999999595,-0.13852011142433152,-0.6661493827976096,0.6803990163651366,0.6831552948228778,0.7920760608027222,4.051180505919573,4.717574447506728,0.9256963912767111,0.026588246829800988,0.06849930664213988,0.6803990163651366,False,False,True,True,False,False,False,False,False,False,False
G3,ppo_privilege_gru_0721_clip020,15,evaluation-sp13-ego556-raceline0-v0.8,ol0_e556_o565_s0.8,True,overtake,False,False,,5.150790942792776,0.3820840572726354,801,7.999999999999874,False,0,False,738,closest_approach,7.379999999999887,,,-3.042886322651867,0.023398597028887025,0.0033022450951989413,7.269999999999889,0.10999999999999766,0.024088387716116044,-0.45798428417418047,0.45861732956060264,0.5553387433347737,0.5295834118417524,9.795582334452156,13.232303805339614,3.037746595375446,0.1060942106027919,0.41527536406482535,0.45861732956060264,False,False,True,False,True,False,False,False,False,False,False
G3,ppo_privilege_gru_0721_clip020,15,evaluation-sp15-ego641-raceline2-v0.7,ol2_e641_o661_s0.7,True,overtake,False,False,,5.282643373047271,4.154684735874838,801,7.999999999999874,False,0,False,474,closest_approach,4.739999999999943,,,-3.120405458589886,-0.02343374923088959,-0.02343374923088959,,,0.025165465764174777,0.4230447285318245,0.4237925707297061,0.5275377836220969,0.49910336891516927,15.50535944383536,21.665838267524045,5.1209332525668065,-0.09264589820154046,-0.19787913082051423,0.4237925707297061,False,False,False,False,False,False,False,False,False,False,False
G3,ppo_privilege_gru_0721_clip020,15,evaluation-sp2-ego85-raceline2-v0.8,ol2_e85_o106_s0.8,True,follow,False,False,,5.383855719964794,-0.33313853303675955,801,7.999999999999874,False,0,False,595,closest_approach,5.949999999999918,,,-2.990392967341876,0.1852191373674259,0.1852191373674259,5.639999999999924,0.3099999999999934,-0.13058999092703166,0.32109003043041284,0.34663028340311763,0.3584834147271632,0.5291452996198719,8.21332777843549,11.31579301097041,1.7641956348742147,0.35121277023370545,0.475066538164311,0.34663028340311763,False,False,True,True,True,False,False,False,False,False,False
G3,ppo_privilege_gru_0721_clip020,15,evaluation-sp21-ego898-raceline0-v0.7,ol0_e898_o902_s0.7,True,overtake,False,False,,5.0774779453666365,1.7457810615107974,801,7.999999999999874,False,0,False,631,closest_approach,6.30999999999991,,,-2.9938366206783087,0.009903405222473793,-0.0620250485370093,5.809999999999921,0.49999999999998934,0.07727002678143771,-0.47677213263275753,0.48299308845364636,0.6018296594778507,0.5220782584639567,12.906266273607933,16.980586719440744,3.3633421293557446,0.2532740734035178,0.28024938552532896,0.48299308845364636,False,False,True,False,True,False,False,False,False,False,False
G3,ppo_privilege_gru_0721_clip020,15,evaluation-sp30-ego1283-raceline0-v0.7,ol0_e1283_o1279_s0.7,False,overtake,False,False,,4.689425856358855,3.16392888141462,801,7.999999999999874,False,0,False,662,closest_approach,6.619999999999903,,,-2.7444438072821526,0.36340291126811053,0.36340291126811053,6.119999999999914,0.49999999999998934,-0.20439211279942196,-0.6456763963136903,0.6772548593633312,0.651326891128856,0.8132168037829212,6.733994297150985,8.355206712133052,1.620056555241617,0.05912484312108102,0.03909259540905796,0.6772548593633312,False,False,True,True,False,False,False,False,False,False,False
G3,ppo_privilege_gru_0721_clip020,15,evaluation-sp37-ego1582-raceline2-v0.7,ol2_e1582_o1611_s0.7,True,overtake,False,False,,6.194645348317708,11.17448209620909,801,7.999999999999874,False,0,False,309,closest_approach,3.089999999999978,,,-3.0969620622893785,0.26712482009145333,0.26712482009145333,2.959999999999981,0.12999999999999723,-0.22815700414778348,0.5019825999779132,0.5514001715834674,0.5057777049421641,0.721438293707779,14.250105697127854,19.57845967990457,4.761728910197237,-0.025220808635222358,-0.10977174766404407,0.5514001715834674,False,False,True,True,False,False,False,False,False,False,False
G3,ppo_privilege_gru_0721_clip020,15,evaluation-sp4-ego171-raceline2-v0.8,ol2_e171_o194_s0.8,True,ego_collision,True,True,6.829999999999899,5.264542021611359,0.5546180423268936,683,6.819999999999899,False,0,False,682,nearest_preterminal_frame,6.819999999999899,6.829999999999899,0.009999999999999787,-2.9674902499793063,0.5524939930849939,0.5524939930849939,6.219999999999912,0.5999999999999872,-0.49217640948354957,0.35898223549719704,0.6091845889832438,0.4119994489732055,0.8606208113653436,7.5758515521330905,10.025633774065634,1.5336189168506358,0.46340438648754706,0.7878421753460276,0.6091664992459566,True,False,True,True,True,True,True,True,True,False,False
G3,ppo_privilege_gru_0721_clip020,15,evaluation-sp45-ego1924-raceline0-v0.7,ol0_e1924_o1919_s0.7,False,overtake,False,False,,5.5060460329342495,6.64938654409616,801,7.999999999999874,False,0,False,620,closest_approach,6.199999999999912,,,-3.036418303031155,0.5747792533042002,0.5747792533042002,5.809999999999921,0.3899999999999917,-0.34733969112372765,-0.8643173763170442,0.9314984637848338,0.8662172748114317,1.073893108686925,4.900115303722028,6.608688052267861,1.498325211706145,0.11847403757159358,0.07722615478620587,0.9314984637848338,False,False,True,True,True,False,False,False,False,False,False
G3,ppo_privilege_gru_0721_clip020,15,evaluation-sp5-ego213-raceline0-v0.7,ol0_e213_o221_s0.7,True,ego_collision,True,True,3.329999999999973,4.787233972398561,0.3683409894573799,333,3.319999999999973,False,0,False,332,nearest_preterminal_frame,3.319999999999973,3.329999999999973,0.009999999999999787,-3.1763834205093247,0.35324395090597704,0.35324395090597704,3.0799999999999783,0.23999999999999488,-0.3219139286726078,-0.3321581813186222,0.4625555478970364,0.3336878125736914,0.696252621912794,7.053194069010991,8.627497227563266,1.3408685451178857,0.30782313531840677,0.09332483157073429,0.441156939915484,True,False,True,True,True,True,True,True,True,False,False
G3,ppo_privilege_gru_0721_clip020,15,evaluation-sp9-ego384-raceline0-v0.7,ol0_e384_o391_s0.7,False,overtake,False,False,,5.320834075622517,1.2049581171410466,801,7.999999999999874,False,0,False,749,closest_approach,7.489999999999885,,,-2.819123226821347,0.2938090771338011,0.2938090771338011,7.299999999999889,0.18999999999999595,-0.22345533405999352,-0.8209255220156106,0.8507943341468995,0.8236181792928504,0.9682742859186452,1.628103625696941,1.9932961820731,0.23569864070239147,0.10038196811638178,0.034514393485198136,0.8507943341468995,False,False,True,True,True,False,False,False,False,False,False
G3,ppo_privilege_gru_0721_clip020,20,evaluation-sp1-ego42-raceline2-v0.7,ol2_e42_o63_s0.7,True,overtake,False,False,,5.563093132258494,4.826389191770858,801,7.999999999999874,False,0,False,466,closest_approach,4.659999999999945,,,-2.99293232204343,-0.03909722692270634,-0.03909722692270634,,,-0.05310913473841589,0.4681496547318723,0.4711525012331299,0.5246726420063783,0.5804205178717545,14.225546337524866,16.449352892376854,2.6150420978269233,0.23044336987370917,0.3775339519507198,0.4711525012331299,False,False,False,True,True,False,False,False,False,False,False
G3,ppo_privilege_gru_0721_clip020,20,evaluation-sp12-ego513-raceline0-v0.8,ol0_e513_o523_s0.8,False,overtake,False,False,,5.817456362953877,1.8046795649944158,801,7.999999999999874,False,0,False,616,closest_approach,6.159999999999913,,,-2.918793232532323,0.07095177608294989,0.07095177608294989,6.039999999999916,0.11999999999999744,-0.08188851397077851,-0.6284489446001232,0.6337616308118939,0.6620109263345278,0.7302390997422712,4.1883461775799535,4.932290409683936,0.8585901659414047,-0.02785930817976101,0.11440943748722632,0.6337616308118939,False,False,True,True,False,False,False,False,False,False,False
G3,ppo_privilege_gru_0721_clip020,20,evaluation-sp13-ego556-raceline0-v0.8,ol0_e556_o565_s0.8,True,overtake,False,False,,5.155132852420787,0.27355391051753486,801,7.999999999999874,False,0,False,744,closest_approach,7.439999999999886,,,-3.042886322651867,-0.06778405692764977,-0.06778405692764977,,,0.15374862519144764,-0.5927479826681287,0.6123632996068562,0.7404478464526966,0.6082060572654278,9.059943109749339,13.630131038326907,3.8563466209548847,0.037885237736400734,0.3431085093538567,0.6123632996068562,False,False,False,False,False,False,False,False,False,False,False
G3,ppo_privilege_gru_0721_clip020,20,evaluation-sp15-ego641-raceline2-v0.7,ol2_e641_o661_s0.7,True,overtake,False,False,,5.118366508111275,2.9679867473039394,801,7.999999999999874,False,0,False,602,closest_approach,6.019999999999916,,,-3.120405458589886,0.22234050244307468,0.22234050244307468,5.659999999999924,0.3599999999999923,-0.2085224718390829,0.5266595131948588,0.5664378731163082,0.5329247887215031,0.7251861125029869,1.4789102926202924,1.7805163101913006,0.3868282534420147,0.1373349031897323,0.06261335874534035,0.5664378731163082,False,False,True,True,True,False,False,False,False,False,False
G3,ppo_privilege_gru_0721_clip020,20,evaluation-sp2-ego85-raceline2-v0.8,ol2_e85_o106_s0.8,True,follow,False,False,,5.307101985623678,-1.0033232062980915,801,7.999999999999874,False,0,False,607,closest_approach,6.069999999999915,,,-2.990392967341876,0.15857658826186594,0.1434570954154708,5.679999999999923,0.3899999999999917,-0.09034851438018497,0.3328705775736331,0.3449140116969889,0.3881540121194206,0.5054382393581018,6.257148941306061,8.393933443161663,1.300793259396863,0.27431580388458815,0.29946122258258584,0.3449140116969889,False,False,True,True,True,False,False,False,False,False,False
G3,ppo_privilege_gru_0721_clip020,20,evaluation-sp21-ego898-raceline0-v0.7,ol0_e898_o902_s0.7,True,overtake,False,False,,5.020778504203964,1.1840389811715113,801,7.999999999999874,False,0,False,630,closest_approach,6.29999999999991,,,-2.9938366206783087,-0.05792052107059931,-0.09528134298045643,,,0.13466918949589893,-0.5470284893750331,0.5633613039492622,0.6925200998491196,0.5686544019699414,13.553710349685534,17.54429703280088,3.4353848804617892,0.22520625278631123,0.2481028462930025,0.5633613039492622,False,False,False,False,True,False,False,False,False,False,False
G3,ppo_privilege_gru_0721_clip020,20,evaluation-sp30-ego1283-raceline0-v0.7,ol0_e1283_o1279_s0.7,False,overtake,False,False,,5.079217121745767,5.955360378219723,801,7.999999999999874,False,0,False,599,closest_approach,5.989999999999917,,,-2.7444438072821526,0.12337031533576237,0.12337031533576237,5.939999999999918,0.049999999999998934,-0.05883324067507789,-0.8518542655316176,0.853883504883859,0.8826628803349544,0.9205109013500538,2.126971811585143,2.624830792973073,0.27924723159913495,-0.05033875107237362,-0.18449422078645938,0.853883504883859,False,False,True,True,False,False,False,False,False,False,False
G3,ppo_privilege_gru_0721_clip020,20,evaluation-sp37-ego1582-raceline2-v0.7,ol2_e1582_o1611_s0.7,True,overtake,False,False,,6.190935374447409,11.157884541459168,801,7.999999999999874,False,0,False,307,closest_approach,3.0699999999999785,,,-3.0969620622893785,0.22510534685403627,0.22510534685403627,2.959999999999981,0.10999999999999766,-0.2066183878882348,0.5563949863510154,0.5935204621999814,0.5626080999016131,0.7457916626144702,14.06978148061348,19.451016550469117,4.682801696290914,-0.1285506243271245,-0.22965222561003618,0.5935204621999814,False,False,True,True,False,False,False,False,False,False,False
G3,ppo_privilege_gru_0721_clip020,20,evaluation-sp4-ego171-raceline2-v0.8,ol2_e171_o194_s0.8,True,overtake,False,False,,5.435790282390815,0.9689734432336365,801,7.999999999999874,False,0,False,664,closest_approach,6.639999999999903,,,-2.9674902499793063,0.5938860387458078,0.5938860387458078,6.119999999999914,0.5199999999999889,-0.5465753530921439,0.49352295718213096,0.7364166795188695,0.5562336029764418,0.9712997635472999,8.056516194620404,10.514140272505337,1.9975209750231198,0.45739477982796467,0.6440676597011503,0.7364166795188695,False,False,True,True,True,False,False,False,False,False,False
G3,ppo_privilege_gru_0721_clip020,20,evaluation-sp45-ego1924-raceline0-v0.7,ol0_e1924_o1919_s0.7,False,overtake,False,False,,5.621066184355912,7.369288026222534,801,7.999999999999874,False,0,False,577,closest_approach,5.769999999999921,,,-3.036418303031155,0.2551736515179073,0.2551736515179073,5.659999999999924,0.10999999999999766,-0.16379561642306667,-1.0611724427757072,1.0737392408150006,1.0686507847471012,1.1541305882747206,1.8160073116434203,2.213193932887852,0.31333584180221363,0.052549403674454265,-0.039147651280750706,1.0737392408150006,False,False,True,True,False,False,False,False,False,False,False
G3,ppo_privilege_gru_0721_clip020,20,evaluation-sp5-ego213-raceline0-v0.7,ol0_e213_o221_s0.7,True,ego_collision,True,True,3.3499999999999726,4.7700587383716355,0.34260682389265185,335,3.3399999999999728,False,0,False,334,nearest_preterminal_frame,3.3399999999999728,3.3499999999999726,0.009999999999999787,-3.1763834205093247,0.33149379000767,0.33149379000767,3.1199999999999775,0.2199999999999953,-0.29343447436497294,-0.3335380306982,0.4442425110993784,0.3335557127920268,0.6720441978021725,6.846144127814993,8.420773235970964,1.2724579032018473,0.32913072291281553,0.11577136763600993,0.4329394133763411,True,False,True,True,True,True,True,True,True,False,False
G3,ppo_privilege_gru_0721_clip020,20,evaluation-sp9-ego384-raceline0-v0.7,ol0_e384_o391_s0.7,False,overtake,False,False,,5.339787048247105,1.441400666993161,801,7.999999999999874,False,0,False,706,closest_approach,7.059999999999894,,,-2.819123226821347,0.09114412298433194,0.09114412298433194,6.989999999999895,0.06999999999999851,-0.03589485812598875,-0.8462547570754507,0.8470156756003485,0.8835816527065518,0.9068376769994664,5.58991584509272,6.8219407926202,0.7108524556472657,-0.06472848687241117,-0.06849699850176671,0.8470156756003485,False,False,True,True,False,False,False,False,False,False,False
G6,ppo_privilege_gru_0722_clip015_tkl002,1,evaluation-sp1-ego42-raceline2-v0.7,ol2_e42_o63_s0.7,True,overtake,False,False,,5.50766117068425,4.406326733318252,802,8.009999999999874,True,1,False,481,closest_approach,4.809999999999942,,,-2.99293232204343,-0.37269428167738283,-0.37269428167738283,,,0.26309418535073464,0.5094193397302558,0.5733468531845068,0.7519449724281708,0.5101293821700044,11.990796865132154,13.90378501094058,2.1845834988641166,0.03225593481559663,0.40021382717439713,0.5733468531845068,False,False,False,False,False,False,False,False,False,False,False
G6,ppo_privilege_gru_0722_clip015_tkl002,1,evaluation-sp12-ego513-raceline0-v0.8,ol0_e513_o523_s0.8,False,overtake,False,False,,5.792927525160327,1.041553294286615,802,8.009999999999874,True,1,False,717,closest_approach,7.169999999999892,,,-2.918793232532323,0.2732216514852439,0.2732216514852439,6.969999999999896,0.19999999999999574,-0.19746724450109385,-0.8043260563256195,0.8282111551622439,0.8096312220539323,0.9405130085999942,1.551758658154455,1.9626202307759677,0.29045301046457705,0.09310209245566681,0.03206312604327677,0.8282111551622439,False,False,True,True,False,False,False,False,False,False,False
G6,ppo_privilege_gru_0722_clip015_tkl002,1,evaluation-sp13-ego556-raceline0-v0.8,ol0_e556_o565_s0.8,True,ego_collision,True,True,7.059999999999894,5.347578331599742,0.336226001925354,707,7.059999999999894,True,1,True,706,terminal_collision_flag,7.059999999999894,7.059999999999894,0.0,-3.042886322651867,0.336226001925354,0.336226001925354,6.839999999999899,0.2199999999999953,-0.14023944798821233,-0.48188239727103943,0.5018742348155785,0.5046175460074285,0.646000485607314,18.256663315449494,23.823718128778154,5.005899346143776,0.2653932960622847,0.21198339680675327,0.5018742348155785,True,False,True,True,True,True,True,True,True,True,False
G6,ppo_privilege_gru_0722_clip015_tkl002,1,evaluation-sp15-ego641-raceline2-v0.7,ol2_e641_o661_s0.7,True,ego_collision,True,True,4.369999999999951,4.681616949875523,0.2634561926437584,438,4.369999999999951,True,1,True,437,terminal_collision_flag,4.369999999999951,4.369999999999951,0.0,-3.120405458589886,0.26661535934735525,0.2634561926437584,4.1699999999999555,0.19999999999999574,-0.3720806067053177,0.30592670371524744,0.4817002448953852,0.31674654543213226,0.7293434566933183,17.847149230166266,24.39879882263631,5.1371921738269615,0.19108398821605987,0.5020440671838385,0.46300687776249383,True,False,True,True,True,True,True,True,True,True,False
G6,ppo_privilege_gru_0722_clip015_tkl002,1,evaluation-sp2-ego85-raceline2-v0.8,ol2_e85_o106_s0.8,True,ego_collision,True,True,6.009999999999916,5.436644448402194,0.03322316112411272,602,6.009999999999916,True,1,True,601,terminal_collision_flag,6.009999999999916,6.009999999999916,0.0,-2.990392967341876,0.060681524848206436,0.03322316112411272,5.84999999999992,0.1599999999999966,-0.017971228680801282,0.3170693506735902,0.31757823948890096,0.4177710204908964,0.442017251735421,8.001111225464333,10.910787357172312,1.7022977118546752,0.36297241994851537,0.43225768104091444,0.31757823948890096,True,False,True,True,True,True,True,True,True,True,False
G6,ppo_privilege_gru_0722_clip015_tkl002,1,evaluation-sp21-ego898-raceline0-v0.7,ol0_e898_o902_s0.7,True,ego_collision,True,True,6.109999999999914,4.9597369126864175,0.2036599898810323,612,6.109999999999914,True,1,True,611,terminal_collision_flag,6.109999999999914,6.109999999999914,0.0,-2.9938366206783087,0.2763319982938697,0.2036599898810323,5.699999999999923,0.40999999999999126,-0.02794572612264834,-0.4405117623673529,0.4413972999379507,0.5125651717014893,0.5432679794941436,14.240735600954164,18.88459736062516,3.675693972175485,0.3203320395467657,0.17023385925005097,0.4413972999379507,True,False,True,True,True,True,True,True,True,True,False
G6,ppo_privilege_gru_0722_clip015_tkl002,1,evaluation-sp30-ego1283-raceline0-v0.7,ol0_e1283_o1279_s0.7,False,ego_collision,True,True,7.369999999999887,4.537862047246142,0.38116186941459773,738,7.369999999999887,True,1,True,737,terminal_collision_flag,7.369999999999887,7.369999999999887,0.0,-2.7444438072821526,0.38116186941459773,0.38116186941459773,6.119999999999914,1.2499999999999734,-0.06341026428958188,-0.4267148088246099,0.43140049801489333,0.48314432253679696,0.5540616779524239,4.270512972890282,2.4900210614383975,1.6989624823480305,0.2190297925126483,0.24106241503020964,0.43140049801489333,True,False,True,True,True,True,True,True,False,False,False
G6,ppo_privilege_gru_0722_clip015_tkl002,1,evaluation-sp37-ego1582-raceline2-v0.7,ol2_e1582_o1611_s0.7,True,ego_collision,True,True,3.179999999999976,4.45086794579231,0.4332894580781499,319,3.179999999999976,True,1,True,318,terminal_collision_flag,3.179999999999976,3.179999999999976,0.0,-3.0969620622893785,0.4332894580781499,0.4332894580781499,2.8899999999999824,0.2899999999999938,-0.45865702245819623,0.30299551436557765,0.5497022339193095,0.3467729414907188,0.8076469643362953,16.172557768760495,22.232349265797268,5.0015601767626805,0.32155871246799844,0.30744789991243365,0.47529626828420174,True,False,True,True,True,True,True,True,True,True,False
G6,ppo_privilege_gru_0722_clip015_tkl002,1,evaluation-sp4-ego171-raceline2-v0.8,ol2_e171_o194_s0.8,True,overtake,False,False,,5.397452285314812,0.5936861081516724,802,8.009999999999874,True,1,False,679,closest_approach,6.7899999999999,,,-2.9674902499793063,0.59218319644296,0.59218319644296,6.179999999999913,0.609999999999987,-0.5336859820516997,0.4165475732635405,0.6770026648619869,0.48259168936094,0.9230224687515562,8.031006561211182,10.529779906783338,1.6666821073928872,0.4577061481863751,0.7813183169797248,0.6770026648619869,False,False,True,True,True,False,False,False,False,False,False
G6,ppo_privilege_gru_0722_clip015_tkl002,1,evaluation-sp45-ego1924-raceline0-v0.7,ol0_e1924_o1919_s0.7,False,overtake,False,False,,5.04357014569375,3.728154804742161,802,8.009999999999874,True,1,False,661,closest_approach,6.6099999999999035,,,-3.036418303031155,0.6989239441259656,0.6989239441259656,6.1399999999999135,0.46999999999999,-0.14446365290597307,-0.5156093695097363,0.5354650025325328,0.5357554015142553,0.6742489804387024,10.833552250887738,13.74372856207988,2.4693901394446267,0.17639630853965715,0.14597256105985124,0.5354650025325328,False,False,True,True,True,False,False,False,False,False,False
G6,ppo_privilege_gru_0722_clip015_tkl002,1,evaluation-sp5-ego213-raceline0-v0.7,ol0_e213_o221_s0.7,True,ego_collision,True,True,3.329999999999973,4.799581189923387,0.44739147260304435,334,3.329999999999973,True,1,True,333,terminal_collision_flag,3.329999999999973,3.329999999999973,0.0,-3.1763834205093247,0.44739147260304435,0.44739147260304435,3.0599999999999787,0.26999999999999424,-0.4114404454405338,-0.3272678681152058,0.5257256866893386,0.34907311453256756,0.7740303327392838,6.882551874014508,8.608776535288033,1.145476601619595,0.30869795063849825,0.06632001799301845,0.4661895838707101,True,False,True,True,True,True,True,True,True,False,False
G6,ppo_privilege_gru_0722_clip015_tkl002,1,evaluation-sp9-ego384-raceline0-v0.7,ol0_e384_o391_s0.7,False,overtake,False,False,,5.323229551523503,1.1692265477180115,802,8.009999999999874,True,1,False,746,closest_approach,7.459999999999885,,,-2.819123226821347,0.4426459172519799,0.4426459172519799,7.119999999999893,0.33999999999999275,-0.3530817199041024,-0.6454392676520974,0.7357027586992689,0.6485145731695899,0.9111234530523808,2.0160410112828484,2.4753059945309346,0.24103104792125032,0.20872880733078214,0.21045588626078982,0.7357027586992689,False,False,True,True,True,False,False,False,False,False,False
G6,ppo_privilege_gru_0722_clip015_tkl002,5,evaluation-sp1-ego42-raceline2-v0.7,ol2_e42_o63_s0.7,True,overtake,False,False,,5.491636176323495,4.289065346532055,802,8.009999999999874,True,1,False,489,closest_approach,4.88999999999994,,,-2.99293232204343,-0.4720220660007328,-0.4720220660007328,,,0.3603605928482174,0.5157879688264954,0.6292034533154442,0.8300639309812508,0.520564925645317,10.138254014171073,11.839896466206085,1.8047772651053269,-0.022408262239627108,0.4196234589926596,0.6292034533154442,False,False,False,False,False,False,False,False,False,False,False
G6,ppo_privilege_gru_0722_clip015_tkl002,5,evaluation-sp12-ego513-raceline0-v0.8,ol0_e513_o523_s0.8,False,ego_collision,True,True,7.089999999999893,5.936703165181199,0.40413886418539846,710,7.089999999999893,True,1,True,709,terminal_collision_flag,7.089999999999893,7.089999999999893,0.0,-2.918793232532323,0.40413886418539846,0.40413886418539846,5.619999999999925,1.4699999999999687,-0.3664892090686512,-0.3549471328827699,0.510197812133161,0.36309512010717876,0.7463012453193965,4.676412181270422,5.4987982955778465,0.9061882416042815,0.028339395991792193,-0.006711362349101968,0.33732118286145113,True,False,True,True,False,True,False,False,False,False,False
G6,ppo_privilege_gru_0722_clip015_tkl002,5,evaluation-sp13-ego556-raceline0-v0.8,ol0_e556_o565_s0.8,True,overtake,False,False,,5.120796394873105,0.16641102798442375,802,8.009999999999874,True,1,False,723,closest_approach,7.22999999999989,,,-3.042886322651867,-0.07422624329387872,-0.10056098699692484,,,0.07446317909942189,-0.46423535057892074,0.47016935860254233,0.5902100216417803,0.5118306183602749,11.520744276121292,15.418133002396539,3.1671593982486144,0.13279370780524646,0.2661090579096961,0.47016935860254233,False,False,False,False,True,False,False,False,False,False,False
G6,ppo_privilege_gru_0722_clip015_tkl002,5,evaluation-sp15-ego641-raceline2-v0.7,ol2_e641_o661_s0.7,True,ego_collision,True,True,4.379999999999951,4.6654107042277,0.2016590823340323,439,4.379999999999951,True,1,True,438,terminal_collision_flag,4.379999999999951,4.379999999999951,0.0,-3.120405458589886,0.2016590823340323,0.2016590823340323,4.239999999999954,0.13999999999999702,-0.2847947872716815,0.317913672979535,0.42682218115330073,0.31795628269761517,0.656854741127775,18.075354157415774,24.594635271759802,5.204374547912987,0.13234503349203075,0.5186874423340971,0.42292747798929076,True,False,True,True,True,True,True,True,True,True,False
G6,ppo_privilege_gru_0722_clip015_tkl002,5,evaluation-sp2-ego85-raceline2-v0.8,ol2_e85_o106_s0.8,True,follow,False,False,,5.3883664682577574,-0.3164975127913294,802,8.009999999999874,True,1,False,602,closest_approach,6.019999999999916,,,-2.990392967341876,-0.06643856497325373,-0.07508726230273055,,,0.09018125993131404,0.3948753752392294,0.40504224670165145,0.5481462873843839,0.4425540541594431,8.006588520122397,10.946441956815988,1.8188837550361947,0.2863128932952898,0.3125041510068897,0.40504224670165145,False,False,False,False,True,False,False,False,False,False,False
G6,ppo_privilege_gru_0722_clip015_tkl002,5,evaluation-sp21-ego898-raceline0-v0.7,ol0_e898_o902_s0.7,True,ego_collision,True,True,6.099999999999914,4.945827117947371,0.10810098254037825,611,6.099999999999914,True,1,True,610,terminal_collision_flag,6.099999999999914,6.099999999999914,0.0,-2.9938366206783087,0.20494993797561278,0.10810098254037825,5.7199999999999225,0.3799999999999919,0.019360662925341776,-0.4322266839432318,0.43266007625094216,0.5315297979212166,0.5099662313180873,12.757852314602404,17.806516248437834,3.9966696906076047,0.33128620768972383,0.1504233832308336,0.43266007625094216,True,False,True,False,True,False,False,False,False,False,False
G6,ppo_privilege_gru_0722_clip015_tkl002,5,evaluation-sp30-ego1283-raceline0-v0.7,ol0_e1283_o1279_s0.7,False,ego_collision,True,True,7.299999999999889,4.572029899897773,0.40030999378376464,731,7.299999999999889,True,1,True,730,terminal_collision_flag,7.299999999999889,7.299999999999889,0.0,-2.7444438072821526,0.40030999378376464,0.40030999378376464,6.129999999999914,1.169999999999975,-0.0734650719137428,-0.44773238820774763,0.4537195259645596,0.4973446154645024,0.576689821265709,4.304055649846878,2.189944289504925,1.7469608002516797,0.21919772880778632,0.2392282847805709,0.4537195259645596,True,False,True,True,True,True,True,True,False,False,False
G6,ppo_privilege_gru_0722_clip015_tkl002,5,evaluation-sp37-ego1582-raceline2-v0.7,ol2_e1582_o1611_s0.7,True,overtake,False,False,,6.2336570042621045,11.40332869549917,802,8.009999999999874,True,1,False,307,closest_approach,3.0699999999999785,,,-3.0969620622893785,0.18671694818470996,0.18671694818470996,2.949999999999981,0.11999999999999744,-0.18330137260780272,0.4299985758990993,0.4674378765944818,0.44303879329312956,0.6394630283196078,16.445861076693138,22.698749122231188,5.308626677799439,-0.00698163305505084,0.3027366685910351,0.4674378765944818,False,False,True,True,False,False,False,False,False,False,False
G6,ppo_privilege_gru_0722_clip015_tkl002,5,evaluation-sp4-ego171-raceline2-v0.8,ol2_e171_o194_s0.8,True,overtake,False,False,,5.437831862038638,0.9866895007033634,802,8.009999999999874,True,1,False,670,closest_approach,6.699999999999902,,,-2.9674902499793063,0.5889745764593215,0.5889745764593215,6.169999999999913,0.5299999999999887,-0.5301019046452189,0.45846663050725145,0.7008563908513364,0.5175331640609464,0.93955243881935,7.526950618197636,9.889161766987465,1.7326759799598626,0.4514896906428866,0.6586227178163336,0.7008563908513364,False,False,True,True,True,False,False,False,False,False,False
G6,ppo_privilege_gru_0722_clip015_tkl002,5,evaluation-sp45-ego1924-raceline0-v0.7,ol0_e1924_o1919_s0.7,False,overtake,False,False,,5.09092709153515,4.092355768613203,802,8.009999999999874,True,1,False,604,closest_approach,6.039999999999916,,,-3.036418303031155,-0.17143644063310148,-0.17143644063310148,,,0.08915804488185988,-0.5064735783727441,0.5142612590472355,0.6326739354425205,0.5448421574413723,5.151550473137846,6.362026596681531,1.334487703516681,-0.05875145932064496,0.07483657187669279,0.5142612590472355,False,False,False,False,False,False,False,False,False,False,False
G6,ppo_privilege_gru_0722_clip015_tkl002,5,evaluation-sp5-ego213-raceline0-v0.7,ol0_e213_o221_s0.7,True,ego_collision,True,True,3.319999999999973,4.801847103536409,0.4536656816677862,333,3.319999999999973,True,1,True,332,terminal_collision_flag,3.319999999999973,3.319999999999973,0.0,-3.1763834205093247,0.4536656816677862,0.4536656816677862,3.0599999999999787,0.25999999999999446,-0.41556216687106423,-0.3319513863300038,0.5318680639227982,0.3549050304458482,0.7797497638385041,6.996928867414295,8.692611710578038,1.2043790042156735,0.2964046324994916,0.07124337718030233,0.4626352319238774,True,False,True,True,True,True,True,True,True,False,False
G6,ppo_privilege_gru_0722_clip015_tkl002,5,evaluation-sp9-ego384-raceline0-v0.7,ol0_e384_o391_s0.7,False,overtake,False,False,,5.358181782581584,1.4594551777421714,802,8.009999999999874,True,1,False,733,closest_approach,7.329999999999888,,,-2.819123226821347,0.3127155432462132,0.3127155432462132,7.089999999999893,0.23999999999999488,-0.24048658654190594,-0.6948690715955411,0.7353072996826748,0.6966308956487083,0.8742191059230703,3.259955847957812,4.031504161873589,0.2271214271996284,0.14324561168900252,0.10119766782099593,0.7353072996826748,False,False,True,True,True,False,False,False,False,False,False
G6,ppo_privilege_gru_0722_clip015_tkl002,10,evaluation-sp1-ego42-raceline2-v0.7,ol2_e42_o63_s0.7,True,overtake,False,False,,5.605104716509424,5.143433047664416,802,8.009999999999874,True,1,False,466,closest_approach,4.659999999999945,,,-2.99293232204343,-0.07505874470029994,-0.07505874470029994,,,-0.0016152965792052276,0.5382632505871383,0.5382656742870302,0.6106497065419193,0.6121820057234697,11.833806690820358,13.798683861596757,2.1632738119507717,0.11809375174993686,0.28215514819464294,0.5382656742870302,False,False,False,True,True,False,False,False,False,False,False
G6,ppo_privilege_gru_0722_clip015_tkl002,10,evaluation-sp12-ego513-raceline0-v0.8,ol0_e513_o523_s0.8,False,ego_collision,True,True,5.709999999999923,6.069084711828504,0.28894342177557064,572,5.709999999999923,True,1,True,571,terminal_collision_flag,5.709999999999923,5.709999999999923,0.0,-2.918793232532323,0.28894342177557064,0.28894342177557064,5.419999999999929,0.2899999999999938,-0.26933442283114606,-0.3179652538084574,0.41670485232507587,0.3186361070393602,0.6433948237228273,5.386468058428977,6.332322762334413,0.7367035567565928,0.31352149800108586,0.3356930010362573,0.3968175947774536,True,False,True,True,True,True,True,True,True,False,False
G6,ppo_privilege_gru_0722_clip015_tkl002,10,evaluation-sp13-ego556-raceline0-v0.8,ol0_e556_o565_s0.8,True,ego_collision,True,True,7.159999999999892,5.280709652843354,0.1239437952812068,717,7.159999999999892,True,1,True,716,terminal_collision_flag,7.159999999999892,7.159999999999892,0.0,-3.042886322651867,0.1239437952812068,0.1239437952812068,7.019999999999895,0.13999999999999702,0.00023990512558823285,-0.4505447209410038,0.450544784813093,0.5359381942865403,0.5356785026015465,13.540212257325953,18.1591110191496,3.95205926934469,0.2681557532777415,0.3427784347496939,0.450544784813093,True,False,True,False,True,False,False,False,False,False,False
G6,ppo_privilege_gru_0722_clip015_tkl002,10,evaluation-sp15-ego641-raceline2-v0.7,ol2_e641_o661_s0.7,True,ego_collision,True,True,4.369999999999951,4.675087558287743,0.17253872867877362,438,4.369999999999951,True,1,True,437,terminal_collision_flag,4.369999999999951,4.369999999999951,0.0,-3.120405458589886,0.17253872867877362,0.17253872867877362,4.249999999999954,0.11999999999999744,-0.2600974168184862,0.3063612272399314,0.40188041478978076,0.3078170983504397,0.6296541666234952,18.239238735555507,24.474100733283276,5.058063703645655,0.018295213783052933,0.5171926784158135,0.39879702583115995,True,False,True,True,False,True,False,False,False,False,False
G6,ppo_privilege_gru_0722_clip015_tkl002,10,evaluation-sp2-ego85-raceline2-v0.8,ol2_e85_o106_s0.8,True,ego_collision,True,True,5.709999999999923,5.585643285314644,0.47943134847815827,572,5.709999999999923,True,1,True,571,terminal_collision_flag,5.709999999999923,5.709999999999923,0.0,-2.990392967341876,0.47943134847815827,0.47943134847815827,5.419999999999929,0.2899999999999938,-0.4394328944136183,0.3485728795175129,0.5608959984059976,0.3792535329670143,0.8084401027829826,10.747649127553077,14.329628576084433,2.8249704414047088,0.3694477676180733,0.5710237936141507,0.5512253562310536,True,False,True,True,True,True,True,True,True,True,False
G6,ppo_privilege_gru_0722_clip015_tkl002,10,evaluation-sp21-ego898-raceline0-v0.7,ol0_e898_o902_s0.7,True,overtake,False,False,,5.347504815851384,4.10865368788609,802,8.009999999999874,True,1,False,607,closest_approach,6.069999999999915,,,-2.9938366206783087,0.727108685818024,0.6590300063604104,5.509999999999927,0.5599999999999881,-0.3831427892304437,-0.5227049435739157,0.6480886166072465,0.5309388262523633,0.8522568114890909,11.588911425016745,16.33095960657748,3.9667932261360805,0.270257458047106,0.3131443522463042,0.6480886166072465,False,False,True,True,True,False,False,False,False,False,False
G6,ppo_privilege_gru_0722_clip015_tkl002,10,evaluation-sp30-ego1283-raceline0-v0.7,ol0_e1283_o1279_s0.7,False,overtake,False,False,,5.196129671279303,6.536965351541767,802,8.009999999999874,True,1,False,574,closest_approach,5.739999999999922,,,-2.7444438072821526,0.012655865725093918,0.012655865725093918,5.739999999999922,0.0,0.009280273517000892,-0.8039112779594209,0.8039648414619259,0.85781234832961,0.8515144788358205,1.3073663981977997,1.6046074600858347,0.27875197615288155,-0.08758633772380409,-0.11670101487455731,0.8039648414619259,False,False,True,False,False,False,False,False,False,False,False
G6,ppo_privilege_gru_0722_clip015_tkl002,10,evaluation-sp37-ego1582-raceline2-v0.7,ol2_e1582_o1611_s0.7,True,overtake,False,False,,6.34103805427461,12.390543432431457,802,8.009999999999874,True,1,False,294,closest_approach,2.9399999999999813,,,-3.0969620622893785,0.24219768207711923,0.24219768207711923,2.869999999999983,0.06999999999999851,-0.2552191264705697,0.6233079675923263,0.6735351698170461,0.62427760782167,0.8281163676280089,14.428378700415255,19.903627167832678,4.545883249910382,-0.09630752609907556,-0.12885117141821512,0.6735351698170461,False,False,True,True,False,False,False,False,False,False,False
G6,ppo_privilege_gru_0722_clip015_tkl002,10,evaluation-sp4-ego171-raceline2-v0.8,ol2_e171_o194_s0.8,True,overtake,False,False,,5.49207877310606,1.3737726196545452,802,8.009999999999874,True,1,False,655,closest_approach,6.549999999999905,,,-2.9674902499793063,0.5952504585509644,0.5952504585509644,6.069999999999915,0.47999999999998977,-0.5573412125930146,0.575342673509386,0.8010295994628287,0.6344214024697081,1.024210096864666,7.89516384945079,10.36325036280103,1.9753270754929164,0.4253545650792715,0.5615090859648996,0.8010295994628287,False,False,True,True,True,False,False,False,False,False,False
G6,ppo_privilege_gru_0722_clip015_tkl002,10,evaluation-sp45-ego1924-raceline0-v0.7,ol0_e1924_o1919_s0.7,False,overtake,False,False,,5.446754040952304,6.202216489608588,802,8.009999999999874,True,1,False,588,closest_approach,5.879999999999919,,,-3.036418303031155,0.21296473539780436,0.21296473539780436,5.769999999999921,0.10999999999999766,-0.15239374824271534,-0.8371675868540841,0.8509250395790187,0.8484014668786114,0.9468694719777005,1.3472675622357602,1.6809030118993258,0.2995826637853613,0.08469500737055646,0.04778828954776515,0.8509250395790187,False,False,True,True,False,False,False,False,False,False,False
G6,ppo_privilege_gru_0722_clip015_tkl002,10,evaluation-sp5-ego213-raceline0-v0.7,ol0_e213_o221_s0.7,True,ego_collision,True,True,3.3599999999999723,4.837968741773414,0.5426930164132955,337,3.3599999999999723,True,1,True,336,terminal_collision_flag,3.3599999999999723,3.3599999999999723,0.0,-3.1763834205093247,0.5426930164132955,0.5426930164132955,3.049999999999979,0.3099999999999934,-0.4996195417541123,-0.3330659528571599,0.6004603362881157,0.39353942780597206,0.8569900522600143,6.867007475739713,8.519241023126048,1.2164368877321678,0.3010269274366366,0.10347738769002801,0.48291806870747156,True,False,True,True,True,True,True,True,True,False,False
G6,ppo_privilege_gru_0722_clip015_tkl002,10,evaluation-sp9-ego384-raceline0-v0.7,ol0_e384_o391_s0.7,False,ego_collision,True,True,7.69999999999988,5.225693424965357,0.4238556074644464,771,7.69999999999988,True,1,True,770,terminal_collision_flag,7.69999999999988,7.69999999999988,0.0,-2.819123226821347,0.4238556074644464,0.4238556074644464,6.969999999999896,0.7299999999999844,-0.41435793381566155,-0.3213665575654876,0.5243748293324881,0.34458868238001134,0.7742070545083917,4.6728269905801865,5.588177326360381,1.0214733904196067,0.2539966710414381,0.4964594217538192,0.46776140696680596,True,False,True,True,True,True,True,True,False,False,False
G6,ppo_privilege_gru_0722_clip015_tkl002,15,evaluation-sp1-ego42-raceline2-v0.7,ol2_e42_o63_s0.7,True,overtake,False,False,,5.544303855834498,4.7026147549414645,802,8.009999999999874,True,1,False,488,closest_approach,4.87999999999994,,,-2.99293232204343,-0.48054033742116076,-0.48054033742116076,,,0.3694888316928374,0.602077697358533,0.7064131584294641,0.8929854829638255,0.6073022542527283,8.114646420688562,10.137914967767705,1.753439421381195,-0.07827250585921486,0.2358621333213956,0.7064131584294641,False,False,False,False,False,False,False,False,False,False,False
G6,ppo_privilege_gru_0722_clip015_tkl002,15,evaluation-sp12-ego513-raceline0-v0.8,ol0_e513_o523_s0.8,False,overtake,False,False,,5.8543186677815395,1.8926543456218496,802,8.009999999999874,True,1,False,641,closest_approach,6.409999999999908,,,-2.918793232532323,0.2423103062797054,0.2423103062797054,5.919999999999918,0.48999999999998956,-0.254306740818669,-0.5401009098470559,0.59697647461473,0.5412790422403247,0.7667977705485713,4.398195809905903,5.1013376434454045,0.8360455683594205,0.13123461721024943,0.11548239577827513,0.59697647461473,False,False,True,True,True,False,False,False,False,False,False
G6,ppo_privilege_gru_0722_clip015_tkl002,15,evaluation-sp13-ego556-raceline0-v0.8,ol0_e556_o565_s0.8,True,ego_collision,True,True,7.099999999999893,5.332841256867562,0.2797252968838677,711,7.099999999999893,True,1,True,710,terminal_collision_flag,7.099999999999893,7.099999999999893,0.0,-3.042886322651867,0.2797252968838677,0.2797252968838677,6.919999999999897,0.17999999999999616,-0.10599087223863135,-0.47751748234658764,0.4891390507253837,0.5117443747088221,0.6203480610455195,15.991792577267962,21.168719426225884,4.247653758720597,0.2920537059545836,0.34095402704983646,0.4891390507253837,True,False,True,True,True,True,True,True,True,True,False
G6,ppo_privilege_gru_0722_clip015_tkl002,15,evaluation-sp15-ego641-raceline2-v0.7,ol2_e641_o661_s0.7,True,ego_collision,True,True,4.339999999999952,4.708744907086737,0.3010098769479157,435,4.339999999999952,True,1,True,434,terminal_collision_flag,4.339999999999952,4.339999999999952,0.0,-3.120405458589886,0.3010098769479157,0.3010098769479157,4.159999999999956,0.17999999999999616,-0.39949306591359973,0.3045854719047831,0.5023614429954862,0.3236681034309981,0.753772510535105,18.805642867866016,25.533809858543524,5.393154695220205,0.14324139089211074,0.5506574138563627,0.47410133632738316,True,False,True,True,True,True,True,True,True,True,False
G6,ppo_privilege_gru_0722_clip015_tkl002,15,evaluation-sp2-ego85-raceline2-v0.8,ol2_e85_o106_s0.8,True,ego_collision,True,True,5.81999999999992,5.511193385162224,0.24247309874743905,583,5.81999999999992,True,1,True,582,terminal_collision_flag,5.81999999999992,5.81999999999992,0.0,-2.990392967341876,0.24247309874743905,0.24247309874743905,5.589999999999925,0.2299999999999951,-0.19063674775845413,0.33736528722580605,0.38750187950624326,0.35169360659666205,0.5872197376798352,11.065385219598593,14.875507435011905,3.148652078220127,0.35292430532622354,0.547625413636135,0.38750187950624326,True,False,True,True,True,True,True,True,True,True,False
G6,ppo_privilege_gru_0722_clip015_tkl002,15,evaluation-sp21-ego898-raceline0-v0.7,ol0_e898_o902_s0.7,True,ego_collision,True,True,6.069999999999915,5.01531752346563,0.5104922292146341,608,6.069999999999915,True,1,True,607,terminal_collision_flag,6.069999999999915,6.069999999999915,0.0,-2.9938366206783087,0.571118498865701,0.5104922292146341,5.589999999999925,0.47999999999998977,-0.2452794868775957,-0.46481538659153643,0.5255619566665535,0.4669617413730707,0.7089269868499728,14.07772409191467,18.964012783252127,4.264809674010143,0.3164383396945124,0.21921673305741607,0.5255619566665535,True,False,True,True,True,True,True,True,True,True,False
G6,ppo_privilege_gru_0722_clip015_tkl002,15,evaluation-sp30-ego1283-raceline0-v0.7,ol0_e1283_o1279_s0.7,False,overtake,False,False,,5.272220668199002,6.953601386018988,802,8.009999999999874,True,1,False,556,closest_approach,5.559999999999926,,,-2.7444438072821526,-0.08429231479391319,-0.08429231479391319,,,0.0769283190226947,-0.8579238506898408,0.8613659500178432,0.933096846465202,0.8839869200485824,1.038940338402462,1.265708070527348,0.2598206132748315,-0.07374276253258882,-0.19374788965860146,0.8613659500178432,False,False,False,False,False,False,False,False,False,False,False
G6,ppo_privilege_gru_0722_clip015_tkl002,15,evaluation-sp37-ego1582-raceline2-v0.7,ol2_e1582_o1611_s0.7,True,overtake,False,False,,6.34998173680466,12.377589080998064,802,8.009999999999874,True,1,False,297,closest_approach,2.9699999999999807,,,-3.0969620622893785,0.28164817911192586,0.28164817911192586,2.869999999999983,0.09999999999999787,-0.26979236546038365,0.5509841637833328,0.6134912136296068,0.5513546020790115,0.7854623104692867,14.101681526734758,19.453872011425165,4.622794361740895,-0.057622091324153135,-0.09071552680153228,0.6134912136296068,False,False,True,True,False,False,False,False,False,False,False
G6,ppo_privilege_gru_0722_clip015_tkl002,15,evaluation-sp4-ego171-raceline2-v0.8,ol2_e171_o194_s0.8,True,overtake,False,False,,5.429142078148346,0.8340317558718198,802,8.009999999999874,True,1,False,675,closest_approach,6.7499999999999005,,,-2.9674902499793063,0.5619287275592342,0.5619287275592342,6.209999999999912,0.5399999999999885,-0.5059117153639423,0.4296697011273834,0.663748985543015,0.4808678829972896,0.9044841130282323,7.9710814927334015,10.512771558724832,1.6855138289695142,0.45010101412235065,0.7257055789444338,0.663748985543015,False,False,True,True,True,False,False,False,False,False,False
G6,ppo_privilege_gru_0722_clip015_tkl002,15,evaluation-sp45-ego1924-raceline0-v0.7,ol0_e1924_o1919_s0.7,False,overtake,False,False,,4.735449042559583,1.0669260743943596,802,8.009999999999874,True,1,False,683,closest_approach,6.829999999999899,,,-3.036418303031155,0.3039838030199462,0.20432684145634994,6.019999999999916,0.8099999999999827,-0.10315988442719204,-0.528399771864927,0.5383755944152173,0.560460121412904,0.6586205384208041,2.451259569790892,4.980522266282423,1.8935896594448614,0.040153558967722436,0.22455175210906686,0.5383755944152173,False,False,True,True,False,False,False,False,False,False,False
G6,ppo_privilege_gru_0722_clip015_tkl002,15,evaluation-sp5-ego213-raceline0-v0.7,ol0_e213_o221_s0.7,True,ego_collision,True,True,3.329999999999973,4.838023256620283,0.5744357439226633,334,3.329999999999973,True,1,True,333,terminal_collision_flag,3.329999999999973,3.329999999999973,0.0,-3.1763834205093247,0.5744357439226633,0.5744357439226633,3.0199999999999796,0.3099999999999934,-0.5304483287155403,-0.336034313294744,0.6279287293543592,0.413200264391937,0.8865971575657082,7.063718993214265,8.764213495420812,1.2261733603505216,0.2908058159238266,0.10503712177320468,0.49396657943019284,True,False,True,True,True,True,True,True,True,False,False
G6,ppo_privilege_gru_0722_clip015_tkl002,15,evaluation-sp9-ego384-raceline0-v0.7,ol0_e384_o391_s0.7,False,ego_collision,True,True,7.139999999999892,5.154413433286831,-0.08991146425577767,715,7.139999999999892,True,1,True,714,terminal_collision_flag,7.139999999999892,7.139999999999892,0.0,-2.819123226821347,-0.02643088289025286,-0.08991146425577767,,,0.15292292289080936,-0.33102580259165787,0.36464160805771967,0.5529546071818093,0.3582850918615652,8.093156511285631,9.653447448882904,1.337982902231218,0.4313745847736972,0.29976395132024397,0.36464160805771967,True,False,False,False,True,False,False,False,False,False,False
G6,ppo_privilege_gru_0722_clip015_tkl002,20,evaluation-sp1-ego42-raceline2-v0.7,ol2_e42_o63_s0.7,True,overtake,False,False,,5.587240912845495,5.028194061528609,802,8.009999999999874,True,1,False,474,closest_approach,4.739999999999943,,,-2.99293232204343,-0.24873010899440828,-0.24873010899440828,,,0.1507774569662571,0.5277043591487371,0.5488221316545013,0.687573019565355,0.5457607599977867,11.38204395089676,13.50322824810384,2.248694966054602,0.06574377088848726,0.32221039412202046,0.5488221316545013,False,False,False,False,False,False,False,False,False,False,False
G6,ppo_privilege_gru_0722_clip015_tkl002,20,evaluation-sp12-ego513-raceline0-v0.8,ol0_e513_o523_s0.8,False,ego_collision,True,True,6.949999999999896,5.951811006967416,0.2671949029304699,696,6.949999999999896,True,1,True,695,terminal_collision_flag,6.949999999999896,6.949999999999896,0.0,-2.918793232532323,0.2671949029304699,0.2671949029304699,5.699999999999923,1.2499999999999734,-0.22932097178550587,-0.34878650419292184,0.41742081118191493,0.35402538040679293,0.6255767716622487,2.391677253943571,2.8865729131465168,0.5065131830016442,0.0009404682678171294,0.07458908044823359,0.34941295111842835,True,False,True,True,False,True,False,False,False,False,False
G6,ppo_privilege_gru_0722_clip015_tkl002,20,evaluation-sp13-ego556-raceline0-v0.8,ol0_e556_o565_s0.8,True,ego_collision,True,True,7.119999999999893,5.278319434920569,0.07632025622419292,713,7.119999999999893,True,1,True,712,terminal_collision_flag,7.119999999999893,7.119999999999893,0.0,-3.042886322651867,0.07632025622419292,0.07632025622419292,6.969999999999896,0.1499999999999968,0.010403365855257715,-0.4437984605796407,0.44392037983626886,0.5359097459741021,0.524529647815953,12.861476592557539,17.646258807595945,4.0669943172636,0.2476795537207258,0.24252832278488123,0.44392037983626886,True,False,True,False,True,False,False,False,False,False,False
G6,ppo_privilege_gru_0722_clip015_tkl002,20,evaluation-sp15-ego641-raceline2-v0.7,ol2_e641_o661_s0.7,True,ego_collision,True,True,4.319999999999952,4.721619854181051,0.2985611980599572,433,4.319999999999952,True,1,True,432,terminal_collision_flag,4.319999999999952,4.319999999999952,0.0,-3.120405458589886,0.2985611980599572,0.2985611980599572,4.149999999999956,0.16999999999999638,-0.4224021784023937,0.3068840337660377,0.5221124500522872,0.3342276874021867,0.7756898052527123,19.167084377937375,25.842851879470516,5.339533365692017,0.15161951091155634,0.5471825240772975,0.4898200128359415,True,False,True,True,True,True,True,True,True,True,False
G6,ppo_privilege_gru_0722_clip015_tkl002,20,evaluation-sp2-ego85-raceline2-v0.8,ol2_e85_o106_s0.8,True,ego_collision,True,True,5.84999999999992,5.496424110320845,0.19081633088353556,586,5.84999999999992,True,1,True,585,terminal_collision_flag,5.84999999999992,5.84999999999992,0.0,-2.990392967341876,0.19081633088353556,0.19081633088353556,5.639999999999924,0.20999999999999552,-0.148923008299232,0.32548369103691044,0.35793532311285525,0.35474265421337414,0.5464366755127794,11.089341214323674,14.76799175389809,2.9830923303254333,0.3419636425182483,0.5413749375063048,0.35793532311285525,True,False,True,True,True,True,True,True,True,True,False
G6,ppo_privilege_gru_0722_clip015_tkl002,20,evaluation-sp21-ego898-raceline0-v0.7,ol0_e898_o902_s0.7,True,overtake,False,False,,5.178242868945843,2.5211616522541647,802,8.009999999999874,True,1,False,645,closest_approach,6.449999999999907,,,-2.9938366206783087,0.41941307163301644,0.254539463865882,5.619999999999925,0.8299999999999823,-0.16190460514420363,-0.5029533727818233,0.5283703212326675,0.519009176581565,0.6761507726410954,10.547822784885751,14.914714436851249,2.9911942357666828,0.26531563106888634,0.10944225768311322,0.5283703212326675,False,False,True,True,True,False,False,False,False,False,False
G6,ppo_privilege_gru_0722_clip015_tkl002,20,evaluation-sp30-ego1283-raceline0-v0.7,ol0_e1283_o1279_s0.7,False,overtake,False,False,,5.059928922980521,5.86254852867927,802,8.009999999999874,True,1,False,609,closest_approach,6.089999999999915,,,-2.7444438072821526,-0.07042027753755065,-0.07042027753755065,,,0.05676689292962822,-0.5295274022167242,0.5325614986377407,0.6329664665134013,0.5786164117375966,2.286182032916097,2.953008621543162,0.6887372327650501,-0.12407240526312396,-0.1260973510151573,0.5325614986377407,False,False,False,False,False,False,False,False,False,False,False
G6,ppo_privilege_gru_0722_clip015_tkl002,20,evaluation-sp37-ego1582-raceline2-v0.7,ol2_e1582_o1611_s0.7,True,overtake,False,False,,6.335452057824019,12.18178823673395,802,8.009999999999874,True,1,False,301,closest_approach,3.00999999999998,,,-3.0969620622893785,0.19262267849205728,0.19262267849205728,2.899999999999982,0.10999999999999766,-0.1983782600516424,0.432053080459357,0.4754196024519147,0.44166096450284587,0.6520607251057905,17.173419726056167,23.516297498192113,5.399440589356743,-0.01665246050934943,0.35029791255679377,0.4754196024519147,False,False,True,True,False,False,False,False,False,False,False
G6,ppo_privilege_gru_0722_clip015_tkl002,20,evaluation-sp4-ego171-raceline2-v0.8,ol2_e171_o194_s0.8,True,overtake,False,False,,5.45633167994375,1.0967930970313375,802,8.009999999999874,True,1,False,670,closest_approach,6.699999999999902,,,-2.9674902499793063,0.5627134345350839,0.5627134345350839,6.209999999999912,0.48999999999998956,-0.5035174741526519,0.46136170870411664,0.6829234752411493,0.5083742106233464,0.9178913922921309,8.198812018101869,10.741464570993054,2.079816522988436,0.4504658449548601,0.6604807057988535,0.6829234752411493,False,False,True,True,True,False,False,False,False,False,False
G6,ppo_privilege_gru_0722_clip015_tkl002,20,evaluation-sp45-ego1924-raceline0-v0.7,ol0_e1924_o1919_s0.7,False,ego_collision,True,True,7.209999999999891,4.8944769233144845,0.5500731503070995,722,7.209999999999891,True,1,True,721,terminal_collision_flag,7.209999999999891,7.209999999999891,0.0,-3.036418303031155,0.5623906879130232,0.5500731503070995,5.9999999999999165,1.2099999999999742,-0.29137081509239443,-0.48267397129535233,0.5638005981316736,0.48267591787869857,0.7556230457094474,2.9799769780988568,6.833895279634153,2.7145395201175804,0.11166060138317885,0.11164897171169569,0.5638005981316736,True,False,True,True,True,True,True,False,False,False,False
G6,ppo_privilege_gru_0722_clip015_tkl002,20,evaluation-sp5-ego213-raceline0-v0.7,ol0_e213_o221_s0.7,True,ego_collision,True,True,3.2999999999999736,4.815399417713281,0.47878388210702383,331,3.2999999999999736,True,1,True,330,terminal_collision_flag,3.2999999999999736,3.2999999999999736,0.0,-3.1763834205093247,0.47878388210702383,0.47878388210702383,3.0299999999999794,0.26999999999999424,-0.4440785478952516,-0.3326175444508078,0.5548334773400397,0.3665714525136872,0.8059191928205248,7.396940378886003,9.055179251211753,1.3238074775746982,0.3041243012575372,0.09115534955674215,0.478097218306599,True,False,True,True,True,True,True,True,True,False,False
G6,ppo_privilege_gru_0722_clip015_tkl002,20,evaluation-sp9-ego384-raceline0-v0.7,ol0_e384_o391_s0.7,False,ego_collision,True,True,7.22999999999989,5.171804282017232,-0.02033844608794766,724,7.22999999999989,True,1,True,723,terminal_collision_flag,7.22999999999989,7.22999999999989,0.0,-2.819123226821347,0.001149749582395998,-0.02033844608794766,7.059999999999894,0.16999999999999638,0.09068052889339459,-0.3459117546173003,0.35760019617277217,0.5143662188178516,0.39922824742825536,6.5888445593712825,7.8974819819102615,1.1077195867199454,0.44089849775175805,0.36494053587612396,0.35760019617277217,True,False,True,False,True,False,False,False,False,False,False
G6,ppo_privilege_gru_0722_clip015_tkl004,1,evaluation-sp1-ego42-raceline2-v0.7,ol2_e42_o63_s0.7,True,overtake,False,False,,5.731880045050129,6.114149144309664,802,8.009999999999874,True,1,False,456,closest_approach,4.559999999999947,,,-2.99293232204343,0.30771962304311273,0.30771962304311273,4.3599999999999515,0.19999999999999574,-0.2958745874040618,0.4809898081390307,0.5647060890455718,0.48102568155015335,0.7580238965227292,6.709335212123132,8.545158119772225,1.5400357100239477,0.3002701428842225,0.2964902766499976,0.5647060890455718,False,False,True,True,True,False,False,False,False,False,False
G6,ppo_privilege_gru_0722_clip015_tkl004,1,evaluation-sp12-ego513-raceline0-v0.8,ol0_e513_o523_s0.8,False,overtake,False,False,,5.81300355209291,1.5736555730812256,802,8.009999999999874,True,1,False,575,closest_approach,5.749999999999922,,,-2.918793232532323,-0.13152799883317812,-0.13152799883317812,,,0.11287354536317618,-0.630724801249556,0.6407450445802487,0.7484122316376096,0.6551240766782295,5.512630108324839,6.530430097864773,0.7420234391094718,0.12071025468533647,0.007523602172197941,0.6407450445802487,False,False,False,False,True,False,False,False,False,False,False
G6,ppo_privilege_gru_0722_clip015_tkl004,1,evaluation-sp13-ego556-raceline0-v0.8,ol0_e556_o565_s0.8,True,ego_collision,True,True,7.139999999999892,5.315922816500439,0.2804594274373926,715,7.139999999999892,True,1,True,714,terminal_collision_flag,7.139999999999892,7.139999999999892,0.0,-3.042886322651867,0.2804594274373926,0.2804594274373926,6.9399999999998965,0.19999999999999574,-0.10223033304709223,-0.46922453014520993,0.4802319238502501,0.5053999480783501,0.6115687155604232,15.759942543068426,20.88030509549723,4.229919569228306,0.2837973065980206,0.3922650034411116,0.4802319238502501,True,False,True,True,True,True,True,True,True,True,False
G6,ppo_privilege_gru_0722_clip015_tkl004,1,evaluation-sp15-ego641-raceline2-v0.7,ol2_e641_o661_s0.7,True,ego_collision,True,True,4.40999999999995,4.638573262438607,0.17827603912007817,442,4.40999999999995,True,1,True,441,terminal_collision_flag,4.40999999999995,4.40999999999995,0.0,-3.120405458589886,0.17827603912007817,0.17827603912007817,4.279999999999953,0.12999999999999723,-0.19743064223056336,0.33186532198905383,0.3861521078933418,0.34453400113304394,0.5896806109447705,15.908008842138962,21.942593695610675,4.844396685849249,0.14535001664090674,0.41354465586398026,0.3861521078933418,True,False,True,True,True,True,True,True,True,True,False
G6,ppo_privilege_gru_0722_clip015_tkl004,1,evaluation-sp2-ego85-raceline2-v0.8,ol2_e85_o106_s0.8,True,ego_collision,True,True,6.009999999999916,5.45221944298197,0.0008451265994722235,602,6.009999999999916,True,1,True,601,terminal_collision_flag,6.009999999999916,6.009999999999916,0.0,-2.990392967341876,0.012551169628011394,0.0008451265994722235,5.909999999999918,0.09999999999999787,0.004904719554846171,0.33002659862365713,0.33006304257370617,0.4425904985591342,0.4361156666885534,8.647511383494924,11.6491304276937,1.8092962284365686,0.30904350122107394,0.3287919930621327,0.32901425864278105,True,False,True,False,True,False,False,False,False,False,False
G6,ppo_privilege_gru_0722_clip015_tkl004,1,evaluation-sp21-ego898-raceline0-v0.7,ol0_e898_o902_s0.7,True,overtake,False,False,,5.651156162103148,6.388663303008002,802,8.009999999999874,True,1,False,544,closest_approach,5.4399999999999284,,,-2.9938366206783087,0.49106063969043134,0.49106063969043134,5.169999999999934,0.26999999999999424,-0.1287195912193152,-0.7670862268718961,0.7778110391478317,0.7838575442725718,0.8739264131077813,5.196529476332487,6.70866293588785,1.5738694139788014,0.3137925371201591,0.40641616700692174,0.7778110391478317,False,False,True,True,True,False,False,False,False,False,False
G6,ppo_privilege_gru_0722_clip015_tkl004,1,evaluation-sp30-ego1283-raceline0-v0.7,ol0_e1283_o1279_s0.7,False,overtake,False,False,,5.247902623000773,6.895725328060109,802,8.009999999999874,True,1,False,548,closest_approach,5.479999999999928,,,-2.7444438072821526,-0.08734750745327347,-0.08734750745327347,,,0.08261448794674608,-0.8531461336386506,0.857136791277379,0.9309671755601235,0.8779903621066512,0.9629508757248189,1.1872462650223683,0.24535349624095726,-0.061502915156348203,-0.19586034597981516,0.857136791277379,False,False,False,False,False,False,False,False,False,False,False
G6,ppo_privilege_gru_0722_clip015_tkl004,1,evaluation-sp37-ego1582-raceline2-v0.7,ol2_e1582_o1611_s0.7,True,overtake,False,False,,6.288625249086425,11.940912880794428,802,8.009999999999874,True,1,False,291,closest_approach,2.909999999999982,,,-3.0969620622893785,0.2554140493449495,0.2554140493449495,2.809999999999984,0.09999999999999787,-0.2711345255424704,0.6236951706672994,0.6800805811481844,0.6239804260072742,0.8389681887112795,15.157611114723592,20.635301590582195,4.930374534239428,-0.03766148272404313,-0.2297304029880397,0.6800805811481844,False,False,True,True,False,False,False,False,False,False,False
G6,ppo_privilege_gru_0722_clip015_tkl004,1,evaluation-sp4-ego171-raceline2-v0.8,ol2_e171_o194_s0.8,True,ego_collision,True,True,6.849999999999898,5.264412838945724,0.49258816696774943,686,6.849999999999898,True,1,True,685,terminal_collision_flag,6.849999999999898,6.849999999999898,0.0,-2.9674902499793063,0.49258816696774943,0.49258816696774943,6.259999999999911,0.5899999999999874,-0.4384202454132748,0.34846247257639457,0.5600342903629122,0.3787540944235339,0.8074788843814988,6.662367899217069,8.908436472989985,1.3665347160379973,0.4483805103069735,0.7685298728575722,0.5600342903629122,True,False,True,True,True,True,True,True,True,False,False
G6,ppo_privilege_gru_0722_clip015_tkl004,1,evaluation-sp45-ego1924-raceline0-v0.7,ol0_e1924_o1919_s0.7,False,overtake,False,False,,5.738006236629537,8.295532889874352,802,8.009999999999874,True,1,False,531,closest_approach,5.309999999999931,,,-3.036418303031155,-0.029885613569774705,-0.029885613569774705,,,0.017685941969353525,-1.1210595622230428,1.1211990610926608,1.1625167443685656,1.1536591733492343,1.2303118839900435,1.4662723542050187,0.2777107408509431,-0.05506537557431135,-0.1189047626227242,1.1211990610926608,False,False,False,False,False,False,False,False,False,False,False
G6,ppo_privilege_gru_0722_clip015_tkl004,1,evaluation-sp5-ego213-raceline0-v0.7,ol0_e213_o221_s0.7,True,ego_collision,True,True,3.3599999999999723,4.846275291947784,0.5818796597755238,337,3.3599999999999723,True,1,True,336,terminal_collision_flag,3.3599999999999723,3.3599999999999723,0.0,-3.1763834205093247,0.5818796597755238,0.5818796597755238,3.0299999999999794,0.32999999999999297,-0.5389826230738347,-0.33260434973626324,0.6333466045058059,0.41547322423497973,0.8932176906117891,6.912630710983326,8.558049228999094,1.2264947920631282,0.30194947355927143,0.12287415502889804,0.49443313733193056,True,False,True,True,True,True,True,True,True,False,False
G6,ppo_privilege_gru_0722_clip015_tkl004,1,evaluation-sp9-ego384-raceline0-v0.7,ol0_e384_o391_s0.7,False,overtake,False,False,,5.376699169304591,1.666374117283084,802,8.009999999999874,True,1,False,600,closest_approach,5.9999999999999165,,,-2.819123226821347,-0.6296641985088911,-0.6296641985088911,,,0.554513034727343,-0.5782934385479026,0.8011916167497537,1.023535816125622,0.6359170123594944,3.142563756150556,3.7725820491229296,0.6751976271222271,-0.08149002763847951,-0.25550945078847254,0.8011916167497537,False,False,False,False,False,False,False,False,False,False,False
G6,ppo_privilege_gru_0722_clip015_tkl004,5,evaluation-sp1-ego42-raceline2-v0.7,ol2_e42_o63_s0.7,True,ego_collision,True,True,5.899999999999919,5.379108812424925,0.13708119336948243,591,5.899999999999919,True,1,True,590,terminal_collision_flag,5.899999999999919,5.899999999999919,0.0,-2.99293232204343,0.13708119336948243,0.13708119336948243,5.749999999999922,0.1499999999999968,-0.09059757010539769,0.3514526180909665,0.36294195468696805,0.40407953649110534,0.518047732485268,2.0425223662732095,2.4785732467744843,0.3692672319806868,0.1680407935327839,0.2314974843779143,0.36294195468696805,True,False,True,True,True,True,True,False,False,False,False
G6,ppo_privilege_gru_0722_clip015_tkl004,5,evaluation-sp12-ego513-raceline0-v0.8,ol0_e513_o523_s0.8,False,overtake,False,False,,5.703240407873571,0.3132224530426697,802,8.009999999999874,True,1,False,789,closest_approach,7.889999999999876,,,-2.918793232532323,0.43128150702671064,0.19685761918321987,7.4999999999998845,0.3899999999999917,-0.101532749259375,-0.7121718013139358,0.7193730421407957,0.7366875723048852,0.8127032473968223,14.751024111823444,18.834182154822223,3.6894568597221853,0.25000908124735866,0.4127937309990517,0.7193730421407957,False,False,True,True,True,False,False,False,False,False,False
G6,ppo_privilege_gru_0722_clip015_tkl004,5,evaluation-sp13-ego556-raceline0-v0.8,ol0_e556_o565_s0.8,True,overtake,False,False,,5.68680102399647,4.608062863334368,802,8.009999999999874,True,1,False,632,closest_approach,6.31999999999991,,,-3.042886322651867,0.34472538057579527,0.34472538057579527,6.179999999999913,0.13999999999999702,-0.09311011739007934,-0.835409369494715,0.8405821248396564,0.8582974079616608,0.9190659261914771,5.493818276942394,6.983164530169067,1.2715518039577227,0.18218221441321092,0.10482335275481292,0.8405821248396564,False,False,True,True,True,False,False,False,False,False,False
G6,ppo_privilege_gru_0722_clip015_tkl004,5,evaluation-sp15-ego641-raceline2-v0.7,ol2_e641_o661_s0.7,True,ego_collision,True,True,4.509999999999948,4.661877005825074,0.33445534484729933,452,4.509999999999948,True,1,True,451,terminal_collision_flag,4.509999999999948,4.509999999999948,0.0,-3.120405458589886,0.33445534484729933,0.33445534484729933,4.299999999999953,0.20999999999999552,-0.3908713241465139,0.3083350354468863,0.49784624747413914,0.32441565640255976,0.747433110136994,18.60976248814806,25.180570698627996,5.4349219251136205,0.16306245069286535,0.006531498750018627,0.44049522151059867,True,False,True,True,True,True,True,True,True,True,False
G6,ppo_privilege_gru_0722_clip015_tkl004,5,evaluation-sp2-ego85-raceline2-v0.8,ol2_e85_o106_s0.8,True,follow,False,False,,5.4980938985484835,-0.22903318771011527,802,8.009999999999874,True,1,False,601,closest_approach,6.009999999999916,,,-2.990392967341876,-0.38366075922508003,-0.3948070894944067,,,0.3137070459265333,0.4849269895060576,0.5775519853791174,0.7743490055864665,0.4855061371166907,9.739293765079688,11.945844981282235,1.7996051611371684,0.02394827407090261,-0.3929364916871529,0.5775519853791174,False,False,False,False,False,False,False,False,False,False,False
G6,ppo_privilege_gru_0722_clip015_tkl004,5,evaluation-sp21-ego898-raceline0-v0.7,ol0_e898_o902_s0.7,True,overtake,False,False,,6.058904426600556,9.538052620474133,802,8.009999999999874,True,1,False,425,closest_approach,4.249999999999954,,,-2.9938366206783087,0.1052055738781803,0.1052055738781803,4.199999999999955,0.049999999999998934,-0.06624552842412235,-1.1554300899941108,1.1573275953246729,1.1768962385928503,1.2091027952105566,1.5572151774832055,1.8439391640216023,0.28242071297505045,0.04915899063350326,0.04207380104368519,1.1573275953246729,False,False,True,True,False,False,False,False,False,False,False
G6,ppo_privilege_gru_0722_clip015_tkl004,5,evaluation-sp30-ego1283-raceline0-v0.7,ol0_e1283_o1279_s0.7,False,overtake,False,False,,5.381160989784937,7.769784183152012,802,8.009999999999874,True,1,False,533,closest_approach,5.329999999999931,,,-2.7444438072821526,0.04645091465891937,0.04645091465891937,5.309999999999931,0.019999999999999574,-0.021663006104601645,-1.0244226733356,1.0246516966645525,1.0589837373335234,1.0707827244675805,1.3964495986203327,1.6916336621875823,0.24840533937663697,-0.0016698803142700669,-0.05567871006785863,1.0246516966645525,False,False,True,True,False,False,False,False,False,False,False
G6,ppo_privilege_gru_0722_clip015_tkl004,5,evaluation-sp37-ego1582-raceline2-v0.7,ol2_e1582_o1611_s0.7,True,overtake,False,False,,6.219257561059321,11.394967665460229,802,8.009999999999874,True,1,False,278,closest_approach,2.7799999999999847,,,-3.0969620622893785,0.1273893506572108,0.1273893506572108,2.7399999999999856,0.03999999999999915,-0.23453225299495753,0.686685301592609,0.725632194102648,0.688921892801461,0.8641011444589681,14.584524615098955,19.645255344468207,4.48893207437999,-0.1568086243925969,-0.27175947875091533,0.725632194102648,False,False,True,True,False,False,False,False,False,False,False
G6,ppo_privilege_gru_0722_clip015_tkl004,5,evaluation-sp4-ego171-raceline2-v0.8,ol2_e171_o194_s0.8,True,ego_collision,True,True,6.729999999999901,5.309064133675797,0.5208723805243096,674,6.729999999999901,True,1,True,673,terminal_collision_flag,6.729999999999901,6.729999999999901,0.0,-2.9674902499793063,0.5208723805243096,0.5208723805243096,6.259999999999911,0.46999999999999,-0.4841001848625226,0.34442426665190606,0.5941220955684378,0.39535168802266263,0.8472657031078829,8.723610790238624,11.457593048663885,1.951539899915679,0.3978707823147757,0.5853596200190476,0.586008711820027,True,False,True,True,True,True,True,True,True,True,False
G6,ppo_privilege_gru_0722_clip015_tkl004,5,evaluation-sp45-ego1924-raceline0-v0.7,ol0_e1924_o1919_s0.7,False,overtake,False,False,,6.286560553116127,12.660809126907594,802,8.009999999999874,True,1,False,313,closest_approach,3.1299999999999772,,,-3.036418303031155,0.056181047980260246,0.056181047980260246,3.1099999999999777,0.019999999999999574,-0.059735295861580995,-1.1452185266045165,1.146775383085062,1.1681383940484849,1.197430687284073,1.065191100406373,1.2335123610051888,0.26968294488747513,0.014809907797204369,0.04766396302695619,1.146775383085062,False,False,True,True,False,False,False,False,False,False,False
G6,ppo_privilege_gru_0722_clip015_tkl004,5,evaluation-sp5-ego213-raceline0-v0.7,ol0_e213_o221_s0.7,True,overtake,False,False,,5.8546266709843895,8.66111540019827,802,8.009999999999874,True,1,False,307,closest_approach,3.0699999999999785,,,-3.1763834205093247,0.22119207967952548,0.22119207967952548,2.9699999999999807,0.09999999999999787,-0.20236239329034245,-0.5018848063342277,0.5411459110511143,0.5094788601492135,0.7030711807176704,8.076764922982042,10.322427720542015,1.448043031507109,0.16022459545750434,-0.26293515730525885,0.5411459110511143,False,False,True,True,True,False,False,False,False,False,False
G6,ppo_privilege_gru_0722_clip015_tkl004,5,evaluation-sp9-ego384-raceline0-v0.7,ol0_e384_o391_s0.7,False,overtake,False,False,,5.362996028228376,1.5296456194548966,802,8.009999999999874,True,1,False,727,closest_approach,7.269999999999889,,,-2.819123226821347,0.2964885129269703,0.2964885129269703,7.049999999999894,0.2199999999999953,-0.23489491512179814,-0.7577135199224178,0.7932877154118151,0.7597146494919352,0.9217616016052848,4.450822077659397,5.405346469025447,0.37469018211138927,0.11975505660537522,0.0636485138611963,0.7932877154118151,False,False,True,True,True,False,False,False,False,False,False
G6,ppo_privilege_gru_0722_clip015_tkl004,10,evaluation-sp1-ego42-raceline2-v0.7,ol2_e42_o63_s0.7,True,ego_collision,True,True,5.599999999999925,5.378509563793202,0.0791728109400367,561,5.599999999999925,True,1,True,560,terminal_collision_flag,5.599999999999925,5.599999999999925,0.0,-2.99293232204343,0.0791728109400367,0.0791728109400367,5.519999999999927,0.0799999999999983,-0.034258803477375144,0.34578978979003944,0.34748272523787577,0.4300861987112159,0.47404045223548025,1.6878555099591848,2.04674650595738,0.28575240834602667,0.15325084039877823,0.2824383361662531,0.34748272523787577,True,False,True,True,True,True,True,False,False,False,False
G6,ppo_privilege_gru_0722_clip015_tkl004,10,evaluation-sp12-ego513-raceline0-v0.8,ol0_e513_o523_s0.8,False,overtake,False,False,,5.72765348216931,0.4334322370539496,802,8.009999999999874,True,1,False,785,closest_approach,7.849999999999877,,,-2.918793232532323,0.5531164812776694,0.482556571694289,7.449999999999886,0.3999999999999915,-0.12374919279185337,-0.7544205453517101,0.7645025977492862,0.7725216438043222,0.8604294008137343,13.832451362575348,17.580948532605316,3.4623592485302206,0.23307062691188152,0.37363734585566544,0.7645025977492862,False,False,True,True,True,False,False,False,False,False,False
G6,ppo_privilege_gru_0722_clip015_tkl004,10,evaluation-sp13-ego556-raceline0-v0.8,ol0_e556_o565_s0.8,True,overtake,False,False,,5.768004000229661,5.211650003793494,802,8.009999999999874,True,1,False,617,closest_approach,6.169999999999913,,,-3.042886322651867,0.3457660717424744,0.3457660717424744,6.039999999999916,0.12999999999999723,-0.0662204598144693,-0.892774318469949,0.8952268612019648,0.9203929955867383,0.9612174570355627,5.16360848559849,6.434801149076754,1.122422297647467,0.1713100454211991,0.10948387522739678,0.8952268612019648,False,False,True,True,True,False,False,False,False,False,False
G6,ppo_privilege_gru_0722_clip015_tkl004,10,evaluation-sp15-ego641-raceline2-v0.7,ol2_e641_o661_s0.7,True,overtake,False,False,,5.84412520220179,8.440571789379362,802,8.009999999999874,True,1,False,421,closest_approach,4.209999999999955,,,-3.120405458589886,0.17457692392784452,0.17457692392784452,4.129999999999956,0.0799999999999983,-0.2738133086883471,0.5127156708665008,0.5812495911112076,0.5129711182198319,0.7620779528409067,17.033787767834497,22.993143284772497,4.889916536175158,-0.03607659279217551,-0.25800200330071477,0.5812495911112076,False,False,True,True,False,False,False,False,False,False,False
G6,ppo_privilege_gru_0722_clip015_tkl004,10,evaluation-sp2-ego85-raceline2-v0.8,ol2_e85_o106_s0.8,True,follow,False,False,,5.499213686898518,-0.05611625496911188,802,8.009999999999874,True,1,False,596,closest_approach,5.959999999999917,,,-2.990392967341876,-0.10951022164766755,-0.1321466017793398,,,0.10763856280040643,0.3546788258467209,0.3706523029818452,0.532835336788,0.39881419643928157,10.973113941682852,12.864954119355643,1.819241266817494,0.21938236535135808,-0.19555460620305223,0.3706523029818452,False,False,False,False,True,False,False,False,False,False,False
G6,ppo_privilege_gru_0722_clip015_tkl004,10,evaluation-sp21-ego898-raceline0-v0.7,ol0_e898_o902_s0.7,True,overtake,False,False,,6.085973559257842,9.589748889840536,802,8.009999999999874,True,1,False,406,closest_approach,4.059999999999958,,,-2.9938366206783087,0.09694436559701103,0.09694436559701103,4.019999999999959,0.03999999999999915,-0.07667081196678993,-1.1693217590611087,1.1718326628070292,1.1886221934158365,1.2254635288584277,1.3645679360170495,1.5992977995919264,0.2918169998788551,0.033300865581654904,0.037839066077050454,1.1718326628070292,False,False,True,True,False,False,False,False,False,False,False
G6,ppo_privilege_gru_0722_clip015_tkl004,10,evaluation-sp30-ego1283-raceline0-v0.7,ol0_e1283_o1279_s0.7,False,overtake,False,False,,5.454733762285544,8.365661335891161,802,8.009999999999874,True,1,False,496,closest_approach,4.959999999999939,,,-2.7444438072821526,0.01223975193448723,0.01223975193448723,4.959999999999939,0.0,-0.0012994985826864092,-0.9915852877013438,0.9915861392145026,1.0327581334970763,1.033487678039889,1.3252991940956451,1.6039138508048443,0.23311282954467102,-0.060296685664941285,-0.21884742941112945,0.9915861392145026,False,False,True,True,False,False,False,False,False,False,False
G6,ppo_privilege_gru_0722_clip015_tkl004,10,evaluation-sp37-ego1582-raceline2-v0.7,ol2_e1582_o1611_s0.7,True,overtake,False,False,,6.2213862408831275,11.325628722928002,802,8.009999999999874,True,1,False,281,closest_approach,2.809999999999984,,,-3.0969620622893785,0.13279124967226608,0.13279124967226608,2.769999999999985,0.03999999999999915,-0.21288238894213124,0.6407021151251131,0.6751430306590616,0.6453265268537056,0.8144875060023564,14.853035851366254,20.16167842796988,4.71072369185863,-0.19388251763089925,-0.199753189317172,0.6751430306590616,False,False,True,True,False,False,False,False,False,False,False
G6,ppo_privilege_gru_0722_clip015_tkl004,10,evaluation-sp4-ego171-raceline2-v0.8,ol2_e171_o194_s0.8,True,overtake,False,False,,5.530713683793652,1.2869849057537408,802,8.009999999999874,True,1,False,655,closest_approach,6.549999999999905,,,-2.9674902499793063,0.46527007126118747,0.46527007126118747,6.169999999999913,0.3799999999999919,-0.434368318949664,0.4698049202534958,0.6398378697776106,0.49148639310844144,0.8633806371423647,8.425230549782544,11.00336863311624,1.9185149201961735,0.35763983248210623,0.5134002213229114,0.6398378697776106,False,False,True,True,True,False,False,False,False,False,False
G6,ppo_privilege_gru_0722_clip015_tkl004,10,evaluation-sp45-ego1924-raceline0-v0.7,ol0_e1924_o1919_s0.7,False,overtake,False,False,,6.2978953825397825,12.819602534107247,802,8.009999999999874,True,1,False,300,closest_approach,2.99999999999998,,,-3.036418303031155,0.08122836546624512,0.08122836546624512,2.9699999999999807,0.02999999999999936,-0.059907177204200385,-1.1577140303463467,1.15926297531723,1.1803577776093657,1.2094365666374542,0.9224677231366148,1.0701706096989692,0.2651725256910987,0.029137875838130656,0.06453463018110916,1.15926297531723,False,False,True,True,False,False,False,False,False,False,False
G6,ppo_privilege_gru_0722_clip015_tkl004,10,evaluation-sp5-ego213-raceline0-v0.7,ol0_e213_o221_s0.7,True,overtake,False,False,,5.802508559563313,8.109715739892664,802,8.009999999999874,True,1,False,313,closest_approach,3.1299999999999772,,,-3.1763834205093247,0.2122248467536565,0.2122248467536565,3.0299999999999794,0.09999999999999787,-0.18726025493600965,-0.4814721387613483,0.5166060621809683,0.4923117666877776,0.6779327188925255,7.890472011427149,9.678979910136858,1.5417314731136473,0.17862280007943598,-0.1932163124380526,0.5166060621809683,False,False,True,True,True,False,False,False,False,False,False
G6,ppo_privilege_gru_0722_clip015_tkl004,10,evaluation-sp9-ego384-raceline0-v0.7,ol0_e384_o391_s0.7,False,overtake,False,False,,5.426894774630635,2.0751608208279606,802,8.009999999999874,True,1,False,587,closest_approach,5.869999999999919,,,-2.819123226821347,-0.3202371430180335,-0.3202371430180335,,,0.24116564651139882,-0.4336153885221241,0.4961684937805439,0.6856815946174032,0.4363566193423016,5.30841251937395,6.492870035761193,1.0571083270758888,0.04572166111698717,-0.01251930515672861,0.4961684937805439,False,False,False,False,False,False,False,False,False,False,False
G6,ppo_privilege_gru_0722_clip015_tkl004,15,evaluation-sp1-ego42-raceline2-v0.7,ol2_e42_o63_s0.7,True,ego_collision,True,True,5.5799999999999255,5.40619350749366,0.2054174808321534,559,5.5799999999999255,True,1,True,558,terminal_collision_flag,5.5799999999999255,5.5799999999999255,0.0,-2.99293232204343,0.2054174808321534,0.2054174808321534,5.34999999999993,0.2299999999999951,-0.15758062898578112,0.34367356247565684,0.3780782619726551,0.36830205995148946,0.5643048263022536,2.17255971098133,2.6112291992265257,0.36661447677740605,0.10623563821962262,0.26111747237193117,0.3780782619726551,True,False,True,True,True,True,True,False,False,False,False
G6,ppo_privilege_gru_0722_clip015_tkl004,15,evaluation-sp12-ego513-raceline0-v0.8,ol0_e513_o523_s0.8,False,overtake,False,False,,5.738219451899074,0.49233110402079205,802,8.009999999999874,True,1,False,778,closest_approach,7.779999999999879,,,-2.918793232532323,0.6105219379593052,0.6105219379593052,7.4099999999998865,0.3699999999999921,-0.11710749023701217,-0.7829838809227974,0.7916930731379032,0.8018451083077518,0.882496609847315,12.235376645846932,15.576549453973664,3.405348060074066,0.20366234244850656,0.3494890989061703,0.7916930731379032,False,False,True,True,True,False,False,False,False,False,False
G6,ppo_privilege_gru_0722_clip015_tkl004,15,evaluation-sp13-ego556-raceline0-v0.8,ol0_e556_o565_s0.8,True,overtake,False,False,,5.797804695410128,5.4407758196734335,802,8.009999999999874,True,1,False,613,closest_approach,6.129999999999914,,,-3.042886322651867,0.30792098635643583,0.30792098635643583,6.019999999999916,0.10999999999999766,-0.05031235711998197,-0.9040510286771848,0.905449941041052,0.9352852124361076,0.9659817611429494,4.853005050148546,6.083153799327489,1.120421095775181,0.14121783313578962,0.10712919489819805,0.905449941041052,False,False,True,True,True,False,False,False,False,False,False
G6,ppo_privilege_gru_0722_clip015_tkl004,15,evaluation-sp15-ego641-raceline2-v0.7,ol2_e641_o661_s0.7,True,overtake,False,False,,5.887222539488908,8.783840171544568,802,8.009999999999874,True,1,False,417,closest_approach,4.1699999999999555,,,-3.120405458589886,0.20678066759907665,0.20678066759907665,4.079999999999957,0.08999999999999808,-0.2874061317595812,0.548295873630835,0.6190562572283769,0.548302009109076,0.7962576254166508,16.73980213239917,22.668841087246875,4.9369944175487195,-0.08360398860447738,-0.2607329988647781,0.6190562572283769,False,False,True,True,False,False,False,False,False,False,False
G6,ppo_privilege_gru_0722_clip015_tkl004,15,evaluation-sp2-ego85-raceline2-v0.8,ol2_e85_o106_s0.8,True,overtake,False,False,,6.035077285551151,4.354231019904574,802,8.009999999999874,True,1,False,512,closest_approach,5.119999999999935,,,-2.990392967341876,-0.0873520435078774,-0.0873520435078774,,,0.005907775754585287,0.6788164852086584,0.6788421925642242,0.7405087658786105,0.735866980145015,7.568649094430224,9.387056912948491,1.6071952957781108,-0.16786856879317702,-0.06127761702540302,0.6788421925642242,False,False,False,False,False,False,False,False,False,False,False
G6,ppo_privilege_gru_0722_clip015_tkl004,15,evaluation-sp21-ego898-raceline0-v0.7,ol0_e898_o902_s0.7,True,overtake,False,False,,6.137007953023376,10.041812056951613,802,8.009999999999874,True,1,False,392,closest_approach,3.9199999999999604,,,-2.9938366206783087,0.134368889530748,0.134368889530748,3.8599999999999617,0.05999999999999872,-0.07498624670778242,-1.1728029959641952,1.1751977725208267,1.1923496892469923,1.2282840989072628,1.2811010506167713,1.494555624686058,0.2724424399302064,0.04369695113300298,0.06834507536208734,1.1751977725208267,False,False,True,True,False,False,False,False,False,False,False
G6,ppo_privilege_gru_0722_clip015_tkl004,15,evaluation-sp30-ego1283-raceline0-v0.7,ol0_e1283_o1279_s0.7,False,overtake,False,False,,5.523419136217245,9.100810841862767,802,8.009999999999874,True,1,False,459,closest_approach,4.589999999999947,,,-2.7444438072821526,-0.04237832870347802,-0.04237832870347802,,,0.041770972017775354,-0.8336021809054319,0.8346480756064811,0.8971981798264594,0.8697759748023007,6.148264508899669,7.264985162217675,1.018566268718026,-0.08581020915854964,-0.09455529912555005,0.8346480756064811,False,False,False,False,False,False,False,False,False,False,False
G6,ppo_privilege_gru_0722_clip015_tkl004,15,evaluation-sp37-ego1582-raceline2-v0.7,ol2_e1582_o1611_s0.7,True,overtake,False,False,,6.270335354971716,11.741674665427581,802,8.009999999999874,True,1,False,275,closest_approach,2.7499999999999853,,,-3.0969620622893785,0.06337009861084653,0.06337009861084653,2.7299999999999858,0.019999999999999574,-0.19128098878340843,0.6857644070651303,0.7119418787143711,0.6928335046553186,0.8377972380962622,15.085734467336612,20.370628239440318,4.765555146079369,-0.2616697665354628,-0.19076697820990374,0.7119418787143711,False,False,True,True,False,False,False,False,False,False,False
G6,ppo_privilege_gru_0722_clip015_tkl004,15,evaluation-sp4-ego171-raceline2-v0.8,ol2_e171_o194_s0.8,True,ego_collision,True,True,6.689999999999902,5.3278460749128485,0.562437129648373,670,6.689999999999902,True,1,True,669,terminal_collision_flag,6.689999999999902,6.689999999999902,0.0,-2.9674902499793063,0.562437129648373,0.562437129648373,6.219999999999912,0.46999999999999,-0.5274978956436016,0.34695355609273626,0.6313721564923682,0.4204545403733138,0.8880763365089245,8.8900498080463,11.560680869711518,1.736287732245067,0.40964435634196217,0.604744601569296,0.6106688001582641,True,False,True,True,True,True,True,True,True,True,False
G6,ppo_privilege_gru_0722_clip015_tkl004,15,evaluation-sp45-ego1924-raceline0-v0.7,ol0_e1924_o1919_s0.7,False,overtake,False,False,,6.322497970065367,13.004360196458379,802,8.009999999999874,True,1,False,297,closest_approach,2.9699999999999807,,,-3.036418303031155,0.13090542002834127,0.13090542002834127,2.899999999999982,0.06999999999999851,-0.09692129813949016,-1.154409966282425,1.1584714533751936,1.1704451099322553,1.2175263698196181,1.312087984825606,1.5296326029745455,0.27891668194972724,0.02088063812823382,0.055667568915954035,1.1584714533751936,False,False,True,True,False,False,False,False,False,False,False
G6,ppo_privilege_gru_0722_clip015_tkl004,15,evaluation-sp5-ego213-raceline0-v0.7,ol0_e213_o221_s0.7,True,overtake,False,False,,5.909058679133172,8.915122835395465,802,8.009999999999874,True,1,False,312,closest_approach,3.1199999999999775,,,-3.1763834205093247,0.2359144524537271,0.2359144524537271,3.00999999999998,0.10999999999999766,-0.20532342315559177,-0.496121943631855,0.5369308065750928,0.5032962404182416,0.7010579694145291,7.90173882347616,10.109527410228267,1.2630365714239835,0.1670862094190223,-0.24288863694515894,0.5369308065750928,False,False,True,True,True,False,False,False,False,False,False
G6,ppo_privilege_gru_0722_clip015_tkl004,15,evaluation-sp9-ego384-raceline0-v0.7,ol0_e384_o391_s0.7,False,overtake,False,False,,5.460430310432613,2.3298447110356335,802,8.009999999999874,True,1,False,586,closest_approach,5.8599999999999195,,,-2.819123226821347,-0.20396421415395594,-0.20396421415395594,,,0.13928903363313863,-0.40166017073083876,0.42512624906253454,0.5878945204279425,0.4290042985038259,5.089434454545069,6.173025494477274,0.9602003258525853,0.08237710693782341,-0.012585506690356685,0.42512624906253454,False,False,False,False,False,False,False,False,False,False,False
G6,ppo_privilege_gru_0722_clip015_tkl004,20,evaluation-sp1-ego42-raceline2-v0.7,ol2_e42_o63_s0.7,True,overtake,False,False,,5.564970784951914,4.679777586114284,802,8.009999999999874,True,1,False,565,closest_approach,5.649999999999924,,,-2.99293232204343,0.06906211203124712,0.06906211203124712,5.609999999999925,0.03999999999999915,-0.04476035355028962,0.6937216897890108,0.6951642051585133,0.7357936307651076,0.7702689641890262,1.4985230531876224,1.7982014365254568,0.23724242565463854,-0.04273858343824544,-0.042499983054977375,0.6951642051585133,False,False,True,True,False,False,False,False,False,False,False
G6,ppo_privilege_gru_0722_clip015_tkl004,20,evaluation-sp12-ego513-raceline0-v0.8,ol0_e513_o523_s0.8,False,overtake,False,False,,5.834907370864109,1.84950605512239,802,8.009999999999874,True,1,False,571,closest_approach,5.709999999999923,,,-2.918793232532323,-0.09901600271902566,-0.09901600271902566,,,0.055701009329715834,-0.5511082121012044,0.5539159357571645,0.6505608728604652,0.5988457885587073,6.419047937203799,7.536115549595138,1.0410445825247239,0.21930834957548961,0.16743556982482521,0.5539159357571645,False,False,False,False,True,False,False,False,False,False,False
G6,ppo_privilege_gru_0722_clip015_tkl004,20,evaluation-sp13-ego556-raceline0-v0.8,ol0_e556_o565_s0.8,True,overtake,False,False,,5.720323281856691,4.854958277992381,802,8.009999999999874,True,1,False,627,closest_approach,6.269999999999911,,,-3.042886322651867,0.3268455801664629,0.3268455801664629,6.1399999999999135,0.12999999999999723,-0.0592489102234392,-0.8638671351554379,0.8658965645874389,0.8941546245671014,0.9317946278520409,5.409620860495092,7.122954413363706,1.2803016174045208,0.1313722448634086,0.14251407763065216,0.8658965645874389,False,False,True,True,True,False,False,False,False,False,False
G6,ppo_privilege_gru_0722_clip015_tkl004,20,evaluation-sp15-ego641-raceline2-v0.7,ol2_e641_o661_s0.7,True,ego_collision,True,True,4.319999999999952,4.7480561842008,0.36550085369165686,433,4.319999999999952,True,1,True,432,terminal_collision_flag,4.319999999999952,4.319999999999952,0.0,-3.120405458589886,0.36550085369165686,0.36550085369165686,4.109999999999957,0.20999999999999552,-0.5098638797631619,0.2920030815893609,0.5875601888698953,0.36552144298548767,0.8514975195544969,17.61672716497123,23.89008610276456,4.962901231133755,0.17367708375758067,0.5271806637617686,0.5252353343476922,True,False,True,True,True,True,True,True,True,True,False
G6,ppo_privilege_gru_0722_clip015_tkl004,20,evaluation-sp2-ego85-raceline2-v0.8,ol2_e85_o106_s0.8,True,follow,False,False,,5.513086202622229,-0.40337111875507503,802,8.009999999999874,True,1,False,608,closest_approach,6.079999999999915,,,-2.990392967341876,-0.8982410290832092,-0.9452778788250669,,,0.7993249821519661,0.6174488789394791,1.0100314575278637,1.2521469701452785,0.8004093050107052,7.3589293581769075,9.501317267617022,1.8187561233420035,-0.22685158523784205,-0.5306698970225325,1.0100314575278637,False,False,False,False,False,False,False,False,False,False,False
G6,ppo_privilege_gru_0722_clip015_tkl004,20,evaluation-sp21-ego898-raceline0-v0.7,ol0_e898_o902_s0.7,True,overtake,False,False,,5.95525083461851,8.595936465753226,802,8.009999999999874,True,1,False,459,closest_approach,4.589999999999947,,,-2.9938366206783087,0.11081181418063579,0.11081181418063579,4.539999999999948,0.049999999999998934,-0.07834172710817733,-1.1600536924082738,1.1626960030362028,1.1792047293636585,1.2171278475160714,1.8585813857832159,2.1886055350048146,0.3294170724561133,0.007932576834884575,0.06979925797800157,1.1626960030362028,False,False,True,True,False,False,False,False,False,False,False
G6,ppo_privilege_gru_0722_clip015_tkl004,20,evaluation-sp30-ego1283-raceline0-v0.7,ol0_e1283_o1279_s0.7,False,overtake,False,False,,5.435080882720787,8.237593192248085,802,8.009999999999874,True,1,False,486,closest_approach,4.859999999999941,,,-2.7444438072821526,-0.05834873681862973,-0.05834873681862973,,,0.04664140665462169,-0.8789346722308645,0.8801713349480879,0.9411979572459662,0.9120030498877832,2.376962328016026,2.8180946299552376,0.7029161471711526,-0.09092136152080432,-0.22200689524948392,0.8801713349480879,False,False,False,False,False,False,False,False,False,False,False
G6,ppo_privilege_gru_0722_clip015_tkl004,20,evaluation-sp37-ego1582-raceline2-v0.7,ol2_e1582_o1611_s0.7,True,overtake,False,False,,6.368244734667222,12.557552230248461,802,8.009999999999874,True,1,False,278,closest_approach,2.7799999999999847,,,-3.0969620622893785,0.12309391084784238,0.12309391084784238,2.7399999999999856,0.03999999999999915,-0.22696474244899578,0.7014463238556163,0.7372516121145462,0.7042729505987573,0.8713664500001792,14.801565765901383,20.17851499920529,4.745921366560245,-0.19982820636165277,-0.22189976286965862,0.7372516121145462,False,False,True,True,False,False,False,False,False,False,False
G6,ppo_privilege_gru_0722_clip015_tkl004,20,evaluation-sp4-ego171-raceline2-v0.8,ol2_e171_o194_s0.8,True,overtake,False,False,,5.545589504520807,1.5232333095526371,802,8.009999999999874,True,1,False,636,closest_approach,6.359999999999909,,,-2.9674902499793063,0.5159256204518954,0.5159256204518954,5.969999999999917,0.3899999999999917,-0.5298220481936208,0.6153836086582979,0.8120396471585564,0.6604631712708079,1.0250878872124538,8.376265237303222,10.902845309670926,1.958887929981647,0.4318712790006286,0.5633332207686269,0.8120396471585564,False,False,True,True,True,False,False,False,False,False,False
G6,ppo_privilege_gru_0722_clip015_tkl004,20,evaluation-sp45-ego1924-raceline0-v0.7,ol0_e1924_o1919_s0.7,False,overtake,False,False,,5.944401105248998,9.94929657591976,802,8.009999999999874,True,1,False,452,closest_approach,4.519999999999948,,,-3.036418303031155,0.03623207903171988,0.03623207903171988,4.4999999999999485,0.019999999999999574,-0.02322694819684984,-1.1042358292185048,1.1044800847694893,1.1360037973960497,1.147801327585306,0.4396982486132472,0.5087956514097224,0.2143656361031955,0.008703595346794879,-0.01435581745967407,1.1044800847694893,False,False,True,True,False,False,False,False,False,False,False
G6,ppo_privilege_gru_0722_clip015_tkl004,20,evaluation-sp5-ego213-raceline0-v0.7,ol0_e213_o221_s0.7,True,overtake,False,False,,6.106079809778246,10.329064569300982,802,8.009999999999874,True,1,False,312,closest_approach,3.1199999999999775,,,-3.1763834205093247,0.23481656835670606,0.23481656835670606,2.99999999999998,0.11999999999999744,-0.20703647535302622,-0.4719699014564487,0.5153830517269792,0.4792061501093855,0.6854201964577418,7.677102468178791,9.8127267091729,1.3499195799930352,0.19123681991549102,-0.2451130002566716,0.5153830517269792,False,False,True,True,True,False,False,False,False,False,False
G6,ppo_privilege_gru_0722_clip015_tkl004,20,evaluation-sp9-ego384-raceline0-v0.7,ol0_e384_o391_s0.7,False,overtake,False,False,,5.293972673677076,1.0696626289069116,802,8.009999999999874,True,1,False,734,closest_approach,7.339999999999888,,,-2.819123226821347,0.3045335022590905,0.3045335022590905,6.899999999999897,0.4399999999999906,-0.27344880827232504,-0.5057308027161823,0.5749242520206544,0.5060015679457529,0.7571249595406675,3.230213071518823,3.9438704192674803,0.6304656614512495,0.27937435923668175,0.2843118404371717,0.5749242520206544,False,False,True,True,True,False,False,False,False,False,False
G7,ppo_privilege_gru_0722_long45_clip020,35,evaluation-sp1-ego42-raceline2-v0.7,ol2_e42_o63_s0.7,True,overtake,False,False,,5.6194711100227765,5.030352494608451,802,8.009999999999874,True,1,False,513,closest_approach,5.129999999999935,,,-2.99293232204343,-0.11433060171563625,-0.11433060171563625,,,0.11034444417115412,0.6129046745420588,0.6227584093650987,0.7320709078048501,0.6386926168476339,6.654749050725184,8.111109693005654,0.7798655100322704,-0.031041898842616322,-0.19462813857544148,0.6227584093650987,False,False,False,False,False,False,False,False,False,False,False
G7,ppo_privilege_gru_0722_long45_clip020,35,evaluation-sp12-ego513-raceline0-v0.8,ol0_e513_o523_s0.8,False,overtake,False,False,,5.855292284563204,1.6932807097294074,802,8.009999999999874,True,1,False,649,closest_approach,6.489999999999906,,,-2.918793232532323,0.2369471618654302,0.0380288186413793,5.589999999999925,0.8999999999999808,-0.04347012029727723,-0.42017162223257803,0.4224143031293046,0.4871562107946436,0.5364200902843188,1.6867536911424783,2.023408186429069,0.34487340417879886,0.0394374095381258,0.17961308090879696,0.4224143031293046,False,False,True,True,False,False,False,False,False,False,False
G7,ppo_privilege_gru_0722_long45_clip020,35,evaluation-sp13-ego556-raceline0-v0.8,ol0_e556_o565_s0.8,True,ego_collision,True,True,6.999999999999895,5.380730353382635,0.45459247546295956,701,6.999999999999895,True,1,True,700,terminal_collision_flag,6.999999999999895,6.999999999999895,0.0,-3.042886322651867,0.4563985257532295,0.45459247546295956,6.509999999999906,0.48999999999998956,-0.24185360313663878,-0.475807245503171,0.5337468503171607,0.47823698142682264,0.7136251046892479,21.184282817488853,27.047861455079424,5.324692221718397,0.2885667849570165,0.3187196179046564,0.5328436633367002,True,False,True,True,True,True,True,True,True,True,False
G7,ppo_privilege_gru_0722_long45_clip020,35,evaluation-sp15-ego641-raceline2-v0.7,ol2_e641_o661_s0.7,True,ego_collision,True,True,4.649999999999945,4.631960251489566,0.4821284079280872,466,4.649999999999945,True,1,True,465,terminal_collision_flag,4.649999999999945,4.649999999999945,0.0,-3.120405458589886,0.4821284079280872,0.4821284079280872,4.319999999999952,0.32999999999999297,-0.5184271119087946,0.2943376139350623,0.5961554338753272,0.37257694028479377,0.8603423889627784,15.818960584979518,21.73582513052429,4.683889690843694,0.36482410388316766,-0.05119488358981783,0.459084914905476,True,False,True,True,True,True,True,True,True,True,False
G7,ppo_privilege_gru_0722_long45_clip020,35,evaluation-sp2-ego85-raceline2-v0.8,ol2_e85_o106_s0.8,True,overtake,False,False,,5.499701400795041,0.014087802406436367,802,8.009999999999874,True,1,False,601,closest_approach,6.009999999999916,,,-2.990392967341876,-0.30134697181128445,-0.3196831479619675,,,0.25966353389842456,0.47455763335607787,0.5409529537890887,0.7261783168576614,0.4755262858686717,9.003042812185495,11.539912701653087,2.1053969886081174,0.11797918353276554,-0.13581360761954264,0.5409529537890887,False,False,False,False,True,False,False,False,False,False,False
G7,ppo_privilege_gru_0722_long45_clip020,35,evaluation-sp21-ego898-raceline0-v0.7,ol0_e898_o902_s0.7,True,ego_collision,True,True,6.059999999999915,4.994613076715686,0.34401390207381155,607,6.059999999999915,True,1,True,606,terminal_collision_flag,6.059999999999915,6.059999999999915,0.0,-2.9938366206783087,0.45323915437077744,0.34401390207381155,5.609999999999925,0.4499999999999904,-0.10790374992120771,-0.4630505395836786,0.4754566451904889,0.4975689364314195,0.6105269825405711,12.943260803230459,17.183692738692645,3.72317342752249,0.35884720973889395,0.3443482888761332,0.4754566451904889,True,False,True,True,True,True,True,True,True,True,False
G7,ppo_privilege_gru_0722_long45_clip020,35,evaluation-sp30-ego1283-raceline0-v0.7,ol0_e1283_o1279_s0.7,False,overtake,False,False,,5.172728927015582,6.338645140349854,802,8.009999999999874,True,1,False,583,closest_approach,5.82999999999992,,,-2.7444438072821526,0.09711598495761109,0.09711598495761109,5.789999999999921,0.03999999999999915,-0.04059359380922589,-0.876542430652962,0.8774818930287684,0.9113342900297344,0.9368130854138952,1.4543601638905475,1.8098642146433825,0.39310746698423443,-0.086351179022636,-0.23182839326044524,0.8774818930287684,False,False,True,True,False,False,False,False,False,False,False
G7,ppo_privilege_gru_0722_long45_clip020,35,evaluation-sp37-ego1582-raceline2-v0.7,ol2_e1582_o1611_s0.7,True,overtake,False,False,,6.378701493619611,12.702507535932682,802,8.009999999999874,True,1,False,287,closest_approach,2.869999999999983,,,-3.0969620622893785,0.17677158980848162,0.17677158980848162,2.809999999999984,0.05999999999999872,-0.2536109362193021,0.6729679885620286,0.7191692572678935,0.6739510943622381,0.8651004355602006,15.656004152581176,21.01980061755674,4.9511030273023895,-0.09696199007023276,-0.25249224549450267,0.7191692572678935,False,False,True,True,False,False,False,False,False,False,False
G7,ppo_privilege_gru_0722_long45_clip020,35,evaluation-sp4-ego171-raceline2-v0.8,ol2_e171_o194_s0.8,True,overtake,False,False,,5.5069860903287005,1.3180521865622268,802,8.009999999999874,True,1,False,634,closest_approach,6.339999999999909,,,-2.9674902499793063,0.43726268294031456,0.43726268294031456,5.979999999999917,0.3599999999999923,-0.47939088711656597,0.6706578618906125,0.8243770923346281,0.6968865588017089,1.02065876025913,7.554354937942984,9.975101295277437,1.7604924054709967,0.3131511431872819,0.47711475037273443,0.8243770923346281,False,False,True,True,True,False,False,False,False,False,False
G7,ppo_privilege_gru_0722_long45_clip020,35,evaluation-sp45-ego1924-raceline0-v0.7,ol0_e1924_o1919_s0.7,False,overtake,False,False,,5.412180101560932,5.947444661415517,802,8.009999999999874,True,1,False,580,closest_approach,5.799999999999921,,,-3.036418303031155,0.22348041130794627,0.22348041130794627,5.6699999999999235,0.12999999999999723,-0.16848906535766883,-0.8537552199133777,0.8702221214577579,0.8623589060054941,0.9690769827943952,1.320008143891322,1.6499358657857328,0.26155759398392875,0.047867962969525446,-0.012682369368469337,0.8702221214577579,False,False,True,True,False,False,False,False,False,False,False
G7,ppo_privilege_gru_0722_long45_clip020,35,evaluation-sp5-ego213-raceline0-v0.7,ol0_e213_o221_s0.7,True,ego_collision,True,True,3.3599999999999723,4.84599838091353,0.5312186094279809,337,3.3599999999999723,True,1,True,336,terminal_collision_flag,3.3599999999999723,3.3599999999999723,0.0,-3.1763834205093247,0.5312186094279809,0.5312186094279809,3.0599999999999787,0.2999999999999936,-0.48751986219159393,-0.33348066989450076,0.5906648569405462,0.38758670404629625,0.8460180218504333,6.948668036332876,8.565292777881679,1.246272662728689,0.3034195750208989,0.08904336088330123,0.47702021680069756,True,False,True,True,True,True,True,True,True,False,False
G7,ppo_privilege_gru_0722_long45_clip020,35,evaluation-sp9-ego384-raceline0-v0.7,ol0_e384_o391_s0.7,False,ego_collision,True,True,7.4999999999998845,5.183312553602543,0.08574777287989832,751,7.4999999999998845,True,1,True,750,terminal_collision_flag,7.4999999999998845,7.4999999999998845,0.0,-2.819123226821347,0.08574777287989832,0.08574777287989832,7.389999999999887,0.10999999999999766,-0.10369849229532249,-0.3137525548895008,0.3304452193692811,0.36489576247570377,0.5034274213184055,6.20615976171992,7.699312506422579,1.7056791227999133,0.3992653364213894,0.4895207111278901,0.330388823176985,True,False,True,True,True,True,True,True,True,False,False
G7,ppo_privilege_gru_0722_long45_clip020,40,evaluation-sp1-ego42-raceline2-v0.7,ol2_e42_o63_s0.7,True,overtake,False,False,,5.640787129152205,5.1852032511394555,802,8.009999999999874,True,1,False,532,closest_approach,5.319999999999931,,,-2.99293232204343,-0.06126395324582745,-0.06126395324582745,,,0.07242129908182593,0.6248440033659212,0.6290269255787471,0.7223428732745341,0.6616422897877611,3.263485173231903,4.045105064536722,0.249693908379923,-0.06821423461879117,-0.19510396690239462,0.6290269255787471,False,False,False,False,False,False,False,False,False,False,False
G7,ppo_privilege_gru_0722_long45_clip020,40,evaluation-sp12-ego513-raceline0-v0.8,ol0_e513_o523_s0.8,False,ego_collision,True,True,6.4699999999999065,6.025703501237109,0.18477163022529908,648,6.4699999999999065,True,1,True,647,terminal_collision_flag,6.4699999999999065,6.4699999999999065,0.0,-2.918793232532323,0.32412107202458174,0.18477163022529908,5.549999999999926,0.9199999999999804,-0.16376859306508756,-0.3294030416597488,0.3678675249722547,0.352761579471832,0.5607247987265797,1.567867248507976,1.9523598470264638,0.3525100073617335,0.07318087751019908,0.17232963578328414,0.3678675249722547,True,False,True,True,False,True,False,False,False,False,False
G7,ppo_privilege_gru_0722_long45_clip020,40,evaluation-sp13-ego556-raceline0-v0.8,ol0_e556_o565_s0.8,True,overtake,False,False,,5.423084719146709,2.9258705267276923,802,8.009999999999874,True,1,False,679,closest_approach,6.7899999999999,,,-3.042886322651867,0.28891132809835085,0.28891132809835085,6.459999999999907,0.32999999999999297,-0.104366144234046,-0.5460439955946765,0.5559283561640662,0.5767356184002633,0.6735641772266601,13.010296778127339,17.724333008092273,3.7200650546359078,0.30467412795973325,0.10280728307271059,0.5559283561640662,False,False,True,True,True,False,False,False,False,False,False
G7,ppo_privilege_gru_0722_long45_clip020,40,evaluation-sp15-ego641-raceline2-v0.7,ol2_e641_o661_s0.7,True,overtake,False,False,,5.80784870111166,8.429506037340644,802,8.009999999999874,True,1,False,436,closest_approach,4.3599999999999515,,,-3.120405458589886,0.22363739430431906,0.22363739430431906,4.239999999999954,0.11999999999999744,-0.30607701935029635,0.48350414822115595,0.5722406863562108,0.48377136324740777,0.7675181263948098,15.888263928587474,21.81167037589643,4.776470451682839,0.008746081305704645,0.28618937348619045,0.5722406863562108,False,False,True,True,False,False,False,False,False,False,False
G7,ppo_privilege_gru_0722_long45_clip020,40,evaluation-sp2-ego85-raceline2-v0.8,ol2_e85_o106_s0.8,True,overtake,False,False,,5.597845856729814,1.1180947554359761,802,8.009999999999874,True,1,False,598,closest_approach,5.979999999999917,,,-2.990392967341876,0.16749396508598124,0.16749396508598124,5.739999999999922,0.23999999999999488,-0.0970663996627964,0.43150621615063556,0.44228893330054814,0.4726742945366448,0.5796706067453814,8.859766208246791,11.827860217295738,1.8263020966491206,0.2838489573394066,0.1010787601668851,0.44228893330054814,False,False,True,True,True,False,False,False,False,False,False
G7,ppo_privilege_gru_0722_long45_clip020,40,evaluation-sp21-ego898-raceline0-v0.7,ol0_e898_o902_s0.7,True,overtake,False,False,,5.697053361525708,6.711053567256982,802,8.009999999999874,True,1,False,551,closest_approach,5.509999999999927,,,-2.9938366206783087,0.5438798445169652,0.5438798445169652,5.229999999999933,0.27999999999999403,-0.09779421661525475,-0.7998305378870825,0.8057869433914469,0.8226007248375625,0.8888831440504307,8.04613448389431,10.394161499590899,2.38465295947442,0.2544469365760256,0.22826616284076584,0.8057869433914469,False,False,True,True,True,False,False,False,False,False,False
G7,ppo_privilege_gru_0722_long45_clip020,40,evaluation-sp30-ego1283-raceline0-v0.7,ol0_e1283_o1279_s0.7,False,overtake,False,False,,5.234714254117914,6.727112889565092,802,8.009999999999874,True,1,False,565,closest_approach,5.649999999999924,,,-2.7444438072821526,-0.05251700916608115,-0.05251700916608115,,,0.062111530898245004,-0.8918492537897833,0.8940094707305494,0.9588418126452867,0.9205043431917824,1.3700735681541871,1.7263280949599675,0.45802671467179845,-0.08831674734151784,-0.24382204371274618,0.8940094707305494,False,False,False,False,False,False,False,False,False,False,False
G7,ppo_privilege_gru_0722_long45_clip020,40,evaluation-sp37-ego1582-raceline2-v0.7,ol2_e1582_o1611_s0.7,True,overtake,False,False,,6.399068861225221,12.868769516008854,802,8.009999999999874,True,1,False,288,closest_approach,2.8799999999999826,,,-3.0969620622893785,0.17342080899987877,0.17342080899987877,2.819999999999984,0.05999999999999872,-0.2353280872537368,0.6710502807074801,0.7111172813875994,0.6732737164637596,0.8522195013582226,16.28962418566617,21.868222630173126,5.031836380187148,-0.13045660508138868,-0.26800725368321343,0.7111172813875994,False,False,True,True,False,False,False,False,False,False,False
G7,ppo_privilege_gru_0722_long45_clip020,40,evaluation-sp4-ego171-raceline2-v0.8,ol2_e171_o194_s0.8,True,overtake,False,False,,5.567372672976005,1.6830849768581686,802,8.009999999999874,True,1,False,620,closest_approach,6.199999999999912,,,-2.9674902499793063,0.25390048009083444,0.25390048009083444,5.979999999999917,0.2199999999999953,-0.34223232427594896,0.7062939557669409,0.7848401848352515,0.7082226822491506,0.9479287229598448,8.111086392692169,10.572795616660686,1.9089860230555329,0.15438881927585768,0.33725585130493474,0.7848401848352515,False,False,True,True,True,False,False,False,False,False,False
G7,ppo_privilege_gru_0722_long45_clip020,40,evaluation-sp45-ego1924-raceline0-v0.7,ol0_e1924_o1919_s0.7,False,overtake,False,False,,5.663783521321509,8.031322195950622,802,8.009999999999874,True,1,False,531,closest_approach,5.309999999999931,,,-3.036418303031155,0.06052973380400317,0.06052973380400317,5.279999999999932,0.02999999999999936,-0.0318388747815915,-0.9930611925675195,0.9935714600022394,1.0260690516518167,1.0439112958026198,1.0324805528837302,1.2387351637056785,0.25564325732899673,-0.019418774660182492,-0.08763930859647262,0.9935714600022394,False,False,True,True,False,False,False,False,False,False,False
G7,ppo_privilege_gru_0722_long45_clip020,40,evaluation-sp5-ego213-raceline0-v0.7,ol0_e213_o221_s0.7,True,ego_collision,True,True,3.3599999999999723,4.848089097805586,0.5547972181880141,337,3.3599999999999723,True,1,True,336,terminal_collision_flag,3.3599999999999723,3.3599999999999723,0.0,-3.1763834205093247,0.5547972181880141,0.5547972181880141,3.049999999999979,0.3099999999999934,-0.5102578659195589,-0.333282982158815,0.6094592980088624,0.3994885150991345,0.8668853431468315,7.1867184225835175,8.809533159799741,1.282450374181679,0.2945531097933134,0.11215451877718158,0.47675791235185255,True,False,True,True,True,True,True,True,True,False,False
G7,ppo_privilege_gru_0722_long45_clip020,40,evaluation-sp9-ego384-raceline0-v0.7,ol0_e384_o391_s0.7,False,ego_collision,True,True,6.869999999999898,5.174891923427213,0.15801493305266945,688,6.869999999999898,True,1,True,687,terminal_collision_flag,6.869999999999898,6.869999999999898,0.0,-2.819123226821347,0.17763320113104442,0.15801493305266945,6.479999999999906,0.3899999999999917,-0.060324357084838735,-0.3641092455021952,0.36907258191022124,0.43049557908144714,0.5052748735362599,9.777740717455808,11.727654366930079,1.8161446760719477,0.3305083699580534,0.19184893886849191,0.36907258191022124,True,False,True,True,True,True,True,True,True,True,False
G7,ppo_privilege_gru_0722_long45_clip020,45,evaluation-sp1-ego42-raceline2-v0.7,ol2_e42_o63_s0.7,True,overtake,False,False,,5.591171800042664,4.882323293203939,802,8.009999999999874,True,1,False,540,closest_approach,5.399999999999929,,,-2.99293232204343,-0.08195152428683627,-0.08195152428683627,,,0.08696218843002171,0.6921536788071034,0.6975952532111621,0.7881479598350541,0.7213189779933237,2.1457993202128747,2.7042129258838927,0.24845482454660758,-0.11660186883909751,-0.24802533180378294,0.6975952532111621,False,False,False,False,False,False,False,False,False,False,False
G7,ppo_privilege_gru_0722_long45_clip020,45,evaluation-sp12-ego513-raceline0-v0.8,ol0_e513_o523_s0.8,False,overtake,False,False,,5.847482097997699,1.4929323977773663,802,8.009999999999874,True,1,False,652,closest_approach,6.519999999999905,,,-2.918793232532323,0.33542497934453763,0.01904937782740035,5.489999999999927,1.029999999999978,-0.02014593502811815,-0.3340373278807857,0.3346442814630077,0.42942071771117907,0.45581952287303495,0.7560711927596941,0.9472720993911571,0.2706415667402653,0.06110075031349843,0.23513065594276666,0.3346442814630077,False,False,True,True,False,False,False,False,False,False,False
G7,ppo_privilege_gru_0722_long45_clip020,45,evaluation-sp13-ego556-raceline0-v0.8,ol0_e556_o565_s0.8,True,ego_collision,True,True,6.999999999999895,5.386166542596498,0.5041146705029576,701,6.999999999999895,True,1,True,700,terminal_collision_flag,6.999999999999895,6.999999999999895,0.0,-3.042886322651867,0.5043923921261921,0.5041146705029576,6.4699999999999065,0.5299999999999887,-0.3143753474300989,-0.45570671583960526,0.5536248458415808,0.45635815805533353,0.7569267939785005,22.476569403511093,28.51309089121296,5.444426843486339,0.2814412834234212,0.3507611866103429,0.5444530058585737,True,False,True,True,True,True,True,True,True,True,False
G7,ppo_privilege_gru_0722_long45_clip020,45,evaluation-sp15-ego641-raceline2-v0.7,ol2_e641_o661_s0.7,True,overtake,False,False,,5.797428377767049,8.39882008161291,802,8.009999999999874,True,1,False,433,closest_approach,4.329999999999952,,,-3.120405458589886,0.26211413275774476,0.26211413275774476,4.179999999999955,0.1499999999999968,-0.324605952704827,0.523002143506523,0.6155487524508729,0.5241457946745604,0.8070140762171535,14.92976134312321,20.72610661999189,4.569855570332377,-0.0767432731721947,0.27547417957386877,0.6155487524508729,False,False,True,True,False,False,False,False,False,False,False
G7,ppo_privilege_gru_0722_long45_clip020,45,evaluation-sp2-ego85-raceline2-v0.8,ol2_e85_o106_s0.8,True,overtake,False,False,,5.530198051604235,0.648748509014041,802,8.009999999999874,True,1,False,607,closest_approach,6.069999999999915,,,-2.990392967341876,-0.01405175151722915,-0.01405175151722915,,,0.06256195591863309,0.4863567482667638,0.49036403305400095,0.6007019388563619,0.5369086984582928,7.10970236868296,9.494928114099947,1.4270612977057555,0.220769423497583,0.0053647640821406495,0.49036403305400095,False,False,False,False,True,False,False,False,False,False,False
G7,ppo_privilege_gru_0722_long45_clip020,45,evaluation-sp21-ego898-raceline0-v0.7,ol0_e898_o902_s0.7,True,ego_collision,True,True,6.059999999999915,4.968470710024525,0.19780663441255797,607,6.059999999999915,True,1,True,606,terminal_collision_flag,6.059999999999915,6.059999999999915,0.0,-2.9938366206783087,0.32013888218892816,0.19780663441255797,5.679999999999923,0.3799999999999919,-0.0038619845132483732,-0.44995936511153184,0.4499759384411053,0.5332339019213513,0.5374181762776892,11.974967548511886,16.726579441552705,3.698414118496797,0.35023658192196755,0.2145276632241256,0.4499759384411053,True,False,True,True,True,True,True,True,True,True,False
G7,ppo_privilege_gru_0722_long45_clip020,45,evaluation-sp30-ego1283-raceline0-v0.7,ol0_e1283_o1279_s0.7,False,overtake,False,False,,5.181607133847948,6.392804907495702,802,8.009999999999874,True,1,False,590,closest_approach,5.899999999999919,,,-2.7444438072821526,0.24294923249055955,0.24294923249055955,5.769999999999921,0.12999999999999723,-0.143957301164393,-0.850199098588597,0.8623005345002394,0.8626511329176185,0.9545456754261404,2.3864674298402386,2.8813660037134943,0.5720789221528244,-0.049060451464089994,-0.1570868339655711,0.8623005345002394,False,False,True,True,False,False,False,False,False,False,False
G7,ppo_privilege_gru_0722_long45_clip020,45,evaluation-sp37-ego1582-raceline2-v0.7,ol2_e1582_o1611_s0.7,True,overtake,False,False,,6.3133701737982335,12.233839467789323,802,8.009999999999874,True,1,False,295,closest_approach,2.949999999999981,,,-3.0969620622893785,0.23783268356208964,0.23783268356208964,2.8799999999999826,0.06999999999999851,-0.23982441352171735,0.6606362511507075,0.7028200378870086,0.6625389390918093,0.8468495530482922,15.136307084277831,20.900956936090992,5.060939530987128,-0.14437306461919908,-0.2111636890254417,0.7028200378870086,False,False,True,True,False,False,False,False,False,False,False
G7,ppo_privilege_gru_0722_long45_clip020,45,evaluation-sp4-ego171-raceline2-v0.8,ol2_e171_o194_s0.8,True,overtake,False,False,,5.502544821426726,1.3828458600765714,802,8.009999999999874,True,1,False,630,closest_approach,6.29999999999991,,,-2.9674902499793063,0.3455362561826121,0.3455362561826121,6.029999999999916,0.26999999999999424,-0.41476322723419085,0.6877435464797943,0.8031311974953569,0.6989685605193522,0.9847245260407383,7.52678128263107,9.85048771511944,1.7247992168591089,0.2118386456631277,0.340276762972334,0.8031311974953569,False,False,True,True,True,False,False,False,False,False,False
G7,ppo_privilege_gru_0722_long45_clip020,45,evaluation-sp45-ego1924-raceline0-v0.7,ol0_e1924_o1919_s0.7,False,overtake,False,False,,5.41536427007007,6.04276131818915,802,8.009999999999874,True,1,False,577,closest_approach,5.769999999999921,,,-3.036418303031155,0.20568966188068316,0.20568966188068316,5.649999999999924,0.11999999999999744,-0.15497379663435804,-0.8493288713425937,0.8633518456222534,0.859995120504427,0.9588332552572836,1.1995529015063537,1.4987491708267504,0.2542478266110625,0.05309101571049357,0.016417239768427794,0.8633518456222534,False,False,True,True,False,False,False,False,False,False,False
G7,ppo_privilege_gru_0722_long45_clip020,45,evaluation-sp5-ego213-raceline0-v0.7,ol0_e213_o221_s0.7,True,ego_collision,True,True,3.379999999999972,4.843874455517173,0.5590590754853508,339,3.379999999999972,True,1,True,338,terminal_collision_flag,3.379999999999972,3.379999999999972,0.0,-3.1763834205093247,0.5590590754853508,0.5590590754853508,3.0699999999999785,0.3099999999999934,-0.5116836934361397,-0.3316058262260442,0.6097398019774557,0.39888103981330797,0.8675593168818302,7.20357859006486,8.795500443381922,1.2822752055520688,0.2892766967392921,0.1110096874853932,0.46774950229482637,True,False,True,True,True,True,True,True,True,False,False
G7,ppo_privilege_gru_0722_long45_clip020,45,evaluation-sp9-ego384-raceline0-v0.7,ol0_e384_o391_s0.7,False,ego_collision,True,True,7.5499999999998835,5.188039191724353,0.14948202996887971,756,7.5499999999998835,True,1,True,755,terminal_collision_flag,7.5499999999998835,7.5499999999998835,0.0,-2.819123226821347,0.14948202996887971,0.14948202996887971,7.269999999999889,0.27999999999999403,-0.2092686271815044,-0.3233885878627003,0.3851928569979756,0.3333132660381077,0.5948523689517723,9.506630334622573,11.367848366277812,2.4416061002856524,0.36786329765940295,0.454519232284041,0.37248080881720796,True,False,True,True,True,True,True,True,True,True,False
G9,ppo_privilege_gru_0722_long45_clip020_hard,1,evaluation-sp1-ego42-raceline2-v0.7,ol2_e42_o63_s0.7,True,overtake,False,False,,5.560915170171155,4.8106906800937,802,8.009999999999874,True,1,False,469,closest_approach,4.689999999999944,,,-2.99293232204343,0.0419985004286616,0.0419985004286616,4.619999999999946,0.06999999999999851,-0.12341525772728058,0.3807596495016985,0.40026146020888315,0.4156060478947878,0.5620410002930125,14.563226297416817,16.814396464674765,2.5839687411106755,0.3156017229293674,0.5118693685602919,0.40026146020888315,False,False,True,True,True,False,False,False,False,False,False
G9,ppo_privilege_gru_0722_long45_clip020_hard,1,evaluation-sp12-ego513-raceline0-v0.8,ol0_e513_o523_s0.8,False,ego_collision,True,True,5.949999999999918,6.0234713821876,0.06508312978533581,596,5.949999999999918,True,1,True,595,terminal_collision_flag,5.949999999999918,5.949999999999918,0.0,-2.918793232532323,0.13830895052211645,0.06508312978533581,5.539999999999926,0.40999999999999126,-0.05235977660386094,-0.31549732450723,0.31981261384946436,0.39498283196486816,0.46556286192894075,4.2739938103238355,5.043936585808386,0.37597859513495724,0.21379320488119713,0.37869165003024474,0.31981261384946436,True,False,True,True,True,True,True,True,False,False,False
G9,ppo_privilege_gru_0722_long45_clip020_hard,1,evaluation-sp13-ego556-raceline0-v0.8,ol0_e556_o565_s0.8,True,overtake,False,False,,5.1447991383593905,0.3784650000790748,802,8.009999999999874,True,1,False,739,closest_approach,7.389999999999887,,,-3.042886322651867,0.029372357477626565,0.018315016836794484,7.159999999999892,0.2299999999999951,0.013750024794589685,-0.40814435423937656,0.40837590168780713,0.5087689961664248,0.49284466386323744,10.516910097374847,14.126565804159148,3.3147807663052116,0.13757776246075382,0.4574616896892999,0.40837590168780713,False,False,True,False,True,False,False,False,False,False,False
G9,ppo_privilege_gru_0722_long45_clip020_hard,1,evaluation-sp15-ego641-raceline2-v0.7,ol2_e641_o661_s0.7,True,ego_collision,True,True,4.3599999999999515,4.68488605529197,0.22558649916146578,437,4.3599999999999515,True,1,True,436,terminal_collision_flag,4.3599999999999515,4.3599999999999515,0.0,-3.120405458589886,0.22558649916146578,0.22558649916146578,4.199999999999955,0.1599999999999966,-0.3096120161949672,0.3107925177020853,0.4386930471661406,0.3114106938414811,0.6753714230147694,18.394846727026867,24.944777871966124,5.231062337341475,0.10480504615912861,0.5348220290761911,0.4310957566727612,True,False,True,True,True,True,True,True,True,True,False
G9,ppo_privilege_gru_0722_long45_clip020_hard,1,evaluation-sp2-ego85-raceline2-v0.8,ol2_e85_o106_s0.8,True,ego_collision,True,True,5.799999999999921,5.517630959913728,0.24063984106985004,581,5.799999999999921,True,1,True,580,terminal_collision_flag,5.799999999999921,5.799999999999921,0.0,-2.990392967341876,0.24063984106985004,0.24063984106985004,5.5799999999999255,0.2199999999999953,-0.18572974013021407,0.34027216130574267,0.3876605217564954,0.3558896329664494,0.5848965117044573,10.333977335696014,13.84487293314666,2.69684886461166,0.359014951094486,0.5414431178973009,0.3876605217564954,True,False,True,True,True,True,True,True,True,True,False
G9,ppo_privilege_gru_0722_long45_clip020_hard,1,evaluation-sp21-ego898-raceline0-v0.7,ol0_e898_o902_s0.7,True,ego_collision,True,True,6.099999999999914,4.9601954678678775,0.1473945964205825,611,6.099999999999914,True,1,True,610,terminal_collision_flag,6.099999999999914,6.099999999999914,0.0,-2.9938366206783087,0.2561049056039906,0.1473945964205825,5.699999999999923,0.3999999999999915,0.010670199380259093,-0.44524044640932536,0.44536828386582467,0.5372537798044236,0.5256084023615295,12.873040549096785,17.403063831161493,3.622269844869372,0.34543148441793337,0.1859660923479578,0.44536828386582467,True,False,True,False,True,False,False,False,False,False,False
G9,ppo_privilege_gru_0722_long45_clip020_hard,1,evaluation-sp30-ego1283-raceline0-v0.7,ol0_e1283_o1279_s0.7,False,overtake,False,False,,5.215589388796227,6.664884020993497,802,8.009999999999874,True,1,False,576,closest_approach,5.759999999999922,,,-2.7444438072821526,0.0025792611642145857,0.0025792611642145857,5.759999999999922,0.0,0.021536013224212613,-0.8752445380934475,0.8755094524492616,0.9290358922011834,0.9154921701784032,1.6180199587844222,2.028767953760424,0.5271495552097362,-0.09949741806477719,-0.25224090467817617,0.8755094524492616,False,False,True,False,False,False,False,False,False,False,False
G9,ppo_privilege_gru_0722_long45_clip020_hard,1,evaluation-sp37-ego1582-raceline2-v0.7,ol2_e1582_o1611_s0.7,True,overtake,False,False,,6.23815843358202,11.437520430867608,802,8.009999999999874,True,1,False,306,closest_approach,3.0599999999999787,,,-3.0969620622893785,0.228245693150825,0.228245693150825,2.949999999999981,0.10999999999999766,-0.22164381005679212,0.4748429877119321,0.524024657354676,0.47973787809880725,0.6980367120349938,14.02087727893574,19.24710420459877,4.475128633772136,-0.027485803799396247,-0.08804806410060939,0.524024657354676,False,False,True,True,False,False,False,False,False,False,False
G9,ppo_privilege_gru_0722_long45_clip020_hard,1,evaluation-sp4-ego171-raceline2-v0.8,ol2_e171_o194_s0.8,True,overtake,False,False,,5.435432855761523,0.9161109437602306,802,8.009999999999874,True,1,False,674,closest_approach,6.739999999999901,,,-2.9674902499793063,0.5736104164342066,0.5736104164342066,6.169999999999913,0.5699999999999878,-0.5134321539768534,0.4241050674619987,0.665941202347668,0.4793610702567354,0.9084978449566256,7.602236829668423,9.973192205106024,1.722268515104678,0.4747419553932747,0.7237219477478859,0.665941202347668,False,False,True,True,True,False,False,False,False,False,False
G9,ppo_privilege_gru_0722_long45_clip020_hard,1,evaluation-sp45-ego1924-raceline0-v0.7,ol0_e1924_o1919_s0.7,False,overtake,False,False,,5.078360464850169,3.9333844685268105,802,8.009999999999874,True,1,False,658,closest_approach,6.579999999999904,,,-3.036418303031155,0.575948200968071,0.575948200968071,6.039999999999916,0.5399999999999885,-0.16673570693448703,-0.4913713298443122,0.5188897568462023,0.506596357801661,0.670860111932371,5.197744447282797,7.803500661389853,1.9083314447046413,0.23788290878033558,0.34715789771305827,0.5188897568462023,False,False,True,True,True,False,False,False,False,False,False
G9,ppo_privilege_gru_0722_long45_clip020_hard,1,evaluation-sp5-ego213-raceline0-v0.7,ol0_e213_o221_s0.7,True,ego_collision,True,True,3.3099999999999734,4.783463482591709,0.382571725894735,332,3.3099999999999734,True,1,True,331,terminal_collision_flag,3.3099999999999734,3.3099999999999734,0.0,-3.1763834205093247,0.382571725894735,0.382571725894735,3.0699999999999785,0.23999999999999488,-0.34982594766174574,-0.3317729051322516,0.48213219581078853,0.33712372297647636,0.7207291473786425,7.230880018089496,8.847561202146293,1.282654381399065,0.29652841706937066,0.05952240963733868,0.4488567825292251,True,False,True,True,True,True,True,True,True,False,False
G9,ppo_privilege_gru_0722_long45_clip020_hard,1,evaluation-sp9-ego384-raceline0-v0.7,ol0_e384_o391_s0.7,False,ego_collision,True,True,7.399999999999887,5.181043775856686,0.10906006059187234,741,7.399999999999887,True,1,True,740,terminal_collision_flag,7.399999999999887,7.399999999999887,0.0,-2.819123226821347,0.10906006059187234,0.10906006059187234,7.019999999999895,0.3799999999999919,-0.08196794227479708,-0.3308134974047292,0.3408171263682523,0.39078754727668963,0.4977928486281171,5.097779160365689,6.097063091109856,1.1349418769194195,0.4366832255701413,0.4565002135872842,0.3408171263682523,True,False,True,True,True,True,True,True,True,False,False
G9,ppo_privilege_gru_0722_long45_clip020_hard,5,evaluation-sp1-ego42-raceline2-v0.7,ol2_e42_o63_s0.7,True,overtake,False,False,,5.479447146793505,4.214518282134378,802,8.009999999999874,True,1,False,494,closest_approach,4.939999999999939,,,-2.99293232204343,-0.5516830619673101,-0.5516830619673101,,,0.4169070311043531,0.5888352327667805,0.7214834744689269,0.9200241746673178,0.6023556473473374,9.421253205966073,11.163046125301744,1.8649279425858232,-0.0948414863186346,0.31952295377674933,0.7214834744689269,False,False,False,False,False,False,False,False,False,False,False
G9,ppo_privilege_gru_0722_long45_clip020_hard,5,evaluation-sp12-ego513-raceline0-v0.8,ol0_e513_o523_s0.8,False,ego_collision,True,True,7.049999999999894,5.951903668399075,0.44579765859194254,706,7.049999999999894,True,1,True,705,terminal_collision_flag,7.049999999999894,7.049999999999894,0.0,-2.918793232532323,0.44579765859194254,0.44579765859194254,5.599999999999925,1.449999999999969,-0.42602412646999976,-0.34305803424395126,0.5469784010304707,0.369041160090918,0.7939643345556842,3.5386174504530397,4.159233299638368,0.732419515846734,0.04397784335512822,0.013002048381356657,0.3453357187914582,True,False,True,True,False,True,False,False,False,False,False
G9,ppo_privilege_gru_0722_long45_clip020_hard,5,evaluation-sp13-ego556-raceline0-v0.8,ol0_e556_o565_s0.8,True,ego_collision,True,True,7.039999999999894,5.358988956069604,0.3805736370502757,705,7.039999999999894,True,1,True,704,terminal_collision_flag,7.039999999999894,7.039999999999894,0.0,-3.042886322651867,0.3805736370502757,0.3805736370502757,6.599999999999904,0.4399999999999906,-0.18295659933533615,-0.4805542924462084,0.5142037973691237,0.49233191813484095,0.6742554210707702,18.88778353713992,24.41552632730185,5.0367683419318,0.2740369178141996,0.24560720209610054,0.5142037973691237,True,False,True,True,True,True,True,True,True,True,False
G9,ppo_privilege_gru_0722_long45_clip020_hard,5,evaluation-sp15-ego641-raceline2-v0.7,ol2_e641_o661_s0.7,True,ego_collision,True,True,4.459999999999949,4.643856627709035,0.27266132413564037,447,4.459999999999949,True,1,True,446,terminal_collision_flag,4.459999999999949,4.459999999999949,0.0,-3.120405458589886,0.27266132413564037,0.27266132413564037,4.249999999999954,0.20999999999999552,-0.36511034033654205,0.30101462018447334,0.47319695918873816,0.31024404070066186,0.7209572522560979,17.08249186330443,23.446235980197503,5.049269046550347,0.23974295106168275,0.42459423722714795,0.4473872961601708,True,False,True,True,True,True,True,True,True,True,False
G9,ppo_privilege_gru_0722_long45_clip020_hard,5,evaluation-sp2-ego85-raceline2-v0.8,ol2_e85_o106_s0.8,True,overtake,False,False,,5.478305623635933,0.38157668887376417,802,8.009999999999874,True,1,False,594,closest_approach,5.939999999999918,,,-2.990392967341876,0.1615054194672041,0.1615054194672041,5.709999999999923,0.2299999999999951,-0.11370360802495,0.32524033519563056,0.3445428654261435,0.3699482307858582,0.5184186327385703,9.060868561724805,12.227216836285187,1.913345957563358,0.3375654978190217,0.38466575517138,0.3445428654261435,False,False,True,True,True,False,False,False,False,False,False
G9,ppo_privilege_gru_0722_long45_clip020_hard,5,evaluation-sp21-ego898-raceline0-v0.7,ol0_e898_o902_s0.7,True,overtake,False,False,,5.078357042962838,1.8152993067051852,802,8.009999999999874,True,1,False,628,closest_approach,6.2799999999999105,,,-2.9938366206783087,0.05810567577788106,-0.01083481471815162,5.789999999999921,0.48999999999998956,0.039164600532418936,-0.44961501012342064,0.4513175414972784,0.5572279529707305,0.5148514882510729,11.71133315020377,16.351661023749205,3.520715549926105,0.2567053246089188,0.2348472667094672,0.4513175414972784,False,False,True,False,True,False,False,False,False,False,False
G9,ppo_privilege_gru_0722_long45_clip020_hard,5,evaluation-sp30-ego1283-raceline0-v0.7,ol0_e1283_o1279_s0.7,False,overtake,False,False,,5.100617498852477,5.757297222256682,802,8.009999999999874,True,1,False,624,closest_approach,6.239999999999911,,,-2.7444438072821526,0.3051126664259982,0.3051126664259982,5.989999999999917,0.24999999999999467,-0.20661196512684754,-0.7869892137812825,0.8136587286704783,0.7913947099697389,0.9305780281713245,2.621252537161645,3.216075520332135,0.6443218123363574,0.0813877270416925,-0.07746140389105416,0.8136587286704783,False,False,True,True,False,False,False,False,False,False,False
G9,ppo_privilege_gru_0722_long45_clip020_hard,5,evaluation-sp37-ego1582-raceline2-v0.7,ol2_e1582_o1611_s0.7,True,overtake,False,False,,6.2183425126106755,11.323798010890584,802,8.009999999999874,True,1,False,309,closest_approach,3.089999999999978,,,-3.0969620622893785,0.2637085149319205,0.2637085149319205,2.949999999999981,0.13999999999999702,-0.22043296427658002,0.4637864262754299,0.5135061255107818,0.46897486249977016,0.6896663397741775,14.984327829612926,20.564721742861252,4.839441197336042,0.014635326800139903,-0.006183446829704398,0.5135061255107818,False,False,True,True,False,False,False,False,False,False,False
G9,ppo_privilege_gru_0722_long45_clip020_hard,5,evaluation-sp4-ego171-raceline2-v0.8,ol2_e171_o194_s0.8,True,overtake,False,False,,5.452580135410072,1.0828912034857865,802,8.009999999999874,True,1,False,665,closest_approach,6.649999999999903,,,-2.9674902499793063,0.611394356929253,0.611394356929253,6.119999999999914,0.5299999999999887,-0.5559678773767136,0.5016661198458476,0.7488452286527282,0.5678096578937901,0.9835296362359656,7.9399559705795575,10.387903704361257,1.905486546417517,0.4622550346020453,0.6510225217702934,0.7488452286527282,False,False,True,True,True,False,False,False,False,False,False
G9,ppo_privilege_gru_0722_long45_clip020_hard,5,evaluation-sp45-ego1924-raceline0-v0.7,ol0_e1924_o1919_s0.7,False,overtake,False,False,,5.032452111413032,3.542010985740518,802,8.009999999999874,True,1,False,669,closest_approach,6.689999999999902,,,-3.036418303031155,0.6310215961696031,0.5988692285156958,6.149999999999913,0.5399999999999885,-0.12218142251922076,-0.5373522241923054,0.5510677933369341,0.5629480329409545,0.6772303433207834,7.706647588238986,11.261813724810988,2.762984240291774,0.16628916324685672,0.18866648581757484,0.5510677933369341,False,False,True,True,True,False,False,False,False,False,False
G9,ppo_privilege_gru_0722_long45_clip020_hard,5,evaluation-sp5-ego213-raceline0-v0.7,ol0_e213_o221_s0.7,True,ego_collision,True,True,3.329999999999973,4.783177859196607,0.3954154491302404,334,3.329999999999973,True,1,True,333,terminal_collision_flag,3.329999999999973,3.329999999999973,0.0,-3.1763834205093247,0.3954154491302404,0.3954154491302404,3.089999999999978,0.23999999999999488,-0.3601792356633481,-0.32551448847664277,0.48547787180390006,0.3329937046349407,0.7271125914849679,6.7354410527002155,8.330236318071607,1.2274173652574478,0.32092301176063154,0.07210521065458686,0.4480982586618772,True,False,True,True,True,True,True,True,True,False,False
G9,ppo_privilege_gru_0722_long45_clip020_hard,5,evaluation-sp9-ego384-raceline0-v0.7,ol0_e384_o391_s0.7,False,ego_collision,True,True,6.9399999999998965,5.149790208757649,-0.03282388552545967,695,6.9399999999998965,True,1,True,694,terminal_collision_flag,6.9399999999998965,6.9399999999998965,0.0,-2.819123226821347,0.04566301488446811,-0.03282388552545967,6.659999999999902,0.27999999999999403,0.10688083248659833,-0.34288632756938336,0.3591581072272304,0.5244858709529493,0.38872054633736525,10.82864762603978,12.827971812487155,1.6908274156055474,0.38871055424677975,0.24997196681038508,0.3591581072272304,True,False,True,False,True,False,False,False,False,False,False
G9,ppo_privilege_gru_0722_long45_clip020_hard,10,evaluation-sp1-ego42-raceline2-v0.7,ol2_e42_o63_s0.7,True,overtake,False,False,,5.480345444522429,4.1894740835177515,802,8.009999999999874,True,1,False,578,closest_approach,5.779999999999921,,,-2.99293232204343,0.16307727303117758,0.16307727303117758,5.679999999999923,0.09999999999999787,-0.12325606454160062,0.8717609596659044,0.8804312740037701,0.8875644826207127,0.9647526862766592,5.635875630560034,6.786430551700863,1.1967497136447924,0.0057316225900942985,-0.30483163304317984,0.8804312740037701,False,False,True,True,False,False,False,False,False,False,False
G9,ppo_privilege_gru_0722_long45_clip020_hard,10,evaluation-sp12-ego513-raceline0-v0.8,ol0_e513_o523_s0.8,False,ego_collision,True,True,5.979999999999917,6.022878782036035,0.04929916552606528,599,5.979999999999917,True,1,True,598,terminal_collision_flag,5.979999999999917,5.979999999999917,0.0,-2.918793232532323,0.1626547914794969,0.04929916552606528,5.509999999999927,0.46999999999999,-0.04017079470246912,-0.3131435396989541,0.3157096279846694,0.40059144807994373,0.4550512390156195,2.945217007341853,3.4830542661649493,0.4219504819053467,0.1976332986767621,0.39541890757252635,0.3157096279846694,True,False,True,True,True,True,True,False,False,False,False
G9,ppo_privilege_gru_0722_long45_clip020_hard,10,evaluation-sp13-ego556-raceline0-v0.8,ol0_e556_o565_s0.8,True,ego_collision,True,True,7.019999999999895,5.355731991370719,0.3119350919067472,703,7.019999999999895,True,1,True,702,terminal_collision_flag,7.019999999999895,7.019999999999895,0.0,-3.042886322651867,0.3119350919067472,0.3119350919067472,6.7899999999999,0.2299999999999951,-0.11954944770906503,-0.47641575999606295,0.4911863666880105,0.5059894931210638,0.628253711880341,18.47536755085731,24.019873282280194,4.922307960795614,0.2884182046348818,0.25394378661367495,0.4911863666880105,True,False,True,True,True,True,True,True,True,True,False
G9,ppo_privilege_gru_0722_long45_clip020_hard,10,evaluation-sp15-ego641-raceline2-v0.7,ol2_e641_o661_s0.7,True,ego_collision,True,True,4.369999999999951,4.686666194832176,0.2583594132695737,438,4.369999999999951,True,1,True,437,terminal_collision_flag,4.369999999999951,4.369999999999951,0.0,-3.120405458589886,0.2583594132695737,0.2583594132695737,4.189999999999955,0.17999999999999616,-0.3577893707362379,0.30827029407621986,0.47227514016902494,0.31563582337031104,0.7173992215277977,18.197448957520464,24.700915194068255,5.197976282422254,0.1341054827245931,0.5491904743793805,0.45354641901797826,True,False,True,True,True,True,True,True,True,True,False
G9,ppo_privilege_gru_0722_long45_clip020_hard,10,evaluation-sp2-ego85-raceline2-v0.8,ol2_e85_o106_s0.8,True,ego_collision,True,True,5.81999999999992,5.53753875276294,0.3752476332557251,583,5.81999999999992,True,1,True,582,terminal_collision_flag,5.81999999999992,5.81999999999992,0.0,-2.990392967341876,0.3752476332557251,0.3752476332557251,5.5299999999999265,0.2899999999999938,-0.3253253147096852,0.33564262980831533,0.46743185100675105,0.3374964485798037,0.7009145581789658,10.015316254755373,13.624318949509302,2.3608268500041842,0.37918164918461733,0.501414641919717,0.4628604038216992,True,False,True,True,True,True,True,True,True,True,False
G9,ppo_privilege_gru_0722_long45_clip020_hard,10,evaluation-sp21-ego898-raceline0-v0.7,ol0_e898_o902_s0.7,True,ego_collision,True,True,6.089999999999915,4.977921634947582,0.2914434929760148,610,6.089999999999915,True,1,True,609,terminal_collision_flag,6.089999999999915,6.089999999999915,0.0,-2.9938366206783087,0.3334431443899746,0.2914434929760148,5.679999999999923,0.40999999999999126,-0.05102274362145012,-0.4544999003210386,0.4573548728924775,0.5134980900237636,0.5682135787350874,15.549404387975494,20.500026499396444,3.9568125143763133,0.33812149476969067,0.1400938547078101,0.4573548728924775,True,False,True,True,True,True,True,True,True,True,False
G9,ppo_privilege_gru_0722_long45_clip020_hard,10,evaluation-sp30-ego1283-raceline0-v0.7,ol0_e1283_o1279_s0.7,False,overtake,False,False,,5.264564639407492,6.93037358898971,802,8.009999999999874,True,1,False,556,closest_approach,5.559999999999926,,,-2.7444438072821526,-0.11497075002353085,-0.11497075002353085,,,0.09339023775524524,-0.8686948298059909,0.8737004314063491,0.9495360876436887,0.8906661023871957,0.8822182517704573,1.103223542080869,0.23004016188228385,-0.07688276770260627,-0.22135175529775863,0.8737004314063491,False,False,False,False,False,False,False,False,False,False,False
G9,ppo_privilege_gru_0722_long45_clip020_hard,10,evaluation-sp37-ego1582-raceline2-v0.7,ol2_e1582_o1611_s0.7,True,overtake,False,False,,6.338686072891344,12.299529007589456,802,8.009999999999874,True,1,False,296,closest_approach,2.959999999999981,,,-3.0969620622893785,0.27274209282626316,0.27274209282626316,2.8799999999999826,0.0799999999999983,-0.2562157435718291,0.5766949849016147,0.6310496120470551,0.577683721073286,0.7943102316704725,14.096259871709002,19.444428617465597,4.597923636916419,-0.0973407543557176,-0.12907441022999522,0.6310496120470551,False,False,True,True,False,False,False,False,False,False,False
G9,ppo_privilege_gru_0722_long45_clip020_hard,10,evaluation-sp4-ego171-raceline2-v0.8,ol2_e171_o194_s0.8,True,overtake,False,False,,5.457141757953457,1.0777990891761249,802,8.009999999999874,True,1,False,666,closest_approach,6.659999999999902,,,-2.9674902499793063,0.6094117214990717,0.6094117214990717,6.119999999999914,0.5399999999999885,-0.5544114131426724,0.4920074905396225,0.7412444844786041,0.5585559650985761,0.9772932033902116,8.049669537013042,10.524420589252184,1.83999914545176,0.45831669543818615,0.6701040327521928,0.7412444844786041,False,False,True,True,True,False,False,False,False,False,False
G9,ppo_privilege_gru_0722_long45_clip020_hard,10,evaluation-sp45-ego1924-raceline0-v0.7,ol0_e1924_o1919_s0.7,False,overtake,False,False,,5.449981669361774,6.208080071854141,802,8.009999999999874,True,1,False,621,closest_approach,6.209999999999912,,,-3.036418303031155,0.5435403247138879,0.5435403247138879,5.82999999999992,0.3799999999999919,-0.363979186430856,-0.753123305416465,0.8364661148643678,0.7567480645408968,0.9974384639897271,4.200534277532217,5.308351015507692,1.033964606834844,0.14309358430441443,0.12365837671142188,0.8364661148643678,False,False,True,True,True,False,False,False,False,False,False
G9,ppo_privilege_gru_0722_long45_clip020_hard,10,evaluation-sp5-ego213-raceline0-v0.7,ol0_e213_o221_s0.7,True,ego_collision,True,True,3.329999999999973,4.783717069868109,0.3751996304467582,334,3.329999999999973,True,1,True,333,terminal_collision_flag,3.329999999999973,3.329999999999973,0.0,-3.1763834205093247,0.3751996304467582,0.3751996304467582,3.099999999999978,0.2299999999999951,-0.3405606203338065,-0.3275039950496688,0.4724832302798065,0.33138383047763936,0.7105389241197476,6.920603901710554,8.5415081582222,1.2546322755268857,0.31518715524086666,0.07766638779804808,0.4383228958933294,True,False,True,True,True,True,True,True,True,False,False
G9,ppo_privilege_gru_0722_long45_clip020_hard,10,evaluation-sp9-ego384-raceline0-v0.7,ol0_e384_o391_s0.7,False,ego_collision,True,True,6.949999999999896,5.1512790623639955,-0.035697489768040214,696,6.949999999999896,True,1,True,695,terminal_collision_flag,6.949999999999896,6.949999999999896,0.0,-2.819123226821347,0.05397536856312968,-0.035697489768040214,6.659999999999902,0.2899999999999938,0.11072522411270454,-0.34311367724486824,0.3605371974807929,0.5275487662317796,0.387125872013142,11.090043315423967,13.177258858780137,1.6970498440888366,0.38625789156878393,0.2589453469878899,0.3605371974807929,True,False,True,False,True,False,False,False,False,False,False
G9,ppo_privilege_gru_0722_long45_clip020_hard,15,evaluation-sp1-ego42-raceline2-v0.7,ol2_e42_o63_s0.7,True,overtake,False,False,,5.532071024514459,4.569200575737881,802,8.009999999999874,True,1,False,464,closest_approach,4.6399999999999455,,,-2.99293232204343,0.21203240871119533,0.21203240871119533,4.469999999999949,0.16999999999999638,-0.2651039589087995,0.35819641899042964,0.4456285264732116,0.35906056235624395,0.6606399017420834,13.229739034392281,15.304489352617187,2.405644925927788,0.40354185995879444,0.5047616194489748,0.4456285264732116,False,False,True,True,True,False,False,False,False,False,False
G9,ppo_privilege_gru_0722_long45_clip020_hard,15,evaluation-sp12-ego513-raceline0-v0.8,ol0_e513_o523_s0.8,False,ego_collision,True,True,6.179999999999913,6.102924876868472,0.52386434260643,619,6.179999999999913,True,1,True,618,terminal_collision_flag,6.179999999999913,6.179999999999913,0.0,-2.918793232532323,0.52386434260643,0.52386434260643,5.36999999999993,0.8099999999999827,-0.515137849366584,-0.32332929956601275,0.6082013151974253,0.39399097346926504,0.8676340198727206,1.5360393678894602,1.911450447159034,0.28848019818083775,0.03938996487892732,0.3648838543683499,0.4689388313013819,True,False,True,True,False,True,False,False,False,False,False
G9,ppo_privilege_gru_0722_long45_clip020_hard,15,evaluation-sp13-ego556-raceline0-v0.8,ol0_e556_o565_s0.8,True,overtake,False,False,,5.4784312361860605,3.325193047091034,802,8.009999999999874,True,1,False,675,closest_approach,6.7499999999999005,,,-3.042886322651867,0.3056269011349002,0.2709950129535912,6.439999999999907,0.3099999999999934,-0.10882926360647951,-0.576534431099583,0.5867160802811258,0.6043300306692447,0.7010397504793908,13.21707441654109,18.001212822719737,3.79939343631544,0.24077487989070412,-0.011682543639795151,0.5867160802811258,False,False,True,True,True,False,False,False,False,False,False
G9,ppo_privilege_gru_0722_long45_clip020_hard,15,evaluation-sp15-ego641-raceline2-v0.7,ol2_e641_o661_s0.7,True,ego_collision,True,True,4.389999999999951,4.673651005687567,0.23855038114706417,440,4.389999999999951,True,1,True,439,terminal_collision_flag,4.389999999999951,4.389999999999951,0.0,-3.120405458589886,0.23855038114706417,0.23855038114706417,4.209999999999955,0.17999999999999616,-0.3547855767832696,0.3091451709646738,0.470577881146378,0.3158605826783683,0.7150658548403154,17.964264978112844,24.47673957746045,5.1569453377745,0.1670491727731101,0.49463210242615313,0.4510497159994611,True,False,True,True,True,True,True,True,True,True,False
G9,ppo_privilege_gru_0722_long45_clip020_hard,15,evaluation-sp2-ego85-raceline2-v0.8,ol2_e85_o106_s0.8,True,overtake,False,False,,5.822448117596923,3.143223080275561,802,8.009999999999874,True,1,False,538,closest_approach,5.37999999999993,,,-2.990392967341876,0.39447034778942225,0.39447034778942225,5.239999999999933,0.13999999999999702,-0.3814750639323563,0.779842955435667,0.8681464505167495,0.7851896092435663,1.0290936772838504,11.293854585782025,14.333744034085566,2.943787168674499,0.24488094313342068,0.14866749259205625,0.8681464505167495,False,False,True,True,True,False,False,False,False,False,False
G9,ppo_privilege_gru_0722_long45_clip020_hard,15,evaluation-sp21-ego898-raceline0-v0.7,ol0_e898_o902_s0.7,True,ego_collision,True,True,6.089999999999915,5.018682798757461,0.5603204810152533,610,6.089999999999915,True,1,True,609,terminal_collision_flag,6.089999999999915,6.089999999999915,0.0,-2.9938366206783087,0.5945898960064255,0.5603204810152533,5.5799999999999255,0.5099999999999891,-0.28889772759212073,-0.4599640816713424,0.5431655856510541,0.4599654024295985,0.7393845653238121,15.302749087791929,20.070032089184277,3.819897523124808,0.3186008231251847,0.22726821866108027,0.5431655856510541,True,False,True,True,True,True,True,True,True,True,False
G9,ppo_privilege_gru_0722_long45_clip020_hard,15,evaluation-sp30-ego1283-raceline0-v0.7,ol0_e1283_o1279_s0.7,False,overtake,False,False,,5.015537963808967,5.161688880669487,802,8.009999999999874,True,1,False,624,closest_approach,6.239999999999911,,,-2.7444438072821526,0.24350492629326936,0.24350492629326936,5.9999999999999165,0.23999999999999488,-0.18586160268096416,-0.7518147360006534,0.7744481471466432,0.7589928873605533,0.8897582043307204,3.051570852946079,3.854357559088147,0.7897938047499222,0.04799044828047572,-0.11107021827909669,0.7744481471466432,False,False,True,True,False,False,False,False,False,False,False
G9,ppo_privilege_gru_0722_long45_clip020_hard,15,evaluation-sp37-ego1582-raceline2-v0.7,ol2_e1582_o1611_s0.7,True,overtake,False,False,,6.369447553738875,12.479364510525045,802,8.009999999999874,True,1,False,297,closest_approach,2.9699999999999807,,,-3.0969620622893785,0.27103101731341894,0.27103101731341894,2.869999999999983,0.09999999999999787,-0.25716779895258135,0.478993173692175,0.5436632572298935,0.48011708350080634,0.7272049646793637,16.393416810193198,22.307319637163467,5.247366781996804,-0.016207796972481092,0.273964880523647,0.5436632572298935,False,False,True,True,False,False,False,False,False,False,False
G9,ppo_privilege_gru_0722_long45_clip020_hard,15,evaluation-sp4-ego171-raceline2-v0.8,ol2_e171_o194_s0.8,True,overtake,False,False,,5.495635276197242,1.2993294531374033,802,8.009999999999874,True,1,False,650,closest_approach,6.499999999999906,,,-2.9674902499793063,0.5402666589773446,0.5402666589773446,6.119999999999914,0.3799999999999919,-0.5047183572746643,0.5911488795727337,0.7773014974835273,0.6289363805432381,0.9904717387232406,8.114714974699881,10.538224393005882,1.8908336714689304,0.4439869064480292,0.5445200057615326,0.7773014974835273,False,False,True,True,True,False,False,False,False,False,False
G9,ppo_privilege_gru_0722_long45_clip020_hard,15,evaluation-sp45-ego1924-raceline0-v0.7,ol0_e1924_o1919_s0.7,False,overtake,False,False,,5.352691491919696,5.77727342783075,802,8.009999999999874,True,1,False,623,closest_approach,6.229999999999912,,,-3.036418303031155,0.49593586148444047,0.49593586148444047,5.83999999999992,0.3899999999999917,-0.3820311174436032,-0.6421065409157738,0.7471603473030596,0.6486682792188458,0.929476536927812,2.6423022126028615,3.8365377278662107,1.051966571416385,0.16117574276583768,0.1557994894659469,0.7471603473030596,False,False,True,True,True,False,False,False,False,False,False
G9,ppo_privilege_gru_0722_long45_clip020_hard,15,evaluation-sp5-ego213-raceline0-v0.7,ol0_e213_o221_s0.7,True,ego_collision,True,True,3.279999999999974,4.767542578910322,0.27602495041981,329,3.279999999999974,True,1,True,328,terminal_collision_flag,3.279999999999974,3.279999999999974,0.0,-3.1763834205093247,0.27602495041981,0.27602495041981,3.089999999999978,0.18999999999999595,-0.24138051861890375,-0.33776731691097117,0.41515215902361313,0.3412486107561512,0.6296443567133209,7.585166311747341,9.307392902160467,1.3906943180699414,0.28686727911455856,0.04547532034598195,0.41357081750287006,True,False,True,True,True,True,True,True,True,False,False
G9,ppo_privilege_gru_0722_long45_clip020_hard,15,evaluation-sp9-ego384-raceline0-v0.7,ol0_e384_o391_s0.7,False,ego_collision,True,True,6.849999999999898,5.139292507992522,-0.06718805206702427,686,6.849999999999898,True,1,True,685,terminal_collision_flag,6.849999999999898,6.849999999999898,0.0,-2.819123226821347,0.02550887824790493,-0.06718805206702427,6.619999999999903,0.2299999999999951,0.1720995392471633,-0.34106465389128615,0.38202532578753035,0.5743353395938852,0.36086786609466076,12.42718666045954,14.696557100389095,1.941364596080858,0.3664174791838023,0.20651654492086657,0.38202532578753035,True,False,True,False,True,False,False,False,False,False,False
G9,ppo_privilege_gru_0722_long45_clip020_hard,20,evaluation-sp1-ego42-raceline2-v0.7,ol2_e42_o63_s0.7,True,overtake,False,False,,5.84159666687393,7.0337736236889725,802,8.009999999999874,True,1,False,444,closest_approach,4.43999999999995,,,-2.99293232204343,0.30756127612619366,0.30756127612619366,4.269999999999953,0.16999999999999638,-0.3023223131425655,0.565965692086484,0.6416509531223374,0.5660998180710856,0.8192453156811409,7.014734788024012,8.866107963432464,1.5145456340825414,0.27109997586858503,0.24473571035542951,0.6416509531223374,False,False,True,True,True,False,False,False,False,False,False
G9,ppo_privilege_gru_0722_long45_clip020_hard,20,evaluation-sp12-ego513-raceline0-v0.8,ol0_e513_o523_s0.8,False,ego_collision,True,True,6.029999999999916,6.074069329760273,0.3485682150774494,604,6.029999999999916,True,1,True,603,terminal_collision_flag,6.029999999999916,6.029999999999916,0.0,-2.918793232532323,0.35052253350434626,0.3485682150774494,5.459999999999928,0.5699999999999878,-0.33608795800298474,-0.31801849776671837,0.4626995574197324,0.32134073005874175,0.7022263852050473,2.8099583681927807,3.2802012879686475,0.2954731137695062,0.14244439235282735,0.40668487121764313,0.43211557347212515,True,False,True,True,True,True,True,False,False,False,False
G9,ppo_privilege_gru_0722_long45_clip020_hard,20,evaluation-sp13-ego556-raceline0-v0.8,ol0_e556_o565_s0.8,True,ego_collision,True,True,7.009999999999895,5.351036028322869,0.2362326770840184,702,7.009999999999895,True,1,True,701,terminal_collision_flag,7.009999999999895,7.009999999999895,0.0,-3.042886322651867,0.2362326770840184,0.2362326770840184,6.839999999999899,0.16999999999999638,-0.06695824476932233,-0.4801104352413027,0.4847570902732436,0.5293898890269577,0.5982685170860895,17.9909316772412,23.33465071174813,4.864308252725668,0.2990541927666793,0.24094312221492054,0.4847570902732436,True,False,True,True,True,True,True,True,True,True,False
G9,ppo_privilege_gru_0722_long45_clip020_hard,20,evaluation-sp15-ego641-raceline2-v0.7,ol2_e641_o661_s0.7,True,ego_collision,True,True,4.42999999999995,4.638881344309624,0.18914038836629743,444,4.42999999999995,True,1,True,443,terminal_collision_flag,4.42999999999995,4.42999999999995,0.0,-3.120405458589886,0.18914038836629743,0.18914038836629743,4.269999999999953,0.1599999999999966,-0.2549391018914951,0.30705051265694394,0.3990914218523548,0.3090457634381469,0.6254907210288585,19.35784022487766,25.76813865635503,5.594188849658423,0.10518000342923972,0.5354748707788887,0.39480376015197927,True,False,True,True,True,True,True,True,True,True,False
G9,ppo_privilege_gru_0722_long45_clip020_hard,20,evaluation-sp2-ego85-raceline2-v0.8,ol2_e85_o106_s0.8,True,overtake,False,False,,5.841560293514859,3.238194168286469,802,8.009999999999874,True,1,False,532,closest_approach,5.319999999999931,,,-2.990392967341876,0.2616621055676376,0.2616621055676376,5.219999999999933,0.09999999999999787,-0.28719438471098213,0.7784328821912954,0.8297218610390874,0.7784379381516532,0.969077452951278,10.809526834261373,13.873699480944012,2.761206455844795,0.19320322604319773,0.12379591515723698,0.8297218610390874,False,False,True,True,True,False,False,False,False,False,False
G9,ppo_privilege_gru_0722_long45_clip020_hard,20,evaluation-sp21-ego898-raceline0-v0.7,ol0_e898_o902_s0.7,True,ego_collision,True,True,6.059999999999915,4.997840753887132,0.37675894396258514,607,6.059999999999915,True,1,True,606,terminal_collision_flag,6.059999999999915,6.059999999999915,0.0,-2.9938366206783087,0.47608521207786225,0.37675894396258514,5.609999999999925,0.4499999999999904,-0.14115543853374446,-0.45969201194629694,0.48087587137939053,0.4831888340238383,0.6302473784352141,14.336992843955338,19.0753905380452,3.713683094525332,0.318226612533403,0.1775853660060781,0.48087587137939053,True,False,True,True,True,True,True,True,True,True,False
G9,ppo_privilege_gru_0722_long45_clip020_hard,20,evaluation-sp30-ego1283-raceline0-v0.7,ol0_e1283_o1279_s0.7,False,overtake,False,False,,5.243232954553231,6.805515943404771,802,8.009999999999874,True,1,False,565,closest_approach,5.649999999999924,,,-2.7444438072821526,-8.477923586269753e-06,-8.477923586269753e-06,,,0.01733107082956098,-0.9057646144342297,0.90593040724842,0.9564841472070686,0.9459164242659828,1.6304382569474223,1.976084998157995,0.2810362117854541,-0.04333780351355432,-0.1350481534707323,0.90593040724842,False,False,False,False,False,False,False,False,False,False,False
G9,ppo_privilege_gru_0722_long45_clip020_hard,20,evaluation-sp37-ego1582-raceline2-v0.7,ol2_e1582_o1611_s0.7,True,overtake,False,False,,6.401948314569733,12.877907671509718,802,8.009999999999874,True,1,False,283,closest_approach,2.8299999999999836,,,-3.0969620622893785,0.16862845581437114,0.16862845581437114,2.7899999999999845,0.03999999999999915,-0.23386512316718794,0.6882591225257838,0.7269068135421252,0.6905445272659808,0.8649481412263598,14.581802819409926,19.91747515738845,4.666841890852635,-0.19290766684463967,-0.08337348814899481,0.7269068135421252,False,False,True,True,False,False,False,False,False,False,False
G9,ppo_privilege_gru_0722_long45_clip020_hard,20,evaluation-sp4-ego171-raceline2-v0.8,ol2_e171_o194_s0.8,True,overtake,False,False,,5.521876984242231,1.4384675988499964,802,8.009999999999874,True,1,False,637,closest_approach,6.369999999999909,,,-2.9674902499793063,0.4519874599201046,0.4519874599201046,6.099999999999914,0.26999999999999424,-0.46002335091847396,0.6527267336897761,0.7985447215175774,0.6745073229631169,0.9942772328663169,9.331898411639807,11.997724093136743,2.1852423267340293,0.3779941765909164,0.48167700371596667,0.7985447215175774,False,False,True,True,True,False,False,False,False,False,False
G9,ppo_privilege_gru_0722_long45_clip020_hard,20,evaluation-sp45-ego1924-raceline0-v0.7,ol0_e1924_o1919_s0.7,False,overtake,False,False,,5.427115425713969,6.151262840421708,802,8.009999999999874,True,1,False,598,closest_approach,5.979999999999917,,,-3.036418303031155,0.31178502947233255,0.31178502947233255,5.799999999999921,0.17999999999999616,-0.21826228475388393,-0.740215388160209,0.7717235553066619,0.7436834815013049,0.897913899531802,2.929342975629108,3.566441553183067,0.7323379026648731,0.08930766988997507,0.08401642078473992,0.7717235553066619,False,False,True,True,False,False,False,False,False,False,False
G9,ppo_privilege_gru_0722_long45_clip020_hard,20,evaluation-sp5-ego213-raceline0-v0.7,ol0_e213_o221_s0.7,True,ego_collision,True,True,3.3599999999999723,4.841125929903794,0.5167272284227522,337,3.3599999999999723,True,1,True,336,terminal_collision_flag,3.3599999999999723,3.3599999999999723,0.0,-3.1763834205093247,0.5167272284227522,0.5167272284227522,3.039999999999979,0.3199999999999932,-0.47632020123427443,-0.3304469760378671,0.5797207414578422,0.3793552706376323,0.8345309190151733,7.150434682227859,8.857196346705056,1.3088973527172256,0.3048726422540827,0.14287482573840504,0.48360774411408713,True,False,True,True,True,True,True,True,True,False,False
G9,ppo_privilege_gru_0722_long45_clip020_hard,20,evaluation-sp9-ego384-raceline0-v0.7,ol0_e384_o391_s0.7,False,ego_collision,True,True,7.049999999999894,5.115423859752119,-0.30718329188323423,706,7.049999999999894,True,1,True,705,terminal_collision_flag,7.049999999999894,7.049999999999894,0.0,-2.819123226821347,-0.06673550573131593,-0.30718329188323423,,,0.3315301079700795,-0.3055447879378248,0.4508545551800745,0.6925729510667226,0.30835428860967184,12.940308750652843,15.252230806586205,2.1150241261822798,0.4125750688389971,0.2509139891327783,0.4508545551800745,True,False,False,False,True,False,False,False,False,False,False
G9,ppo_privilege_gru_0722_long45_clip020_hard,25,evaluation-sp1-ego42-raceline2-v0.7,ol2_e42_o63_s0.7,True,overtake,False,False,,5.676206237609721,5.443861434880887,802,8.009999999999874,True,1,False,500,closest_approach,4.999999999999938,,,-2.99293232204343,0.045832012808176614,0.045832012808176614,4.949999999999939,0.049999999999998934,-0.03683850798688072,0.5039560592405357,0.5053006880224385,0.5639702569139253,0.6006622344948453,7.4334214211707925,9.012953677161411,0.7974316984447852,0.10596050921955014,-0.08621038118623858,0.5053006880224385,False,False,True,True,True,False,False,False,False,False,False
G9,ppo_privilege_gru_0722_long45_clip020_hard,25,evaluation-sp12-ego513-raceline0-v0.8,ol0_e513_o523_s0.8,False,ego_collision,True,True,6.2799999999999105,6.070712892580294,0.4465555605483189,629,6.2799999999999105,True,1,True,628,terminal_collision_flag,6.2799999999999105,6.2799999999999105,0.0,-2.918793232532323,0.4465555605483189,0.4465555605483189,5.489999999999927,0.7899999999999832,-0.4456060858023799,-0.32172045629994916,0.5496078926889292,0.35737558106365513,0.802882535288535,1.014912388232673,1.2083294172307704,0.29456788519138316,0.0593399271222152,0.3474096225345005,0.44614297045199447,True,False,True,True,False,True,False,False,False,False,False
G9,ppo_privilege_gru_0722_long45_clip020_hard,25,evaluation-sp13-ego556-raceline0-v0.8,ol0_e556_o565_s0.8,True,overtake,False,False,,5.594070888271822,3.921317865913352,802,8.009999999999874,True,1,False,667,closest_approach,6.669999999999902,,,-3.042886322651867,0.4580812095014153,0.4143187456517978,6.379999999999908,0.2899999999999938,-0.08685853361558321,-0.739682304453447,0.7447646046794995,0.7670699882581595,0.8301519534883053,15.638945684316461,20.51486227308531,4.248664342293866,0.15995356194407206,0.14881846208113692,0.7447646046794995,False,False,True,True,True,False,False,False,False,False,False
G9,ppo_privilege_gru_0722_long45_clip020_hard,25,evaluation-sp15-ego641-raceline2-v0.7,ol2_e641_o661_s0.7,True,overtake,False,False,,5.761915016206427,7.987998317153,802,8.009999999999874,True,1,False,447,closest_approach,4.469999999999949,,,-3.120405458589886,0.14192145553434443,0.14192145553434443,4.379999999999951,0.08999999999999808,-0.1889591992651675,0.4259933993668282,0.46602141076461207,0.43781231106176316,0.6409932065668374,17.18410716105426,23.441395912498404,5.152574443484118,-0.01571517593014965,-0.13113901003345446,0.46602141076461207,False,False,True,True,False,False,False,False,False,False,False
G9,ppo_privilege_gru_0722_long45_clip020_hard,25,evaluation-sp2-ego85-raceline2-v0.8,ol2_e85_o106_s0.8,True,ego_collision,True,True,5.84999999999992,5.553014934194175,0.4346877671716243,586,5.84999999999992,True,1,True,585,terminal_collision_flag,5.84999999999992,5.84999999999992,0.0,-2.990392967341876,0.4346877671716243,0.4346877671716243,5.5299999999999265,0.3199999999999932,-0.3777802413035956,0.33514873553352675,0.5050174112336374,0.3464535260219462,0.7471647245455384,10.582957120944195,14.212983060064795,2.454923501847696,0.3662032154186673,0.401823841572284,0.48814101475624083,True,False,True,True,True,True,True,True,True,True,False
G9,ppo_privilege_gru_0722_long45_clip020_hard,25,evaluation-sp21-ego898-raceline0-v0.7,ol0_e898_o902_s0.7,True,overtake,False,False,,5.9313925615059455,8.411038734763224,802,8.009999999999874,True,1,False,489,closest_approach,4.88999999999994,,,-2.9938366206783087,0.32120017652567867,0.32120017652567867,4.769999999999943,0.11999999999999744,-0.17347057090258322,-1.075174075096408,1.0890782023016916,1.08147048022828,1.1708135043004,2.0007080276401177,2.437992501112751,0.33620862476432306,0.09458126464657979,0.0554509816731219,1.0890782023016916,False,False,True,True,False,False,False,False,False,False,False
G9,ppo_privilege_gru_0722_long45_clip020_hard,25,evaluation-sp30-ego1283-raceline0-v0.7,ol0_e1283_o1279_s0.7,False,overtake,False,False,,5.309002951736573,7.39496877633519,802,8.009999999999874,True,1,False,557,closest_approach,5.569999999999926,,,-2.7444438072821526,0.09203781144907452,0.09203781144907452,5.5299999999999265,0.03999999999999915,-0.031693170245410074,-1.006229209510589,1.0067282051837572,1.0388549659938924,1.0564013053072432,1.6186629065236067,1.978717374955815,0.2883768186914954,-0.011441114376358863,-0.09154007276772891,1.0067282051837572,False,False,True,True,False,False,False,False,False,False,False
G9,ppo_privilege_gru_0722_long45_clip020_hard,25,evaluation-sp37-ego1582-raceline2-v0.7,ol2_e1582_o1611_s0.7,True,overtake,False,False,,6.477436310446882,13.486008636515749,802,8.009999999999874,True,1,False,277,closest_approach,2.769999999999985,,,-3.0969620622893785,0.1348713809494484,0.1348713809494484,2.7299999999999858,0.03999999999999915,-0.24828408944885394,0.7098907415092365,0.7520570815795701,0.7111153788757805,0.8908954067870792,14.740915972966667,19.902876217912148,4.423519098184544,-0.17944684871623806,-0.17001753969239164,0.7520570815795701,False,False,True,True,False,False,False,False,False,False,False
G9,ppo_privilege_gru_0722_long45_clip020_hard,25,evaluation-sp4-ego171-raceline2-v0.8,ol2_e171_o194_s0.8,True,overtake,False,False,,5.563479902974738,1.6984085943670664,802,8.009999999999874,True,1,False,625,closest_approach,6.249999999999911,,,-2.9674902499793063,0.28093338395231626,0.28093338395231626,6.069999999999915,0.17999999999999616,-0.3581365224379854,0.6828473976918795,0.7710657152529514,0.6862384091731634,0.9414677478557494,8.400216146454442,10.842830385103273,1.8236054324225248,0.20498798972987187,0.360451535934749,0.7710657152529514,False,False,True,True,True,False,False,False,False,False,False
G9,ppo_privilege_gru_0722_long45_clip020_hard,25,evaluation-sp45-ego1924-raceline0-v0.7,ol0_e1924_o1919_s0.7,False,overtake,False,False,,5.904136440715428,9.751956800325843,802,8.009999999999874,True,1,False,476,closest_approach,4.759999999999943,,,-3.036418303031155,0.028752511801485525,0.028752511801485525,4.749999999999943,0.009999999999999787,-0.027094261546830756,-1.0713793579038426,1.0717218984191832,1.1031650628324197,1.1173193362903822,1.0406079532828154,1.2340827581376068,0.23710840489210078,0.0017093514688149014,-0.0330223947967212,1.0717218984191832,False,False,True,True,False,False,False,False,False,False,False
G9,ppo_privilege_gru_0722_long45_clip020_hard,25,evaluation-sp5-ego213-raceline0-v0.7,ol0_e213_o221_s0.7,True,overtake,False,False,,6.131369643848484,10.619493652393402,802,8.009999999999874,True,1,False,310,closest_approach,3.099999999999978,,,-3.1763834205093247,0.20485680057464606,0.20485680057464606,2.9899999999999802,0.10999999999999766,-0.18990440177202353,-0.4827793386465568,0.5187866340186463,0.4930466698078624,0.6807232364655775,7.3007041656481615,9.041227302418324,1.326078364419853,0.1866819484295466,-0.2567542499189572,0.5187866340186463,False,False,True,True,True,False,False,False,False,False,False
G9,ppo_privilege_gru_0722_long45_clip020_hard,25,evaluation-sp9-ego384-raceline0-v0.7,ol0_e384_o391_s0.7,False,overtake,False,False,,5.3611088098055095,1.5468973568731315,802,8.009999999999874,True,1,False,728,closest_approach,7.279999999999889,,,-2.819123226821347,0.3160488133722481,0.3160488133722481,7.0299999999998946,0.24999999999999467,-0.25065662058221466,-0.6651313663322908,0.7107942570960716,0.6662939561357822,0.8571518627748765,4.350098725898875,5.345227637792412,0.2474906713135247,0.16825800043138783,0.1113441983154736,0.7107942570960716,False,False,True,True,True,False,False,False,False,False,False
G9,ppo_privilege_gru_0722_long45_clip020_hard,30,evaluation-sp1-ego42-raceline2-v0.7,ol2_e42_o63_s0.7,True,overtake,False,False,,5.679845807050461,5.445827579985007,802,8.009999999999874,True,1,False,497,closest_approach,4.9699999999999385,,,-2.99293232204343,0.04168387804011786,0.04168387804011786,4.9199999999999395,0.049999999999998934,-0.03806489278392877,0.46290364969620945,0.46446606438438853,0.5270209551337065,0.567367925405906,7.8257906785317655,9.456609986025764,1.0311656272902467,0.13144988478617414,-0.08555022715831728,0.46446606438438853,False,False,True,True,True,False,False,False,False,False,False
G9,ppo_privilege_gru_0722_long45_clip020_hard,30,evaluation-sp12-ego513-raceline0-v0.8,ol0_e513_o523_s0.8,False,overtake,False,False,,5.917357270955169,2.369357920863706,802,8.009999999999874,True,1,False,575,closest_approach,5.749999999999922,,,-2.918793232532323,0.11743178661501474,0.11743178661501474,5.639999999999924,0.10999999999999766,-0.09657570282986382,-0.4283390544931539,0.439091348105575,0.4699864937845025,0.576987971817864,5.296031613496766,6.327851231275575,0.7468120969363649,0.2750162303516098,0.24339247661702967,0.439091348105575,False,False,True,True,True,False,False,False,False,False,False
G9,ppo_privilege_gru_0722_long45_clip020_hard,30,evaluation-sp13-ego556-raceline0-v0.8,ol0_e556_o565_s0.8,True,overtake,False,False,,5.8223724735070075,5.750238261403638,802,8.009999999999874,True,1,False,616,closest_approach,6.159999999999913,,,-3.042886322651867,0.28718067526651225,0.28718067526651225,6.059999999999915,0.09999999999999787,-0.03649459063561523,-0.8961454255736394,0.8968882198592087,0.9313117718323781,0.9537690189405804,5.047940677303077,6.669076911256145,1.400133428155511,0.08870767759678388,0.07002888647669092,0.8968882198592087,False,False,True,True,False,False,False,False,False,False,False
G9,ppo_privilege_gru_0722_long45_clip020_hard,30,evaluation-sp15-ego641-raceline2-v0.7,ol2_e641_o661_s0.7,True,overtake,False,False,,5.920741698233786,9.163873318921162,802,8.009999999999874,True,1,False,428,closest_approach,4.279999999999953,,,-3.120405458589886,0.1828242526297288,0.1828242526297288,4.1699999999999555,0.10999999999999766,-0.2669965541614583,0.48904711704889914,0.5571842088824236,0.4895878278861581,0.7412234777997645,16.853341399929636,22.802695715333517,4.906644551661587,0.005212324117477907,-0.06189302376607675,0.5571842088824236,False,False,True,True,False,False,False,False,False,False,False
G9,ppo_privilege_gru_0722_long45_clip020_hard,30,evaluation-sp2-ego85-raceline2-v0.8,ol2_e85_o106_s0.8,True,overtake,False,False,,6.0227881854944405,4.440582284995656,802,8.009999999999874,True,1,False,506,closest_approach,5.0599999999999365,,,-2.990392967341876,0.1076380206892793,0.1076380206892793,5.019999999999937,0.03999999999999915,-0.1548848204327416,0.752069867160191,0.7678531061933852,0.7641107228928539,0.8738029460592474,8.621761389507764,11.053641855064692,2.08252581785894,0.09947363797009079,0.11131446292520153,0.7678531061933852,False,False,True,True,False,False,False,False,False,False,False
G9,ppo_privilege_gru_0722_long45_clip020_hard,30,evaluation-sp21-ego898-raceline0-v0.7,ol0_e898_o902_s0.7,True,overtake,False,False,,6.010115929761343,9.036433712586643,802,8.009999999999874,True,1,False,464,closest_approach,4.6399999999999455,,,-2.9938366206783087,0.034329504806635214,0.034329504806635214,4.629999999999946,0.009999999999999787,-0.03832768569336786,-1.1248248132577743,1.1254776195069347,1.1526360285488404,1.1717635980491754,1.6606785690313155,1.968041096201799,0.3089179699300781,0.007465932638777151,-0.038729885457043256,1.1254776195069347,False,False,True,True,False,False,False,False,False,False,False
G9,ppo_privilege_gru_0722_long45_clip020_hard,30,evaluation-sp30-ego1283-raceline0-v0.7,ol0_e1283_o1279_s0.7,False,overtake,False,False,,5.44293463755452,8.430504654487777,802,8.009999999999874,True,1,False,516,closest_approach,5.159999999999934,,,-2.7444438072821526,0.07329560029785398,0.07329560029785398,5.119999999999935,0.03999999999999915,-0.037701379718990014,-0.9809674538100528,0.9816916723021,1.01289275801058,1.0342559353004979,1.39009816292653,1.6793733042567833,0.2536750911979678,-0.014942580763310565,-0.06610435453029062,0.9816916723021,False,False,True,True,False,False,False,False,False,False,False
G9,ppo_privilege_gru_0722_long45_clip020_hard,30,evaluation-sp37-ego1582-raceline2-v0.7,ol2_e1582_o1611_s0.7,True,overtake,False,False,,6.585555522830421,14.387198309516634,802,8.009999999999874,True,1,False,269,closest_approach,2.6899999999999866,,,-3.0969620622893785,0.16793317822958898,0.16793317822958898,2.6499999999999875,0.03999999999999915,-0.2986275592846604,0.7572603422817294,0.8140157524009934,0.7573094881036764,0.9591275355978778,14.134079281851832,18.774985545501124,3.5805215582821313,-0.22931052536793517,-0.18948617063299,0.8140157524009934,False,False,True,True,False,False,False,False,False,False,False
G9,ppo_privilege_gru_0722_long45_clip020_hard,30,evaluation-sp4-ego171-raceline2-v0.8,ol2_e171_o194_s0.8,True,overtake,False,False,,5.646695698501634,2.178713525237441,802,8.009999999999874,True,1,False,614,closest_approach,6.1399999999999135,,,-2.9674902499793063,0.21100639474948935,0.21100639474948935,5.9999999999999165,0.13999999999999702,-0.290755940611337,0.6945231118339572,0.7529285290599014,0.6945235232285019,0.9053396133092168,8.325958787442021,10.70534741324926,1.9357185553026004,0.14406320954780505,0.35882081451748693,0.7529285290599014,False,False,True,True,True,False,False,False,False,False,False
G9,ppo_privilege_gru_0722_long45_clip020_hard,30,evaluation-sp45-ego1924-raceline0-v0.7,ol0_e1924_o1919_s0.7,False,overtake,False,False,,5.933992767785897,10.049074805104993,802,8.009999999999874,True,1,False,459,closest_approach,4.589999999999947,,,-3.036418303031155,0.02413271626835467,0.02413271626835467,4.579999999999947,0.009999999999999787,-0.011891668986388049,-1.0704932091796817,1.07055925697324,1.106028912225621,1.1122474053479292,0.8264514219211494,0.960949760711968,0.26424700785119387,-0.0166256836514298,-0.023182219200610144,1.07055925697324,False,False,True,True,False,False,False,False,False,False,False
G9,ppo_privilege_gru_0722_long45_clip020_hard,30,evaluation-sp5-ego213-raceline0-v0.7,ol0_e213_o221_s0.7,True,overtake,False,False,,6.20347645533139,11.217064326960582,802,8.009999999999874,True,1,False,297,closest_approach,2.9699999999999807,,,-3.1763834205093247,0.17416370279553917,0.17416370279553917,2.8899999999999824,0.0799999999999983,-0.1772286926409866,-0.563560578271376,0.5907711357850863,0.5747328885186829,0.7320540803851674,8.456915659494602,10.817688937839455,1.5879527718452628,0.08903136784284249,-0.4232272843984619,0.5907711357850863,False,False,True,True,False,False,False,False,False,False,False
G9,ppo_privilege_gru_0722_long45_clip020_hard,30,evaluation-sp9-ego384-raceline0-v0.7,ol0_e384_o391_s0.7,False,ego_collision,True,True,7.0799999999998935,5.16386202431217,0.11086482990847912,709,7.0799999999998935,True,1,True,708,terminal_collision_flag,7.0799999999998935,7.0799999999998935,0.0,-2.819123226821347,0.13010085316557252,0.11086482990847912,6.639999999999903,0.4399999999999906,-0.06774542405031982,-0.3382374582345009,0.3449550994443964,0.4047241958216829,0.4923274993151194,8.326590486102994,10.039764713240832,1.1785893917496522,0.40099698722389776,0.24189260183189965,0.3449550994443964,True,False,True,True,True,True,True,True,True,True,False
G9,ppo_privilege_gru_0722_long45_clip020_hard,35,evaluation-sp1-ego42-raceline2-v0.7,ol2_e42_o63_s0.7,True,overtake,False,False,,5.948551714593734,7.768895633771336,802,8.009999999999874,True,1,False,429,closest_approach,4.289999999999953,,,-2.99293232204343,0.2537619438156469,0.2537619438156469,4.1699999999999555,0.11999999999999744,-0.25147552692006464,0.6216863129364182,0.6706219593274606,0.6228788058029947,0.8244329068795349,5.6745888156880335,7.076708230793442,1.1243948680637734,0.057553428133312434,-0.0316669784394229,0.6706219593274606,False,False,True,True,False,False,False,False,False,False,False
G9,ppo_privilege_gru_0722_long45_clip020_hard,35,evaluation-sp12-ego513-raceline0-v0.8,ol0_e513_o523_s0.8,False,overtake,False,False,,5.901988654828046,2.413942522330103,802,8.009999999999874,True,1,False,569,closest_approach,5.689999999999923,,,-2.918793232532323,0.07486699254363316,0.07486699254363316,5.639999999999924,0.049999999999998934,-0.06642859818875209,-0.4334610189856902,0.4385216227706857,0.4877218743176887,0.5611860659236932,5.400201010859203,6.365347784024855,0.7899187131233445,0.2925113701643667,0.2266873382264487,0.4385216227706857,False,False,True,True,True,False,False,False,False,False,False
G9,ppo_privilege_gru_0722_long45_clip020_hard,35,evaluation-sp13-ego556-raceline0-v0.8,ol0_e556_o565_s0.8,True,overtake,False,False,,5.780315121084955,5.4753708845948665,802,8.009999999999874,True,1,False,621,closest_approach,6.209999999999912,,,-3.042886322651867,0.30518901416181166,0.30518901416181166,6.089999999999915,0.11999999999999744,-0.038203957577405065,-0.897716693337235,0.8985292448612429,0.9323607180035098,0.9558311039434794,5.188309424885606,6.921482140255881,1.353054222138017,0.07003748268754573,0.04861482183813037,0.8985292448612429,False,False,True,True,False,False,False,False,False,False,False
G9,ppo_privilege_gru_0722_long45_clip020_hard,35,evaluation-sp15-ego641-raceline2-v0.7,ol2_e641_o661_s0.7,True,overtake,False,False,,5.970991110735181,9.510407895054584,802,8.009999999999874,True,1,False,421,closest_approach,4.209999999999955,,,-3.120405458589886,0.18875214030450138,0.18875214030450138,4.119999999999957,0.08999999999999808,-0.2899521135893668,0.5216812244970046,0.5968446432428084,0.5216812266948107,0.7800613783860011,18.832834952675828,24.818682487258343,5.24892362125439,-0.0005179478934744797,-0.15164244117362446,0.5968446432428084,False,False,True,True,False,False,False,False,False,False,False
G9,ppo_privilege_gru_0722_long45_clip020_hard,35,evaluation-sp2-ego85-raceline2-v0.8,ol2_e85_o106_s0.8,True,overtake,False,False,,5.993527000749149,4.192805154784338,802,8.009999999999874,True,1,False,512,closest_approach,5.119999999999935,,,-2.990392967341876,0.04066413373533351,0.04066413373533351,5.099999999999936,0.019999999999999574,-0.12326454595672669,0.7280318262898313,0.7383931800746979,0.7468808818854072,0.8371486875315081,10.227590364673711,13.081920518062624,2.4465414351007273,0.09242756531242113,0.06858755956449292,0.7383931800746979,False,False,True,True,False,False,False,False,False,False,False
G9,ppo_privilege_gru_0722_long45_clip020_hard,35,evaluation-sp21-ego898-raceline0-v0.7,ol0_e898_o902_s0.7,True,overtake,False,False,,5.927833924171982,8.452994831337946,802,8.009999999999874,True,1,False,486,closest_approach,4.859999999999941,,,-2.9938366206783087,0.3656002759670116,0.3656002759670116,4.719999999999944,0.13999999999999702,-0.2140613409216383,-1.0193100362255187,1.0415446258453058,1.0221348393889564,1.137132703496733,2.0476561566609623,2.475747562570228,0.34321431793632073,0.12780236524904498,0.05431374988058457,1.0415446258453058,False,False,True,True,True,False,False,False,False,False,False
G9,ppo_privilege_gru_0722_long45_clip020_hard,35,evaluation-sp30-ego1283-raceline0-v0.7,ol0_e1283_o1279_s0.7,False,overtake,False,False,,5.454432890181937,8.52947618115769,802,8.009999999999874,True,1,False,501,closest_approach,5.009999999999938,,,-2.7444438072821526,-0.0005100861634446119,-0.0005100861634446119,,,0.006124152182954368,-0.9663442897616863,0.9663636953005726,1.0106981744621346,1.0071776324605628,1.3583927571859458,1.6377446330113055,0.25083785428254934,-0.03937028935219988,-0.1670517222041552,0.9663636953005726,False,False,False,False,False,False,False,False,False,False,False
G9,ppo_privilege_gru_0722_long45_clip020_hard,35,evaluation-sp37-ego1582-raceline2-v0.7,ol2_e1582_o1611_s0.7,True,overtake,False,False,,6.560256096731273,14.195548956557275,802,8.009999999999874,True,1,False,270,closest_approach,2.6999999999999864,,,-3.0969620622893785,0.18655100913940714,0.18655100913940714,2.6499999999999875,0.049999999999998934,-0.3089172716724827,0.7709835600849085,0.8305694014703229,0.771215607394411,0.9762773930747399,13.09450542299777,17.468429986797194,3.4389960534426756,-0.22974572138261395,-0.20554837213454935,0.8305694014703229,False,False,True,True,False,False,False,False,False,False,False
G9,ppo_privilege_gru_0722_long45_clip020_hard,35,evaluation-sp4-ego171-raceline2-v0.8,ol2_e171_o194_s0.8,True,overtake,False,False,,5.651816335739557,2.20189426806067,802,8.009999999999874,True,1,False,606,closest_approach,6.059999999999915,,,-2.9674902499793063,0.10690276480110583,0.10690276480110583,5.979999999999917,0.0799999999999983,-0.18141557593374324,0.7132668838219378,0.7359763982278438,0.7214847362951335,0.8549750246586157,9.282231507076215,11.407095035874715,2.126797023657999,0.10102366142397434,0.33868351561701715,0.7359763982278438,False,False,True,True,True,False,False,False,False,False,False
G9,ppo_privilege_gru_0722_long45_clip020_hard,35,evaluation-sp45-ego1924-raceline0-v0.7,ol0_e1924_o1919_s0.7,False,overtake,False,False,,5.929415122603875,9.81733150242573,802,8.009999999999874,True,1,False,478,closest_approach,4.7799999999999425,,,-3.036418303031155,-0.004293574388725574,-0.004293574388725574,,,0.011260704570038027,-1.0627725876323493,1.0628322428728691,1.1046463620275926,1.0987179655578365,0.9260355703566469,1.0874392094218257,0.26737401220100393,-0.011827162765955856,-0.0658319476286724,1.0628322428728691,False,False,False,False,False,False,False,False,False,False,False
G9,ppo_privilege_gru_0722_long45_clip020_hard,35,evaluation-sp5-ego213-raceline0-v0.7,ol0_e213_o221_s0.7,True,overtake,False,False,,6.17421294165673,10.952774689921341,802,8.009999999999874,True,1,False,300,closest_approach,2.99999999999998,,,-3.1763834205093247,0.18353478366623222,0.18353478366623222,2.9199999999999817,0.0799999999999983,-0.17366182575711012,-0.5528084073711244,0.5794441862556667,0.5649174329460616,0.7215119014435006,8.605145220444996,10.986440939238202,1.6125188078508657,0.09475430955114716,-0.4043470793228727,0.5794441862556667,False,False,True,True,False,False,False,False,False,False,False
G9,ppo_privilege_gru_0722_long45_clip020_hard,35,evaluation-sp9-ego384-raceline0-v0.7,ol0_e384_o391_s0.7,False,overtake,False,False,,5.270331340775096,0.8539424309974208,802,8.009999999999874,True,1,False,725,closest_approach,7.24999999999989,,,-2.819123226821347,0.20317723553765177,0.20317723553765177,6.7799999999999,0.46999999999999,-0.20104870658754476,-0.43281399043604785,0.4772300626927226,0.4418600263849673,0.6545661025125544,5.156214819901936,6.163912831508462,0.8916637637405879,0.3188688709160452,0.31660356318019334,0.4772300626927226,False,False,True,True,True,False,False,False,False,False,False
G9,ppo_privilege_gru_0722_long45_clip020_hard,40,evaluation-sp1-ego42-raceline2-v0.7,ol2_e42_o63_s0.7,True,ego_collision,True,True,5.539999999999926,5.420865982672611,0.3245448457914222,555,5.539999999999926,True,1,True,554,terminal_collision_flag,5.539999999999926,5.539999999999926,0.0,-2.99293232204343,0.3245448457914222,0.3245448457914222,5.179999999999934,0.3599999999999923,-0.2784526629264044,0.3468819373706109,0.44481789978011704,0.34707408354338365,0.6659320599446379,1.719862197153688,2.09350523439865,0.32850621206207,0.1263165006473448,0.24643922700735643,0.4437658370754053,True,False,True,True,True,True,True,False,False,False,False
G9,ppo_privilege_gru_0722_long45_clip020_hard,40,evaluation-sp12-ego513-raceline0-v0.8,ol0_e513_o523_s0.8,False,overtake,False,False,,5.8381620916342545,1.6267624791300364,802,8.009999999999874,True,1,False,640,closest_approach,6.399999999999908,,,-2.918793232532323,-0.00880781458405977,-0.00880781458405977,,,-0.016216680855836163,-0.7989812223259893,0.799145777920094,0.8445876505556584,0.8556515933859394,3.778335109426323,4.3880799266540915,0.855511327307426,-0.05177319386625956,-0.11026486158777848,0.799145777920094,False,False,False,True,False,False,False,False,False,False,False
G9,ppo_privilege_gru_0722_long45_clip020_hard,40,evaluation-sp13-ego556-raceline0-v0.8,ol0_e556_o565_s0.8,True,overtake,False,False,,5.787178473971895,5.507345784426889,802,8.009999999999874,True,1,False,619,closest_approach,6.1899999999999125,,,-3.042886322651867,0.30385671536544123,0.30385671536544123,6.079999999999915,0.10999999999999766,-0.04170178830441451,-0.8892993852744505,0.8902766063405809,0.9233121891217192,0.9491467078454533,4.93672375485218,6.541044963969186,1.2429971261102588,0.1094605275633197,0.036502166305452444,0.8902766063405809,False,False,True,True,True,False,False,False,False,False,False
G9,ppo_privilege_gru_0722_long45_clip020_hard,40,evaluation-sp15-ego641-raceline2-v0.7,ol2_e641_o661_s0.7,True,overtake,False,False,,5.918175799285984,9.127553716986483,802,8.009999999999874,True,1,False,426,closest_approach,4.259999999999954,,,-3.120405458589886,0.22188648394413235,0.22188648394413235,4.159999999999956,0.09999999999999787,-0.2852423859970108,0.48634086667214815,0.5638179292685573,0.4863641367189995,0.7532803204936063,19.14883317467685,25.134836477421107,5.2631960925333345,0.04651836613994342,-0.22323097466993935,0.5638179292685573,False,False,True,True,False,False,False,False,False,False,False
G9,ppo_privilege_gru_0722_long45_clip020_hard,40,evaluation-sp2-ego85-raceline2-v0.8,ol2_e85_o106_s0.8,True,overtake,False,False,,5.795606136263028,2.6861436474426625,802,8.009999999999874,True,1,False,568,closest_approach,5.679999999999923,,,-2.990392967341876,0.42573605767350386,0.42573605767350386,5.469999999999928,0.20999999999999552,-0.34978757041732217,0.5077749905320709,0.6165928846721294,0.5112826953714069,0.8168008179907417,10.57119790186295,13.963073224762685,2.78733416348303,0.20638026312812374,0.22623875857900522,0.6165928846721294,False,False,True,True,True,False,False,False,False,False,False
G9,ppo_privilege_gru_0722_long45_clip020_hard,40,evaluation-sp21-ego898-raceline0-v0.7,ol0_e898_o902_s0.7,True,overtake,False,False,,6.060484558494569,9.60191260435272,802,8.009999999999874,True,1,False,442,closest_approach,4.41999999999995,,,-2.9938366206783087,0.049582919601704134,0.049582919601704134,4.399999999999951,0.019999999999999574,-0.02073267137835677,-1.1453588873615987,1.1455465178335982,1.1765848354968864,1.186761043310796,1.2808380996226847,1.5095497601920134,0.2786839535413203,0.021905304221668143,0.01789435014620988,1.1455465178335982,False,False,True,True,False,False,False,False,False,False,False
G9,ppo_privilege_gru_0722_long45_clip020_hard,40,evaluation-sp30-ego1283-raceline0-v0.7,ol0_e1283_o1279_s0.7,False,overtake,False,False,,5.448932997134736,8.531802709282033,802,8.009999999999874,True,1,False,499,closest_approach,4.989999999999938,,,-2.7444438072821526,0.02559025304753959,0.02559025304753959,4.979999999999938,0.009999999999999787,-0.015108811156237967,-0.9699278717465804,0.9700455414904011,1.0081295760440656,1.016784865660393,1.4330825950813086,1.731720398531696,0.2530450040397679,-0.030015564371150272,-0.16565386007483274,0.9700455414904011,False,False,True,True,False,False,False,False,False,False,False
G9,ppo_privilege_gru_0722_long45_clip020_hard,40,evaluation-sp37-ego1582-raceline2-v0.7,ol2_e1582_o1611_s0.7,True,overtake,False,False,,6.552231951682755,14.118041006318208,802,8.009999999999874,True,1,False,269,closest_approach,2.6899999999999866,,,-3.0969620622893785,0.15869888268122168,0.15869888268122168,2.6499999999999875,0.03999999999999915,-0.2849306617188409,0.7559996671319696,0.8079114918672623,0.7560166631062161,0.9497793230472609,14.038151781214745,18.647157124480437,3.5336564056231468,-0.23874725774128647,-0.2388269727606528,0.8079114918672623,False,False,True,True,False,False,False,False,False,False,False
G9,ppo_privilege_gru_0722_long45_clip020_hard,40,evaluation-sp4-ego171-raceline2-v0.8,ol2_e171_o194_s0.8,True,overtake,False,False,,5.640802188984206,2.146788207872106,802,8.009999999999874,True,1,False,602,closest_approach,6.019999999999916,,,-2.9674902499793063,0.12997237375341797,0.12997237375341797,5.919999999999918,0.09999999999999787,-0.1875808976531472,0.7507902644636376,0.7738686027858601,0.7577438180143168,0.8898143261470702,7.9657167411615735,10.16513834138134,1.815150990000237,0.1167735964446397,0.3034440869413634,0.7738686027858601,False,False,True,True,True,False,False,False,False,False,False
G9,ppo_privilege_gru_0722_long45_clip020_hard,40,evaluation-sp45-ego1924-raceline0-v0.7,ol0_e1924_o1919_s0.7,False,overtake,False,False,,6.037337496854768,10.860367035616662,802,8.009999999999874,True,1,False,416,closest_approach,4.159999999999956,,,-3.036418303031155,0.038122012288965834,0.038122012288965834,4.139999999999956,0.019999999999999574,-0.009511467234236959,-1.0855619483501426,1.0856036162958862,1.1212129863316997,1.1261224901006832,0.8176404246573881,0.9525563563836424,0.2618118197441755,0.010222770621251431,-0.08621804832230107,1.0856036162958862,False,False,True,True,False,False,False,False,False,False,False
G9,ppo_privilege_gru_0722_long45_clip020_hard,40,evaluation-sp5-ego213-raceline0-v0.7,ol0_e213_o221_s0.7,True,overtake,False,False,,6.156931936510765,10.903016945574905,802,8.009999999999874,True,1,False,293,closest_approach,2.9299999999999815,,,-3.1763834205093247,0.14650180964525816,0.14650180964525816,2.869999999999983,0.05999999999999872,-0.1638680841278775,-0.5797245807130206,0.6024394894747759,0.5932873247293082,0.73625866872506,8.67736848430621,10.835460094675215,1.7154342505381248,0.07679192556496228,-0.42202822485405966,0.6024394894747759,False,False,True,True,False,False,False,False,False,False,False
G9,ppo_privilege_gru_0722_long45_clip020_hard,40,evaluation-sp9-ego384-raceline0-v0.7,ol0_e384_o391_s0.7,False,overtake,False,False,,5.292638894707296,1.0581404485258474,802,8.009999999999874,True,1,False,721,closest_approach,7.209999999999891,,,-2.819123226821347,0.24322840210859908,0.24322840210859908,6.7699999999999,0.4399999999999906,-0.2233931869763873,-0.4855222453300945,0.5344495922889676,0.4900697075432627,0.7066147572363234,5.110627248663193,6.193388803469417,0.7463205138396914,0.2746820065203804,0.19739431474627084,0.5344495922889676,False,False,True,True,True,False,False,False,False,False,False
G9,ppo_privilege_gru_0722_long45_clip020_hard,45,evaluation-sp1-ego42-raceline2-v0.7,ol2_e42_o63_s0.7,True,ego_collision,True,True,4.739999999999943,5.465356828413061,0.45316539984239057,475,4.739999999999943,True,1,True,474,terminal_collision_flag,4.739999999999943,4.739999999999943,0.0,-2.99293232204343,0.45316539984239057,0.45316539984239057,4.40999999999995,0.32999999999999297,-0.4311294065122887,0.3332901649623997,0.5449356835630256,0.3619390051419914,0.7944242915454117,8.385375025650939,10.310920096030404,1.6180202247189157,0.33437132161595506,0.344457690379663,0.4969976659259471,True,False,True,True,True,True,True,True,True,True,False
G9,ppo_privilege_gru_0722_long45_clip020_hard,45,evaluation-sp12-ego513-raceline0-v0.8,ol0_e513_o523_s0.8,False,overtake,False,False,,5.885475998955905,2.1999144042728744,802,8.009999999999874,True,1,False,576,closest_approach,5.759999999999922,,,-2.918793232532323,-0.15202957477993095,-0.15202957477993095,,,0.11704439841743244,-0.5283235533369721,0.5411332259356314,0.6669414661674695,0.5559131381154724,5.599550078223182,6.679707696558857,0.8199791336671322,0.20352919499791444,0.1911403982732327,0.5411332259356314,False,False,False,False,True,False,False,False,False,False,False
G9,ppo_privilege_gru_0722_long45_clip020_hard,45,evaluation-sp13-ego556-raceline0-v0.8,ol0_e556_o565_s0.8,True,overtake,False,False,,5.73415870777902,5.092596527870938,802,8.009999999999874,True,1,False,634,closest_approach,6.339999999999909,,,-3.042886322651867,0.4102162367530866,0.4102162367530866,6.169999999999913,0.16999999999999638,-0.09555273762895727,-0.8446861652774881,0.8500735518057108,0.8667782044183974,0.9285179757572664,6.472088300125859,8.47863056473075,1.5259602822154474,0.13067529684063028,0.12238592989136432,0.8500735518057108,False,False,True,True,True,False,False,False,False,False,False
G9,ppo_privilege_gru_0722_long45_clip020_hard,45,evaluation-sp15-ego641-raceline2-v0.7,ol2_e641_o661_s0.7,True,overtake,False,False,,5.790848850474311,8.102826278018625,802,8.009999999999874,True,1,False,446,closest_approach,4.459999999999949,,,-3.120405458589886,0.06171461002551837,0.06171461002551837,4.399999999999951,0.05999999999999872,-0.14385871348443274,0.39764642094619784,0.42286878051792487,0.42365074261205526,0.5885202285033947,21.276571856609838,27.90050840343837,6.151111113617603,-0.028890684563701807,-0.1601727611306959,0.42286878051792487,False,False,True,True,False,False,False,False,False,False,False
G9,ppo_privilege_gru_0722_long45_clip020_hard,45,evaluation-sp2-ego85-raceline2-v0.8,ol2_e85_o106_s0.8,True,overtake,False,False,,5.962487878542864,3.972936264791315,802,8.009999999999874,True,1,False,513,closest_approach,5.129999999999935,,,-2.990392967341876,0.06520478500445392,0.06520478500445392,5.1099999999999355,0.019999999999999574,-0.12294709897258034,0.7284842038307106,0.7387863184823049,0.747392739443287,0.8373855395101675,9.708333082912283,12.405498112309509,2.4465289299910062,0.09240236119316292,0.09193773056293497,0.7387863184823049,False,False,True,True,False,False,False,False,False,False,False
G9,ppo_privilege_gru_0722_long45_clip020_hard,45,evaluation-sp21-ego898-raceline0-v0.7,ol0_e898_o902_s0.7,True,overtake,False,False,,5.944661852585344,8.538401122262002,802,8.009999999999874,True,1,False,483,closest_approach,4.8299999999999415,,,-2.9938366206783087,0.2543963545858503,0.2543963545858503,4.729999999999944,0.09999999999999787,-0.1634423945555321,-1.0554278622064057,1.0680081407272277,1.0629886169745286,1.1487114422263924,1.567763428820207,1.9240419553860904,0.2766329113433367,0.06632416810025044,0.01523551364747111,1.0680081407272277,False,False,True,True,False,False,False,False,False,False,False
G9,ppo_privilege_gru_0722_long45_clip020_hard,45,evaluation-sp30-ego1283-raceline0-v0.7,ol0_e1283_o1279_s0.7,False,overtake,False,False,,5.296125786199209,7.5302848851478075,802,8.009999999999874,True,1,False,539,closest_approach,5.3899999999999295,,,-2.7444438072821526,-0.12046582654153326,-0.12046582654153326,,,0.09402082517085852,-0.9056544618045386,0.9105217843370237,0.983708289256208,0.926616339783181,1.629213381473813,1.9858679079402195,0.2659448408975308,-0.07647193647380379,0.007175939542878207,0.9105217843370237,False,False,False,False,False,False,False,False,False,False,False
G9,ppo_privilege_gru_0722_long45_clip020_hard,45,evaluation-sp37-ego1582-raceline2-v0.7,ol2_e1582_o1611_s0.7,True,overtake,False,False,,6.531150822175218,14.004120117349146,802,8.009999999999874,True,1,False,270,closest_approach,2.6999999999999864,,,-3.0969620622893785,0.19525846881009556,0.19525846881009556,2.6499999999999875,0.049999999999998934,-0.3027056633331052,0.805667615441272,0.8606573215773863,0.8057677956158086,1.0002001349319853,12.450539118392824,16.646629156217585,3.4558414885940096,-0.25148346836465496,-0.23326834274030517,0.8606573215773863,False,False,True,True,False,False,False,False,False,False,False
G9,ppo_privilege_gru_0722_long45_clip020_hard,45,evaluation-sp4-ego171-raceline2-v0.8,ol2_e171_o194_s0.8,True,overtake,False,False,,5.572563106560747,1.639859603780934,802,8.009999999999874,True,1,False,625,closest_approach,6.249999999999911,,,-2.9674902499793063,0.20317599338008563,0.20317599338008563,6.119999999999914,0.12999999999999723,-0.2917472808023223,0.6460268429230289,0.7088491783395429,0.6460292058160358,0.8693564174134748,8.708848543562588,10.801625474893278,1.9133831230095275,0.134861843023537,0.3456153913183455,0.7088491783395429,False,False,True,True,True,False,False,False,False,False,False
G9,ppo_privilege_gru_0722_long45_clip020_hard,45,evaluation-sp45-ego1924-raceline0-v0.7,ol0_e1924_o1919_s0.7,False,overtake,False,False,,5.875553879725916,9.582836920568951,802,8.009999999999874,True,1,False,488,closest_approach,4.87999999999994,,,-3.036418303031155,0.04636183900151991,0.04636183900151991,4.859999999999941,0.019999999999999574,-0.031191418114555725,-1.0496277744951068,1.0500911244056623,1.0810644509228418,1.0976713497500015,1.2336171540894285,1.466600792820022,0.2680290519072694,-0.006074148390123657,-0.035526698109654475,1.0500911244056623,False,False,True,True,False,False,False,False,False,False,False
G9,ppo_privilege_gru_0722_long45_clip020_hard,45,evaluation-sp5-ego213-raceline0-v0.7,ol0_e213_o221_s0.7,True,overtake,False,False,,6.101204922331152,10.445956537176727,802,8.009999999999874,True,1,False,306,closest_approach,3.0599999999999787,,,-3.1763834205093247,0.20080823950368654,0.20080823950368654,2.959999999999981,0.09999999999999787,-0.19655447474645446,-0.5282954409616879,0.5636752030059144,0.5364961687941632,0.7182139861049089,8.037854927034717,10.29368257113116,1.483467887452981,0.1486294469245658,-0.33981125928272404,0.5636752030059144,False,False,True,True,True,False,False,False,False,False,False
G9,ppo_privilege_gru_0722_long45_clip020_hard,45,evaluation-sp9-ego384-raceline0-v0.7,ol0_e384_o391_s0.7,False,overtake,False,False,,5.294242593431539,1.0602852536427747,802,8.009999999999874,True,1,False,737,closest_approach,7.369999999999887,,,-2.819123226821347,0.29531124508739026,0.29531124508739026,6.999999999999895,0.3699999999999921,-0.2693072258542121,-0.5266057691392376,0.5914727533775496,0.5270121696816655,0.7682045359039886,2.953250103605114,3.604496553569025,0.6478458905509092,0.2705699838639033,0.2869403714335763,0.5914727533775496,False,False,True,True,True,False,False,False,False,False,False
G8,ppo_privilege_gru_0722_long45_clip025,1,evaluation-sp1-ego42-raceline2-v0.7,ol2_e42_o63_s0.7,True,ego_collision,True,True,4.729999999999944,5.359308589258619,-0.001968312704264008,474,4.729999999999944,True,1,True,473,terminal_collision_flag,4.729999999999944,4.729999999999944,0.0,-2.99293232204343,-0.001968312704264008,-0.001968312704264008,,,-0.07991723130201603,0.3512561986239396,0.3602328148999206,0.40928680259147265,0.5101173150226227,15.025337794072845,17.181653366594443,2.755509980283147,0.33778125941984277,0.5589800104391172,0.3602328148999206,True,False,False,True,True,False,False,False,False,False,False
G8,ppo_privilege_gru_0722_long45_clip025,1,evaluation-sp12-ego513-raceline0-v0.8,ol0_e513_o523_s0.8,False,ego_collision,True,True,5.809999999999921,6.043713736269443,0.1357490180013201,582,5.809999999999921,True,1,True,581,terminal_collision_flag,5.809999999999921,5.809999999999921,0.0,-2.918793232532323,0.179244518048165,0.1357490180013201,5.459999999999928,0.34999999999999254,-0.12021305465622634,-0.3127809299736781,0.3350866882837631,0.35589256379470546,0.5158552707548805,4.536243173253314,5.358210627594651,0.39438115053180794,0.30539368396193955,0.3127859833233988,0.3350866882837631,True,False,True,True,True,True,True,True,False,False,False
G8,ppo_privilege_gru_0722_long45_clip025,1,evaluation-sp13-ego556-raceline0-v0.8,ol0_e556_o565_s0.8,True,ego_collision,True,True,7.0799999999998935,5.284099661551842,0.045109000327727244,709,7.0799999999998935,True,1,True,708,terminal_collision_flag,7.0799999999998935,7.0799999999998935,0.0,-3.042886322651867,0.05582358277388266,0.045109000327727244,6.969999999999896,0.10999999999999766,0.011721445525637683,-0.437136907056222,0.43729402899638425,0.5311539383274498,0.518196516189583,11.396082057416322,15.543932819617366,3.3106452267343562,0.26765308562472934,0.21488483001862735,0.43729402899638425,True,False,True,False,True,False,False,False,False,False,False
G8,ppo_privilege_gru_0722_long45_clip025,1,evaluation-sp15-ego641-raceline2-v0.7,ol2_e641_o661_s0.7,True,ego_collision,True,True,4.389999999999951,4.655555871853602,0.19170559285686295,440,4.389999999999951,True,1,True,439,terminal_collision_flag,4.389999999999951,4.389999999999951,0.0,-3.120405458589886,0.19170559285686295,0.19170559285686295,4.239999999999954,0.1499999999999968,-0.2711545244950698,0.3152260568669938,0.4158031301975258,0.3157888833935104,0.6436317792722801,17.826229540424976,24.340662110610566,5.152756892090936,0.15426228280001564,0.4665076404685605,0.41341935073924646,True,False,True,True,True,True,True,True,True,True,False
G8,ppo_privilege_gru_0722_long45_clip025,1,evaluation-sp2-ego85-raceline2-v0.8,ol2_e85_o106_s0.8,True,ego_collision,True,True,5.81999999999992,5.489231093419453,0.1198890581106582,583,5.81999999999992,True,1,True,582,terminal_collision_flag,5.81999999999992,5.81999999999992,0.0,-2.990392967341876,0.1198890581106582,0.1198890581106582,5.689999999999923,0.12999999999999723,-0.054819889100269886,0.34084318470459896,0.34522354612705547,0.41410597812924976,0.4848451634065207,10.171728502752966,13.59483438459486,2.6147509079172275,0.3380032037196893,0.5438808965177168,0.34522354612705547,True,False,True,True,True,True,True,True,True,True,False
G8,ppo_privilege_gru_0722_long45_clip025,1,evaluation-sp21-ego898-raceline0-v0.7,ol0_e898_o902_s0.7,True,ego_collision,True,True,6.099999999999914,4.977503416149715,0.2537239567234053,611,6.099999999999914,True,1,True,610,terminal_collision_flag,6.099999999999914,6.099999999999914,0.0,-2.9938366206783087,0.34673920572552674,0.2537239567234053,5.6699999999999235,0.42999999999999083,-0.06807735858902766,-0.4490726793856101,0.45420347656422666,0.5009150927466589,0.5743567411501898,13.928330605412183,18.587449838836974,3.53139303755289,0.33997274529996263,0.19363784478987117,0.45420347656422666,True,False,True,True,True,True,True,True,True,True,False
G8,ppo_privilege_gru_0722_long45_clip025,1,evaluation-sp30-ego1283-raceline0-v0.7,ol0_e1283_o1279_s0.7,False,ego_collision,True,True,7.449999999999886,4.504221801548555,0.394424768668614,746,7.449999999999886,True,1,True,745,terminal_collision_flag,7.449999999999886,7.449999999999886,0.0,-2.7444438072821526,0.39704919023392904,0.394424768668614,6.119999999999914,1.3299999999999716,-0.08594350401185247,-0.4001011493458132,0.4092275841016537,0.4491324785214287,0.5490122475105181,4.034344717799264,2.1933161598617503,1.3549628551672588,0.20813724294140434,0.2558703833718746,0.4092275841016537,True,False,True,True,True,True,True,True,False,False,False
G8,ppo_privilege_gru_0722_long45_clip025,1,evaluation-sp37-ego1582-raceline2-v0.7,ol2_e1582_o1611_s0.7,True,overtake,False,False,,6.239265969497181,11.418985067166147,802,8.009999999999874,True,1,False,306,closest_approach,3.0599999999999787,,,-3.0969620622893785,0.1878000588019404,0.1878000588019404,2.949999999999981,0.10999999999999766,-0.18559506303386714,0.45693375264202885,0.49318757255842516,0.46870976645086987,0.659529467336915,14.625345429261243,20.128838499013412,4.467303306569985,-0.04885527505625625,0.04087459146031547,0.49318757255842516,False,False,True,True,False,False,False,False,False,False,False
G8,ppo_privilege_gru_0722_long45_clip025,1,evaluation-sp4-ego171-raceline2-v0.8,ol2_e171_o194_s0.8,True,overtake,False,False,,5.465195509540675,1.161130519728232,802,8.009999999999874,True,1,False,660,closest_approach,6.599999999999904,,,-2.9674902499793063,0.6239142932291486,0.6239142932291486,6.079999999999915,0.5199999999999889,-0.5829376430062866,0.5394942387092837,0.7942734599835465,0.6138945318950058,1.0261940178045672,7.889638631641836,10.312197781962961,1.8620183975310443,0.49315319490027576,0.6229079037250199,0.7942734599835465,False,False,True,True,True,False,False,False,False,False,False
G8,ppo_privilege_gru_0722_long45_clip025,1,evaluation-sp45-ego1924-raceline0-v0.7,ol0_e1924_o1919_s0.7,False,overtake,False,False,,4.763434039637245,1.2943611708934384,802,8.009999999999874,True,1,False,675,closest_approach,6.7499999999999005,,,-3.036418303031155,0.4140210292110851,0.30368054419534474,6.039999999999916,0.7099999999999849,-0.11761689705520592,-0.5132571527763292,0.5265611449290186,0.541432210952525,0.6554269140346454,3.25265880848054,5.762635713182605,1.8095171349278014,0.0991665290282524,0.28250877287427234,0.5265611449290186,False,False,True,True,False,False,False,False,False,False,False
G8,ppo_privilege_gru_0722_long45_clip025,1,evaluation-sp5-ego213-raceline0-v0.7,ol0_e213_o221_s0.7,True,ego_collision,True,True,3.2999999999999736,4.78673898269402,0.39963670709838084,331,3.2999999999999736,True,1,True,330,terminal_collision_flag,3.2999999999999736,3.2999999999999736,0.0,-3.1763834205093247,0.39963670709838084,0.39963670709838084,3.0699999999999785,0.2299999999999951,-0.36595251586303323,-0.3306194625045762,0.49318401520456684,0.3392315045109153,0.7345630892264174,6.893726011411733,8.537603561878003,1.2236294246379569,0.30509522604792205,0.06228388642792748,0.44992214370440275,True,False,True,True,True,True,True,True,True,False,False
G8,ppo_privilege_gru_0722_long45_clip025,1,evaluation-sp9-ego384-raceline0-v0.7,ol0_e384_o391_s0.7,False,overtake,False,False,,5.346635449999129,1.383463140125201,802,8.009999999999874,True,1,False,738,closest_approach,7.379999999999887,,,-2.819123226821347,0.41596702256538265,0.41596702256538265,7.069999999999894,0.3099999999999934,-0.32554387034100746,-0.6662472681247155,0.7415283095069595,0.6671947159581413,0.9070720360577949,2.5943424266706576,3.2193525272261336,0.23113095314484294,0.18594504818888224,0.16623444645026653,0.7415283095069595,False,False,True,True,True,False,False,False,False,False,False
G8,ppo_privilege_gru_0722_long45_clip025,5,evaluation-sp1-ego42-raceline2-v0.7,ol2_e42_o63_s0.7,True,ego_collision,True,True,4.679999999999945,5.38757399827672,0.10673334675954038,469,4.679999999999945,True,1,True,468,terminal_collision_flag,4.679999999999945,4.679999999999945,0.0,-2.99293232204343,0.10673334675954038,0.10673334675954038,4.569999999999947,0.10999999999999766,-0.1597644509791306,0.3221675945147747,0.3596062273544485,0.34749569376353945,0.5532449912290169,13.949854816179622,15.909692385238127,2.6473111280210246,0.40426575186976266,0.5546589588050538,0.3596062273544485,True,False,True,True,True,True,True,True,True,True,False
G8,ppo_privilege_gru_0722_long45_clip025,5,evaluation-sp12-ego513-raceline0-v0.8,ol0_e513_o523_s0.8,False,overtake,False,False,,5.874099842164445,2.173569927339827,802,8.009999999999874,True,1,False,575,closest_approach,5.749999999999922,,,-2.918793232532323,-0.1372447522480229,-0.1372447522480229,,,0.11364725802700809,-0.5209548506767145,0.5332069539125078,0.6590334326544595,0.5499947691069349,5.847040717879937,6.907650809058506,0.9554281911109567,0.1729396244167516,0.14093502949468373,0.5332069539125078,False,False,False,False,True,False,False,False,False,False,False
G8,ppo_privilege_gru_0722_long45_clip025,5,evaluation-sp13-ego556-raceline0-v0.8,ol0_e556_o565_s0.8,True,ego_collision,True,True,7.22999999999989,5.27027657357911,0.18083750921866226,724,7.22999999999989,True,1,True,723,terminal_collision_flag,7.22999999999989,7.22999999999989,0.0,-3.042886322651867,0.18083750921866226,0.18083750921866226,7.039999999999894,0.18999999999999595,-0.052762611664711204,-0.44496825446577865,0.44808552830012605,0.5042601768001024,0.5616786941281782,15.084383194479754,20.053288948207467,4.359309707043999,0.2309233868951141,0.38136574000586326,0.44808552830012605,True,False,True,True,True,True,True,True,True,True,False
G8,ppo_privilege_gru_0722_long45_clip025,5,evaluation-sp15-ego641-raceline2-v0.7,ol2_e641_o661_s0.7,True,ego_collision,True,True,4.3099999999999525,4.735096349498323,0.30738238182669875,432,4.3099999999999525,True,1,True,431,terminal_collision_flag,4.3099999999999525,4.3099999999999525,0.0,-3.120405458589886,0.30738238182669875,0.30738238182669875,4.109999999999957,0.19999999999999574,-0.4674186114624223,0.2903575158529295,0.5502614336419945,0.34027173068819305,0.8111660988983379,19.551242040738458,26.158439605647747,5.517745050825728,0.16703865583652322,0.5503529670918164,0.503444558219642,True,False,True,True,True,True,True,True,True,True,False
G8,ppo_privilege_gru_0722_long45_clip025,5,evaluation-sp2-ego85-raceline2-v0.8,ol2_e85_o106_s0.8,True,ego_collision,True,True,5.749999999999922,5.553319518080566,0.34390005521902367,576,5.749999999999922,True,1,True,575,terminal_collision_flag,5.749999999999922,5.749999999999922,0.0,-2.990392967341876,0.34390005521902367,0.34390005521902367,5.499999999999927,0.24999999999999467,-0.2993992904066694,0.3335426326370373,0.44820823607165317,0.3336750431881212,0.6772312834758382,11.006361807217822,14.635685374582312,2.859686083507976,0.3478127875785134,0.5598491787754004,0.44819890074484425,True,False,True,True,True,True,True,True,True,True,False
G8,ppo_privilege_gru_0722_long45_clip025,5,evaluation-sp21-ego898-raceline0-v0.7,ol0_e898_o902_s0.7,True,ego_collision,True,True,6.079999999999915,4.998838062412292,0.4137062806819358,609,6.079999999999915,True,1,True,608,terminal_collision_flag,6.079999999999915,6.079999999999915,0.0,-2.9938366206783087,0.48917513957616165,0.4137062806819358,5.609999999999925,0.46999999999999,-0.16761517720337854,-0.46325016999641844,0.4926414189150467,0.47914378306795447,0.6511623226266935,14.837995269671296,19.429113009934035,3.839385234019323,0.31272011095767815,0.17115962460837675,0.4926414189150467,True,False,True,True,True,True,True,True,True,True,False
G8,ppo_privilege_gru_0722_long45_clip025,5,evaluation-sp30-ego1283-raceline0-v0.7,ol0_e1283_o1279_s0.7,False,overtake,False,False,,5.267431555906784,6.926849811977263,802,8.009999999999874,True,1,False,556,closest_approach,5.559999999999926,,,-2.7444438072821526,-0.0640839309737089,-0.0640839309737089,,,0.06561591194865085,-0.8469583794208775,0.8494962886158434,0.9185865083389314,0.8761773310477021,1.0207813350613055,1.2368113060599528,0.25578075503010045,-0.0613920468317547,-0.20667810670100184,0.8494962886158434,False,False,False,False,False,False,False,False,False,False,False
G8,ppo_privilege_gru_0722_long45_clip025,5,evaluation-sp37-ego1582-raceline2-v0.7,ol2_e1582_o1611_s0.7,True,overtake,False,False,,6.307769024218694,11.930322369295709,802,8.009999999999874,True,1,False,297,closest_approach,2.9699999999999807,,,-3.0969620622893785,0.21609058490940924,0.21609058490940924,2.8799999999999826,0.08999999999999808,-0.21985348443935254,0.4729058953816611,0.5215127424204083,0.47808003465113535,0.6954067597325178,15.454432987311677,21.148721946013154,4.78391853747385,-0.0702892723704896,0.15448308657642323,0.5215127424204083,False,False,True,True,False,False,False,False,False,False,False
G8,ppo_privilege_gru_0722_long45_clip025,5,evaluation-sp4-ego171-raceline2-v0.8,ol2_e171_o194_s0.8,True,ego_collision,True,True,6.7599999999999,5.281034027510645,0.5709748087393507,677,6.7599999999999,True,1,True,676,terminal_collision_flag,6.7599999999999,6.7599999999999,0.0,-2.9674902499793063,0.5709748087393507,0.5709748087393507,6.219999999999912,0.5399999999999885,-0.5309590968346026,0.3405096431546888,0.6307649162665521,0.4171427854208687,0.8887748059867695,8.50521456742234,11.055246866298829,1.7831454415733663,0.4814823493909026,0.7503961633506719,0.6225796838491283,True,False,True,True,True,True,True,True,True,True,False
G8,ppo_privilege_gru_0722_long45_clip025,5,evaluation-sp45-ego1924-raceline0-v0.7,ol0_e1924_o1919_s0.7,False,overtake,False,False,,4.906321017019489,2.478694934296385,802,8.009999999999874,True,1,False,661,closest_approach,6.6099999999999035,,,-3.036418303031155,0.4005786384501562,0.4005786384501562,5.959999999999917,0.6499999999999861,-0.11680327933492293,-0.48132013189412115,0.4952898902965477,0.5115331596443293,0.6302047107442322,3.372724086903137,5.050445292377242,1.4621025366199936,0.18465875550756383,0.33763673890301404,0.4952898902965477,False,False,True,True,True,False,False,False,False,False,False
G8,ppo_privilege_gru_0722_long45_clip025,5,evaluation-sp5-ego213-raceline0-v0.7,ol0_e213_o221_s0.7,True,ego_collision,True,True,3.2999999999999736,4.795877703442544,0.37279668256118725,331,3.2999999999999736,True,1,True,330,terminal_collision_flag,3.2999999999999736,3.2999999999999736,0.0,-3.1763834205093247,0.37279668256118725,0.37279668256118725,3.0699999999999785,0.2299999999999951,-0.33666795550876394,-0.3353709594151063,0.47520415895219176,0.3386023899655418,0.7107646635001933,6.959901347301422,8.77548519096732,1.147941901000571,0.3019611063337019,0.02600247452329979,0.4561463729651584,True,False,True,True,True,True,True,True,True,False,False
G8,ppo_privilege_gru_0722_long45_clip025,5,evaluation-sp9-ego384-raceline0-v0.7,ol0_e384_o391_s0.7,False,ego_collision,True,True,7.469999999999885,5.202069084245645,0.18787359979043572,748,7.469999999999885,True,1,True,747,terminal_collision_flag,7.469999999999885,7.469999999999885,0.0,-2.819123226821347,0.18787359979043572,0.18787359979043572,7.039999999999894,0.42999999999999083,-0.18702721404914074,-0.3142198322722577,0.36566826740666036,0.33066221078267655,0.5712171793080899,5.327865947645814,6.663196694616918,1.5401232776857272,0.4489005767370954,0.5234602732504195,0.36566826740666036,True,False,True,True,True,True,True,True,True,False,False
G8,ppo_privilege_gru_0722_long45_clip025,10,evaluation-sp1-ego42-raceline2-v0.7,ol2_e42_o63_s0.7,True,overtake,False,False,,5.737938348888732,6.109319130903913,802,8.009999999999874,True,1,False,456,closest_approach,4.559999999999947,,,-2.99293232204343,0.2809891899419483,0.2809891899419483,4.399999999999951,0.1599999999999966,-0.28483654285194693,0.41932626510897103,0.5069185070147746,0.4193580545309209,0.7115276295466095,8.64153563426765,10.162348784530376,1.7783048440708995,0.3890187474971228,0.45059494256268545,0.5069185070147746,False,False,True,True,True,False,False,False,False,False,False
G8,ppo_privilege_gru_0722_long45_clip025,10,evaluation-sp12-ego513-raceline0-v0.8,ol0_e513_o523_s0.8,False,overtake,False,False,,5.867386929048882,1.9496524586154464,802,8.009999999999874,True,1,False,660,closest_approach,6.599999999999904,,,-2.918793232532323,0.2534286109378172,0.2534286109378172,6.2799999999999105,0.3199999999999932,-0.2105231857610374,-0.6131439863593792,0.6482789212612476,0.618273492889874,0.7914979516669949,1.6962432904833418,2.155506726708664,0.35144801863032565,0.11622470926701489,0.027154071098356547,0.6482789212612476,False,False,True,True,True,False,False,False,False,False,False
G8,ppo_privilege_gru_0722_long45_clip025,10,evaluation-sp13-ego556-raceline0-v0.8,ol0_e556_o565_s0.8,True,ego_collision,True,True,7.209999999999891,5.245187466692244,0.0841198547996953,722,7.209999999999891,True,1,True,721,terminal_collision_flag,7.209999999999891,7.209999999999891,0.0,-3.042886322651867,0.0841198547996953,0.0841198547996953,7.049999999999894,0.1599999999999966,0.0029030405096419146,-0.42312257734168673,0.4231325360929744,0.5146114132003531,0.5113290326246691,11.875238264189822,16.385477427384366,4.0455280675846135,0.22949644606245662,0.03677845709038868,0.4231325360929744,True,False,True,False,True,False,False,False,False,False,False
G8,ppo_privilege_gru_0722_long45_clip025,10,evaluation-sp15-ego641-raceline2-v0.7,ol2_e641_o661_s0.7,True,ego_collision,True,True,4.289999999999953,4.7641025803414045,0.38336476772428796,430,4.289999999999953,True,1,True,429,terminal_collision_flag,4.289999999999953,4.289999999999953,0.0,-3.120405458589886,0.38336476772428796,0.38336476772428796,4.079999999999957,0.20999999999999552,-0.5524453367899617,0.28549089039895825,0.6218527949939312,0.38779195879180683,0.8895050275180809,20.757459745592126,27.47862245641404,5.718841452798615,0.10231988572113421,0.5771947484674548,0.5432642519401736,True,False,True,True,True,True,True,True,True,True,False
G8,ppo_privilege_gru_0722_long45_clip025,10,evaluation-sp2-ego85-raceline2-v0.8,ol2_e85_o106_s0.8,True,overtake,False,False,,5.546495914205507,0.8383175402076688,802,8.009999999999874,True,1,False,596,closest_approach,5.959999999999917,,,-2.990392967341876,0.03542353575247148,0.023725499479439804,5.889999999999919,0.06999999999999851,-0.01181387975744394,0.3615434853646122,0.3617364504228388,0.45618111458629834,0.4709621108155436,9.52169161583125,12.711985429808516,2.0129973622685946,0.28578326294903333,0.29895834903900564,0.3617364504228388,False,False,True,True,True,False,False,False,False,False,False
G8,ppo_privilege_gru_0722_long45_clip025,10,evaluation-sp21-ego898-raceline0-v0.7,ol0_e898_o902_s0.7,True,overtake,False,False,,5.404516512137685,4.754480845856762,802,8.009999999999874,True,1,False,529,closest_approach,5.289999999999932,,,-2.9938366206783087,-0.2545618659083573,-0.2545618659083573,,,0.21959721998093495,-0.6561731217654408,0.691943715016445,0.8308143549191368,0.6599391768654267,4.839376694373564,6.23689718878227,1.342914223915683,-0.16501453638951513,-0.06280613630516274,0.691943715016445,False,False,False,False,False,False,False,False,False,False,False
G8,ppo_privilege_gru_0722_long45_clip025,10,evaluation-sp30-ego1283-raceline0-v0.7,ol0_e1283_o1279_s0.7,False,overtake,False,False,,5.029409095760433,5.677240058474297,802,8.009999999999874,True,1,False,606,closest_approach,6.059999999999915,,,-2.7444438072821526,-0.03087909517313392,-0.03087909517313392,,,0.033917201465956115,-0.5739076288823245,0.5749089867488716,0.659008588635132,0.6284491755061499,1.3081175468697672,1.75104552549598,0.49823098124048565,-0.12932544805661578,-0.1524745351258041,0.5749089867488716,False,False,False,False,False,False,False,False,False,False,False
G8,ppo_privilege_gru_0722_long45_clip025,10,evaluation-sp37-ego1582-raceline2-v0.7,ol2_e1582_o1611_s0.7,True,overtake,False,False,,6.4099782064693285,12.812901935826176,802,8.009999999999874,True,1,False,286,closest_approach,2.859999999999983,,,-3.0969620622893785,0.14701156446642472,0.14701156446642472,2.7999999999999843,0.05999999999999872,-0.20953001394874066,0.5291769733111872,0.5691494494666127,0.5352603924613504,0.7277077050014091,17.51193386471548,24.055667403620806,5.475753197423559,-0.07842764887923553,0.34309030211430647,0.5691494494666127,False,False,True,True,False,False,False,False,False,False,False
G8,ppo_privilege_gru_0722_long45_clip025,10,evaluation-sp4-ego171-raceline2-v0.8,ol2_e171_o194_s0.8,True,overtake,False,False,,5.451589331433721,0.9606099277767726,802,8.009999999999874,True,1,False,665,closest_approach,6.649999999999903,,,-2.9674902499793063,0.5524649458309057,0.5524649458309057,6.209999999999912,0.4399999999999906,-0.500249421733578,0.4834205914065597,0.6956615212448127,0.5271624868436409,0.9263852420813505,8.674216772253178,11.196227707018306,2.1941931957289396,0.48148892038398006,0.6503949036712746,0.6956615212448127,False,False,True,True,True,False,False,False,False,False,False
G8,ppo_privilege_gru_0722_long45_clip025,10,evaluation-sp45-ego1924-raceline0-v0.7,ol0_e1924_o1919_s0.7,False,overtake,False,False,,4.847146004103897,1.9547090824319753,802,8.009999999999874,True,1,False,662,closest_approach,6.619999999999903,,,-3.036418303031155,0.32703339532145037,0.26510711876153437,5.869999999999919,0.749999999999984,-0.09258546172160992,-0.48539937371430614,0.4941504019268267,0.5240086372626988,0.6180486934886102,2.3775489912551615,4.129830956590687,1.254189361977156,0.11923749397059519,0.23834076600143866,0.4941504019268267,False,False,True,True,True,False,False,False,False,False,False
G8,ppo_privilege_gru_0722_long45_clip025,10,evaluation-sp5-ego213-raceline0-v0.7,ol0_e213_o221_s0.7,True,ego_collision,True,True,3.319999999999973,4.876483476583108,0.6009768089820113,333,3.319999999999973,True,1,True,332,terminal_collision_flag,3.319999999999973,3.319999999999973,0.0,-3.1763834205093247,0.6009768089820113,0.6009768089820113,2.9799999999999804,0.33999999999999275,-0.5611841567843185,-0.3356957996888179,0.6539260873787202,0.43154665659640656,0.9149896932148178,7.010727434180493,8.73500514128455,1.1801363838225216,0.3042612984623394,0.10365371237564291,0.5229537210381301,True,False,True,True,True,True,True,True,True,False,False
G8,ppo_privilege_gru_0722_long45_clip025,10,evaluation-sp9-ego384-raceline0-v0.7,ol0_e384_o391_s0.7,False,ego_collision,True,True,7.269999999999889,5.170335197262163,-0.03479093123337407,728,7.269999999999889,True,1,True,727,terminal_collision_flag,7.269999999999889,7.269999999999889,0.0,-2.819123226821347,-0.012689147513157195,-0.03479093123337407,,,0.0974159069798332,-0.3414325761152802,0.35505783045219563,0.5163983820789172,0.392001067494869,7.021098278806188,8.309054117707358,1.1610398481003672,0.47604778075309706,0.39215465181672193,0.35505783045219563,True,False,False,False,True,False,False,False,False,False,False
G8,ppo_privilege_gru_0722_long45_clip025,15,evaluation-sp1-ego42-raceline2-v0.7,ol2_e42_o63_s0.7,True,overtake,False,False,,5.804108230327836,6.6953228759458625,802,8.009999999999874,True,1,False,451,closest_approach,4.509999999999948,,,-2.99293232204343,0.3092711771901975,0.3092711771901975,4.329999999999952,0.17999999999999616,-0.2891836597441616,0.5006419117491091,0.5781604559833107,0.5006425773056223,0.7655690925804434,7.000383576795663,8.936369391541316,1.594651002421726,0.3507681435584066,0.34251882146504575,0.5781604559833107,False,False,True,True,True,False,False,False,False,False,False
G8,ppo_privilege_gru_0722_long45_clip025,15,evaluation-sp12-ego513-raceline0-v0.8,ol0_e513_o523_s0.8,False,ego_collision,True,True,5.9999999999999165,6.08739241567154,0.38653848574691096,601,5.9999999999999165,True,1,True,600,terminal_collision_flag,5.9999999999999165,5.9999999999999165,0.0,-2.918793232532323,0.3931762321321344,0.38653848574691096,5.36999999999993,0.6299999999999866,-0.3720847702971476,-0.31535347172494615,0.48774469593841563,0.32586150684564125,0.7333512495308118,6.553771376152014,7.492100468682824,0.8998641704842051,0.11321618934449507,0.3952293103036328,0.4701729542467548,True,False,True,True,True,True,True,True,True,False,False
G8,ppo_privilege_gru_0722_long45_clip025,15,evaluation-sp13-ego556-raceline0-v0.8,ol0_e556_o565_s0.8,True,ego_collision,True,True,6.979999999999896,5.369748148433704,0.32732405057700475,699,6.979999999999896,True,1,True,698,terminal_collision_flag,6.979999999999896,6.979999999999896,0.0,-3.042886322651867,0.32732405057700475,0.32732405057700475,6.589999999999904,0.3899999999999917,-0.10879771288768253,-0.4804979611196093,0.4926613775908278,0.5135295118051506,0.6244340689332606,20.191603164041172,26.0025654790668,5.48440357594137,0.26991365375091914,0.16153438379419716,0.4926613775908278,True,False,True,True,True,True,True,True,True,True,False
G8,ppo_privilege_gru_0722_long45_clip025,15,evaluation-sp15-ego641-raceline2-v0.7,ol2_e641_o661_s0.7,True,ego_collision,True,True,4.289999999999953,4.750822637742668,0.35540516040228454,430,4.289999999999953,True,1,True,429,terminal_collision_flag,4.289999999999953,4.289999999999953,0.0,-3.120405458589886,0.35540516040228454,0.35540516040228454,4.079999999999957,0.20999999999999552,-0.5179439984614911,0.29267432642968133,0.594915327499086,0.3709672866785964,0.8593205257649846,20.48351042933431,27.206021278873123,5.74497928192711,0.15054813062495137,0.5310570695751282,0.5311852404495792,True,False,True,True,True,True,True,True,True,True,False
G8,ppo_privilege_gru_0722_long45_clip025,15,evaluation-sp2-ego85-raceline2-v0.8,ol2_e85_o106_s0.8,True,ego_collision,True,True,5.939999999999918,5.4230034222009165,-0.1839609491692329,595,5.939999999999918,True,1,True,594,terminal_collision_flag,5.939999999999918,5.939999999999918,0.0,-2.990392967341876,-0.1839609491692329,-0.1839609491692329,,,0.1677394753048394,0.34489432042505147,0.38352134730285986,0.5731295835269784,0.3659231178269474,9.608106941569327,12.934749414025866,2.596907461863449,0.21988992410145664,0.351057486260615,0.38352134730285986,True,False,False,False,True,False,False,False,False,False,False
G8,ppo_privilege_gru_0722_long45_clip025,15,evaluation-sp21-ego898-raceline0-v0.7,ol0_e898_o902_s0.7,True,overtake,False,False,,5.373595316596949,4.4626686795105,802,8.009999999999874,True,1,False,598,closest_approach,5.979999999999917,,,-2.9938366206783087,0.9039311996100423,0.7954104122612478,5.479999999999928,0.49999999999998934,-0.37159754926225785,-0.5722364693836008,0.6823044155729354,0.5780248584085422,0.8747376144207099,15.94440146538451,20.988155358749445,4.266187660080336,0.1488932779778186,-0.0622843733503341,0.6823044155729354,False,False,True,True,True,False,False,False,False,False,False
G8,ppo_privilege_gru_0722_long45_clip025,15,evaluation-sp30-ego1283-raceline0-v0.7,ol0_e1283_o1279_s0.7,False,overtake,False,False,,5.176051592630776,6.522387193911129,802,8.009999999999874,True,1,False,598,closest_approach,5.979999999999917,,,-2.7444438072821526,0.18480699229735364,0.18480699229735364,5.83999999999992,0.13999999999999702,-0.12939070666800884,-0.6939074434638166,0.7058679019947971,0.7122519815339873,0.8107996700381553,1.7643477526251172,2.2211888420130794,0.4967775367971789,-0.006477551619625266,-0.12144556380898164,0.7058679019947971,False,False,True,True,False,False,False,False,False,False,False
G8,ppo_privilege_gru_0722_long45_clip025,15,evaluation-sp37-ego1582-raceline2-v0.7,ol2_e1582_o1611_s0.7,True,overtake,False,False,,6.390716024231645,12.653458978224592,802,8.009999999999874,True,1,False,282,closest_approach,2.819999999999984,,,-3.0969620622893785,0.1580464087964515,0.1580464087964515,2.7399999999999856,0.0799999999999983,-0.21085910892271223,0.546325843213315,0.5856052345893263,0.5520282670328095,0.7411691938778844,17.25741177199437,23.78924706577366,5.3849717505708385,-0.080364749777393,0.3760805091581588,0.5856052345893263,False,False,True,True,False,False,False,False,False,False,False
G8,ppo_privilege_gru_0722_long45_clip025,15,evaluation-sp4-ego171-raceline2-v0.8,ol2_e171_o194_s0.8,True,ego_collision,True,True,6.829999999999899,5.275082268639786,0.5230581843752304,684,6.829999999999899,True,1,True,683,terminal_collision_flag,6.829999999999899,6.829999999999899,0.0,-2.9674902499793063,0.5230581843752304,0.5230581843752304,6.269999999999911,0.5599999999999881,-0.48503990851901835,0.3353228835804728,0.5896652856569233,0.38792009765908025,0.8444692392561682,7.918457334031111,10.388071208391414,1.56499237915259,0.4558202291161151,0.7755824599056681,0.5868044163561008,True,False,True,True,True,True,True,True,True,False,False
G8,ppo_privilege_gru_0722_long45_clip025,15,evaluation-sp45-ego1924-raceline0-v0.7,ol0_e1924_o1919_s0.7,False,overtake,False,False,,4.918901242121161,2.5803929382500996,802,8.009999999999874,True,1,False,663,closest_approach,6.629999999999903,,,-3.036418303031155,0.40518207311220067,0.40518207311220067,5.879999999999919,0.749999999999984,-0.12209483740166874,-0.4663763492831812,0.4820934022477883,0.4956803837130131,0.6223576577690803,2.5484852378766703,4.678692208460406,1.6554990891379437,0.135931329027075,0.26201945952948097,0.4820934022477883,False,False,True,True,True,False,False,False,False,False,False
G8,ppo_privilege_gru_0722_long45_clip025,15,evaluation-sp5-ego213-raceline0-v0.7,ol0_e213_o221_s0.7,True,ego_collision,True,True,3.329999999999973,4.85690507839459,0.5286493686368203,334,3.329999999999973,True,1,True,333,terminal_collision_flag,3.329999999999973,3.329999999999973,0.0,-3.1763834205093247,0.5286493686368203,0.5286493686368203,3.0299999999999794,0.2999999999999936,-0.4872547162546001,-0.3327871843842908,0.5900546318797733,0.38685492523051423,0.8455011555464859,6.947678897136723,8.645547116313187,1.2383945988211484,0.30329775839119755,0.07478201824281677,0.49369414156935476,True,False,True,True,True,True,True,True,True,False,False
G8,ppo_privilege_gru_0722_long45_clip025,15,evaluation-sp9-ego384-raceline0-v0.7,ol0_e384_o391_s0.7,False,ego_collision,True,True,7.169999999999892,5.146411693762618,-0.1800301119193648,718,7.169999999999892,True,1,True,717,terminal_collision_flag,7.169999999999892,7.169999999999892,0.0,-2.819123226821347,-0.10871889097441567,-0.1800301119193648,,,0.23066307563835142,-0.316280980157417,0.3914576769872834,0.6091992258223282,0.32179889527783717,8.221800293730373,9.831557994099438,1.3669848369340112,0.44709145824403296,0.35756299714467776,0.3914576769872834,True,False,False,False,True,False,False,False,False,False,False
G8,ppo_privilege_gru_0722_long45_clip025,20,evaluation-sp1-ego42-raceline2-v0.7,ol2_e42_o63_s0.7,True,ego_collision,True,True,4.719999999999944,5.468900370770149,0.5271211942468597,473,4.719999999999944,True,1,True,472,terminal_collision_flag,4.719999999999944,4.719999999999944,0.0,-2.99293232204343,0.5271211942468597,0.5271211942468597,4.3599999999999515,0.3599999999999923,-0.5415963188933968,0.3017224503614824,0.6199701683879759,0.392857664724573,0.8846405341432108,6.952692790642469,8.81514925135658,1.6607123614357542,0.4636899177017083,0.5975705478322544,0.539390196608419,True,False,True,True,True,True,True,True,True,False,False
G8,ppo_privilege_gru_0722_long45_clip025,20,evaluation-sp12-ego513-raceline0-v0.8,ol0_e513_o523_s0.8,False,overtake,False,False,,5.855336544889851,1.8435808470403856,802,8.009999999999874,True,1,False,653,closest_approach,6.529999999999905,,,-2.918793232532323,0.2213246353172451,0.2213246353172451,6.179999999999913,0.34999999999999254,-0.1963914463587146,-0.589681767026188,0.6215256926032868,0.5970654467292015,0.764395987335131,4.6706301306091085,5.5126108114825,0.6255385182519424,0.11404406981914728,-0.0024643984880057257,0.6215256926032868,False,False,True,True,True,False,False,False,False,False,False
G8,ppo_privilege_gru_0722_long45_clip025,20,evaluation-sp13-ego556-raceline0-v0.8,ol0_e556_o565_s0.8,True,ego_collision,True,True,7.019999999999895,5.382553932753897,0.5133568677315168,703,7.019999999999895,True,1,True,702,terminal_collision_flag,7.019999999999895,7.019999999999895,0.0,-3.042886322651867,0.5133568677315168,0.5133568677315168,6.499999999999906,0.5199999999999889,-0.3354459853687532,-0.45173981862465495,0.5626658625072699,0.45402004506097865,0.7715254657786266,19.033855797094063,25.050315187383188,5.238418028058561,0.2624855146052453,0.22851382605961013,0.5463036195652144,True,False,True,True,True,True,True,True,True,True,False
G8,ppo_privilege_gru_0722_long45_clip025,20,evaluation-sp15-ego641-raceline2-v0.7,ol2_e641_o661_s0.7,True,ego_collision,True,True,4.269999999999953,4.76696976872856,0.3691427074724629,428,4.269999999999953,True,1,True,427,terminal_collision_flag,4.269999999999953,4.269999999999953,0.0,-3.120405458589886,0.37100002972687207,0.3691427074724629,4.069999999999958,0.19999999999999574,-0.5280443616681291,0.287290943445156,0.6011380324643498,0.37309677606164715,0.8670251806277742,21.408038767576056,28.31404497184416,5.962107967985911,0.1437536197048978,0.5918121935718721,0.5358925629755859,True,False,True,True,True,True,True,True,True,True,False
G8,ppo_privilege_gru_0722_long45_clip025,20,evaluation-sp2-ego85-raceline2-v0.8,ol2_e85_o106_s0.8,True,follow,False,False,,5.514307595485421,-0.10809674677457792,802,8.009999999999874,True,1,False,595,closest_approach,5.949999999999918,,,-2.990392967341876,-0.5855586468244383,-0.5855586468244383,,,0.5032319554508582,0.5531480352128441,0.7478068934201691,0.9670520585822783,0.5928242704927208,10.398577065950722,13.958229225774133,2.8026592145567863,-0.21428585851246768,0.1926318359167144,0.7478068934201691,False,False,False,False,False,False,False,False,False,False,False
G8,ppo_privilege_gru_0722_long45_clip025,20,evaluation-sp21-ego898-raceline0-v0.7,ol0_e898_o902_s0.7,True,ego_collision,True,True,6.169999999999913,5.012947828458084,0.6271310634806184,618,6.169999999999913,True,1,True,617,terminal_collision_flag,6.169999999999913,6.169999999999913,0.0,-2.9938366206783087,0.6481568360811991,0.6271310634806184,5.5799999999999255,0.5899999999999874,-0.3944482948774768,-0.4488898833377559,0.5975714055196525,0.46088130105895647,0.8185179263300649,16.28672518136826,21.066001725627597,4.202659689364784,0.2802818950529794,0.11704742132682844,0.5944515673491116,True,False,True,True,True,True,True,True,True,True,False
G8,ppo_privilege_gru_0722_long45_clip025,20,evaluation-sp30-ego1283-raceline0-v0.7,ol0_e1283_o1279_s0.7,False,overtake,False,False,,5.246197319290838,6.835623559802912,802,8.009999999999874,True,1,False,548,closest_approach,5.479999999999928,,,-2.7444438072821526,-0.0626509569763698,-0.0626509569763698,,,0.061876919329828695,-0.7673025862973012,0.769793486647086,0.8441389845846347,0.8004957207087223,1.2019191839504912,1.499016407213551,0.24765665736549453,-0.051172656211507794,-0.19621477864985215,0.769793486647086,False,False,False,False,False,False,False,False,False,False,False
G8,ppo_privilege_gru_0722_long45_clip025,20,evaluation-sp37-ego1582-raceline2-v0.7,ol2_e1582_o1611_s0.7,True,overtake,False,False,,6.366910527652861,12.468257572930781,802,8.009999999999874,True,1,False,280,closest_approach,2.7999999999999843,,,-3.0969620622893785,0.15301607219663538,0.15301607219663538,2.7299999999999858,0.06999999999999851,-0.22666885400701292,0.5526571417243291,0.5973346513268402,0.5562739885629115,0.7565557619897063,17.303800649850736,23.8239589110823,5.332619893824815,-0.04225277545377537,0.3624956176738271,0.5973346513268402,False,False,True,True,False,False,False,False,False,False,False
G8,ppo_privilege_gru_0722_long45_clip025,20,evaluation-sp4-ego171-raceline2-v0.8,ol2_e171_o194_s0.8,True,ego_collision,True,True,6.7799999999999,5.283770475079551,0.5945006091550056,679,6.7799999999999,True,1,True,678,terminal_collision_flag,6.7799999999999,6.7799999999999,0.0,-2.9674902499793063,0.5945006091550056,0.5945006091550056,6.219999999999912,0.5599999999999881,-0.5629805434026207,0.33472730510935955,0.6549728704577651,0.43192678298777026,0.9163068133595889,8.693263060712383,11.26615391297409,1.690561576776926,0.4658023383708304,0.7741467777357596,0.6345845569309361,True,False,True,True,True,True,True,True,True,True,False
G8,ppo_privilege_gru_0722_long45_clip025,20,evaluation-sp45-ego1924-raceline0-v0.7,ol0_e1924_o1919_s0.7,False,ego_collision,True,True,7.169999999999892,4.873945993653224,0.2715840101965341,718,7.169999999999892,True,1,True,717,terminal_collision_flag,7.169999999999892,7.169999999999892,0.0,-3.036418303031155,0.3612594557166062,0.2715840101965341,5.939999999999918,1.2299999999999738,-0.22494883899796644,-0.4543386405718213,0.5069769033034776,0.45897195324372825,0.686728408544458,5.615363693648715,4.189519587196601,1.4943959913705347,0.07747561925327417,0.13444351798165144,0.5069769033034776,True,False,True,True,False,True,False,False,False,False,False
G8,ppo_privilege_gru_0722_long45_clip025,20,evaluation-sp5-ego213-raceline0-v0.7,ol0_e213_o221_s0.7,True,ego_collision,True,True,3.2999999999999736,4.842294759370416,0.46873988684424717,331,3.2999999999999736,True,1,True,330,terminal_collision_flag,3.2999999999999736,3.2999999999999736,0.0,-3.1763834205093247,0.46873988684424717,0.46873988684424717,3.0299999999999794,0.26999999999999424,-0.42941292005096815,-0.33665246330614773,0.5456467144195009,0.36437733646212794,0.7942857361090893,6.9743966675022495,8.677305648675679,1.2576384957147193,0.2944766605873196,0.06862069620082528,0.47860408331777204,True,False,True,True,True,True,True,True,True,False,False
G8,ppo_privilege_gru_0722_long45_clip025,20,evaluation-sp9-ego384-raceline0-v0.7,ol0_e384_o391_s0.7,False,ego_collision,True,True,7.309999999999889,5.175618323107173,-0.06852428012567202,732,7.309999999999889,True,1,True,731,terminal_collision_flag,7.309999999999889,7.309999999999889,0.0,-2.819123226821347,-0.06852428012567202,-0.06852428012567202,,,0.12834587054179675,-0.3345240538668152,0.3583001606204211,0.5356487748654538,0.37153519373859784,6.448990864271901,7.619789448075974,1.0487187750053508,0.4855552548141527,0.44970641504578385,0.3583001606204211,True,False,False,False,True,False,False,False,False,False,False
G8,ppo_privilege_gru_0722_long45_clip025,25,evaluation-sp1-ego42-raceline2-v0.7,ol2_e42_o63_s0.7,True,overtake,False,False,,5.726175535776572,6.050748110212993,802,8.009999999999874,True,1,False,457,closest_approach,4.569999999999947,,,-2.99293232204343,0.28897986606347104,0.28897986606347104,4.379999999999951,0.18999999999999595,-0.3056086455306294,0.40424570958744693,0.5067654664072172,0.4045469361336943,0.7198362677378025,9.116188796500134,10.690451880847009,1.7481472333514532,0.4138199783344399,0.4534605580710645,0.5067654664072172,False,False,True,True,True,False,False,False,False,False,False
G8,ppo_privilege_gru_0722_long45_clip025,25,evaluation-sp12-ego513-raceline0-v0.8,ol0_e513_o523_s0.8,False,overtake,False,False,,5.865245290946868,1.9203285407294004,802,8.009999999999874,True,1,False,649,closest_approach,6.489999999999906,,,-2.918793232532323,0.2125347066683787,0.2125347066683787,6.1399999999999135,0.34999999999999254,-0.19556245214751278,-0.5913462593654364,0.6228443394263466,0.598839585289654,0.7651544245451369,4.3672427267180876,5.14036807977138,0.8478693626105563,0.09291992323201326,0.027035014697150528,0.6228443394263466,False,False,True,True,False,False,False,False,False,False,False
G8,ppo_privilege_gru_0722_long45_clip025,25,evaluation-sp13-ego556-raceline0-v0.8,ol0_e556_o565_s0.8,True,ego_collision,True,True,7.139999999999892,5.302023347712495,0.18174939634508291,715,7.139999999999892,True,1,True,714,terminal_collision_flag,7.139999999999892,7.139999999999892,0.0,-3.042886322651867,0.18174939634508291,0.18174939634508291,6.959999999999896,0.17999999999999616,-0.038178580493051895,-0.4615143199696762,0.4630907811061856,0.5257466070832668,0.5663008460451981,16.001401259061563,20.99960086430669,4.60513067276275,0.2547810018270308,0.2892232333164494,0.4630907811061856,True,False,True,True,True,True,True,True,True,True,False
G8,ppo_privilege_gru_0722_long45_clip025,25,evaluation-sp15-ego641-raceline2-v0.7,ol2_e641_o661_s0.7,True,overtake,False,False,,5.913929256824525,9.060848397937093,802,8.009999999999874,True,1,False,415,closest_approach,4.149999999999956,,,-3.120405458589886,0.19996399999999426,0.19996399999999426,4.059999999999958,0.08999999999999808,-0.3042986155130386,0.5004551293926857,0.5857072510551683,0.5006593521957214,0.7769467040512908,21.15346923845337,27.957138964902963,5.970077077084642,-0.03578940642067452,0.4243075164155361,0.5857072510551683,False,False,True,True,False,False,False,False,False,False,False
G8,ppo_privilege_gru_0722_long45_clip025,25,evaluation-sp2-ego85-raceline2-v0.8,ol2_e85_o106_s0.8,True,overtake,False,False,,5.520559308538247,0.0201271899494202,802,8.009999999999874,True,1,False,595,closest_approach,5.949999999999918,,,-2.990392967341876,-0.37145592277201445,-0.3719140688640721,,,0.34361144973591146,0.4103670822447099,0.5352288955014026,0.7548937749289498,0.41385423730200305,10.174300575874012,13.557830574972753,2.6092353444419314,0.08511649525420933,0.3830772379247975,0.5352288955014026,False,False,False,False,False,False,False,False,False,False,False
G8,ppo_privilege_gru_0722_long45_clip025,25,evaluation-sp21-ego898-raceline0-v0.7,ol0_e898_o902_s0.7,True,overtake,False,False,,5.439962328209202,4.861213647890253,802,8.009999999999874,True,1,False,565,closest_approach,5.649999999999924,,,-2.9938366206783087,0.4349623635015405,0.4059417325068466,5.489999999999927,0.1599999999999966,0.0014352018361374064,-0.7232255703111088,0.7232269943497263,0.7797369443736129,0.7786686511547638,15.166410346881117,19.94224296202145,4.183728043124368,-0.16275357719006367,-0.1935091077141171,0.7232269943497263,False,False,True,False,False,False,False,False,False,False,False
G8,ppo_privilege_gru_0722_long45_clip025,25,evaluation-sp30-ego1283-raceline0-v0.7,ol0_e1283_o1279_s0.7,False,overtake,False,False,,5.246454101519939,6.860318843521611,802,8.009999999999874,True,1,False,548,closest_approach,5.479999999999928,,,-2.7444438072821526,-0.03188752674964235,-0.03188752674964235,,,0.03669100348685794,-0.7633334955154352,0.7642147964497189,0.8303041834984713,0.8042657975385425,1.0922150857903874,1.343235360403318,0.33347621077130896,-0.029339376499601277,-0.15494653392130708,0.7642147964497189,False,False,False,False,False,False,False,False,False,False,False
G8,ppo_privilege_gru_0722_long45_clip025,25,evaluation-sp37-ego1582-raceline2-v0.7,ol2_e1582_o1611_s0.7,True,overtake,False,False,,6.33014674714318,12.138736126168453,802,8.009999999999874,True,1,False,289,closest_approach,2.8899999999999824,,,-3.0969620622893785,0.23222370905580192,0.23222370905580192,2.7999999999999843,0.08999999999999808,-0.24121275657550648,0.5190348164505859,0.5723466909336054,0.5213226791622001,0.7426871033190503,16.055284449496288,22.022215725918105,5.103231225334334,-0.05518643479088681,0.29932587964302604,0.5723466909336054,False,False,True,True,False,False,False,False,False,False,False
G8,ppo_privilege_gru_0722_long45_clip025,25,evaluation-sp4-ego171-raceline2-v0.8,ol2_e171_o194_s0.8,True,overtake,False,False,,5.460645052201554,1.0434340291956516,802,8.009999999999874,True,1,False,667,closest_approach,6.669999999999902,,,-2.9674902499793063,0.49580331545186596,0.49580331545186596,6.259999999999911,0.40999999999999126,-0.4552694980885358,0.4479160432056114,0.6386697876451949,0.477433543814642,0.8695144659763339,9.106019012583447,11.74167318766978,2.2317555512112395,0.47883346175238917,0.6739915430302424,0.6386697876451949,False,False,True,True,True,False,False,False,False,False,False
G8,ppo_privilege_gru_0722_long45_clip025,25,evaluation-sp45-ego1924-raceline0-v0.7,ol0_e1924_o1919_s0.7,False,ego_collision,True,True,6.809999999999899,5.093204126475353,0.6473196373839869,682,6.809999999999899,True,1,True,681,terminal_collision_flag,6.809999999999899,6.809999999999899,0.0,-3.036418303031155,0.6988657907753009,0.6473196373839869,5.869999999999919,0.93999999999998,-0.3146465229870332,-0.41773558047753984,0.5229774848162555,0.4184620249105736,0.7349152556296652,3.73868581842617,5.764050169561509,1.6806087895745494,0.09756881389191868,0.25110018937264594,0.4831797037194024,True,False,True,True,False,True,False,False,False,False,False
G8,ppo_privilege_gru_0722_long45_clip025,25,evaluation-sp5-ego213-raceline0-v0.7,ol0_e213_o221_s0.7,True,ego_collision,True,True,3.289999999999974,4.809152137191621,0.336366490280426,330,3.289999999999974,True,1,True,329,terminal_collision_flag,3.289999999999974,3.289999999999974,0.0,-3.1763834205093247,0.336366490280426,0.336366490280426,3.0699999999999785,0.2199999999999953,-0.30315659126572464,-0.3337183848003717,0.4508568278085878,0.3339776283637907,0.6805899662173568,6.983101696938913,8.673465943819329,1.2845099221549112,0.2959094526090212,0.04499371782804762,0.4427100479103199,True,False,True,True,True,True,True,True,True,False,False
G8,ppo_privilege_gru_0722_long45_clip025,25,evaluation-sp9-ego384-raceline0-v0.7,ol0_e384_o391_s0.7,False,ego_collision,True,True,7.209999999999891,5.16710372661337,-0.12415910476499903,722,7.209999999999891,True,1,True,721,terminal_collision_flag,7.209999999999891,7.209999999999891,0.0,-2.819123226821347,-0.08395286885198061,-0.12415910476499903,,,0.18169383420977003,-0.3250100360466046,0.3723495305769333,0.5728233556363858,0.3425810109728734,7.400297358870154,8.77556605905622,1.2983367396787149,0.4698436385002398,0.3964153796339833,0.3723495305769333,True,False,False,False,True,False,False,False,False,False,False
G8,ppo_privilege_gru_0722_long45_clip025,30,evaluation-sp1-ego42-raceline2-v0.7,ol2_e42_o63_s0.7,True,ego_collision,True,True,4.679999999999945,5.485466193116108,0.5586427812185661,469,4.679999999999945,True,1,True,468,terminal_collision_flag,4.679999999999945,4.679999999999945,0.0,-2.99293232204343,0.5586427812185661,0.5586427812185661,4.3599999999999515,0.3199999999999932,-0.5689617039774085,0.30559588764141193,0.6458376476609416,0.4137734631767989,0.9117039297069611,8.226365921488318,10.332731082733456,1.849687688450969,0.4297125633686841,0.569471564225094,0.5300816363230163,True,False,True,True,True,True,True,True,True,True,False
G8,ppo_privilege_gru_0722_long45_clip025,30,evaluation-sp12-ego513-raceline0-v0.8,ol0_e513_o523_s0.8,False,overtake,False,False,,5.879227787672395,2.0994066857373355,802,8.009999999999874,True,1,False,645,closest_approach,6.449999999999907,,,-2.918793232532323,0.20198520147090449,0.20198520147090449,5.949999999999918,0.49999999999998934,-0.19010843758257087,-0.5125714421251647,0.5466906815762981,0.5222143310217235,0.7023059127760839,1.3280427843035252,1.552978476161121,0.2700343375818606,0.0478776659784389,0.13858530994161555,0.5466906815762981,False,False,True,True,False,False,False,False,False,False,False
G8,ppo_privilege_gru_0722_long45_clip025,30,evaluation-sp13-ego556-raceline0-v0.8,ol0_e556_o565_s0.8,True,overtake,False,False,,5.393384743087767,2.5468301060615204,802,8.009999999999874,True,1,False,686,closest_approach,6.859999999999898,,,-3.042886322651867,0.21825436370249918,0.21825436370249918,6.539999999999905,0.3199999999999932,-0.10287821041999576,-0.5431772036702383,0.5528339721527978,0.5745050380306885,0.6703691242963371,12.383492479210876,17.02988612682166,3.568209059662695,0.29397512755879474,0.0950190630242066,0.5528339721527978,False,False,True,True,True,False,False,False,False,False,False
G8,ppo_privilege_gru_0722_long45_clip025,30,evaluation-sp15-ego641-raceline2-v0.7,ol2_e641_o661_s0.7,True,overtake,False,False,,5.981289124664045,9.611047921284182,802,8.009999999999874,True,1,False,406,closest_approach,4.059999999999958,,,-3.120405458589886,0.2332927186114091,0.2332927186114091,3.9599999999999596,0.09999999999999831,-0.34763889600112186,0.5803372372303073,0.6764939843997023,0.583192550748322,0.8621917829634167,19.79000500607072,26.498403028951394,5.751318432341888,0.043588308228457606,0.3928359142728568,0.6764939843997023,False,False,True,True,False,False,False,False,False,False,False
G8,ppo_privilege_gru_0722_long45_clip025,30,evaluation-sp2-ego85-raceline2-v0.8,ol2_e85_o106_s0.8,True,overtake,False,False,,5.5485053442260375,0.2660886479386875,802,8.009999999999874,True,1,False,593,closest_approach,5.929999999999918,,,-2.990392967341876,-0.2738456837761589,-0.2849672212309997,,,0.24575126288906243,0.38161335814384273,0.45389694681214793,0.6577675659387943,0.3841701522108838,11.188635359773851,14.896402163993736,2.858233642414748,0.12329857883636192,0.48249894601659554,0.45389694681214793,False,False,False,False,True,False,False,False,False,False,False
G8,ppo_privilege_gru_0722_long45_clip025,30,evaluation-sp21-ego898-raceline0-v0.7,ol0_e898_o902_s0.7,True,overtake,False,False,,5.296502190742898,3.983113047539632,802,8.009999999999874,True,1,False,598,closest_approach,5.979999999999917,,,-2.9938366206783087,0.9441720440600818,0.7849370785471024,5.3899999999999295,0.5899999999999874,-0.4307629241440942,-0.4534266563178005,0.6254218012483347,0.474773560208587,0.8515250586332066,11.841144473735676,16.309968008664622,3.3892479200693084,0.24664830592978,0.13125172544572689,0.6254218012483347,False,False,True,True,True,False,False,False,False,False,False
G8,ppo_privilege_gru_0722_long45_clip025,30,evaluation-sp30-ego1283-raceline0-v0.7,ol0_e1283_o1279_s0.7,False,overtake,False,False,,5.204221507552385,6.823092252122535,802,8.009999999999874,True,1,False,494,closest_approach,4.939999999999939,,,-2.7444438072821526,-0.24116660952233815,-0.2416068313306141,,,0.24543396178526108,-0.5147366460905243,0.5702557710590316,0.7427269634674522,0.5166623138866229,2.208365365377733,2.5934818342231227,0.2803277073426773,-0.03183059095646312,0.03898736650270673,0.5702557710590316,False,False,False,False,False,False,False,False,False,False,False
G8,ppo_privilege_gru_0722_long45_clip025,30,evaluation-sp37-ego1582-raceline2-v0.7,ol2_e1582_o1611_s0.7,True,overtake,False,False,,6.391131225191908,12.643571747950432,802,8.009999999999874,True,1,False,277,closest_approach,2.769999999999985,,,-3.0969620622893785,0.1434166045889924,0.1434166045889924,2.719999999999986,0.049999999999998934,-0.22012175539107287,0.5681419960447089,0.6092937837087404,0.5724231797711298,0.763550609319995,16.967985088602987,23.344078203050493,5.258268238119049,-0.06554352115836548,0.34582640136812715,0.6092937837087404,False,False,True,True,False,False,False,False,False,False,False
G8,ppo_privilege_gru_0722_long45_clip025,30,evaluation-sp4-ego171-raceline2-v0.8,ol2_e171_o194_s0.8,True,overtake,False,False,,5.533107508071226,1.4813203631833574,802,8.009999999999874,True,1,False,651,closest_approach,6.509999999999906,,,-2.9674902499793063,0.44904882764680565,0.44904882764680565,6.209999999999912,0.2999999999999936,-0.429531698623642,0.5600445060129432,0.7057955290576675,0.577164572402084,0.9117980664815566,9.951483744923186,12.762702311616364,2.370263863239825,0.43856865299995085,0.5777810739626913,0.7057955290576675,False,False,True,True,True,False,False,False,False,False,False
G8,ppo_privilege_gru_0722_long45_clip025,30,evaluation-sp45-ego1924-raceline0-v0.7,ol0_e1924_o1919_s0.7,False,overtake,False,False,,5.253823812421263,5.12637852656303,802,8.009999999999874,True,1,False,637,closest_approach,6.369999999999909,,,-3.036418303031155,0.6089552215265144,0.6089552215265144,5.779999999999921,0.5899999999999874,-0.4089566232749297,-0.503605812465417,0.648740575322205,0.5174644843561018,0.8614866078871132,3.8294231987742346,5.606248463675185,1.2477351114374189,0.153137702703651,0.24969945976497288,0.648740575322205,False,False,True,True,True,False,False,False,False,False,False
G8,ppo_privilege_gru_0722_long45_clip025,30,evaluation-sp5-ego213-raceline0-v0.7,ol0_e213_o221_s0.7,True,ego_collision,True,True,3.2999999999999736,4.863865720757145,0.5226577733158138,331,3.2999999999999736,True,1,True,330,terminal_collision_flag,3.2999999999999736,3.2999999999999736,0.0,-3.1763834205093247,0.5226577733158138,0.5226577733158138,2.99999999999998,0.2999999999999936,-0.4881292015240922,-0.330500920728606,0.5894921339449781,0.3853388626897508,0.8454087253317045,6.566106608390413,8.196174855251037,1.091388541629611,0.31519108967184034,0.07720975049234319,0.4973198755657959,True,False,True,True,True,True,True,True,True,False,False
G8,ppo_privilege_gru_0722_long45_clip025,30,evaluation-sp9-ego384-raceline0-v0.7,ol0_e384_o391_s0.7,False,ego_collision,True,True,7.209999999999891,5.173911404493078,-0.07457769467629305,722,7.209999999999891,True,1,True,721,terminal_collision_flag,7.209999999999891,7.209999999999891,0.0,-2.819123226821347,-0.04424003015188305,-0.07457769467629305,,,0.13291652871197418,-0.3310061002748823,0.3566957275101939,0.5370506760790563,0.36638812121994546,7.478165711683449,8.803610118809582,1.230330155047143,0.46711495087137944,0.3876290810448698,0.3566957275101939,True,False,False,False,True,False,False,False,False,False,False
G8,ppo_privilege_gru_0722_long45_clip025,35,evaluation-sp1-ego42-raceline2-v0.7,ol2_e42_o63_s0.7,True,ego_collision,True,True,4.629999999999946,5.480335955174778,0.5217869925977823,464,4.629999999999946,True,1,True,463,terminal_collision_flag,4.629999999999946,4.629999999999946,0.0,-2.99293232204343,0.5217869925977823,0.5217869925977823,4.319999999999952,0.3099999999999934,-0.5309973352005739,0.30851060488147647,0.6141147802442514,0.39148245030666734,0.8770492675618503,7.868946161741968,9.95811596977544,1.7698197196033338,0.5185806991637723,0.6125899810412991,0.5367940977586626,True,False,True,True,True,True,True,True,True,False,False
G8,ppo_privilege_gru_0722_long45_clip025,35,evaluation-sp12-ego513-raceline0-v0.8,ol0_e513_o523_s0.8,False,overtake,False,False,,5.7917973601233665,1.1848976119611052,802,8.009999999999874,True,1,False,701,closest_approach,7.009999999999895,,,-2.918793232532323,0.2820239007750729,0.2820239007750729,6.7699999999999,0.23999999999999488,-0.2263951960403936,-0.7177535146212064,0.7526120465028862,0.7205662209941806,0.8842138351353087,1.4464218216869202,1.8054550382657952,0.2782506524102028,0.03264885346191215,0.004578519360953548,0.7526120465028862,False,False,True,True,False,False,False,False,False,False,False
G8,ppo_privilege_gru_0722_long45_clip025,35,evaluation-sp13-ego556-raceline0-v0.8,ol0_e556_o565_s0.8,True,overtake,False,False,,5.530650818663171,3.736318506044455,802,8.009999999999874,True,1,False,672,closest_approach,6.719999999999901,,,-3.042886322651867,0.3725769988760135,0.3623719035894055,6.419999999999908,0.2999999999999936,-0.10106432328113257,-0.5941890664077201,0.60272269252016,0.6235040790369333,0.7113311124798409,14.017394975461636,19.032039883897706,3.93769046659949,0.18536024506187876,-0.002185252276041938,0.60272269252016,False,False,True,True,True,False,False,False,False,False,False
G8,ppo_privilege_gru_0722_long45_clip025,35,evaluation-sp15-ego641-raceline2-v0.7,ol2_e641_o661_s0.7,True,overtake,False,False,,5.95303519758195,9.355349131129714,802,8.009999999999874,True,1,False,408,closest_approach,4.079999999999957,,,-3.120405458589886,0.26130393479854774,0.26130393479854774,3.979999999999959,0.09999999999999831,-0.3443248650227344,0.5341490859823255,0.6355114937817238,0.536904495246121,0.8292667124887289,21.593585940235403,28.56613615384744,6.149075045181014,0.09105987272060356,0.46472689424814384,0.6355114937817238,False,False,True,True,False,False,False,False,False,False,False
G8,ppo_privilege_gru_0722_long45_clip025,35,evaluation-sp2-ego85-raceline2-v0.8,ol2_e85_o106_s0.8,True,ego_collision,True,True,5.83999999999992,5.42225751963877,-0.20158454584492347,585,5.83999999999992,True,1,True,584,terminal_collision_flag,5.83999999999992,5.83999999999992,0.0,-2.990392967341876,-0.20158454584492347,-0.20158454584492347,,,0.25387722170140026,0.3126246615136077,0.4027254929667598,0.6273249646492095,0.31470467759235415,12.266152945664782,16.141876837199852,3.2521198785653542,0.1630715821327388,0.6898487462791993,0.4027254929667598,True,False,False,False,True,False,False,False,False,False,False
G8,ppo_privilege_gru_0722_long45_clip025,35,evaluation-sp21-ego898-raceline0-v0.7,ol0_e898_o902_s0.7,True,overtake,False,False,,5.6223053006123065,6.558508523614336,802,8.009999999999874,True,1,False,514,closest_approach,5.139999999999935,,,-2.9938366206783087,-0.11989932383258406,-0.11989932383258406,,,0.10427618203225938,-0.6141431805038885,0.6229328762384087,0.7298119989951981,0.6416113954099835,3.5628344384716932,4.441810369148189,0.8169440332339569,-0.12756667261472288,-0.019465466511478402,0.6229328762384087,False,False,False,False,False,False,False,False,False,False,False
G8,ppo_privilege_gru_0722_long45_clip025,35,evaluation-sp30-ego1283-raceline0-v0.7,ol0_e1283_o1279_s0.7,False,overtake,False,False,,5.261182278648851,7.2035605892109515,802,8.009999999999874,True,1,False,546,closest_approach,5.459999999999928,,,-2.7444438072821526,0.023346912519855323,0.023346912519855323,5.4399999999999284,0.019999999999999574,-0.011396209372463995,-0.5783562391528034,0.5784685064504687,0.6419626247056807,0.6521775942111665,1.3609036746334329,1.6751260937920764,0.2583653747833436,0.0436975591945854,0.02329124072949862,0.5784685064504687,False,False,True,True,False,False,False,False,False,False,False
G8,ppo_privilege_gru_0722_long45_clip025,35,evaluation-sp37-ego1582-raceline2-v0.7,ol2_e1582_o1611_s0.7,True,overtake,False,False,,6.408013095232572,12.775894917290088,802,8.009999999999874,True,1,False,274,closest_approach,2.7399999999999856,,,-3.0969620622893785,0.1638560626562935,0.1638560626562935,2.669999999999987,0.06999999999999851,-0.227846609405761,0.5727970763412095,0.6164499720843036,0.5761592962257898,0.7721797728107621,18.94314041224766,25.27607878114425,5.750244721458933,-0.009517648002140722,0.3591585388631563,0.6164499720843036,False,False,True,True,False,False,False,False,False,False,False
G8,ppo_privilege_gru_0722_long45_clip025,35,evaluation-sp4-ego171-raceline2-v0.8,ol2_e171_o194_s0.8,True,overtake,False,False,,5.5533535236571145,1.6650977046516857,802,8.009999999999874,True,1,False,641,closest_approach,6.409999999999908,,,-2.9674902499793063,0.3462147111469278,0.3462147111469278,6.209999999999912,0.19999999999999574,-0.3511069751488478,0.6004309851210962,0.6955526406330894,0.6035324600262457,0.8783709475375397,10.244081808270854,13.057480741674576,2.551302180168885,0.318136769401808,0.5170259494040635,0.6955526406330894,False,False,True,True,True,False,False,False,False,False,False
G8,ppo_privilege_gru_0722_long45_clip025,35,evaluation-sp45-ego1924-raceline0-v0.7,ol0_e1924_o1919_s0.7,False,overtake,False,False,,5.517285675133713,7.118290293797969,802,8.009999999999874,True,1,False,576,closest_approach,5.759999999999922,,,-3.036418303031155,0.20933844211816677,0.20933844211816677,5.619999999999925,0.13999999999999702,-0.16493094897977825,-0.6175284281723692,0.6391741370959928,0.6300663672377187,0.7670094705677881,1.3363034535679168,1.6503503252542937,0.2540657337937323,0.09625886770678971,0.025995107405108353,0.6391741370959928,False,False,True,True,False,False,False,False,False,False,False
G8,ppo_privilege_gru_0722_long45_clip025,35,evaluation-sp5-ego213-raceline0-v0.7,ol0_e213_o221_s0.7,True,ego_collision,True,True,3.2599999999999745,4.780887050084713,0.2695276616055935,327,3.2599999999999745,True,1,True,326,terminal_collision_flag,3.2599999999999745,3.2599999999999745,0.0,-3.1763834205093247,0.2695276616055935,0.2695276616055935,3.089999999999978,0.16999999999999638,-0.23603269677715175,-0.3353759873398387,0.41010789657365354,0.33969033354118056,0.6238489007466588,6.99323979433649,8.642810664915707,1.2936755121598784,0.2820441183603278,0.00837195997971163,0.4094319053660524,True,False,True,True,True,True,True,True,True,False,False
G8,ppo_privilege_gru_0722_long45_clip025,35,evaluation-sp9-ego384-raceline0-v0.7,ol0_e384_o391_s0.7,False,ego_collision,True,True,7.009999999999895,5.16006379322143,-0.18871190041326713,702,7.009999999999895,True,1,True,701,terminal_collision_flag,7.009999999999895,7.009999999999895,0.0,-2.819123226821347,-0.06207366007063797,-0.18871190041326713,,,0.24853583123400036,-0.31802224494765186,0.4036188891624372,0.6254270459489579,0.3207139310553871,11.981517339263291,14.20735417215101,2.0356867974605377,0.4314762448353179,0.13900143886797983,0.4036188891624372,True,False,False,False,True,False,False,False,False,False,False
G8,ppo_privilege_gru_0722_long45_clip025,40,evaluation-sp1-ego42-raceline2-v0.7,ol2_e42_o63_s0.7,True,ego_collision,True,True,4.659999999999945,5.487007828110944,0.5661274402906713,467,4.659999999999945,True,1,True,466,terminal_collision_flag,4.659999999999945,4.659999999999945,0.0,-2.99293232204343,0.5661274402906713,0.5661274402906713,4.319999999999952,0.33999999999999275,-0.5787922023381533,0.30870386759000196,0.6559714104688369,0.42272806151986925,0.9220075751904668,7.820728968291528,9.916421095342104,1.7720141973386672,0.476688209060715,0.5867888905235059,0.5471546196040031,True,False,True,True,True,True,True,True,True,False,False
G8,ppo_privilege_gru_0722_long45_clip025,40,evaluation-sp12-ego513-raceline0-v0.8,ol0_e513_o523_s0.8,False,overtake,False,False,,5.858729959977797,1.9272530317038559,802,8.009999999999874,True,1,False,652,closest_approach,6.519999999999905,,,-2.918793232532323,0.22345024029024785,0.22345024029024785,6.199999999999912,0.3199999999999932,-0.20552167382036216,-0.6022107076481229,0.6363150908284166,0.6081071648979037,0.7798714417336914,4.922499146614088,5.7804636396540445,0.9718008559617027,0.11624283027964777,0.007224710721844163,0.6363150908284166,False,False,True,True,True,False,False,False,False,False,False
G8,ppo_privilege_gru_0722_long45_clip025,40,evaluation-sp13-ego556-raceline0-v0.8,ol0_e556_o565_s0.8,True,overtake,False,False,,5.528578131760476,3.7587260170560626,802,8.009999999999874,True,1,False,670,closest_approach,6.699999999999902,,,-3.042886322651867,0.4278428143475992,0.3604345835532854,6.379999999999908,0.3199999999999932,-0.09959837115067488,-0.5954663976068204,0.6037384087621984,0.6251663866102528,0.7115947733662066,14.103815675500131,19.15404097156203,4.088003006850601,0.20098408741970053,-0.022123675130133358,0.6037384087621984,False,False,True,True,True,False,False,False,False,False,False
G8,ppo_privilege_gru_0722_long45_clip025,40,evaluation-sp15-ego641-raceline2-v0.7,ol2_e641_o661_s0.7,True,overtake,False,False,,5.975259745931031,9.60789063423752,802,8.009999999999874,True,1,False,404,closest_approach,4.039999999999958,,,-3.120405458589886,0.2430284631575148,0.2430284631575148,3.93999999999996,0.09999999999999831,-0.3473146639292686,0.6222049688610316,0.7125773635582723,0.62483917448947,0.8906789568271128,20.53664359105767,27.43595647718367,5.935382520770622,0.022615478386699417,0.27035960022285543,0.7125773635582723,False,False,True,True,False,False,False,False,False,False,False
G8,ppo_privilege_gru_0722_long45_clip025,40,evaluation-sp2-ego85-raceline2-v0.8,ol2_e85_o106_s0.8,True,ego_collision,True,True,5.889999999999919,5.471074930474153,0.08948017698193667,590,5.889999999999919,True,1,True,589,terminal_collision_flag,5.889999999999919,5.889999999999919,0.0,-2.990392967341876,0.08948017698193667,0.08948017698193667,5.769999999999921,0.11999999999999744,-0.07211339986999525,0.310085446170695,0.3183603718550549,0.37898226138315705,0.4767379765576538,11.977013074114698,15.751809765858347,3.0011093228729386,0.31976053783445724,0.6152588520677437,0.3183603718550549,True,False,True,True,True,True,True,True,True,True,False
G8,ppo_privilege_gru_0722_long45_clip025,40,evaluation-sp21-ego898-raceline0-v0.7,ol0_e898_o902_s0.7,True,ego_collision,True,True,5.769999999999921,5.095271443130695,0.8493287546385488,578,5.769999999999921,True,1,True,577,terminal_collision_flag,5.769999999999921,5.769999999999921,0.0,-2.9938366206783087,0.8981079220086201,0.8493287546385488,5.199999999999934,0.5699999999999878,-0.24318885667397966,-0.4799502179987412,0.5380455666274341,0.48222763804714514,0.7173859272653352,9.118327867527553,12.727540718247962,2.9774733967719915,0.23369307061844596,0.2256210697527447,0.5380455666274341,True,False,True,True,True,True,True,True,True,True,False
G8,ppo_privilege_gru_0722_long45_clip025,40,evaluation-sp30-ego1283-raceline0-v0.7,ol0_e1283_o1279_s0.7,False,overtake,False,False,,5.2097182629413705,6.905106265229676,802,8.009999999999874,True,1,False,489,closest_approach,4.88999999999994,,,-2.7444438072821526,-0.26327041906154136,-0.2634294951240008,,,0.2699633385058393,-0.5065728528113401,0.5740176472397326,0.7550993283509295,0.5069689566524278,2.198450860483313,2.6131464967638514,0.35325029605069647,-0.05097039518738877,0.04209196443401997,0.5740176472397326,False,False,False,False,False,False,False,False,False,False,False
G8,ppo_privilege_gru_0722_long45_clip025,40,evaluation-sp37-ego1582-raceline2-v0.7,ol2_e1582_o1611_s0.7,True,overtake,False,False,,6.407292507321349,12.7748725062998,802,8.009999999999874,True,1,False,277,closest_approach,2.769999999999985,,,-3.0969620622893785,0.14924781692678835,0.14924781692678835,2.719999999999986,0.049999999999998934,-0.21701969080105155,0.5668471737593389,0.6069705632024787,0.5715258908656057,0.7605160650893209,17.18319902026062,23.50860716406324,5.189412334068342,-0.05809822173122192,0.3502022040428868,0.6069705632024787,False,False,True,True,False,False,False,False,False,False,False
G8,ppo_privilege_gru_0722_long45_clip025,40,evaluation-sp4-ego171-raceline2-v0.8,ol2_e171_o194_s0.8,True,overtake,False,False,,5.508256855181303,1.3893608310065986,802,8.009999999999874,True,1,False,665,closest_approach,6.649999999999903,,,-2.9674902499793063,0.53083313197331,0.53083313197331,6.219999999999912,0.42999999999999083,-0.4935256727463194,0.5038407286155452,0.7052822622691929,0.5433950490008953,0.9315406376881342,8.889154057550808,11.516171657815393,2.234414426552863,0.49598690972808646,0.6879412669732511,0.7052822622691929,False,False,True,True,True,False,False,False,False,False,False
G8,ppo_privilege_gru_0722_long45_clip025,40,evaluation-sp45-ego1924-raceline0-v0.7,ol0_e1924_o1919_s0.7,False,overtake,False,False,,5.520826933528087,7.132452734638463,802,8.009999999999874,True,1,False,577,closest_approach,5.769999999999921,,,-3.036418303031155,0.24616321980016664,0.24616321980016664,5.589999999999925,0.17999999999999616,-0.19584230732914956,-0.6257375568438207,0.6556688946296589,0.632782080288287,0.7922059313308539,1.4216664648303423,1.7921992387416286,0.28105915069826115,0.1192747478360483,0.055000303909863324,0.6556688946296589,False,False,True,True,True,False,False,False,False,False,False
G8,ppo_privilege_gru_0722_long45_clip025,40,evaluation-sp5-ego213-raceline0-v0.7,ol0_e213_o221_s0.7,True,ego_collision,True,True,3.2499999999999747,4.846191185602319,0.4416749054178979,326,3.2499999999999747,True,1,True,325,terminal_collision_flag,3.2499999999999747,3.2499999999999747,0.0,-3.1763834205093247,0.4416749054178979,0.4416749054178979,2.9899999999999802,0.25999999999999446,-0.40740886008106225,-0.33839395623482554,0.5296153782593624,0.3581833469632438,0.7751706829697725,7.456199644039425,9.215177623194856,1.3521242143415102,0.27080335904699543,0.047505893373670394,0.4721252987024246,True,False,True,True,True,True,True,True,True,False,False
G8,ppo_privilege_gru_0722_long45_clip025,40,evaluation-sp9-ego384-raceline0-v0.7,ol0_e384_o391_s0.7,False,ego_collision,True,True,7.009999999999895,5.162571388733086,-0.12822640686567865,702,7.009999999999895,True,1,True,701,terminal_collision_flag,7.009999999999895,7.009999999999895,0.0,-2.819123226821347,-0.015862046133321428,-0.12822640686567865,,,0.18301773279257436,-0.32068139536096374,0.36923169940728123,0.5714738251808931,0.3380558575553687,12.054146509276492,14.25652426236449,2.117094948910757,0.4484653526848258,0.17476390400549247,0.36923169940728123,True,False,False,False,True,False,False,False,False,False,False
G8,ppo_privilege_gru_0722_long45_clip025,45,evaluation-sp1-ego42-raceline2-v0.7,ol2_e42_o63_s0.7,True,ego_collision,True,True,4.649999999999945,5.416589720508582,0.22100795976933796,466,4.649999999999945,True,1,True,465,terminal_collision_flag,4.649999999999945,4.649999999999945,0.0,-2.99293232204343,0.22100795976933796,0.22100795976933796,4.469999999999949,0.17999999999999616,-0.28892762766824304,0.3114594582569029,0.4248366370355579,0.3114613043703846,0.6573919623902191,14.367886406431642,16.674144829237402,2.6845330268153096,0.42230030300115373,0.5738027599976052,0.4194543907198065,True,False,True,True,True,True,True,True,True,True,False
G8,ppo_privilege_gru_0722_long45_clip025,45,evaluation-sp12-ego513-raceline0-v0.8,ol0_e513_o523_s0.8,False,overtake,False,False,,5.83342302140525,1.7357125313508561,802,8.009999999999874,True,1,False,663,closest_approach,6.629999999999903,,,-2.918793232532323,0.24280127940829743,0.24280127940829743,6.3299999999999095,0.2999999999999936,-0.19683244547807224,-0.6268868392515756,0.6570617328833791,0.6337722796418499,0.7937209454191007,4.360246557218106,5.192127610941422,0.3410012673374469,0.12498307026134026,-0.004711849760479225,0.6570617328833791,False,False,True,True,True,False,False,False,False,False,False
G8,ppo_privilege_gru_0722_long45_clip025,45,evaluation-sp13-ego556-raceline0-v0.8,ol0_e556_o565_s0.8,True,ego_collision,True,True,7.069999999999894,5.34850853098521,0.3117832285941802,708,7.069999999999894,True,1,True,707,terminal_collision_flag,7.069999999999894,7.069999999999894,0.0,-3.042886322651867,0.3117832285941802,0.3117832285941802,6.859999999999898,0.20999999999999552,-0.12430851990295062,-0.4778565431585001,0.4937605532642859,0.5057672808873093,0.6324542872837254,16.94589539348916,22.224179303510006,4.556928061177094,0.2958527046621984,0.3092785849621269,0.4937605532642859,True,False,True,True,True,True,True,True,True,True,False
G8,ppo_privilege_gru_0722_long45_clip025,45,evaluation-sp15-ego641-raceline2-v0.7,ol2_e641_o661_s0.7,True,overtake,False,False,,5.92078400162744,9.075204629313248,802,8.009999999999874,True,1,False,413,closest_approach,4.129999999999956,,,-3.120405458589886,0.20856415215848756,0.20856415215848756,4.019999999999959,0.10999999999999766,-0.31675995275754426,0.4964430847644518,0.5888909950758343,0.4971637873800049,0.783972816289431,21.62970275051831,28.528943586933938,6.099286388556587,0.011106540641181717,0.4118673363026059,0.5888909950758343,False,False,True,True,False,False,False,False,False,False,False
G8,ppo_privilege_gru_0722_long45_clip025,45,evaluation-sp2-ego85-raceline2-v0.8,ol2_e85_o106_s0.8,True,overtake,False,False,,5.649379802581231,1.5375769452227246,802,8.009999999999874,True,1,False,589,closest_approach,5.889999999999919,,,-2.990392967341876,0.13697736882002687,0.13697736882002687,5.739999999999922,0.1499999999999968,-0.09604963944964029,0.34856799382412956,0.3615593721050311,0.3988939566804603,0.5201288017768058,10.812389491974555,14.368017388042345,2.7803309550724244,0.2840649432368844,0.39615851812288255,0.3615593721050311,False,False,True,True,True,False,False,False,False,False,False
G8,ppo_privilege_gru_0722_long45_clip025,45,evaluation-sp21-ego898-raceline0-v0.7,ol0_e898_o902_s0.7,True,overtake,False,False,,5.47673046518853,5.138846071777039,802,8.009999999999874,True,1,False,567,closest_approach,5.6699999999999235,,,-2.9938366206783087,0.46327534934894743,0.46327534934894743,5.489999999999927,0.17999999999999616,-0.01098968709233139,-0.7290804307132583,0.7291632517285945,0.7806439836172859,0.7887668008891917,14.279950326441785,19.100253928942458,4.0648814698635665,-0.09160892278068178,-0.1725916695480456,0.7291632517285945,False,False,True,True,False,False,False,False,False,False,False
G8,ppo_privilege_gru_0722_long45_clip025,45,evaluation-sp30-ego1283-raceline0-v0.7,ol0_e1283_o1279_s0.7,False,overtake,False,False,,5.2923959427197795,7.344810254304036,802,8.009999999999874,True,1,False,533,closest_approach,5.329999999999931,,,-2.7444438072821526,0.04431084604175339,0.04431084604175339,5.299999999999931,0.02999999999999936,-0.026828318978698695,-0.7178070507905467,0.7183082352749727,0.7645301144207467,0.7846191087855882,1.6530920132380145,2.027118112891147,0.2546851599954235,-0.012457371903092707,-0.13962157247734786,0.7183082352749727,False,False,True,True,False,False,False,False,False,False,False
G8,ppo_privilege_gru_0722_long45_clip025,45,evaluation-sp37-ego1582-raceline2-v0.7,ol2_e1582_o1611_s0.7,True,overtake,False,False,,6.363459430008036,12.379126330964255,802,8.009999999999874,True,1,False,284,closest_approach,2.8399999999999834,,,-3.0969620622893785,0.14759433485676254,0.14759433485676254,2.7799999999999847,0.05999999999999872,-0.19319113536051555,0.5188142655318781,0.5536163445033637,0.5277690767676411,0.7089724362839265,17.688598220485233,23.902392791412723,5.332392220370042,-0.10520559564144455,0.3888099974836212,0.5536163445033637,False,False,True,True,False,False,False,False,False,False,False
G8,ppo_privilege_gru_0722_long45_clip025,45,evaluation-sp4-ego171-raceline2-v0.8,ol2_e171_o194_s0.8,True,ego_collision,True,True,6.879999999999898,5.280176051442463,0.5393178328595525,689,6.879999999999898,True,1,True,688,terminal_collision_flag,6.879999999999898,6.879999999999898,0.0,-2.9674902499793063,0.5393178328595525,0.5393178328595525,6.2799999999999105,0.5999999999999872,-0.5279373427793854,0.3134385095645129,0.6139719351721067,0.39351985765261965,0.8759367534194608,7.221614009176719,9.526627733694719,1.3694657163936543,0.43276893217184176,0.7774976958823974,0.5932230336350763,True,False,True,True,True,True,True,True,True,False,False
G8,ppo_privilege_gru_0722_long45_clip025,45,evaluation-sp45-ego1924-raceline0-v0.7,ol0_e1924_o1919_s0.7,False,overtake,False,False,,4.986661044405188,3.117561535634991,802,8.009999999999874,True,1,False,658,closest_approach,6.579999999999904,,,-3.036418303031155,0.4123956033162699,0.4123956033162699,5.869999999999919,0.7099999999999849,-0.15145523102686936,-0.4598316345153929,0.4841320265242739,0.4802497112033655,0.6374385092713527,2.857003004680359,5.014467664031395,1.6444579909161834,0.1549317956623033,0.27833131099799624,0.4841320265242739,False,False,True,True,True,False,False,False,False,False,False
G8,ppo_privilege_gru_0722_long45_clip025,45,evaluation-sp5-ego213-raceline0-v0.7,ol0_e213_o221_s0.7,True,ego_collision,True,True,3.239999999999975,4.783696050473898,0.25756039465650815,325,3.239999999999975,True,1,True,324,terminal_collision_flag,3.239999999999975,3.239999999999975,0.0,-3.1763834205093247,0.25756039465650815,0.25756039465650815,3.0799999999999783,0.1599999999999966,-0.22202293967819833,-0.33586433808248334,0.40261524975953605,0.3426743852778881,0.6123498545376561,7.230665825936787,8.815377340889027,1.3050121901093903,0.2720354709897988,-0.07086404584377953,0.40222762489925823,True,False,True,True,True,True,True,True,True,False,False
G8,ppo_privilege_gru_0722_long45_clip025,45,evaluation-sp9-ego384-raceline0-v0.7,ol0_e384_o391_s0.7,False,ego_collision,True,True,6.8899999999998975,5.174822448852594,-0.040350506522656815,690,6.8899999999998975,True,1,True,689,terminal_collision_flag,6.8899999999998975,6.8899999999998975,0.0,-2.819123226821347,0.05407818338110815,-0.040350506522656815,6.619999999999903,0.26999999999999424,0.13120601359570067,-0.34605722335361466,0.3700954199107154,0.5451331100973368,0.3807507478041013,13.543476954990474,15.934159633955954,2.28879907578166,0.35622257767868326,0.048737523182797615,0.3700954199107154,True,False,True,False,True,False,False,False,False,False,False
G5,ppo_privilege_gru_0722_long_clip015,1,evaluation-sp1-ego42-raceline2-v0.7,ol2_e42_o63_s0.7,True,overtake,False,False,,5.553674572986016,4.748248488226494,802,8.009999999999874,True,1,False,463,closest_approach,4.629999999999946,,,-2.99293232204343,0.1824753290166825,0.1824753290166825,4.469999999999949,0.1599999999999966,-0.24327371715132942,0.374468710399443,0.44655225508874874,0.3773727077798233,0.651619269568218,13.385353071319082,15.535664291980778,2.4788343473685077,0.37050652855429006,0.48730972797859246,0.44655225508874874,False,False,True,True,True,False,False,False,False,False,False
G5,ppo_privilege_gru_0722_long_clip015,1,evaluation-sp12-ego513-raceline0-v0.8,ol0_e513_o523_s0.8,False,ego_collision,True,True,5.9999999999999165,6.023287793066099,0.047117555420499,601,5.9999999999999165,True,1,True,600,terminal_collision_flag,5.9999999999999165,5.9999999999999165,0.0,-2.918793232532323,0.1815918607829019,0.047117555420499,5.489999999999927,0.5099999999999891,-0.03641195929551528,-0.3158352709238193,0.3179272702038323,0.40504174198206006,0.4541989492839668,2.7194302968134028,3.168042835388106,0.34497249556683607,0.20593523227081506,0.42684060950565544,0.3179272702038323,True,False,True,True,True,True,True,False,False,False,False
G5,ppo_privilege_gru_0722_long_clip015,1,evaluation-sp13-ego556-raceline0-v0.8,ol0_e556_o565_s0.8,True,overtake,False,False,,5.154448748863993,0.4409523586091666,802,8.009999999999874,True,1,False,741,closest_approach,7.4099999999998865,,,-3.042886322651867,0.06262092710886691,0.0495510130617447,7.159999999999892,0.24999999999999467,-0.008195139489588568,-0.4211920404929629,0.42127175942125467,0.5067708697053512,0.5160649922149737,10.655956873965424,14.323958332737572,3.3340653420693123,0.1429517743554759,0.4336358041268341,0.42127175942125467,False,False,True,True,True,False,False,False,False,False,False
G5,ppo_privilege_gru_0722_long_clip015,1,evaluation-sp15-ego641-raceline2-v0.7,ol2_e641_o661_s0.7,True,ego_collision,True,True,4.379999999999951,4.682576699058446,0.24756309757535178,439,4.379999999999951,True,1,True,438,terminal_collision_flag,4.379999999999951,4.379999999999951,0.0,-3.120405458589886,0.2562204552159528,0.24756309757535178,4.179999999999955,0.19999999999999574,-0.36747214014361496,0.3055154120273847,0.4778864308263954,0.3151850242075193,0.724989159954332,18.08045801446916,24.590254623284583,5.187036464896856,0.17139829047096394,0.515476814371503,0.45666472419415893,True,False,True,True,True,True,True,True,True,True,False
G5,ppo_privilege_gru_0722_long_clip015,1,evaluation-sp2-ego85-raceline2-v0.8,ol2_e85_o106_s0.8,True,ego_collision,True,True,5.759999999999922,5.524416980647647,0.20746215221331,577,5.759999999999922,True,1,True,576,terminal_collision_flag,5.759999999999922,5.759999999999922,0.0,-2.990392967341876,0.20746215221331,0.20746215221331,5.5799999999999255,0.17999999999999616,-0.1549579031135555,0.34270229451602074,0.37610745060939105,0.3683493322893816,0.5616336868544813,10.617276501204243,14.18524929087249,2.736618581231532,0.32377700142859067,0.5562294887295725,0.37610745060939105,True,False,True,True,True,True,True,True,True,True,False
G5,ppo_privilege_gru_0722_long_clip015,1,evaluation-sp21-ego898-raceline0-v0.7,ol0_e898_o902_s0.7,True,ego_collision,True,True,6.119999999999914,4.96713182456589,0.23482624864152513,613,6.119999999999914,True,1,True,612,terminal_collision_flag,6.119999999999914,6.119999999999914,0.0,-2.9938366206783087,0.30099216512047633,0.23482624864152513,5.679999999999923,0.4399999999999906,-0.052027262707065036,-0.4380052629920976,0.44108439835655777,0.49847731553549035,0.5557258846262825,13.075439838860007,17.560062159438477,3.6487204445542276,0.33880958241812414,0.20248281361335013,0.44108439835655777,True,False,True,True,True,True,True,True,True,True,False
G5,ppo_privilege_gru_0722_long_clip015,1,evaluation-sp30-ego1283-raceline0-v0.7,ol0_e1283_o1279_s0.7,False,overtake,False,False,,5.17867690636905,6.430426981064954,802,8.009999999999874,True,1,False,576,closest_approach,5.759999999999922,,,-2.7444438072821526,-0.0008388783461441562,-0.0008388783461441562,,,0.01927748563718007,-0.8154726969948619,0.815700521635585,0.8721515250609437,0.8592359392663933,1.3351349547115148,1.6479664029441135,0.279123286364437,-0.09513861270327573,-0.12432658587718137,0.815700521635585,False,False,False,False,False,False,False,False,False,False,False
G5,ppo_privilege_gru_0722_long_clip015,1,evaluation-sp37-ego1582-raceline2-v0.7,ol2_e1582_o1611_s0.7,True,overtake,False,False,,6.319276841930674,12.23398565751944,802,8.009999999999874,True,1,False,294,closest_approach,2.9399999999999813,,,-3.0969620622893785,0.2664368942924966,0.2664368942924966,2.849999999999983,0.08999999999999808,-0.274628191543839,0.628971597294379,0.6863132767138356,0.6291594096079748,0.8452279366473333,14.915792232544414,20.456214799022757,4.798365463352536,-0.07316143476826276,-0.1720605147634111,0.6863132767138356,False,False,True,True,False,False,False,False,False,False,False
G5,ppo_privilege_gru_0722_long_clip015,1,evaluation-sp4-ego171-raceline2-v0.8,ol2_e171_o194_s0.8,True,overtake,False,False,,5.4129889413834995,0.7077228532163247,802,8.009999999999874,True,1,False,678,closest_approach,6.7799999999999,,,-2.9674902499793063,0.5631719925608536,0.5631719925608536,6.169999999999913,0.609999999999987,-0.5128511957767549,0.40394160583714334,0.652828591542939,0.4613366193848258,0.8987429351524578,7.583621376945071,9.99505929574957,1.6527919187084181,0.45547430670027034,0.7470758650747543,0.652828591542939,False,False,True,True,True,False,False,False,False,False,False
G5,ppo_privilege_gru_0722_long_clip015,1,evaluation-sp45-ego1924-raceline0-v0.7,ol0_e1924_o1919_s0.7,False,overtake,False,False,,5.129315663809865,4.163352766622353,802,8.009999999999874,True,1,False,656,closest_approach,6.559999999999905,,,-3.036418303031155,0.6574955589774731,0.618845203088938,5.979999999999917,0.5799999999999876,-0.2345177989775011,-0.5415331971600252,0.5901328678048786,0.5443679621879485,0.753907902247059,5.06376164986531,7.381782890533298,1.8102711153402171,0.2056576911319975,0.32204487165587414,0.5901328678048786,False,False,True,True,True,False,False,False,False,False,False
G5,ppo_privilege_gru_0722_long_clip015,1,evaluation-sp5-ego213-raceline0-v0.7,ol0_e213_o221_s0.7,True,ego_collision,True,True,3.3099999999999734,4.799668883414235,0.45126287480630367,332,3.3099999999999734,True,1,True,331,terminal_collision_flag,3.3099999999999734,3.3099999999999734,0.0,-3.1763834205093247,0.45126287480630367,0.45126287480630367,3.049999999999979,0.25999999999999446,-0.41929209936225964,-0.33142675932769805,0.5344619363304284,0.3557529251544677,0.7829041952986211,6.989892454586201,8.61701087714091,1.2426701870764487,0.311499250453965,0.08151095554331822,0.4712178671642637,True,False,True,True,True,True,True,True,True,False,False
G5,ppo_privilege_gru_0722_long_clip015,1,evaluation-sp9-ego384-raceline0-v0.7,ol0_e384_o391_s0.7,False,ego_collision,True,True,7.189999999999891,5.14635723378165,-0.1330606654999258,720,7.189999999999891,True,1,True,719,terminal_collision_flag,7.189999999999891,7.189999999999891,0.0,-2.819123226821347,-0.053597689955608985,-0.1330606654999258,,,0.1868929514616503,-0.32262719170146403,0.3728502113868517,0.5757735596386632,0.3387024775277896,7.5961178189935685,9.105995261343134,1.2971835730501902,0.44013338093998766,0.37417411340404827,0.3728502113868517,True,False,False,False,True,False,False,False,False,False,False
G5,ppo_privilege_gru_0722_long_clip015,5,evaluation-sp1-ego42-raceline2-v0.7,ol2_e42_o63_s0.7,True,overtake,False,False,,5.5281092898566815,4.56026250994293,802,8.009999999999874,True,1,False,476,closest_approach,4.759999999999943,,,-2.99293232204343,-0.2930133314330021,-0.2930133314330021,,,0.18447266365891088,0.5168626761685502,0.5487961275861276,0.7016205060969195,0.5275253972382381,12.673808810508657,14.81013023174702,2.3136454403659505,0.08450401982009592,0.3699685649173128,0.5487961275861276,False,False,False,False,False,False,False,False,False,False,False
G5,ppo_privilege_gru_0722_long_clip015,5,evaluation-sp12-ego513-raceline0-v0.8,ol0_e513_o523_s0.8,False,ego_collision,True,True,7.22999999999989,5.896080855890212,0.39581163208058,724,7.22999999999989,True,1,True,723,terminal_collision_flag,7.22999999999989,7.22999999999989,0.0,-2.918793232532323,0.39581163208058,0.39581163208058,5.549999999999926,1.6799999999999642,-0.3552619682987468,-0.36064413375228865,0.5062363650800271,0.36650145390730077,0.7392071421074824,4.894785309142094,5.879832990352097,0.9693297725222323,0.05384332382406959,-0.04014214838417152,0.3333339399036191,True,False,True,True,False,True,False,False,False,False,False
G5,ppo_privilege_gru_0722_long_clip015,5,evaluation-sp13-ego556-raceline0-v0.8,ol0_e556_o565_s0.8,True,overtake,False,False,,5.131290717364075,0.21301562062890866,802,8.009999999999874,True,1,False,729,closest_approach,7.289999999999889,,,-3.042886322651867,-0.06570637991913486,-0.0965449086476724,,,0.09140758766370186,-0.4608943750843696,0.4698712292393618,0.5982435732307168,0.5018591149136995,11.258453877166678,15.230091497438597,3.138777848646295,0.1174124617846205,0.3398977464243659,0.4698712292393618,False,False,False,False,True,False,False,False,False,False,False
G5,ppo_privilege_gru_0722_long_clip015,5,evaluation-sp15-ego641-raceline2-v0.7,ol2_e641_o661_s0.7,True,ego_collision,True,True,4.40999999999995,4.677764558028691,0.3782400391200724,442,4.40999999999995,True,1,True,441,terminal_collision_flag,4.40999999999995,4.40999999999995,0.0,-3.120405458589886,0.3782400391200724,0.3782400391200724,4.1699999999999555,0.23999999999999488,-0.47851679395868646,0.2952432457701388,0.562269416092843,0.35029581181816666,0.8232779826822922,18.190548403682786,24.94786640952342,5.392016262033223,0.2752821348405747,0.4996487500056455,0.5084051265039627,True,False,True,True,True,True,True,True,True,True,False
G5,ppo_privilege_gru_0722_long_clip015,5,evaluation-sp2-ego85-raceline2-v0.8,ol2_e85_o106_s0.8,True,ego_collision,True,True,5.82999999999992,5.470041974695184,0.05234498889961969,584,5.82999999999992,True,1,True,583,terminal_collision_flag,5.82999999999992,5.82999999999992,0.0,-2.990392967341876,0.05234498889961969,0.05234498889961969,5.759999999999922,0.06999999999999851,0.013437064819746991,0.34159425852056235,0.3418584387801227,0.4569033702662261,0.4395152950350302,10.703355342397913,14.234788282739562,2.737516920447294,0.32410377264191015,0.6041774979630766,0.3418584387801227,True,False,True,False,True,False,False,False,False,False,False
G5,ppo_privilege_gru_0722_long_clip015,5,evaluation-sp21-ego898-raceline0-v0.7,ol0_e898_o902_s0.7,True,ego_collision,True,True,6.1399999999999135,4.9413064686246475,0.146064310192628,615,6.1399999999999135,True,1,True,614,terminal_collision_flag,6.1399999999999135,6.1399999999999135,0.0,-2.9938366206783087,0.19686565414249912,0.146064310192628,5.7199999999999225,0.41999999999999105,0.014343535337825036,-0.42066619107075254,0.42091065716605736,0.5192157854032375,0.502937899566163,13.891122852770179,18.7029496491799,4.005033829210825,0.3296035403538644,0.145506044215707,0.42091065716605736,True,False,True,False,True,False,False,False,False,False,False
G5,ppo_privilege_gru_0722_long_clip015,5,evaluation-sp30-ego1283-raceline0-v0.7,ol0_e1283_o1279_s0.7,False,ego_collision,True,True,7.209999999999891,4.649439114616274,0.7995770507800444,722,7.209999999999891,True,1,True,721,terminal_collision_flag,7.209999999999891,7.209999999999891,0.0,-2.7444438072821526,0.7995770507800444,0.7995770507800444,6.129999999999914,1.079999999999977,-0.22514669054556782,-0.47552981795525157,0.5261365222337036,0.47993182798367,0.7010739765136099,2.393538475874692,2.8593053539964997,2.1255677542521587,0.2214179299297297,0.2446497682516085,0.5261365222337036,True,False,True,True,True,True,True,False,False,False,False
G5,ppo_privilege_gru_0722_long_clip015,5,evaluation-sp37-ego1582-raceline2-v0.7,ol2_e1582_o1611_s0.7,True,overtake,False,False,,6.2412958468245785,11.496487466034125,802,8.009999999999874,True,1,False,307,closest_approach,3.0699999999999785,,,-3.0969620622893785,0.21369021169141433,0.21369021169141433,2.949999999999981,0.11999999999999744,-0.20164144845210907,0.4369846991779747,0.4812638580337501,0.4458282863920888,0.6577742326602288,16.749046603905043,23.07621232825469,5.335415947805496,-0.0020757015916507138,0.3134039315717025,0.4812638580337501,False,False,True,True,False,False,False,False,False,False,False
G5,ppo_privilege_gru_0722_long_clip015,5,evaluation-sp4-ego171-raceline2-v0.8,ol2_e171_o194_s0.8,True,ego_collision,True,True,6.839999999999899,5.245201455036864,0.4272416222190998,685,6.839999999999899,True,1,True,684,terminal_collision_flag,6.839999999999899,6.839999999999899,0.0,-2.9674902499793063,0.4272416222190998,0.4272416222190998,6.30999999999991,0.5299999999999887,-0.37613623115369094,0.34997478001670246,0.5137711660206731,0.36041891871140913,0.7524757970216602,7.447738161294077,9.847494958592732,1.4985375079601368,0.46967733931275313,0.7666837944516846,0.5137711660206731,True,False,True,True,True,True,True,True,True,False,False
G5,ppo_privilege_gru_0722_long_clip015,5,evaluation-sp45-ego1924-raceline0-v0.7,ol0_e1924_o1919_s0.7,False,overtake,False,False,,4.999852483171284,3.3884144969247814,802,8.009999999999874,True,1,False,661,closest_approach,6.6099999999999035,,,-3.036418303031155,0.6820967648776559,0.6820967648776559,6.079999999999915,0.5299999999999887,-0.15449363285849102,-0.49113928778901195,0.5148651110763984,0.5094897207459512,0.6624140620953308,7.714542661305356,9.4495836720652,2.379595966995109,0.20680351311409773,0.1717289273325191,0.5148651110763984,False,False,True,True,True,False,False,False,False,False,False
G5,ppo_privilege_gru_0722_long_clip015,5,evaluation-sp5-ego213-raceline0-v0.7,ol0_e213_o221_s0.7,True,ego_collision,True,True,3.2999999999999736,4.775989828008212,0.3723278425511296,331,3.2999999999999736,True,1,True,330,terminal_collision_flag,3.2999999999999736,3.2999999999999736,0.0,-3.1763834205093247,0.3723278425511296,0.3723278425511296,3.0699999999999785,0.2299999999999951,-0.3382805742242799,-0.33265468096347806,0.4744395469018386,0.3361400758825695,0.7109118206321401,6.98701624729808,8.613010605093727,1.233947430100128,0.2906768542081716,0.03504449535041565,0.4421080802334434,True,False,True,True,True,True,True,True,True,False,False
G5,ppo_privilege_gru_0722_long_clip015,5,evaluation-sp9-ego384-raceline0-v0.7,ol0_e384_o391_s0.7,False,ego_collision,True,True,7.459999999999885,5.1917210244837335,0.13473292110475654,747,7.459999999999885,True,1,True,746,terminal_collision_flag,7.459999999999885,7.459999999999885,0.0,-2.819123226821347,0.13473292110475654,0.13473292110475654,7.0799999999998935,0.3799999999999919,-0.1104139306330462,-0.33263756301912334,0.3504839288885303,0.3780197146207769,0.5205564947018788,4.632127162708684,5.535490615610394,1.1541116570191325,0.45414059720674765,0.5059166651728044,0.3504839288885303,True,False,True,True,True,True,True,True,False,False,False
G5,ppo_privilege_gru_0722_long_clip015,10,evaluation-sp1-ego42-raceline2-v0.7,ol2_e42_o63_s0.7,True,overtake,False,False,,5.4556869982889715,4.0377469909892625,802,8.009999999999874,True,1,False,511,closest_approach,5.1099999999999355,,,-2.99293232204343,-0.7123493996179207,-0.7123493996179207,,,0.5563324081210448,0.6795264131410133,0.8782151755020245,1.0853730654444387,0.7298555321238894,7.672812228291366,9.197874994666549,1.440812395884978,-0.28407330464330355,0.12122840482897523,0.8782151755020245,False,False,False,False,False,False,False,False,False,False,False
G5,ppo_privilege_gru_0722_long_clip015,10,evaluation-sp12-ego513-raceline0-v0.8,ol0_e513_o523_s0.8,False,overtake,False,False,,5.78163948640311,0.983677473108628,802,8.009999999999874,True,1,False,716,closest_approach,7.159999999999892,,,-2.918793232532323,0.29185235341012117,0.29185235341012117,6.9399999999998965,0.2199999999999953,-0.21263790811627448,-0.8094016704926381,0.8368667421784297,0.8130903747166727,0.9527727593040103,1.9751574049966574,2.4736169970797173,0.4483504238345499,0.07026183855034063,0.01052882090817997,0.8368667421784297,False,False,True,True,False,False,False,False,False,False,False
G5,ppo_privilege_gru_0722_long_clip015,10,evaluation-sp13-ego556-raceline0-v0.8,ol0_e556_o565_s0.8,True,overtake,False,False,,5.127503224628211,0.18467658634057216,802,8.009999999999874,True,1,False,728,closest_approach,7.279999999999889,,,-3.042886322651867,-0.06260165116518124,-0.08347434537739673,,,0.07488404427846468,-0.4640651136387682,0.47006813312972184,0.5903361715713948,0.5114990753682281,11.876896857919782,15.949682558335423,3.315664119764658,0.12857869513506776,0.34359079648512086,0.47006813312972184,False,False,False,False,True,False,False,False,False,False,False
G5,ppo_privilege_gru_0722_long_clip015,10,evaluation-sp15-ego641-raceline2-v0.7,ol2_e641_o661_s0.7,True,ego_collision,True,True,4.479999999999949,4.633578897158933,0.36959682166670405,449,4.479999999999949,True,1,True,448,terminal_collision_flag,4.479999999999949,4.479999999999949,0.0,-3.120405458589886,0.36959682166670405,0.36959682166670405,4.249999999999954,0.2299999999999951,-0.41792025615989387,0.3029477626881447,0.5161731176906676,0.32884789622827953,0.7700184647131796,17.647546255429216,24.119448850119397,5.371494716182203,0.29109239334884796,0.46677435768278386,0.47774304433870196,True,False,True,True,True,True,True,True,True,True,False
G5,ppo_privilege_gru_0722_long_clip015,10,evaluation-sp2-ego85-raceline2-v0.8,ol2_e85_o106_s0.8,True,follow,False,False,,5.399911878265386,-0.28015039450176005,802,8.009999999999874,True,1,False,602,closest_approach,6.019999999999916,,,-2.990392967341876,-0.13218402749743063,-0.1532193313979917,,,0.1554204555941301,0.4182403320034709,0.4461843714558596,0.6110027476010692,0.4393593393645628,8.151545457251023,11.143644506250746,1.8032361691269678,0.2634610710831402,0.29470700491938184,0.4461843714558596,False,False,False,False,True,False,False,False,False,False,False
G5,ppo_privilege_gru_0722_long_clip015,10,evaluation-sp21-ego898-raceline0-v0.7,ol0_e898_o902_s0.7,True,overtake,False,False,,5.098485028749486,2.030295073546256,802,8.009999999999874,True,1,False,631,closest_approach,6.30999999999991,,,-2.9938366206783087,0.12070916661971864,0.07932035353030642,5.779999999999921,0.5299999999999887,-0.04060918141840275,-0.3746062224273788,0.37680091228231327,0.4500284460721455,0.4996321173818364,13.13918353376529,17.78334840852502,3.331378486897383,0.3226809941718766,0.29469088671156335,0.37680091228231327,False,False,True,True,True,False,False,False,False,False,False
G5,ppo_privilege_gru_0722_long_clip015,10,evaluation-sp30-ego1283-raceline0-v0.7,ol0_e1283_o1279_s0.7,False,ego_collision,True,True,7.279999999999889,4.639653330998678,1.5957067460763028,729,7.279999999999889,True,1,True,728,terminal_collision_flag,7.279999999999889,7.279999999999889,0.0,-2.7444438072821526,1.5957067460763028,1.5957067460763028,6.199999999999912,1.079999999999977,-0.49607059378503254,-0.37338515108802545,0.6208884803821556,0.4264757445341335,0.8702433277345947,3.145098398654503,6.728670989843676,2.136123516259484,0.23218914432872823,0.29070725944847514,0.6094633730849557,True,False,True,True,True,True,True,True,False,False,False
G5,ppo_privilege_gru_0722_long_clip015,10,evaluation-sp37-ego1582-raceline2-v0.7,ol2_e1582_o1611_s0.7,True,overtake,False,False,,6.165980164422844,10.890388548923227,802,8.009999999999874,True,1,False,315,closest_approach,3.149999999999977,,,-3.0969620622893785,0.1733052851095067,0.1733052851095067,3.0199999999999796,0.12999999999999723,-0.14851275440070558,0.4377749212423842,0.4622801314013614,0.4600712144179972,0.6196291773640661,15.405145749151714,21.299982522479365,5.0221738476690545,0.0017804783407087688,0.1565803973710716,0.4622801314013614,False,False,True,True,False,False,False,False,False,False,False
G5,ppo_privilege_gru_0722_long_clip015,10,evaluation-sp4-ego171-raceline2-v0.8,ol2_e171_o194_s0.8,True,ego_collision,True,True,6.809999999999899,5.238039431314629,0.4122741212561607,682,6.809999999999899,True,1,True,681,terminal_collision_flag,6.809999999999899,6.809999999999899,0.0,-2.9674902499793063,0.4122741212561607,0.4122741212561607,6.31999999999991,0.48999999999998956,-0.36137630345829286,0.34568773510211326,0.5000928342830049,0.35297958424730336,0.7374219273299506,8.277637538566315,10.797314867904626,1.7401962693941202,0.48741075469585315,0.7879348170907643,0.5000928342830049,True,False,True,True,True,True,True,True,True,True,False
G5,ppo_privilege_gru_0722_long_clip015,10,evaluation-sp45-ego1924-raceline0-v0.7,ol0_e1924_o1919_s0.7,False,overtake,False,False,,5.080172113689502,4.018408181290766,802,8.009999999999874,True,1,False,660,closest_approach,6.599999999999904,,,-3.036418303031155,0.7125362087078315,0.7125362087078315,6.159999999999913,0.4399999999999906,-0.14564118800132683,-0.5328901373971047,0.552433936482493,0.5520972424643809,0.6882987310886984,15.553067143158893,19.536884321971723,3.7223165505344276,0.13132305587029303,0.06274512485502381,0.552433936482493,False,False,True,True,True,False,False,False,False,False,False
G5,ppo_privilege_gru_0722_long_clip015,10,evaluation-sp5-ego213-raceline0-v0.7,ol0_e213_o221_s0.7,True,ego_collision,True,True,3.319999999999973,4.742984743147216,0.23342983831796005,333,3.319999999999973,True,1,True,332,terminal_collision_flag,3.319999999999973,3.319999999999973,0.0,-3.1763834205093247,0.23342983831796005,0.23342983831796005,3.1599999999999766,0.1599999999999966,-0.20265364139641276,-0.3272092540698083,0.3848823122983781,0.3386669194211723,0.5914165252426293,6.793842057147302,8.28818070528843,1.223611401987909,0.2824130999676189,-0.00423104894283427,0.38282363555604987,True,False,True,True,True,True,True,True,True,False,False
G5,ppo_privilege_gru_0722_long_clip015,10,evaluation-sp9-ego384-raceline0-v0.7,ol0_e384_o391_s0.7,False,overtake,False,False,,5.3354596298404875,1.2500485793082987,802,8.009999999999874,True,1,False,744,closest_approach,7.439999999999886,,,-2.819123226821347,0.36807978357154525,0.36807978357154525,7.149999999999892,0.2899999999999938,-0.2979224614214212,-0.6497909242226244,0.7148328743290215,0.6498392190358061,0.8762882321735895,2.3550381017598663,2.899160282726487,0.23062600149545134,0.213212731578463,0.21546347711913594,0.7148328743290215,False,False,True,True,True,False,False,False,False,False,False
G5,ppo_privilege_gru_0722_long_clip015,15,evaluation-sp1-ego42-raceline2-v0.7,ol2_e42_o63_s0.7,True,overtake,False,False,,5.510077408123557,4.432327581378075,802,8.009999999999874,True,1,False,483,closest_approach,4.8299999999999415,,,-2.99293232204343,-0.4171742326222443,-0.4171742326222443,,,0.28286572293097006,0.5482693264022522,0.6169378181655261,0.7929529562230047,0.5483157413232608,12.916186980466176,15.06098993037351,2.4640584662155876,-0.009138386100107976,0.3609597707696822,0.6169378181655261,False,False,False,False,False,False,False,False,False,False,False
G5,ppo_privilege_gru_0722_long_clip015,15,evaluation-sp12-ego513-raceline0-v0.8,ol0_e513_o523_s0.8,False,overtake,False,False,,5.847036429423673,1.8267178181821464,802,8.009999999999874,True,1,False,655,closest_approach,6.549999999999905,,,-2.918793232532323,0.1759316414022578,0.1759316414022578,6.28999999999991,0.25999999999999446,-0.1508791673026019,-0.6245089666505417,0.6424764373522611,0.6398172047681625,0.7644513650902607,2.802744885457965,3.4194441973934993,0.3424988028597904,0.10333577901876256,0.01696352553910252,0.6424764373522611,False,False,True,True,True,False,False,False,False,False,False
G5,ppo_privilege_gru_0722_long_clip015,15,evaluation-sp13-ego556-raceline0-v0.8,ol0_e556_o565_s0.8,True,overtake,False,False,,5.399411811486008,2.6331236820406616,802,8.009999999999874,True,1,False,699,closest_approach,6.989999999999895,,,-3.042886322651867,0.42545363625472987,0.41145646203847264,6.519999999999905,0.46999999999999,-0.1877259669093419,-0.5426999967762762,0.5742510993920843,0.5522528989019426,0.7230113318340424,19.649205546290275,25.35175446294639,5.2789156700921565,0.22449795917919868,0.13769763402234003,0.5742510993920843,False,False,True,True,True,False,False,False,False,False,False
G5,ppo_privilege_gru_0722_long_clip015,15,evaluation-sp15-ego641-raceline2-v0.7,ol2_e641_o661_s0.7,True,ego_collision,True,True,4.3599999999999515,4.703560286460044,0.34002897958427525,437,4.3599999999999515,True,1,True,436,terminal_collision_flag,4.3599999999999515,4.3599999999999515,0.0,-3.120405458589886,0.34002897958427525,0.34002897958427525,4.149999999999956,0.20999999999999552,-0.46877874167727435,0.30318052363269365,0.5582758624181445,0.35196628870660884,0.8171068527013723,18.318876424107746,24.9507322760139,5.221887232778564,0.22162609653143983,0.5267124664052854,0.5110885012825703,True,False,True,True,True,True,True,True,True,True,False
G5,ppo_privilege_gru_0722_long_clip015,15,evaluation-sp2-ego85-raceline2-v0.8,ol2_e85_o106_s0.8,True,overtake,False,False,,5.526247214465694,0.7433461593852542,802,8.009999999999874,True,1,False,597,closest_approach,5.969999999999917,,,-2.990392967341876,0.20925489443274614,0.20581547625147323,5.689999999999923,0.27999999999999403,-0.14115058839653372,0.39809859845582707,0.4223813238025345,0.42501604843487023,0.5868333016855563,8.514456664116373,11.648792987264345,1.9701768634266312,0.3392482622353271,0.3432760432006212,0.4223813238025345,False,False,True,True,True,False,False,False,False,False,False
G5,ppo_privilege_gru_0722_long_clip015,15,evaluation-sp21-ego898-raceline0-v0.7,ol0_e898_o902_s0.7,True,overtake,False,False,,5.400660017710411,4.331390467697588,802,8.009999999999874,True,1,False,553,closest_approach,5.5299999999999265,,,-2.9938366206783087,-0.13951239032820695,-0.13951239032820695,,,0.08399893120048835,-0.6931429196316173,0.6982140985960302,0.7876054263237083,0.7231068713419779,4.836741764763476,6.303049947722789,1.7252175784140635,-0.23290725003906743,-0.1047061980090902,0.6982140985960302,False,False,False,False,False,False,False,False,False,False,False
G5,ppo_privilege_gru_0722_long_clip015,15,evaluation-sp30-ego1283-raceline0-v0.7,ol0_e1283_o1279_s0.7,False,overtake,False,False,,5.047886054471614,5.658007348034857,802,8.009999999999874,True,1,False,613,closest_approach,6.129999999999914,,,-2.7444438072821526,-0.09763538246619419,-0.09763538246619419,,,0.0682141919048665,-0.5491843488529218,0.553404576238977,0.6556835031530565,0.5922772945989226,1.911809911535482,2.452727816994164,0.6058032857899094,-0.12513664453812035,-0.12013328067480333,0.553404576238977,False,False,False,False,False,False,False,False,False,False,False
G5,ppo_privilege_gru_0722_long_clip015,15,evaluation-sp37-ego1582-raceline2-v0.7,ol2_e1582_o1611_s0.7,True,ego_collision,True,True,3.289999999999974,4.460335115795758,0.5221938647259208,330,3.289999999999974,True,1,True,329,terminal_collision_flag,3.289999999999974,3.289999999999974,0.0,-3.0969620622893785,0.5221938647259208,0.5221938647259208,2.949999999999981,0.33999999999999275,-0.5392825095319577,0.3068575915375228,0.6204733729752592,0.3953521860857225,0.884234732466346,13.38109019128229,19.27189661721334,3.090946259054296,0.2969712126028533,0.10204601455433837,0.4672410700939018,True,False,True,True,True,True,True,True,True,True,False
G5,ppo_privilege_gru_0722_long_clip015,15,evaluation-sp4-ego171-raceline2-v0.8,ol2_e171_o194_s0.8,True,overtake,False,False,,5.4548039760774145,1.0666031131189868,802,8.009999999999874,True,1,False,662,closest_approach,6.619999999999903,,,-2.9674902499793063,0.5031958326366635,0.5031958326366635,6.219999999999912,0.3999999999999915,-0.4624260021059085,0.4835297233567094,0.669058144553274,0.5133534061167245,0.8943969376146681,9.282680379745551,11.881344126706882,2.3186986956414706,0.4869680169593338,0.6474400533381451,0.669058144553274,False,False,True,True,True,False,False,False,False,False,False
G5,ppo_privilege_gru_0722_long_clip015,15,evaluation-sp45-ego1924-raceline0-v0.7,ol0_e1924_o1919_s0.7,False,ego_collision,True,True,7.159999999999892,4.882907333379919,0.27780238345499697,717,7.159999999999892,True,1,True,716,terminal_collision_flag,7.159999999999892,7.159999999999892,0.0,-3.036418303031155,0.3684495479317036,0.27780238345499697,6.059999999999915,1.0999999999999766,-0.20565765947832024,-0.4621384532898759,0.5058329990335344,0.46977183867685574,0.6776787331831251,5.053280329585599,3.66121950086982,1.6880574015965348,0.08884568555214079,0.15464304304273513,0.5058329990335344,True,False,True,True,False,True,False,False,False,False,False
G5,ppo_privilege_gru_0722_long_clip015,15,evaluation-sp5-ego213-raceline0-v0.7,ol0_e213_o221_s0.7,True,ego_collision,True,True,3.319999999999973,4.7593942767973045,0.25248436330332424,333,3.319999999999973,True,1,True,332,terminal_collision_flag,3.319999999999973,3.319999999999973,0.0,-3.1763834205093247,0.25248436330332424,0.25248436330332424,3.149999999999977,0.16999999999999638,-0.21566634120045514,-0.33090127098543703,0.39497800175018455,0.3391476728068538,0.6043129154360618,7.456250441634394,9.06914704437073,1.3394220289703382,0.27903376750514214,0.034428290575454046,0.39176015427793764,True,False,True,True,True,True,True,True,True,False,False
G5,ppo_privilege_gru_0722_long_clip015,15,evaluation-sp9-ego384-raceline0-v0.7,ol0_e384_o391_s0.7,False,ego_collision,True,True,7.419999999999886,5.179701424013646,0.05687036981484539,743,7.419999999999886,True,1,True,742,terminal_collision_flag,7.419999999999886,7.419999999999886,0.0,-2.819123226821347,0.05687036981484539,0.05687036981484539,7.159999999999892,0.25999999999999446,-0.010084496066870327,-0.3481890797046645,0.3483350862122619,0.44675309127942153,0.45965893878536584,4.544234389923507,5.402609637413469,0.875269624031648,0.44678363089226836,0.484134200681438,0.3483350862122619,True,False,True,True,True,True,True,True,False,False,False
G5,ppo_privilege_gru_0722_long_clip015,20,evaluation-sp1-ego42-raceline2-v0.7,ol2_e42_o63_s0.7,True,overtake,False,False,,5.518035958161794,4.49913572623521,802,8.009999999999874,True,1,False,478,closest_approach,4.7799999999999425,,,-2.99293232204343,-0.24425578810937054,-0.24425578810937054,,,0.12533227604410957,0.46565276870999506,0.4822247198409482,0.623965864876649,0.4939108829739404,15.0980444772304,17.490083648833693,2.926640361402324,0.17029959117740612,0.46592771551703815,0.4822247198409482,False,False,False,False,True,False,False,False,False,False,False
G5,ppo_privilege_gru_0722_long_clip015,20,evaluation-sp12-ego513-raceline0-v0.8,ol0_e513_o523_s0.8,False,overtake,False,False,,5.789851292531464,1.2488070225552121,802,8.009999999999874,True,1,False,697,closest_approach,6.969999999999896,,,-2.918793232532323,0.31673538456317374,0.31673538456317374,6.669999999999902,0.2999999999999936,-0.2679263809621953,-0.6647703145643039,0.7167315513784941,0.6651366895483587,0.8678717749181017,1.5812996441091662,1.9477119159325884,0.2926218949918775,0.08474330441958566,0.07911005490520695,0.7167315513784941,False,False,True,True,False,False,False,False,False,False,False
G5,ppo_privilege_gru_0722_long_clip015,20,evaluation-sp13-ego556-raceline0-v0.8,ol0_e556_o565_s0.8,True,ego_collision,True,True,6.899999999999897,5.375061890071853,0.15871832281754905,691,6.899999999999897,True,1,True,690,terminal_collision_flag,6.899999999999897,6.899999999999897,0.0,-3.042886322651867,0.18580539170730503,0.15871832281754905,6.579999999999904,0.3199999999999932,-0.030293485483728066,-0.47553034033178904,0.4764942810137599,0.541827074128137,0.573338487648773,17.435015343377103,22.923701188463287,4.916379807330198,0.2862095534587355,0.1093297908462057,0.4764942810137599,True,False,True,True,True,True,True,True,True,True,False
G5,ppo_privilege_gru_0722_long_clip015,20,evaluation-sp15-ego641-raceline2-v0.7,ol2_e641_o661_s0.7,True,ego_collision,True,True,4.389999999999951,4.69173913735894,0.36224179516480604,440,4.389999999999951,True,1,True,439,terminal_collision_flag,4.389999999999951,4.389999999999951,0.0,-3.120405458589886,0.36224179516480604,0.36224179516480604,4.159999999999956,0.2299999999999951,-0.4962984693000382,0.2955891968198543,0.5776548657340017,0.360460860166739,0.8400227711795613,18.159828879818136,24.89670817219583,5.30730637699192,0.2685978515114189,0.5096367690761023,0.5157585907985983,True,False,True,True,True,True,True,True,True,True,False
G5,ppo_privilege_gru_0722_long_clip015,20,evaluation-sp2-ego85-raceline2-v0.8,ol2_e85_o106_s0.8,True,ego_collision,True,True,5.969999999999917,5.437846433786862,0.000914844419014571,598,5.969999999999917,True,1,True,597,terminal_collision_flag,5.969999999999917,5.969999999999917,0.0,-2.990392967341876,0.008348000247110576,0.000914844419014571,5.939999999999918,0.02999999999999936,0.01521661829777482,0.317811317551008,0.318175390368155,0.4406372858129884,0.4201308610697605,9.515412371556742,12.735219634463762,2.1408243795203776,0.3345505719211843,0.47982561801724155,0.318175390368155,True,False,True,False,True,False,False,False,False,False,False
G5,ppo_privilege_gru_0722_long_clip015,20,evaluation-sp21-ego898-raceline0-v0.7,ol0_e898_o902_s0.7,True,ego_collision,True,True,6.29999999999991,4.9638344640431535,0.4838892898842744,631,6.29999999999991,True,1,True,630,terminal_collision_flag,6.29999999999991,6.29999999999991,0.0,-2.9938366206783087,0.5062606220388943,0.4838892898842744,5.609999999999925,0.6899999999999853,-0.2774208014727457,-0.3955943169756488,0.4831740521936279,0.3957942645605393,0.6917089196818292,14.067270592588795,19.27518873322668,3.785081139636862,0.3452449483242103,0.16644393536129315,0.4831740521936279,True,False,True,True,True,True,True,True,True,True,False
G5,ppo_privilege_gru_0722_long_clip015,20,evaluation-sp30-ego1283-raceline0-v0.7,ol0_e1283_o1279_s0.7,False,overtake,False,False,,4.568387013070105,1.812177136443438,802,8.009999999999874,True,1,False,641,closest_approach,6.409999999999908,,,-2.7444438072821526,0.19021588057682948,0.1587911929703978,6.099999999999914,0.3099999999999934,-0.10103583898841098,-0.6673770071486784,0.674981711182473,0.6936133820923158,0.7734992547146362,5.563306514923258,6.655341331504704,1.0993687040965008,0.03390242289511458,-0.13226631662832689,0.674981711182473,False,False,True,True,False,False,False,False,False,False,False
G5,ppo_privilege_gru_0722_long_clip015,20,evaluation-sp37-ego1582-raceline2-v0.7,ol2_e1582_o1611_s0.7,True,ego_collision,True,True,3.2699999999999743,4.445364729479324,0.5041775788006362,328,3.2699999999999743,True,1,True,327,terminal_collision_flag,3.2699999999999743,3.2699999999999743,0.0,-3.0969620622893785,0.5041775788006362,0.5041775788006362,2.9399999999999813,0.32999999999999297,-0.5099453692183317,0.3061569219008282,0.5947910056608207,0.37697218235352337,0.8565305917255044,15.089759264892997,21.566678329351806,3.9305484231954186,0.3206414903866299,0.1748722545874246,0.472369277234079,True,False,True,True,True,True,True,True,True,True,False
G5,ppo_privilege_gru_0722_long_clip015,20,evaluation-sp4-ego171-raceline2-v0.8,ol2_e171_o194_s0.8,True,overtake,False,False,,5.438891553539435,0.9967177830676803,802,8.009999999999874,True,1,False,673,closest_approach,6.729999999999901,,,-2.9674902499793063,0.5344007779486901,0.5344007779486901,6.219999999999912,0.5099999999999891,-0.48496861003633795,0.4325194431957373,0.6498212226935408,0.4744321106774417,0.8874961494474239,8.564841008190726,11.036491516533395,2.14895966447359,0.48820940474021424,0.7281204202707665,0.6498212226935408,False,False,True,True,True,False,False,False,False,False,False
G5,ppo_privilege_gru_0722_long_clip015,20,evaluation-sp45-ego1924-raceline0-v0.7,ol0_e1924_o1919_s0.7,False,ego_collision,True,True,7.129999999999892,4.914443173070052,0.4406334864144128,714,7.129999999999892,True,1,True,713,terminal_collision_flag,7.129999999999892,7.129999999999892,0.0,-3.036418303031155,0.534610437004801,0.4406334864144128,6.009999999999916,1.1199999999999761,-0.361582966645807,-0.46244939399130147,0.5870278390087685,0.4679567962074455,0.799011767388862,3.6066949493424807,4.285953342555958,1.4473854807208173,0.04361247959761927,0.16029295305751734,0.5081296745080263,True,False,True,True,False,True,False,False,False,False,False
G5,ppo_privilege_gru_0722_long_clip015,20,evaluation-sp5-ego213-raceline0-v0.7,ol0_e213_o221_s0.7,True,ego_collision,True,True,3.329999999999973,4.7680793043388965,0.2871413107079661,334,3.329999999999973,True,1,True,333,terminal_collision_flag,3.329999999999973,3.329999999999973,0.0,-3.1763834205093247,0.2871413107079661,0.2871413107079661,3.1299999999999772,0.19999999999999574,-0.24879343511990853,-0.33059068394334723,0.41374916757486563,0.3331488875853367,0.6321301812431053,7.162549748363794,8.76329678409728,1.2939603797720443,0.29087327996920875,0.05141609734027702,0.4073432237403931,True,False,True,True,True,True,True,True,True,False,False
G5,ppo_privilege_gru_0722_long_clip015,20,evaluation-sp9-ego384-raceline0-v0.7,ol0_e384_o391_s0.7,False,ego_collision,True,True,7.2199999999998905,5.134970001272173,-0.22954175502280805,723,7.2199999999998905,True,1,True,722,terminal_collision_flag,7.2199999999998905,7.2199999999998905,0.0,-2.819123226821347,-0.13654798630105347,-0.22954175502280805,,,0.25921084936913197,-0.310634390658803,0.4045787798323494,0.630972488881036,0.31215652557096435,7.983062817050563,9.567725254789098,1.3689110853519295,0.4299458944413736,0.3936178585578273,0.4045787798323494,True,False,False,False,True,False,False,False,False,False,False
G5,ppo_privilege_gru_0722_long_clip015,25,evaluation-sp1-ego42-raceline2-v0.7,ol2_e42_o63_s0.7,True,overtake,False,False,,5.5304540634640125,4.585204109074198,802,8.009999999999874,True,1,False,476,closest_approach,4.759999999999943,,,-2.99293232204343,-0.30731565925393056,-0.30731565925393056,,,0.193888682595421,0.5335507111735076,0.5676875748440718,0.7202948136268147,0.5421381251369428,12.79242372525217,14.977416043705754,2.3640627981593156,0.05931635473876273,0.34012898568356253,0.5676875748440718,False,False,False,False,False,False,False,False,False,False,False
G5,ppo_privilege_gru_0722_long_clip015,25,evaluation-sp12-ego513-raceline0-v0.8,ol0_e513_o523_s0.8,False,overtake,False,False,,5.7733238872680115,0.9108389563218395,802,8.009999999999874,True,1,False,727,closest_approach,7.269999999999889,,,-2.918793232532323,0.343904882677208,0.343904882677208,6.979999999999896,0.2899999999999938,-0.22105320004331902,-0.7833255135539354,0.8139185324305672,0.7863539415611798,0.9352936616159939,3.653610628794339,4.4962759101736625,0.8770688960168203,0.11115282841974916,0.05059144191164411,0.8139185324305672,False,False,True,True,True,False,False,False,False,False,False
G5,ppo_privilege_gru_0722_long_clip015,25,evaluation-sp13-ego556-raceline0-v0.8,ol0_e556_o565_s0.8,True,ego_collision,True,True,6.8899999999998975,5.371151029635785,0.0812313286077142,690,6.8899999999998975,True,1,True,689,terminal_collision_flag,6.8899999999998975,6.8899999999998975,0.0,-3.042886322651867,0.11300185707619903,0.0812313286077142,6.599999999999904,0.2899999999999938,-0.041789766935462574,-0.4648094062684831,0.4666842281202355,0.5269308341268442,0.571079883727967,12.02723375023279,16.380023511904337,3.933133371375343,0.32001141675717193,0.1300485778984357,0.4666842281202355,True,False,True,True,True,True,True,True,True,True,False
G5,ppo_privilege_gru_0722_long_clip015,25,evaluation-sp15-ego641-raceline2-v0.7,ol2_e641_o661_s0.7,True,ego_collision,True,True,4.459999999999949,4.6688475253915085,0.4501004024931774,447,4.459999999999949,True,1,True,446,terminal_collision_flag,4.459999999999949,4.459999999999949,0.0,-3.120405458589886,0.4501004024931774,0.4501004024931774,4.1699999999999555,0.2899999999999938,-0.5662953897519867,0.2896080013873199,0.6360528774574581,0.4002648334112805,0.9039439080927891,17.886134481415258,24.532994891869954,5.438401614831819,0.3488574512512682,0.49439155415707836,0.5491860948159621,True,False,True,True,True,True,True,True,True,True,False
G5,ppo_privilege_gru_0722_long_clip015,25,evaluation-sp2-ego85-raceline2-v0.8,ol2_e85_o106_s0.8,True,follow,False,False,,5.3858287480260065,-0.355408041640942,802,8.009999999999874,True,1,False,604,closest_approach,6.039999999999916,,,-2.990392967341876,-0.11842695839467865,-0.15174064697649214,,,0.15215593603621183,0.45387431098104775,0.4786996125333471,0.6336432450050892,0.47434468073182157,7.973817118686461,10.944382916028989,1.8862817117784616,0.22584414205360365,0.20725628350040465,0.4786996125333471,False,False,False,False,True,False,False,False,False,False,False
G5,ppo_privilege_gru_0722_long_clip015,25,evaluation-sp21-ego898-raceline0-v0.7,ol0_e898_o902_s0.7,True,ego_collision,True,True,6.079999999999915,4.98528384352453,0.33126882040650685,609,6.079999999999915,True,1,True,608,terminal_collision_flag,6.079999999999915,6.079999999999915,0.0,-2.9938366206783087,0.41330188600534257,0.33126882040650685,5.629999999999924,0.4499999999999904,-0.08809443452769086,-0.4603190077085211,0.4686728264498712,0.5026524109426418,0.5956920263681325,14.248514887922454,18.972670182188242,3.770208559325981,0.31202362962600905,0.12346327231468801,0.4686728264498712,True,False,True,True,True,True,True,True,True,True,False
G5,ppo_privilege_gru_0722_long_clip015,25,evaluation-sp30-ego1283-raceline0-v0.7,ol0_e1283_o1279_s0.7,False,overtake,False,False,,4.772154909215898,3.4884727025258258,802,8.009999999999874,True,1,False,687,closest_approach,6.869999999999898,,,-2.7444438072821526,0.6467182307674761,0.6467182307674761,6.1399999999999135,0.7299999999999844,-0.22478087876647063,-0.6892573340591146,0.7249842177684317,0.692336050143824,0.860276133400118,4.102199397550829,7.217167815918916,2.390779313139928,0.05328907972883312,0.10808784765051382,0.7249842177684317,False,False,True,True,False,False,False,False,False,False,False
G5,ppo_privilege_gru_0722_long_clip015,25,evaluation-sp37-ego1582-raceline2-v0.7,ol2_e1582_o1611_s0.7,True,ego_collision,True,True,3.2699999999999743,4.4448954226878925,0.5092583315634442,328,3.2699999999999743,True,1,True,327,terminal_collision_flag,3.2699999999999743,3.2699999999999743,0.0,-3.0969620622893785,0.5092583315634442,0.5092583315634442,2.949999999999981,0.3199999999999932,-0.5128218372985424,0.31037359938179176,0.599431403918298,0.38207504808650755,0.8607291523101888,14.698215492906073,20.975832526617417,3.6665249473350485,0.3114308257611169,0.19153505413329897,0.4695864669204188,True,False,True,True,True,True,True,True,True,True,False
G5,ppo_privilege_gru_0722_long_clip015,25,evaluation-sp4-ego171-raceline2-v0.8,ol2_e171_o194_s0.8,True,ego_collision,True,True,6.899999999999897,5.24812560266139,0.4634243277799044,691,6.899999999999897,True,1,True,690,terminal_collision_flag,6.899999999999897,6.899999999999897,0.0,-2.9674902499793063,0.4634243277799044,0.4634243277799044,6.30999999999991,0.5899999999999874,-0.44122756075216163,0.3256179656021884,0.5483692368196911,0.35902205315823804,0.8004503764297098,6.384189972396488,8.487346458020276,1.2718710483424904,0.4370197722136509,0.7696917527070919,0.5456380187493157,True,False,True,True,True,True,True,True,True,False,False
G5,ppo_privilege_gru_0722_long_clip015,25,evaluation-sp45-ego1924-raceline0-v0.7,ol0_e1924_o1919_s0.7,False,overtake,False,False,,4.739578683439423,1.177691720039121,802,8.009999999999874,True,1,False,673,closest_approach,6.729999999999901,,,-3.036418303031155,0.4344834099165382,0.4344834099165382,5.989999999999917,0.7399999999999842,-0.11534334704106153,-0.49535222114193955,0.5086038838790831,0.5252416295506974,0.6400601940292049,3.478768825691894,6.11962794779863,2.0316967025391266,0.09650603730097496,0.17641129313286974,0.5086038838790831,False,False,True,True,False,False,False,False,False,False,False
G5,ppo_privilege_gru_0722_long_clip015,25,evaluation-sp5-ego213-raceline0-v0.7,ol0_e213_o221_s0.7,True,ego_collision,True,True,3.319999999999973,4.766333590348681,0.31059663963873163,333,3.319999999999973,True,1,True,332,terminal_collision_flag,3.319999999999973,3.319999999999973,0.0,-3.1763834205093247,0.31059663963873163,0.31059663963873163,3.1099999999999777,0.20999999999999552,-0.27617068777008846,-0.32970145493124275,0.43008522198185556,0.32999136240291305,0.6551734862414942,7.28965245830694,8.911585810071134,1.3131461844431693,0.2930402850192028,0.058365513155252235,0.4185837279805551,True,False,True,True,True,True,True,True,True,False,False
G5,ppo_privilege_gru_0722_long_clip015,25,evaluation-sp9-ego384-raceline0-v0.7,ol0_e384_o391_s0.7,False,overtake,False,False,,5.356396100117026,1.4886602270477454,802,8.009999999999874,True,1,False,732,closest_approach,7.319999999999888,,,-2.819123226821347,0.29249480699499486,0.29249480699499486,7.099999999999893,0.2199999999999953,-0.22537687348670415,-0.6920635688005223,0.7278370135982075,0.695074191537327,0.8628819762782426,3.1635072935914113,3.9296451214737855,0.21803843597196357,0.14077909812954426,0.11278932108409712,0.7278370135982075,False,False,True,True,True,False,False,False,False,False,False
G5,ppo_privilege_gru_0722_long_clip015,30,evaluation-sp1-ego42-raceline2-v0.7,ol2_e42_o63_s0.7,True,overtake,False,False,,5.46733922854572,4.10689432576774,802,8.009999999999874,True,1,False,488,closest_approach,4.87999999999994,,,-2.99293232204343,-0.5112130622229927,-0.5112130622229927,,,0.38450708449056625,0.5964970564549523,0.7096861534388691,0.9004268684281842,0.603937353852475,9.773557711067955,11.63487559510957,2.0702343945166386,-0.10551736967221714,0.30790084625330416,0.7096861534388691,False,False,False,False,False,False,False,False,False,False,False
G5,ppo_privilege_gru_0722_long_clip015,30,evaluation-sp12-ego513-raceline0-v0.8,ol0_e513_o523_s0.8,False,overtake,False,False,,5.763743078547411,0.8537777727090656,802,8.009999999999874,True,1,False,742,closest_approach,7.419999999999886,,,-2.918793232532323,0.3779394978935784,0.3779394978935784,7.089999999999893,0.32999999999999297,-0.2177633587191361,-0.7893117293669629,0.8188002726653826,0.7926103320420482,0.938528973753077,4.0936492912034455,5.112952403203961,0.939706751675049,0.116328076949889,0.07345537574033911,0.8188002726653826,False,False,True,True,True,False,False,False,False,False,False
G5,ppo_privilege_gru_0722_long_clip015,30,evaluation-sp13-ego556-raceline0-v0.8,ol0_e556_o565_s0.8,True,follow,False,False,,5.103221603813859,-0.04457774691113059,802,8.009999999999874,True,1,False,707,closest_approach,7.069999999999894,,,-3.042886322651867,-0.1618946793940097,-0.1618946793940097,,,0.03973019561049043,-0.5006244390700023,0.5021984841050421,0.5994554452930483,0.5596961711351238,11.215403900558211,15.061158245723272,3.3809526474106564,0.24881952346052316,0.1549603666045436,0.5021984841050421,False,False,False,False,True,False,False,False,False,False,False
G5,ppo_privilege_gru_0722_long_clip015,30,evaluation-sp15-ego641-raceline2-v0.7,ol2_e641_o661_s0.7,True,ego_collision,True,True,4.689999999999944,4.594788314005454,0.4543561083374925,470,4.689999999999944,True,1,True,469,terminal_collision_flag,4.689999999999944,4.689999999999944,0.0,-3.120405458589886,0.4543561083374925,0.4543561083374925,4.329999999999952,0.3599999999999923,-0.4914333144084993,0.2990072615212792,0.57524955015452,0.36052839360589617,0.8366859430574337,15.708850739827218,21.805233837486227,4.583756233028611,0.38016253788002896,0.09490432598915766,0.46097702627254306,True,False,True,True,True,True,True,True,True,True,False
G5,ppo_privilege_gru_0722_long_clip015,30,evaluation-sp2-ego85-raceline2-v0.8,ol2_e85_o106_s0.8,True,overtake,False,False,,5.5107862337309,0.23492230068498543,802,8.009999999999874,True,1,False,597,closest_approach,5.969999999999917,,,-2.990392967341876,-0.3504504774661541,-0.37127828165918686,,,0.32274821936857606,0.43849881820766295,0.5444700420363856,0.7534862931128061,0.4397199784423371,9.171550005282837,12.38952210494371,2.4062151041860402,0.12396613334196832,0.30407912131526876,0.5444700420363856,False,False,False,False,True,False,False,False,False,False,False
G5,ppo_privilege_gru_0722_long_clip015,30,evaluation-sp21-ego898-raceline0-v0.7,ol0_e898_o902_s0.7,True,ego_collision,True,True,6.159999999999913,4.9352923546912,0.10241216908150363,617,6.159999999999913,True,1,True,616,terminal_collision_flag,6.159999999999913,6.159999999999913,0.0,-2.9938366206783087,0.1872121657420962,0.10241216908150363,5.7199999999999225,0.4399999999999906,-0.008786257481467358,-0.4030275492506378,0.40312331088080966,0.49143908517358975,0.5017015378835877,12.827923537842734,17.43017979985241,3.759217899230718,0.35317152186437306,0.21520288767467244,0.40312331088080966,True,False,True,True,True,True,True,True,True,True,False
G5,ppo_privilege_gru_0722_long_clip015,30,evaluation-sp30-ego1283-raceline0-v0.7,ol0_e1283_o1279_s0.7,False,overtake,False,False,,4.898267512256818,4.500862529265532,802,8.009999999999874,True,1,False,672,closest_approach,6.719999999999901,,,-2.7444438072821526,0.5513793938020513,0.5513793938020513,6.179999999999913,0.5399999999999885,-0.19719438257929817,-0.7190894799822461,0.745637515648165,0.7250534896447123,0.8685896883097108,6.614740816354635,10.324504355162178,2.677128076330448,0.056078964293453715,0.0804467604675475,0.745637515648165,False,False,True,True,False,False,False,False,False,False,False
G5,ppo_privilege_gru_0722_long_clip015,30,evaluation-sp37-ego1582-raceline2-v0.7,ol2_e1582_o1611_s0.7,True,overtake,False,False,,6.178398629340071,11.022718404133343,802,8.009999999999874,True,1,False,313,closest_approach,3.1299999999999772,,,-3.0969620622893785,0.1677860716503119,0.1677860716503119,3.00999999999998,0.11999999999999744,-0.16150686959209465,0.4483009872647079,0.4765062896835147,0.46635207702393133,0.6362642756523146,15.569160621758147,21.366371175145687,4.921824323950344,0.00876049324102085,0.17530212909415566,0.4765062896835147,False,False,True,True,False,False,False,False,False,False,False
G5,ppo_privilege_gru_0722_long_clip015,30,evaluation-sp4-ego171-raceline2-v0.8,ol2_e171_o194_s0.8,True,ego_collision,True,True,6.839999999999899,5.248042244506645,0.4812928100236604,685,6.839999999999899,True,1,True,684,terminal_collision_flag,6.839999999999899,6.839999999999899,0.0,-2.9674902499793063,0.4812928100236604,0.4812928100236604,6.29999999999991,0.5399999999999885,-0.44306471926779367,0.3375414703262134,0.5569924502628657,0.37062521834666146,0.8070428283710545,7.2352723754943415,9.582271165546254,1.4668219762832682,0.45121656870532,0.7633236260797762,0.5567504866246554,True,False,True,True,True,True,True,True,True,False,False
G5,ppo_privilege_gru_0722_long_clip015,30,evaluation-sp45-ego1924-raceline0-v0.7,ol0_e1924_o1919_s0.7,False,ego_collision,True,True,6.659999999999902,5.193447288053586,0.9357679079586205,667,6.659999999999902,True,1,True,666,terminal_collision_flag,6.659999999999902,6.659999999999902,0.0,-3.036418303031155,0.9357679079586205,0.9357679079586205,6.039999999999916,0.6199999999999868,-0.27875037759589866,-0.4421439785562804,0.5226787452952651,0.44228706942189866,0.7203945375896834,8.799081609600725,10.756220486720672,2.3137929858327904,0.2349637255583812,0.23049826025987352,0.49118930002707417,True,False,True,True,True,True,True,True,True,True,False
G5,ppo_privilege_gru_0722_long_clip015,30,evaluation-sp5-ego213-raceline0-v0.7,ol0_e213_o221_s0.7,True,ego_collision,True,True,3.3599999999999723,4.7471435672884645,0.21609906819142566,337,3.3599999999999723,True,1,True,336,terminal_collision_flag,3.3599999999999723,3.3599999999999723,0.0,-3.1763834205093247,0.21609906819142566,0.21609906819142566,3.1999999999999758,0.1599999999999966,-0.17871319632451727,-0.32704386566131327,0.37268766629339983,0.34545975559969433,0.5715328078732144,7.299601973460187,8.887891826516688,1.3231827061444095,0.28332749122302214,0.06506353882903415,0.372157918736599,True,False,True,True,True,True,True,True,True,False,False
G5,ppo_privilege_gru_0722_long_clip015,30,evaluation-sp9-ego384-raceline0-v0.7,ol0_e384_o391_s0.7,False,overtake,False,False,,5.3101528036719055,1.0485839310533436,802,8.009999999999874,True,1,False,749,closest_approach,7.489999999999885,,,-2.819123226821347,0.16752580161383435,0.16752580161383435,7.389999999999887,0.09999999999999787,-0.14068593385054123,-0.7555281313828401,0.7685149896353649,0.7701411868358496,0.869662653520064,2.2730536524763374,2.7889429632533957,0.26712781696676696,0.13788604814812433,0.171250351482108,0.7685149896353649,False,False,True,True,True,False,False,False,False,False,False
G5,ppo_privilege_gru_0722_long_clip020,1,evaluation-sp1-ego42-raceline2-v0.7,ol2_e42_o63_s0.7,True,overtake,False,False,,5.485823677366473,4.2618482026558695,802,8.009999999999874,True,1,False,489,closest_approach,4.88999999999994,,,-2.99293232204343,-0.5094181140798355,-0.5094181140798355,,,0.38756510033328856,0.5764027209269641,0.6945839068740073,0.8895698746482297,0.5846016126346663,9.808835357254862,11.635111768631235,1.8446889485722056,-0.06985915736053039,0.3282217310625922,0.6945839068740073,False,False,False,False,False,False,False,False,False,False,False
G5,ppo_privilege_gru_0722_long_clip020,1,evaluation-sp12-ego513-raceline0-v0.8,ol0_e513_o523_s0.8,False,ego_collision,True,True,7.009999999999895,5.945408850752565,0.3305591131698691,702,7.009999999999895,True,1,True,701,terminal_collision_flag,7.009999999999895,7.009999999999895,0.0,-2.918793232532323,0.3305591131698691,0.3305591131698691,5.649999999999924,1.359999999999971,-0.2665147541248708,-0.37155686522036174,0.45725771536259774,0.37229834926601185,0.6691510858177302,4.809125335119354,5.645731404110688,0.9754107880135651,-0.011998759263221692,-0.020499175225579536,0.33769157252330334,True,False,True,True,False,True,False,False,False,False,False
G5,ppo_privilege_gru_0722_long_clip020,1,evaluation-sp13-ego556-raceline0-v0.8,ol0_e556_o565_s0.8,True,follow,False,False,,5.087996047766841,-0.18154572770714594,802,8.009999999999874,True,1,False,702,closest_approach,7.019999999999895,,,-3.042886322651867,-0.3087019291847639,-0.3087019291847639,,,0.12931561157769497,-0.5193424658495651,0.5352000786924643,0.6674894598025373,0.5436322925630493,11.485308248738683,15.414823986147182,3.7806704777494198,0.28842838969726525,0.11435195950678811,0.5352000786924643,False,False,False,False,True,False,False,False,False,False,False
G5,ppo_privilege_gru_0722_long_clip020,1,evaluation-sp15-ego641-raceline2-v0.7,ol2_e641_o661_s0.7,True,ego_collision,True,True,4.379999999999951,4.672569313475294,0.22980634495152685,439,4.379999999999951,True,1,True,438,terminal_collision_flag,4.379999999999951,4.379999999999951,0.0,-3.120405458589886,0.23246912132816533,0.22980634495152685,4.199999999999955,0.17999999999999616,-0.3370560320943173,0.30576089102260356,0.4550785550320976,0.3093606190765041,0.6976309840200662,18.350715815726,24.946314011494124,5.154242067456959,0.17251369832069008,0.5320385455249355,0.4421169259993468,True,False,True,True,True,True,True,True,True,True,False
G5,ppo_privilege_gru_0722_long_clip020,1,evaluation-sp2-ego85-raceline2-v0.8,ol2_e85_o106_s0.8,True,ego_collision,True,True,5.9999999999999165,5.425463967507955,-0.06894706314832888,601,5.9999999999999165,True,1,True,600,terminal_collision_flag,5.9999999999999165,5.9999999999999165,0.0,-2.990392967341876,-0.039158325923466464,-0.06894706314832888,,,0.05919800571109232,0.32731399332002437,0.3326241935026246,0.47861644081216537,0.4005046950921274,8.434214937467658,11.452038685223044,1.848219068109817,0.32829701735961986,0.397271530985208,0.3326241935026246,True,False,False,False,True,False,False,False,False,False,False
G5,ppo_privilege_gru_0722_long_clip020,1,evaluation-sp21-ego898-raceline0-v0.7,ol0_e898_o902_s0.7,True,ego_collision,True,True,6.099999999999914,4.964155568399277,0.18888621683856854,611,6.099999999999914,True,1,True,610,terminal_collision_flag,6.099999999999914,6.099999999999914,0.0,-2.9938366206783087,0.27441527991339854,0.18888621683856854,5.689999999999923,0.40999999999999126,-0.014307271902014418,-0.4417770538346252,0.4420086688336321,0.5207431666579132,0.5364418710608334,13.618443288597419,18.26528847241471,3.6568489017607035,0.34338898227550774,0.15780002429964557,0.4420086688336321,True,False,True,True,True,True,True,True,True,True,False
G5,ppo_privilege_gru_0722_long_clip020,1,evaluation-sp30-ego1283-raceline0-v0.7,ol0_e1283_o1279_s0.7,False,follow,False,False,,4.362024064710359,-0.09499627987497661,802,8.009999999999874,True,1,False,780,closest_approach,7.799999999999878,,,-2.7444438072821526,0.3936624029288964,-0.06117261495518278,6.119999999999914,1.6799999999999642,-0.06552105183822927,-0.3710542955423502,0.376794769701515,0.43367278956402683,0.5138837500258114,2.0641165553994907,1.9541986721913926,1.5070693233974775,0.10533253767086664,0.2748692179488856,0.376794769701515,False,False,True,True,True,False,False,False,False,False,False
G5,ppo_privilege_gru_0722_long_clip020,1,evaluation-sp37-ego1582-raceline2-v0.7,ol2_e1582_o1611_s0.7,True,ego_collision,True,True,3.3599999999999723,4.4479112995206025,0.5623754913997345,337,3.3599999999999723,True,1,True,336,terminal_collision_flag,3.3599999999999723,3.3599999999999723,0.0,-3.0969620622893785,0.5623754913997345,0.5623754913997345,2.959999999999981,0.3999999999999915,-0.5550717962938965,0.3139348114349568,0.6376988041949231,0.4108748264632123,0.9014995322916672,10.127408988887513,14.53747085727295,2.0512930805330267,0.27073576344240696,0.03102526642235398,0.4732452208375246,True,False,True,True,True,True,True,True,True,True,False
G5,ppo_privilege_gru_0722_long_clip020,1,evaluation-sp4-ego171-raceline2-v0.8,ol2_e171_o194_s0.8,True,ego_collision,True,True,6.859999999999898,5.261796990494759,0.5513070693013731,687,6.859999999999898,True,1,True,686,terminal_collision_flag,6.859999999999898,6.859999999999898,0.0,-2.9674902499793063,0.5513070693013731,0.5513070693013731,6.219999999999912,0.6399999999999864,-0.5088530400076935,0.3405612056112963,0.6123016830717444,0.40481920395162674,0.8684170163561704,7.040808815872181,9.296611240670833,1.3092811262599038,0.4556692765085394,0.8070917167478235,0.6102258267458125,True,False,True,True,True,True,True,True,True,False,False
G5,ppo_privilege_gru_0722_long_clip020,1,evaluation-sp45-ego1924-raceline0-v0.7,ol0_e1924_o1919_s0.7,False,overtake,False,False,,5.25869532545315,5.297442087133646,802,8.009999999999874,True,1,False,608,closest_approach,6.079999999999915,,,-3.036418303031155,-0.07870581414846356,-0.07870581414846356,,,0.05217568243321957,-0.5751524593923892,0.577514201888132,0.6692417718536056,0.6223831276402171,3.5700731034248094,4.433287136237253,0.8607555204152401,-0.10997541274543643,-0.00808652084376782,0.577514201888132,False,False,False,False,False,False,False,False,False,False,False
G5,ppo_privilege_gru_0722_long_clip020,1,evaluation-sp5-ego213-raceline0-v0.7,ol0_e213_o221_s0.7,True,ego_collision,True,True,3.2999999999999736,4.763762633889812,0.3428448367544945,331,3.2999999999999736,True,1,True,330,terminal_collision_flag,3.2999999999999736,3.2999999999999736,0.0,-3.1763834205093247,0.3428448367544945,0.3428448367544945,3.089999999999978,0.20999999999999552,-0.30769532677044586,-0.32989807958961537,0.4511198920833437,0.330372316495237,0.6826949879412814,6.601506938134981,8.069316075205768,1.1945599148946673,0.31196406284006384,0.040133808003781524,0.4293662151848918,True,False,True,True,True,True,True,True,True,False,False
G5,ppo_privilege_gru_0722_long_clip020,1,evaluation-sp9-ego384-raceline0-v0.7,ol0_e384_o391_s0.7,False,overtake,False,False,,5.354344774072898,1.4342107589817203,802,8.009999999999874,True,1,False,739,closest_approach,7.389999999999887,,,-2.819123226821347,0.34830412648310016,0.34830412648310016,7.139999999999892,0.24999999999999467,-0.2680686606840608,-0.7139736026226402,0.7626395689202716,0.7143103589380058,0.9062002732727755,2.4406417343369644,3.020433869028882,0.22202511803621347,0.15141673368421738,0.13636368972952673,0.7626395689202716,False,False,True,True,True,False,False,False,False,False,False
G5,ppo_privilege_gru_0722_long_clip020,5,evaluation-sp1-ego42-raceline2-v0.7,ol2_e42_o63_s0.7,True,overtake,False,False,,5.551217537156366,4.713185178127588,802,8.009999999999874,True,1,False,480,closest_approach,4.799999999999942,,,-2.99293232204343,-0.37514545606370575,-0.37514545606370575,,,0.2643527001636839,0.5381633830897471,0.5995850039672711,0.7726103436256656,0.5387741742952197,11.339020088406647,13.319031190153707,2.155621876404991,0.0017804239172792835,0.35738249540754097,0.5995850039672711,False,False,False,False,False,False,False,False,False,False,False
G5,ppo_privilege_gru_0722_long_clip020,5,evaluation-sp12-ego513-raceline0-v0.8,ol0_e513_o523_s0.8,False,ego_collision,True,True,5.879999999999919,6.0837313041209065,0.3628404968313248,589,5.879999999999919,True,1,True,588,terminal_collision_flag,5.879999999999919,5.879999999999919,0.0,-2.918793232532323,0.3628404968313248,0.3628404968313248,5.37999999999993,0.49999999999998934,-0.3414333869712481,-0.3219589941278619,0.4692913291746212,0.32604138877626987,0.7087776210362503,4.5682541305785,5.283038230362263,0.6431177797863045,0.1927003782300959,0.3260354941834165,0.434195106366536,True,False,True,True,True,True,True,True,False,False,False
G5,ppo_privilege_gru_0722_long_clip020,5,evaluation-sp13-ego556-raceline0-v0.8,ol0_e556_o565_s0.8,True,ego_collision,True,True,7.169999999999892,5.269175879508677,0.10179111363225957,718,7.169999999999892,True,1,True,717,terminal_collision_flag,7.169999999999892,7.169999999999892,0.0,-3.042886322651867,0.10179111363225957,0.10179111363225957,7.0299999999998946,0.13999999999999702,0.006678459667002909,-0.43902826323817856,0.4390790563730581,0.5298716111968227,0.5225102019469031,13.657980758497427,18.386861097982667,4.204274777935649,0.2476068013926831,0.29537481979848357,0.4390790563730581,True,False,True,False,True,False,False,False,False,False,False
G5,ppo_privilege_gru_0722_long_clip020,5,evaluation-sp15-ego641-raceline2-v0.7,ol2_e641_o661_s0.7,True,ego_collision,True,True,4.339999999999952,4.712234583235159,0.31110863449981707,435,4.339999999999952,True,1,True,434,terminal_collision_flag,4.339999999999952,4.339999999999952,0.0,-3.120405458589886,0.31110863449981707,0.31110863449981707,4.159999999999956,0.17999999999999616,-0.41416746573420615,0.2995294977094995,0.5111287603635701,0.3242460170070873,0.7652252869558346,18.706213857947724,25.231696628047082,5.2278376483788,0.15496426837653804,0.5717665026975685,0.4777347261867212,True,False,True,True,True,True,True,True,True,True,False
G5,ppo_privilege_gru_0722_long_clip020,5,evaluation-sp2-ego85-raceline2-v0.8,ol2_e85_o106_s0.8,True,overtake,False,False,,5.460690730076361,0.26452693282323025,802,8.009999999999874,True,1,False,596,closest_approach,5.959999999999917,,,-2.990392967341876,0.1448897082147198,0.12025577785146879,5.739999999999922,0.2199999999999953,-0.09662804456899757,0.32016299077920063,0.3344268524833356,0.374028145748274,0.5019816585413548,9.175663122010445,12.38214758417353,1.9475799919712748,0.33865757508042627,0.42922351499042477,0.3344268524833356,False,False,True,True,True,False,False,False,False,False,False
G5,ppo_privilege_gru_0722_long_clip020,5,evaluation-sp21-ego898-raceline0-v0.7,ol0_e898_o902_s0.7,True,ego_collision,True,True,6.069999999999915,4.997578662434226,0.3907908039718677,608,6.069999999999915,True,1,True,607,terminal_collision_flag,6.069999999999915,6.069999999999915,0.0,-2.9938366206783087,0.49015894176812935,0.3907908039718677,5.609999999999925,0.4599999999999902,-0.15113184922045922,-0.4555255068740039,0.4799419998933348,0.4762224802691988,0.6341141819968074,13.63032178570432,18.14164215089836,3.831829998660316,0.3242582032548926,0.16820650066482717,0.4799419998933348,True,False,True,True,True,True,True,True,True,True,False
G5,ppo_privilege_gru_0722_long_clip020,5,evaluation-sp30-ego1283-raceline0-v0.7,ol0_e1283_o1279_s0.7,False,overtake,False,False,,5.269502156839065,6.935822273465362,802,8.009999999999874,True,1,False,558,closest_approach,5.5799999999999255,,,-2.7444438072821526,-0.11187219289166705,-0.11187219289166705,,,0.09474946261110084,-0.8782908752053304,0.8833868473856954,0.9588675666892046,0.8997319788801548,1.0387084439261915,1.2746374228811936,0.24291637902309113,-0.0990649589040733,-0.2567616464852711,0.8833868473856954,False,False,False,False,False,False,False,False,False,False,False
G5,ppo_privilege_gru_0722_long_clip020,5,evaluation-sp37-ego1582-raceline2-v0.7,ol2_e1582_o1611_s0.7,True,overtake,False,False,,6.29465651495349,11.96906277188134,802,8.009999999999874,True,1,False,301,closest_approach,3.00999999999998,,,-3.0969620622893785,0.2887724020189353,0.2887724020189353,2.8799999999999826,0.12999999999999723,-0.268085884330608,0.5095486927156256,0.5757689741776012,0.5100197042407034,0.7557114029424724,15.033530611329576,20.518726212865108,4.930662767395931,-0.0070789684732672775,0.08078608044166291,0.5757689741776012,False,False,True,True,False,False,False,False,False,False,False
G5,ppo_privilege_gru_0722_long_clip020,5,evaluation-sp4-ego171-raceline2-v0.8,ol2_e171_o194_s0.8,True,ego_collision,True,True,6.869999999999898,5.280054491012058,0.5832666488013842,688,6.869999999999898,True,1,True,687,terminal_collision_flag,6.869999999999898,6.869999999999898,0.0,-2.9674902499793063,0.5832666488013842,0.5832666488013842,6.209999999999912,0.6599999999999859,-0.5429735636483262,0.3396974886478452,0.6404800345167802,0.42354457581060656,0.8995773127033857,6.872888749212453,9.097523340044038,1.2999190287008588,0.44177236869344005,0.8281431156197074,0.6368532283636927,True,False,True,True,True,True,True,True,True,False,False
G5,ppo_privilege_gru_0722_long_clip020,5,evaluation-sp45-ego1924-raceline0-v0.7,ol0_e1924_o1919_s0.7,False,ego_collision,True,True,7.379999999999887,4.861882889631384,0.7869296923985871,739,7.379999999999887,True,1,True,738,terminal_collision_flag,7.379999999999887,7.379999999999887,0.0,-3.036418303031155,0.7869296923985871,0.7869296923985871,6.039999999999916,1.3399999999999714,-0.5415760856814613,-0.3402229259056506,0.639575090113628,0.42313374504830953,0.898482290080947,1.9715090518652971,6.212944300723692,2.932342569696305,0.2272558198036828,0.23613734330696934,0.5731819509966164,True,False,True,True,True,True,True,False,False,False,False
G5,ppo_privilege_gru_0722_long_clip020,5,evaluation-sp5-ego213-raceline0-v0.7,ol0_e213_o221_s0.7,True,ego_collision,True,True,3.329999999999973,4.78797261949773,0.3516355325615166,334,3.329999999999973,True,1,True,333,terminal_collision_flag,3.329999999999973,3.329999999999973,0.0,-3.1763834205093247,0.3516355325615166,0.3516355325615166,3.1099999999999777,0.2199999999999953,-0.3124666445004738,-0.33025349538468896,0.4546457688565795,0.33101679916420473,0.6870468899205243,6.896879191076711,8.511321476119404,1.2418573380020435,0.30439628397906626,0.04686221822116843,0.4352142408178933,True,False,True,True,True,True,True,True,True,False,False
G5,ppo_privilege_gru_0722_long_clip020,5,evaluation-sp9-ego384-raceline0-v0.7,ol0_e384_o391_s0.7,False,ego_collision,True,True,7.099999999999893,5.144042515386845,-0.14069344844952525,711,7.099999999999893,True,1,True,710,terminal_collision_flag,7.099999999999893,7.099999999999893,0.0,-2.819123226821347,-0.04094580822697935,-0.14069344844952525,,,0.20279526977166484,-0.3206913938308314,0.379432327983428,0.5879542056882401,0.3323366291147548,8.834898348140044,10.532388115610042,1.4650197262282607,0.4349622053129563,0.2896391205413303,0.379432327983428,True,False,False,False,True,False,False,False,False,False,False
G5,ppo_privilege_gru_0722_long_clip020,10,evaluation-sp1-ego42-raceline2-v0.7,ol2_e42_o63_s0.7,True,overtake,False,False,,5.561767860118065,4.766249663595232,802,8.009999999999874,True,1,False,476,closest_approach,4.759999999999943,,,-2.99293232204343,-0.27393459467148773,-0.27393459467148773,,,0.19950438551365052,0.593297934376115,0.6259428398617114,0.7691664204657283,0.6001598913424878,9.645312869268645,11.528235059089223,1.811698344748288,0.0006527619761219627,0.19289014921022452,0.6259428398617114,False,False,False,False,False,False,False,False,False,False,False
G5,ppo_privilege_gru_0722_long_clip020,10,evaluation-sp12-ego513-raceline0-v0.8,ol0_e513_o523_s0.8,False,ego_collision,True,True,6.129999999999914,6.094927756365766,0.4806825656464184,614,6.129999999999914,True,1,True,613,terminal_collision_flag,6.129999999999914,6.129999999999914,0.0,-2.918793232532323,0.4806825656464184,0.4806825656464184,5.36999999999993,0.7599999999999838,-0.4737196395844319,-0.32133975333360465,0.5724242604926053,0.37015151362858895,0.8285692034824107,3.485348206809094,4.09557525051136,0.30135338006121093,0.03165085198605366,0.36439234090744455,0.4478408427260614,True,False,True,True,False,True,False,False,False,False,False
G5,ppo_privilege_gru_0722_long_clip020,10,evaluation-sp13-ego556-raceline0-v0.8,ol0_e556_o565_s0.8,True,ego_collision,True,True,7.059999999999894,5.339653338955003,0.2569469996085161,707,7.059999999999894,True,1,True,706,terminal_collision_flag,7.059999999999894,7.059999999999894,0.0,-3.042886322651867,0.2569469996085161,0.2569469996085161,6.879999999999898,0.17999999999999616,-0.06558714107002205,-0.478506805270257,0.4829807819817334,0.5285166922085563,0.5961635493589821,17.389216480660835,22.737944463335698,4.614872126040669,0.31075069116879206,0.31748087715921514,0.4829807819817334,True,False,True,True,True,True,True,True,True,True,False
G5,ppo_privilege_gru_0722_long_clip020,10,evaluation-sp15-ego641-raceline2-v0.7,ol2_e641_o661_s0.7,True,ego_collision,True,True,4.469999999999949,4.656437011815463,0.4103072655408937,448,4.469999999999949,True,1,True,447,terminal_collision_flag,4.469999999999949,4.469999999999949,0.0,-3.120405458589886,0.4103072655408937,0.4103072655408937,4.239999999999954,0.2299999999999951,-0.4934444257536371,0.29884590377803855,0.5768849759806971,0.3615224869563992,0.8385070318425235,16.810892564218886,22.95352242607996,4.9153391520979355,0.31759776859708755,0.4443303380326562,0.5134186686192398,True,False,True,True,True,True,True,True,True,True,False
G5,ppo_privilege_gru_0722_long_clip020,10,evaluation-sp2-ego85-raceline2-v0.8,ol2_e85_o106_s0.8,True,ego_collision,True,True,5.759999999999922,5.584240312811911,0.5162869190824324,577,5.759999999999922,True,1,True,576,terminal_collision_flag,5.759999999999922,5.759999999999922,0.0,-2.990392967341876,0.5162869190824324,0.5162869190824324,5.419999999999929,0.33999999999999275,-0.4727932959251082,0.33458694898674424,0.5792080171268221,0.38126344627753445,0.8329478007297624,11.072536734596685,14.848537877017938,2.691349810244605,0.3613970297306315,0.5359398206372442,0.5545352730312095,True,False,True,True,True,True,True,True,True,True,False
G5,ppo_privilege_gru_0722_long_clip020,10,evaluation-sp21-ego898-raceline0-v0.7,ol0_e898_o902_s0.7,True,ego_collision,True,True,6.119999999999914,4.953399139725138,0.1721161250083867,613,6.119999999999914,True,1,True,612,terminal_collision_flag,6.119999999999914,6.119999999999914,0.0,-2.9938366206783087,0.2258712744306024,0.1721161250083867,5.709999999999923,0.40999999999999126,-0.0017124789296741327,-0.4356830106090745,0.435686376098073,0.5224264355277789,0.5243241898832082,12.418368250159558,17.063237766992195,3.52570117184475,0.34452391411347044,0.19401519211132295,0.435686376098073,True,False,True,True,True,True,True,True,True,True,False
G5,ppo_privilege_gru_0722_long_clip020,10,evaluation-sp30-ego1283-raceline0-v0.7,ol0_e1283_o1279_s0.7,False,overtake,False,False,,5.174272269284632,6.399567035107907,802,8.009999999999874,True,1,False,586,closest_approach,5.8599999999999195,,,-2.7444438072821526,0.12336851981319796,0.12336851981319796,5.799999999999921,0.05999999999999872,-0.04960654498270778,-0.7935572777058624,0.7951062584994918,0.8291695642117419,0.8631719170565219,2.4661358148278905,3.0430665391770697,0.6837254097838897,-0.07199406388586471,-0.07428978976517231,0.7951062584994918,False,False,True,True,False,False,False,False,False,False,False
G5,ppo_privilege_gru_0722_long_clip020,10,evaluation-sp37-ego1582-raceline2-v0.7,ol2_e1582_o1611_s0.7,True,overtake,False,False,,6.385370597772847,12.721460443482613,802,8.009999999999874,True,1,False,286,closest_approach,2.859999999999983,,,-3.0969620622893785,0.15869842437990656,0.15869842437990656,2.809999999999984,0.049999999999998934,-0.23642273727072233,0.6749307906508649,0.715141442560269,0.6770539825229327,0.8559512080044058,16.018143616172452,21.62684112833882,5.0816582216020985,-0.12498616377883831,-0.2662989504263492,0.715141442560269,False,False,True,True,False,False,False,False,False,False,False
G5,ppo_privilege_gru_0722_long_clip020,10,evaluation-sp4-ego171-raceline2-v0.8,ol2_e171_o194_s0.8,True,overtake,False,False,,5.541556121451139,1.5854120544879038,802,8.009999999999874,True,1,False,627,closest_approach,6.269999999999911,,,-2.9674902499793063,0.3650667135480319,0.3650667135480319,6.029999999999916,0.23999999999999488,-0.4286329640580769,0.6954896335458366,0.8169651450624651,0.7091720024741883,1.0000695812795324,9.139422178722285,11.823764092662943,2.1009207612332497,0.297228705416803,0.41013764759604066,0.8169651450624651,False,False,True,True,True,False,False,False,False,False,False
G5,ppo_privilege_gru_0722_long_clip020,10,evaluation-sp45-ego1924-raceline0-v0.7,ol0_e1924_o1919_s0.7,False,ego_collision,True,True,7.0799999999998935,4.940524580622801,0.510993076937325,709,7.0799999999998935,True,1,True,708,terminal_collision_flag,7.0799999999998935,7.0799999999998935,0.0,-3.036418303031155,0.510993076937325,0.510993076937325,6.059999999999915,1.0199999999999783,-0.2978747719564262,-0.467631007415961,0.5544439907375311,0.4676973071658979,0.7511827384862398,3.794341153651638,4.855051243763768,1.750546529300438,0.05921232477526672,0.2032568651536939,0.5201716565561514,True,False,True,True,False,True,False,False,False,False,False
G5,ppo_privilege_gru_0722_long_clip020,10,evaluation-sp5-ego213-raceline0-v0.7,ol0_e213_o221_s0.7,True,ego_collision,True,True,3.319999999999973,4.795383525272392,0.3913566409768805,333,3.319999999999973,True,1,True,332,terminal_collision_flag,3.319999999999973,3.319999999999973,0.0,-3.1763834205093247,0.3913566409768805,0.3913566409768805,3.0699999999999785,0.24999999999999467,-0.35901630019975966,-0.3270364328420842,0.4856393025849524,0.33423955196735533,0.7267564835149801,7.057136457389352,8.601983388292043,1.307144702594557,0.3100848611374896,0.058693258555476135,0.4525168100124078,True,False,True,True,True,True,True,True,True,False,False
G5,ppo_privilege_gru_0722_long_clip020,10,evaluation-sp9-ego384-raceline0-v0.7,ol0_e384_o391_s0.7,False,overtake,False,False,,5.326402180855468,1.1927839185778737,802,8.009999999999874,True,1,False,744,closest_approach,7.439999999999886,,,-2.819123226821347,0.436740325521356,0.436740325521356,7.059999999999894,0.3799999999999919,-0.37446101862045045,-0.5564859581798128,0.6707441211949381,0.5628590279259172,0.8667093324277932,2.349591034438275,2.896483715709772,0.6381777765589328,0.2789379959161379,0.2942514936989159,0.6707441211949381,False,False,True,True,True,False,False,False,False,False,False
G5,ppo_privilege_gru_0722_long_clip020,15,evaluation-sp1-ego42-raceline2-v0.7,ol2_e42_o63_s0.7,True,overtake,False,False,,5.582627805735312,4.931593254795786,802,8.009999999999874,True,1,False,464,closest_approach,4.6399999999999455,,,-2.99293232204343,-0.017681753992775384,-0.017681753992775384,,,-0.04731347230560061,0.5203076940640474,0.5224544584591648,0.5741226761125281,0.6200810230132088,10.937552956726238,12.779336367767424,1.8693505006243736,0.148673617749027,0.23470150922163036,0.5224544584591648,False,False,False,True,True,False,False,False,False,False,False
G5,ppo_privilege_gru_0722_long_clip020,15,evaluation-sp12-ego513-raceline0-v0.8,ol0_e513_o523_s0.8,False,ego_collision,True,True,6.009999999999916,6.014150011830795,0.023630116655681377,602,6.009999999999916,True,1,True,601,terminal_collision_flag,6.009999999999916,6.009999999999916,0.0,-2.918793232532323,0.16857070252476092,0.023630116655681377,5.539999999999926,0.46999999999999,-0.021764874944632168,-0.31002023547795066,0.3107832945754315,0.4099544227341288,0.4396701987342855,3.9635936594135543,4.682191637751849,0.5988255800981207,0.1689872679486143,0.4075906468136512,0.3107832945754315,True,False,True,True,True,True,True,True,False,False,False
G5,ppo_privilege_gru_0722_long_clip020,15,evaluation-sp13-ego556-raceline0-v0.8,ol0_e556_o565_s0.8,True,ego_collision,True,True,7.389999999999887,5.224353612094185,0.22046279719560857,740,7.389999999999887,True,1,True,739,terminal_collision_flag,7.389999999999887,7.389999999999887,0.0,-3.042886322651867,0.22046279719560857,0.22046279719560857,7.129999999999892,0.25999999999999446,-0.09870278405865474,-0.3986926951540322,0.41072874838525175,0.4422109112132985,0.5568174920960505,11.70649258962701,16.281308286754776,3.638964586344844,0.2313070978208968,0.48972798138303225,0.41072874838525175,True,False,True,True,True,True,True,True,True,True,False
G5,ppo_privilege_gru_0722_long_clip020,15,evaluation-sp15-ego641-raceline2-v0.7,ol2_e641_o661_s0.7,True,ego_collision,True,True,4.809999999999942,4.644923928349223,0.5738147986426156,482,4.809999999999942,True,1,True,481,terminal_collision_flag,4.809999999999942,4.809999999999942,0.0,-3.120405458589886,0.5738147986426156,0.5738147986426156,4.40999999999995,0.3999999999999915,-0.5829909049105206,0.29671415397302076,0.6541541747755748,0.4169927571651709,0.9220370975315555,11.566087514186144,16.853928640000454,2.7024935282525897,0.20357958046190033,-0.10040511291222182,0.4160546484640318,True,False,True,True,True,True,True,True,True,True,False
G5,ppo_privilege_gru_0722_long_clip020,15,evaluation-sp2-ego85-raceline2-v0.8,ol2_e85_o106_s0.8,True,overtake,False,False,,5.70588899278281,1.9793182002788967,802,8.009999999999874,True,1,False,573,closest_approach,5.729999999999922,,,-2.990392967341876,0.3958005978382175,0.3958005978382175,5.469999999999928,0.25999999999999446,-0.34389838544822643,0.43025673201915343,0.5508057325062063,0.43361952377830865,0.7661253282079048,10.329117096585927,13.838376953685245,2.7159255234087043,0.27729681803669043,0.42507472053493217,0.5508057325062063,False,False,True,True,True,False,False,False,False,False,False
G5,ppo_privilege_gru_0722_long_clip020,15,evaluation-sp21-ego898-raceline0-v0.7,ol0_e898_o902_s0.7,True,overtake,False,False,,5.080451588381201,1.819266385058853,802,8.009999999999874,True,1,False,635,closest_approach,6.349999999999909,,,-2.9938366206783087,0.04567226825483317,0.031806950565652414,5.799999999999921,0.5499999999999883,0.04146679259448688,-0.4568136882950359,0.4586918799169965,0.564401435510746,0.5200456720298574,11.279173999784259,15.171492749432643,2.6555853331988275,0.22761165733463473,0.3009141047790038,0.4586918799169965,False,False,True,False,True,False,False,False,False,False,False
G5,ppo_privilege_gru_0722_long_clip020,15,evaluation-sp30-ego1283-raceline0-v0.7,ol0_e1283_o1279_s0.7,False,overtake,False,False,,5.309911916151997,7.151026304429138,802,8.009999999999874,True,1,False,557,closest_approach,5.569999999999926,,,-2.7444438072821526,-0.0350053895392648,-0.0350053895392648,,,0.0490054825819633,-0.981723142843548,0.9829455053652285,1.0386072628357859,1.0108702620119783,2.1061337531501305,2.536714245724824,0.3779164815680938,-0.049373664278430374,-0.2098593712384419,0.9829455053652285,False,False,False,False,False,False,False,False,False,False,False
G5,ppo_privilege_gru_0722_long_clip020,15,evaluation-sp37-ego1582-raceline2-v0.7,ol2_e1582_o1611_s0.7,True,overtake,False,False,,6.352217743429385,12.442276278975498,802,8.009999999999874,True,1,False,290,closest_approach,2.899999999999982,,,-3.0969620622893785,0.2318663560201344,0.2318663560201344,2.819999999999984,0.0799999999999983,-0.24781922036220919,0.6393043566531649,0.6856562013258906,0.6406943722295123,0.8354397490105026,16.25450265549168,21.903085073587217,5.1135310022922535,-0.06570093130786026,-0.23029799938739748,0.6856562013258906,False,False,True,True,False,False,False,False,False,False,False
G5,ppo_privilege_gru_0722_long_clip020,15,evaluation-sp4-ego171-raceline2-v0.8,ol2_e171_o194_s0.8,True,overtake,False,False,,5.490447206190953,1.2275609217986982,802,8.009999999999874,True,1,False,647,closest_approach,6.4699999999999065,,,-2.9674902499793063,0.4968767682235864,0.4968767682235864,6.119999999999914,0.34999999999999254,-0.4735338129497445,0.5944047942175092,0.7599679805067338,0.6220946229349932,0.967626448019242,8.306900342611486,10.759832857080497,2.1584490405427132,0.36252678894812485,0.4598922349947485,0.7599679805067338,False,False,True,True,True,False,False,False,False,False,False
G5,ppo_privilege_gru_0722_long_clip020,15,evaluation-sp45-ego1924-raceline0-v0.7,ol0_e1924_o1919_s0.7,False,overtake,False,False,,5.141936282557564,4.296722290439533,802,8.009999999999874,True,1,False,664,closest_approach,6.639999999999903,,,-3.036418303031155,0.6363063517466685,0.6363063517466685,6.089999999999915,0.5499999999999883,-0.13986300102050264,-0.5671837710023035,0.5841738518137,0.5867184576532113,0.7116738225723538,7.823798377458537,11.359904149864768,2.6363481680904886,0.18474098388119808,0.31541823023607973,0.5841738518137,False,False,True,True,True,False,False,False,False,False,False
G5,ppo_privilege_gru_0722_long_clip020,15,evaluation-sp5-ego213-raceline0-v0.7,ol0_e213_o221_s0.7,True,ego_collision,True,True,3.379999999999972,4.811942291346728,0.44729971482743736,339,3.379999999999972,True,1,True,338,terminal_collision_flag,3.379999999999972,3.379999999999972,0.0,-3.1763834205093247,0.44729971482743736,0.44729971482743736,3.089999999999978,0.2899999999999938,-0.40855514043061497,-0.3240423604006213,0.5214602133492887,0.34504894240749234,0.7700537225129441,6.898960481245696,8.50922236635599,1.239207253940142,0.3276741777587163,0.11112027836755589,0.4707953630054436,True,False,True,True,True,True,True,True,True,False,False
G5,ppo_privilege_gru_0722_long_clip020,15,evaluation-sp9-ego384-raceline0-v0.7,ol0_e384_o391_s0.7,False,ego_collision,True,True,7.059999999999894,5.154679108892007,-0.030670849990798388,707,7.059999999999894,True,1,True,706,terminal_collision_flag,7.059999999999894,7.059999999999894,0.0,-2.819123226821347,0.010448313816624477,-0.030670849990798388,6.809999999999899,0.24999999999999467,0.08937183931999423,-0.33767494441063894,0.3493017230792986,0.5078851844184507,0.39277987084443405,9.476501795706186,11.117842810752991,1.3280817968931407,0.40807520151989274,0.34916470465903215,0.3493017230792986,True,False,True,False,True,False,False,False,False,False,False
G5,ppo_privilege_gru_0722_long_clip020,20,evaluation-sp1-ego42-raceline2-v0.7,ol2_e42_o63_s0.7,True,overtake,False,False,,5.579658928566712,4.936921414158604,802,8.009999999999874,True,1,False,460,closest_approach,4.599999999999946,,,-2.99293232204343,0.05255440550345725,0.05255440550345725,4.539999999999948,0.05999999999999872,-0.12002121284634296,0.506523291899242,0.5205486881834896,0.5342832893874493,0.6516772515750652,11.738404883468661,13.67499226006343,2.0960251935852985,0.18320628030335329,0.25037133036962034,0.5205486881834896,False,False,True,True,True,False,False,False,False,False,False
G5,ppo_privilege_gru_0722_long_clip020,20,evaluation-sp12-ego513-raceline0-v0.8,ol0_e513_o523_s0.8,False,ego_collision,True,True,6.039999999999916,6.032295982604437,0.11156732145704495,605,6.039999999999916,True,1,True,604,terminal_collision_flag,6.039999999999916,6.039999999999916,0.0,-2.918793232532323,0.2406149429248785,0.11156732145704495,5.489999999999927,0.5499999999999883,-0.08424345958376146,-0.3292067262204704,0.33981469813920734,0.38821749382641035,0.49843277944976916,2.884918081407015,3.3246506009908057,0.3655133035896163,0.18162898594457122,0.4212013839582538,0.33981469813920734,True,False,True,True,True,True,True,False,False,False,False
G5,ppo_privilege_gru_0722_long_clip020,20,evaluation-sp13-ego556-raceline0-v0.8,ol0_e556_o565_s0.8,True,ego_collision,True,True,7.069999999999894,5.330709270576579,0.2424639633836989,708,7.069999999999894,True,1,True,707,terminal_collision_flag,7.069999999999894,7.069999999999894,0.0,-3.042886322651867,0.2462701301976722,0.2424639633836989,6.879999999999898,0.18999999999999595,-0.05626166142235371,-0.47886920811020917,0.48216293202827437,0.5328689608122593,0.5909423462970542,17.59567847890862,23.093838251691285,4.668027304402893,0.29830933906980295,0.31912605463393506,0.48216293202827437,True,False,True,True,True,True,True,True,True,True,False
G5,ppo_privilege_gru_0722_long_clip020,20,evaluation-sp15-ego641-raceline2-v0.7,ol2_e641_o661_s0.7,True,ego_collision,True,True,4.569999999999947,4.633548154876015,0.3435355152572299,458,4.569999999999947,True,1,True,457,terminal_collision_flag,4.569999999999947,4.569999999999947,0.0,-3.120405458589886,0.3435355152572299,0.3435355152572299,4.319999999999952,0.24999999999999467,-0.3943490872806441,0.30515563888547265,0.49862928773055243,0.32250379216360303,0.7493021000941154,18.060084772052598,24.419567279319416,5.379473631661823,0.25391340930645817,0.30033878024865174,0.4184027057669326,True,False,True,True,True,True,True,True,True,True,False
G5,ppo_privilege_gru_0722_long_clip020,20,evaluation-sp2-ego85-raceline2-v0.8,ol2_e85_o106_s0.8,True,follow,False,False,,5.386134491111043,-0.4488976037565351,802,8.009999999999874,True,1,False,596,closest_approach,5.959999999999917,,,-2.990392967341876,-0.04442804446668447,-0.06943311730819346,,,0.0601958967293065,0.3724213484251974,0.37725482998351084,0.5112091811077785,0.4376157979813913,9.583772888560485,12.815379336106199,2.2832611373405465,0.26154016914283323,0.3327561880912741,0.37725482998351084,False,False,False,False,True,False,False,False,False,False,False
G5,ppo_privilege_gru_0722_long_clip020,20,evaluation-sp21-ego898-raceline0-v0.7,ol0_e898_o902_s0.7,True,overtake,False,False,,5.075337246604411,1.799363628743123,802,8.009999999999874,True,1,False,630,closest_approach,6.29999999999991,,,-2.9938366206783087,0.06523540000588923,0.0039032290740976805,5.789999999999921,0.5099999999999891,0.05064733704221833,-0.445389168277873,0.44825959439673296,0.5607246378153988,0.5056295170223322,12.961841021523512,17.736541581249806,3.852959792568844,0.2556435739137721,0.22407584231001243,0.44825959439673296,False,False,True,False,True,False,False,False,False,False,False
G5,ppo_privilege_gru_0722_long_clip020,20,evaluation-sp30-ego1283-raceline0-v0.7,ol0_e1283_o1279_s0.7,False,overtake,False,False,,5.324660990247489,7.39992784532393,802,8.009999999999874,True,1,False,537,closest_approach,5.36999999999993,,,-2.7444438072821526,-0.03694219425290157,-0.03694219425290157,,,0.03711025328436646,-0.9306758671867301,0.9314154500879842,0.9864880574885508,0.9644225182759211,1.8160725218671971,2.215338342721894,0.38295695132419744,-0.07236409267414978,-0.3176463787873649,0.9314154500879842,False,False,False,False,False,False,False,False,False,False,False
G5,ppo_privilege_gru_0722_long_clip020,20,evaluation-sp37-ego1582-raceline2-v0.7,ol2_e1582_o1611_s0.7,True,overtake,False,False,,6.34531544614293,12.433398842136057,802,8.009999999999874,True,1,False,284,closest_approach,2.8399999999999834,,,-3.0969620622893785,0.15110815852705173,0.15110815852705173,2.7999999999999843,0.03999999999999915,-0.22416564493156466,0.6963752380703543,0.7315659290625329,0.6994802602681647,0.8656239267865892,15.730677420259024,21.316868345932704,5.039167075070457,-0.14821551695839075,-0.28098508527252797,0.7315659290625329,False,False,True,True,False,False,False,False,False,False,False
G5,ppo_privilege_gru_0722_long_clip020,20,evaluation-sp4-ego171-raceline2-v0.8,ol2_e171_o194_s0.8,True,overtake,False,False,,5.52796963009043,1.303174293487615,802,8.009999999999874,True,1,False,645,closest_approach,6.449999999999907,,,-2.9674902499793063,0.4753350304805224,0.4753350304805224,6.119999999999914,0.32999999999999297,-0.44120260500336694,0.5749092887638937,0.724693334431029,0.5944601904810871,0.9301494180349283,8.008630405498574,10.414586289321248,1.8459933223411034,0.3022137084922517,0.40298425591309983,0.724693334431029,False,False,True,True,True,False,False,False,False,False,False
G5,ppo_privilege_gru_0722_long_clip020,20,evaluation-sp45-ego1924-raceline0-v0.7,ol0_e1924_o1919_s0.7,False,ego_collision,True,True,7.139999999999892,4.924108882328428,0.5077925093635258,715,7.139999999999892,True,1,True,714,terminal_collision_flag,7.139999999999892,7.139999999999892,0.0,-3.036418303031155,0.5925498210058038,0.5077925093635258,6.099999999999914,1.0399999999999778,-0.32002728440240136,-0.47982954986695736,0.5767615275722735,0.48076817150692247,0.7761247867713639,2.6710718043202677,4.959485800781658,2.085142954220318,0.08347208681035612,0.18529310879953875,0.5391160512505884,True,False,True,True,False,True,False,False,False,False,False
G5,ppo_privilege_gru_0722_long_clip020,20,evaluation-sp5-ego213-raceline0-v0.7,ol0_e213_o221_s0.7,True,overtake,False,False,,6.070348095507574,10.078910501189426,802,8.009999999999874,True,1,False,314,closest_approach,3.139999999999977,,,-3.1763834205093247,0.22482678468006156,0.22482678468006156,3.0299999999999794,0.10999999999999766,-0.19576327603273588,-0.4850895718904441,0.5231014748592508,0.49415832776645247,0.6864967975882409,8.046659247835338,10.241462873837403,1.2425480172511703,0.17231965180584152,-0.3018738700073985,0.5231014748592508,False,False,True,True,True,False,False,False,False,False,False
G5,ppo_privilege_gru_0722_long_clip020,20,evaluation-sp9-ego384-raceline0-v0.7,ol0_e384_o391_s0.7,False,overtake,False,False,,5.345242298201056,1.388554430205943,802,8.009999999999874,True,1,False,736,closest_approach,7.3599999999998875,,,-2.819123226821347,0.28981028924638963,0.28981028924638963,7.149999999999892,0.20999999999999552,-0.2273070582724538,-0.7362899731025475,0.7705786288444723,0.7389542133541182,0.8998497191363956,2.871627553176798,3.563993322626073,0.2554271487785408,0.1309962391979934,0.08670987011134579,0.7705786288444723,False,False,True,True,True,False,False,False,False,False,False
G5,ppo_privilege_gru_0722_long_clip020,25,evaluation-sp1-ego42-raceline2-v0.7,ol2_e42_o63_s0.7,True,overtake,False,False,,5.573279088027285,4.883089469600321,802,8.009999999999874,True,1,False,464,closest_approach,4.6399999999999455,,,-2.99293232204343,0.04854506129728975,0.04854506129728975,4.559999999999947,0.0799999999999983,-0.10845334558163214,0.5073508173101415,0.518813049173898,0.5388543769477714,0.6451123316372616,10.613890442560509,12.429243026721418,1.9015157154691626,0.19241096913940048,0.25024812867127033,0.518813049173898,False,False,True,True,True,False,False,False,False,False,False
G5,ppo_privilege_gru_0722_long_clip020,25,evaluation-sp12-ego513-raceline0-v0.8,ol0_e513_o523_s0.8,False,ego_collision,True,True,7.039999999999894,5.9306693323374216,0.29140554056638734,705,7.039999999999894,True,1,True,704,terminal_collision_flag,7.039999999999894,7.039999999999894,0.0,-2.918793232532323,0.30688915316477505,0.29140554056638734,5.459999999999928,1.5799999999999663,-0.2556310275105286,-0.3532604822241419,0.43605067426541366,0.35492843584477046,0.6500047588159862,2.597671913042614,3.476385424761875,0.6861169155158433,-0.022458638196936997,0.005814337533421088,0.3279745722398936,True,False,True,True,False,True,False,False,False,False,False
G5,ppo_privilege_gru_0722_long_clip020,25,evaluation-sp13-ego556-raceline0-v0.8,ol0_e556_o565_s0.8,True,ego_collision,True,True,7.0299999999998946,5.355209031833818,0.3267454787522013,704,7.0299999999998946,True,1,True,703,terminal_collision_flag,7.0299999999998946,7.0299999999998946,0.0,-3.042886322651867,0.3267454787522013,0.3267454787522013,6.7899999999999,0.23999999999999488,-0.12946648595206953,-0.48079729325769416,0.4979232954870685,0.5068895800236006,0.6380581243436234,18.427890173891434,23.99160698249881,4.852160464515608,0.3025328159161508,0.2986076584420354,0.4979232954870685,True,False,True,True,True,True,True,True,True,True,False
G5,ppo_privilege_gru_0722_long_clip020,25,evaluation-sp15-ego641-raceline2-v0.7,ol2_e641_o661_s0.7,True,overtake,False,False,,5.824677525341878,8.560850241097114,802,8.009999999999874,True,1,False,430,closest_approach,4.299999999999953,,,-3.120405458589886,0.23286268342366157,0.23286268342366157,4.1699999999999555,0.12999999999999723,-0.32029005259212334,0.5110416665055446,0.6031163260053812,0.5119385433729305,0.7960009630632747,14.9395096973728,20.54003090736473,4.4632137133915935,-0.11641836423588536,0.23399833951270022,0.6031163260053812,False,False,True,True,False,False,False,False,False,False,False
G5,ppo_privilege_gru_0722_long_clip020,25,evaluation-sp2-ego85-raceline2-v0.8,ol2_e85_o106_s0.8,True,overtake,False,False,,5.710790919604305,2.0297803060383046,802,8.009999999999874,True,1,False,573,closest_approach,5.729999999999922,,,-2.990392967341876,0.40347808357151393,0.40347808357151393,5.469999999999928,0.25999999999999446,-0.346948732135987,0.446295008774864,0.5652898881000126,0.4499137616802273,0.7777421952208825,10.395050963870412,13.936020882122705,2.7323829837995333,0.2765594985499053,0.41816835983638106,0.5652898881000126,False,False,True,True,True,False,False,False,False,False,False
G5,ppo_privilege_gru_0722_long_clip020,25,evaluation-sp21-ego898-raceline0-v0.7,ol0_e898_o902_s0.7,True,ego_collision,True,True,6.179999999999913,4.942472687531328,0.16762851575967375,619,6.179999999999913,True,1,True,618,terminal_collision_flag,6.179999999999913,6.179999999999913,0.0,-2.9938366206783087,0.18111910637978212,0.16762851575967375,5.7199999999999225,0.4599999999999902,-0.01973541219872471,-0.41432331706394376,0.41479307800097487,0.49467843947585033,0.5173005283515407,13.028081829529345,17.3493276128992,3.376779592347062,0.3421846535682723,0.2668246933622953,0.41479307800097487,True,False,True,True,True,True,True,True,True,True,False
G5,ppo_privilege_gru_0722_long_clip020,25,evaluation-sp30-ego1283-raceline0-v0.7,ol0_e1283_o1279_s0.7,False,overtake,False,False,,5.252270459019151,6.956218746903403,802,8.009999999999874,True,1,False,547,closest_approach,5.469999999999928,,,-2.7444438072821526,-0.012003030500409295,-0.012003030500409295,,,0.0301667936728921,-0.8555493909029142,0.8560810684245099,0.9134941357475305,0.894135367483343,1.3553719685258796,1.680059086782301,0.2658371615733358,-0.05518889285008377,-0.21612100728665118,0.8560810684245099,False,False,False,False,False,False,False,False,False,False,False
G5,ppo_privilege_gru_0722_long_clip020,25,evaluation-sp37-ego1582-raceline2-v0.7,ol2_e1582_o1611_s0.7,True,overtake,False,False,,6.3597201755113915,12.5519911236226,802,8.009999999999874,True,1,False,283,closest_approach,2.8299999999999836,,,-3.0969620622893785,0.10184147770860363,0.10184147770860363,2.7999999999999843,0.02999999999999936,-0.2058958805949186,0.7116602246606254,0.7408464004164217,0.7166127114871156,0.8673943738317776,15.630993556669106,21.296191011053548,4.956123675191634,-0.18770234916974315,-0.26264502335845985,0.7408464004164217,False,False,True,True,False,False,False,False,False,False,False
G5,ppo_privilege_gru_0722_long_clip020,25,evaluation-sp4-ego171-raceline2-v0.8,ol2_e171_o194_s0.8,True,overtake,False,False,,5.531931208516676,1.4254995986047163,802,8.009999999999874,True,1,False,626,closest_approach,6.259999999999911,,,-2.9674902499793063,0.33886373297477235,0.33886373297477235,6.019999999999916,0.23999999999999488,-0.41013722917860973,0.6806125833813159,0.7946357879024176,0.6911341711214274,0.9764351634076324,8.13426294211018,10.557022281342844,1.8284280554567403,0.23033433822763183,0.37142423996269835,0.7946357879024176,False,False,True,True,True,False,False,False,False,False,False
G5,ppo_privilege_gru_0722_long_clip020,25,evaluation-sp45-ego1924-raceline0-v0.7,ol0_e1924_o1919_s0.7,False,ego_collision,True,True,6.669999999999902,5.136134852307287,0.3831644745070548,668,6.669999999999902,True,1,True,667,terminal_collision_flag,6.669999999999902,6.669999999999902,0.0,-3.036418303031155,0.3831644745070548,0.3831644745070548,6.109999999999914,0.5599999999999881,-0.042771387081664,-0.4003721015156032,0.4026502343534771,0.4705526609398197,0.5206098498225664,4.300433461763304,7.251335658131385,2.2972459305854676,0.22114974526850129,0.3664773019910197,0.4026502343534771,True,False,True,True,True,True,True,True,False,False,False
G5,ppo_privilege_gru_0722_long_clip020,25,evaluation-sp5-ego213-raceline0-v0.7,ol0_e213_o221_s0.7,True,overtake,False,False,,6.085503221838926,10.179645534538054,802,8.009999999999874,True,1,False,314,closest_approach,3.139999999999977,,,-3.1763834205093247,0.2131330353828389,0.2131330353828389,3.0299999999999794,0.10999999999999766,-0.18772546453936836,-0.4689848679743964,0.5051610202949983,0.480007173897068,0.6694538265319853,8.245746290525167,10.48172040286579,1.278459611263721,0.17661973888942173,-0.26543563495663847,0.5051610202949983,False,False,True,True,True,False,False,False,False,False,False
G5,ppo_privilege_gru_0722_long_clip020,25,evaluation-sp9-ego384-raceline0-v0.7,ol0_e384_o391_s0.7,False,overtake,False,False,,5.354222127124139,1.4372107130743927,802,8.009999999999874,True,1,False,734,closest_approach,7.339999999999888,,,-2.819123226821347,0.28663546817017505,0.28663546817017505,7.129999999999892,0.20999999999999552,-0.2231951673112264,-0.7297528218714722,0.7631220503566012,0.7328042485547908,0.8921370190620801,3.229874381358545,4.004166102336296,0.24755320142115872,0.12943127240355956,0.08077361837538932,0.7631220503566012,False,False,True,True,True,False,False,False,False,False,False
G5,ppo_privilege_gru_0722_long_clip020,30,evaluation-sp1-ego42-raceline2-v0.7,ol2_e42_o63_s0.7,True,overtake,False,False,,5.550882171459482,4.713905442942547,802,8.009999999999874,True,1,False,469,closest_approach,4.689999999999944,,,-2.99293232204343,0.16080683295322729,0.16080683295322729,4.479999999999949,0.20999999999999552,-0.1942043192545059,0.4781232888918787,0.51605929600957,0.4876255651934992,0.6804819631448775,8.343498116771475,9.82978933247738,1.3926750175755696,0.26716474384540334,0.31033917408616907,0.51605929600957,False,False,True,True,True,False,False,False,False,False,False
G5,ppo_privilege_gru_0722_long_clip020,30,evaluation-sp12-ego513-raceline0-v0.8,ol0_e513_o523_s0.8,False,overtake,False,False,,6.080628817422458,3.3853450262138836,802,8.009999999999874,True,1,False,543,closest_approach,5.429999999999929,,,-2.918793232532323,0.28508636822925837,0.28508636822925837,5.269999999999932,0.1599999999999966,-0.3027151134953617,-0.4658738080423479,0.5555851374527473,0.46604729280522417,0.7538896542503405,6.842901532572866,7.883713296616004,1.1450336392951033,0.2499216338726994,0.04397086671819206,0.5555851374527473,False,False,True,True,True,False,False,False,False,False,False
G5,ppo_privilege_gru_0722_long_clip020,30,evaluation-sp13-ego556-raceline0-v0.8,ol0_e556_o565_s0.8,True,overtake,False,False,,5.495329385550697,3.4839778523516145,802,8.009999999999874,True,1,False,673,closest_approach,6.729999999999901,,,-3.042886322651867,0.3889309995697374,0.3889309995697374,6.389999999999908,0.33999999999999275,-0.1127809906733945,-0.5804331520458255,0.5912885893124648,0.6068848500832393,0.7064949896791154,13.209932150877655,17.976916292229077,3.7641846409953144,0.24849151819128956,-0.004840924498818566,0.5912885893124648,False,False,True,True,True,False,False,False,False,False,False
G5,ppo_privilege_gru_0722_long_clip020,30,evaluation-sp15-ego641-raceline2-v0.7,ol2_e641_o661_s0.7,True,overtake,False,False,,5.8913949419758875,9.132436900953763,802,8.009999999999874,True,1,False,424,closest_approach,4.239999999999954,,,-3.120405458589886,0.28832327086811915,0.28832327086811915,4.089999999999957,0.1499999999999968,-0.3890651685143645,0.5677099153705951,0.6882341559100356,0.5762885176913277,0.8851124511041129,14.258987939540654,19.88169706480663,4.311068707678238,-0.19817915725780716,0.2004837545892323,0.6882341559100356,False,False,True,True,False,False,False,False,False,False,False
G5,ppo_privilege_gru_0722_long_clip020,30,evaluation-sp2-ego85-raceline2-v0.8,ol2_e85_o106_s0.8,True,overtake,False,False,,5.9267590690631335,3.7259044124590446,802,8.009999999999874,True,1,False,525,closest_approach,5.2499999999999325,,,-2.990392967341876,0.168704247187776,0.168704247187776,5.189999999999934,0.05999999999999872,-0.22250688725762938,0.791567293217104,0.8222457628763629,0.7944394879150375,0.9429963357179905,9.676786807421893,12.542661101691285,2.3960008316199466,0.1223028965271985,0.07262333303861579,0.8222457628763629,False,False,True,True,True,False,False,False,False,False,False
G5,ppo_privilege_gru_0722_long_clip020,30,evaluation-sp21-ego898-raceline0-v0.7,ol0_e898_o902_s0.7,True,ego_collision,True,True,6.039999999999916,5.009602513034283,0.47924123657423934,605,6.039999999999916,True,1,True,604,terminal_collision_flag,6.039999999999916,6.039999999999916,0.0,-2.9938366206783087,0.5611777902256847,0.47924123657423934,5.5799999999999255,0.4599999999999902,-0.17811176452683825,-0.4633401003508214,0.4963948521650613,0.4766581855275402,0.6586445723465268,13.221874713820892,17.629522120147733,3.665678378699038,0.3420400842852048,0.3311969635225478,0.4963948521650613,True,False,True,True,True,True,True,True,True,True,False
G5,ppo_privilege_gru_0722_long_clip020,30,evaluation-sp30-ego1283-raceline0-v0.7,ol0_e1283_o1279_s0.7,False,overtake,False,False,,5.35279436243195,7.7127692873198725,802,8.009999999999874,True,1,False,514,closest_approach,5.139999999999935,,,-2.7444438072821526,-0.013904540425187406,-0.013904540425187406,,,0.02024317488356364,-0.8111859654591953,0.811438510724832,0.8684892043772336,0.8548633898201902,2.6242968401222266,3.177230725331087,0.6435639329637293,-0.1154539018348597,-0.2886590510123045,0.811438510724832,False,False,False,False,False,False,False,False,False,False,False
G5,ppo_privilege_gru_0722_long_clip020,30,evaluation-sp37-ego1582-raceline2-v0.7,ol2_e1582_o1611_s0.7,True,overtake,False,False,,6.408477973766178,12.933430550481319,802,8.009999999999874,True,1,False,282,closest_approach,2.819999999999984,,,-3.0969620622893785,0.13914561928021385,0.13914561928021385,2.7799999999999847,0.03999999999999915,-0.22493240665046638,0.7024711893258762,0.7376044735456001,0.7054782516401276,0.8709886079919485,15.31912634077793,20.794715523525607,4.9333874224106715,-0.1467270832413633,-0.26405690793507386,0.7376044735456001,False,False,True,True,False,False,False,False,False,False,False
G5,ppo_privilege_gru_0722_long_clip020,30,evaluation-sp4-ego171-raceline2-v0.8,ol2_e171_o194_s0.8,True,overtake,False,False,,5.58893067775958,1.8421145558849048,802,8.009999999999874,True,1,False,620,closest_approach,6.199999999999912,,,-2.9674902499793063,0.2995326880415803,0.2995326880415803,5.969999999999917,0.2299999999999951,-0.3880237684629205,0.7202447240419892,0.818116683244198,0.7268845311973515,0.9891757645186123,7.899454168982255,10.290381642583112,1.7987641694711016,0.17962884567129278,0.3482823175021422,0.818116683244198,False,False,True,True,True,False,False,False,False,False,False
G5,ppo_privilege_gru_0722_long_clip020,30,evaluation-sp45-ego1924-raceline0-v0.7,ol0_e1924_o1919_s0.7,False,overtake,False,False,,5.490689484016554,6.6210694498782345,802,8.009999999999874,True,1,False,572,closest_approach,5.7199999999999225,,,-3.036418303031155,0.17300061712660408,0.17300061712660408,5.619999999999925,0.09999999999999787,-0.12741759077306453,-0.8420399381959802,0.8516257980800619,0.8575921509127313,0.9398237614594982,1.2682288141073594,1.57732303049992,0.2609615011371502,0.030510307852747998,-0.026411778317043222,0.8516257980800619,False,False,True,True,False,False,False,False,False,False,False
G5,ppo_privilege_gru_0722_long_clip020,30,evaluation-sp5-ego213-raceline0-v0.7,ol0_e213_o221_s0.7,True,overtake,False,False,,6.149950015469533,10.637462469863664,802,8.009999999999874,True,1,False,314,closest_approach,3.139999999999977,,,-3.1763834205093247,0.21665334835125805,0.21665334835125805,3.0299999999999794,0.10999999999999766,-0.18995569154780434,-0.466430410467615,0.5036273350011816,0.4770389831687405,0.6692643675395538,7.874304751479669,10.041961684556464,1.2350406310131044,0.18569618168663593,-0.2800917896798806,0.5036273350011816,False,False,True,True,True,False,False,False,False,False,False
G5,ppo_privilege_gru_0722_long_clip020,30,evaluation-sp9-ego384-raceline0-v0.7,ol0_e384_o391_s0.7,False,ego_collision,True,True,7.25999999999989,5.162649248166809,-0.07581108047625662,727,7.25999999999989,True,1,True,726,terminal_collision_flag,7.25999999999989,7.25999999999989,0.0,-2.819123226821347,-0.06944346498366372,-0.07581108047625662,,,0.12427498437727222,-0.3319741165509047,0.35447296907059767,0.5308771766996042,0.3710412306778143,6.18328511965497,7.388652040469441,1.053351187203453,0.42430341354250856,0.3804385418107378,0.35447296907059767,True,False,False,False,True,False,False,False,False,False,False
G4,ppo_privilege_gru_0722_lr1_tkloff,1,evaluation-sp1-ego42-raceline2-v0.7,ol2_e42_o63_s0.7,True,overtake,False,False,,5.578241110625731,4.951089364150278,802,8.009999999999874,True,1,False,467,closest_approach,4.669999999999945,,,-2.99293232204343,-0.09229691298264697,-0.09229691298264697,,,-3.806117825282552e-05,0.48561282767970115,0.48561282917127346,0.5655950356680491,0.5656340648680162,13.731915666128426,15.992522698960142,2.4687512733748913,0.1801588076011419,0.36028024995750707,0.48561282917127346,False,False,False,True,True,False,False,False,False,False,False
G4,ppo_privilege_gru_0722_lr1_tkloff,1,evaluation-sp12-ego513-raceline0-v0.8,ol0_e513_o523_s0.8,False,overtake,False,False,,5.790848843556038,1.1914045721699438,802,8.009999999999874,True,1,False,700,closest_approach,6.999999999999895,,,-2.918793232532323,0.3197223396780089,0.3197223396780089,6.699999999999902,0.2999999999999936,-0.2720592050012717,-0.6834222998547578,0.7355829327578844,0.6836577448284725,0.8848596441613935,1.6527383371732338,2.033863202651213,0.3096308361193389,0.09075231429517705,0.08241298493375138,0.7355829327578844,False,False,True,True,False,False,False,False,False,False,False
G4,ppo_privilege_gru_0722_lr1_tkloff,1,evaluation-sp13-ego556-raceline0-v0.8,ol0_e556_o565_s0.8,True,ego_collision,True,True,6.959999999999896,5.352723860746314,0.14856540723656053,697,6.959999999999896,True,1,True,696,terminal_collision_flag,6.959999999999896,6.959999999999896,0.0,-3.042886322651867,0.14856540723656053,0.14856540723656053,6.849999999999898,0.10999999999999766,-0.011015971728514862,-0.47565586715972846,0.4757834124857619,0.5514350297125293,0.5629024064606006,16.483400389352106,21.645182817927584,4.6614622474623975,0.29752326287532177,0.1564219063621945,0.4757834124857619,True,False,True,True,True,True,True,True,True,True,False
G4,ppo_privilege_gru_0722_lr1_tkloff,1,evaluation-sp15-ego641-raceline2-v0.7,ol2_e641_o661_s0.7,True,ego_collision,True,True,4.369999999999951,4.682839755083704,0.25489790782259547,438,4.369999999999951,True,1,True,437,terminal_collision_flag,4.369999999999951,4.369999999999951,0.0,-3.120405458589886,0.25489790782259547,0.25489790782259547,4.179999999999955,0.18999999999999595,-0.3464770032639562,0.3052283768812743,0.4617474156336436,0.3104094295462916,0.7058805406989509,17.627966761570505,24.181250335670732,5.116863345597607,0.19702047195431532,0.5465223827183294,0.4475986367538211,True,False,True,True,True,True,True,True,True,True,False
G4,ppo_privilege_gru_0722_lr1_tkloff,1,evaluation-sp2-ego85-raceline2-v0.8,ol2_e85_o106_s0.8,True,ego_collision,True,True,5.779999999999921,5.5154694409388725,0.2044978855568047,579,5.779999999999921,True,1,True,578,terminal_collision_flag,5.779999999999921,5.779999999999921,0.0,-2.990392967341876,0.2044978855568047,0.2044978855568047,5.589999999999925,0.18999999999999595,-0.148543115381201,0.34231612772468656,0.3731559840436392,0.3703921995756392,0.556327597148185,10.68505692400415,14.28835637253243,2.865839382867329,0.3393281640456095,0.5671760892502066,0.3731559840436392,True,False,True,True,True,True,True,True,True,True,False
G4,ppo_privilege_gru_0722_lr1_tkloff,1,evaluation-sp21-ego898-raceline0-v0.7,ol0_e898_o902_s0.7,True,ego_collision,True,True,6.099999999999914,4.965920589792195,0.1878171554910466,611,6.099999999999914,True,1,True,610,terminal_collision_flag,6.099999999999914,6.099999999999914,0.0,-2.9938366206783087,0.27959132525731434,0.1878171554910466,5.689999999999923,0.40999999999999126,-0.014757215552517522,-0.44302116051429424,0.44326687680707155,0.5215614432201017,0.5377217766603429,13.882877363565978,18.551017487873672,3.488031735280973,0.3511393645702809,0.18460724441327264,0.44326687680707155,True,False,True,True,True,True,True,True,True,True,False
G4,ppo_privilege_gru_0722_lr1_tkloff,1,evaluation-sp30-ego1283-raceline0-v0.7,ol0_e1283_o1279_s0.7,False,ego_collision,True,True,7.23999999999989,4.609157622684218,0.5662915876768579,725,7.23999999999989,True,1,True,724,terminal_collision_flag,7.23999999999989,7.23999999999989,0.0,-2.7444438072821526,0.5662915876768579,0.5662915876768579,6.099999999999914,1.1399999999999757,-0.14454073079494625,-0.4634989783477004,0.48551346612436935,0.4857877128201477,0.6353400267960204,3.609741251705839,1.3159676903737196,1.9692456045021054,0.2044404826227154,0.231007736859416,0.48551346612436935,True,False,True,True,True,True,True,True,False,False,False
G4,ppo_privilege_gru_0722_lr1_tkloff,1,evaluation-sp37-ego1582-raceline2-v0.7,ol2_e1582_o1611_s0.7,True,ego_collision,True,True,3.2699999999999743,4.4585950229667235,0.5178513120386583,328,3.2699999999999743,True,1,True,327,terminal_collision_flag,3.2699999999999743,3.2699999999999743,0.0,-3.0969620622893785,0.5178513120386583,0.5178513120386583,2.9399999999999813,0.32999999999999297,-0.5251623421148219,0.3074254029411435,0.6085276197092863,0.38705517116097676,0.8712060734267447,12.59911784103018,17.91073995676866,2.960910751405704,0.3486236499137275,0.06074691445557079,0.4923623576533117,True,False,True,True,True,True,True,True,True,True,False
G4,ppo_privilege_gru_0722_lr1_tkloff,1,evaluation-sp4-ego171-raceline2-v0.8,ol2_e171_o194_s0.8,True,overtake,False,False,,5.411783461126465,0.7507225506715542,802,8.009999999999874,True,1,False,678,closest_approach,6.7799999999999,,,-2.9674902499793063,0.6093136615404546,0.6093136615404546,6.169999999999913,0.609999999999987,-0.5483418922990096,0.43053570321374646,0.697165563257261,0.5020971271162465,0.9424320241403299,8.04903892469734,10.59582514702784,1.6005155358959997,0.46386117211158107,0.7946168893331611,0.697165563257261,False,False,True,True,True,False,False,False,False,False,False
G4,ppo_privilege_gru_0722_lr1_tkloff,1,evaluation-sp45-ego1924-raceline0-v0.7,ol0_e1924_o1919_s0.7,False,overtake,False,False,,4.921744317888375,2.631686231886107,802,8.009999999999874,True,1,False,673,closest_approach,6.729999999999901,,,-3.036418303031155,0.5732524841294548,0.5732524841294548,6.059999999999915,0.6699999999999857,-0.13782360359788712,-0.5084468081411325,0.526795503414383,0.5307313937679197,0.664493184693709,4.658014935954293,7.754420340283778,2.2066045989738408,0.1424185845384992,0.2202947762683627,0.526795503414383,False,False,True,True,True,False,False,False,False,False,False
G4,ppo_privilege_gru_0722_lr1_tkloff,1,evaluation-sp5-ego213-raceline0-v0.7,ol0_e213_o221_s0.7,True,ego_collision,True,True,3.2999999999999736,4.787472434053628,0.3972411263595461,331,3.2999999999999736,True,1,True,330,terminal_collision_flag,3.2999999999999736,3.2999999999999736,0.0,-3.1763834205093247,0.3972411263595461,0.3972411263595461,3.0599999999999787,0.23999999999999488,-0.3652025595102455,-0.32863753869705975,0.49129984868071747,0.3371321058542978,0.733002746126942,7.122990519188485,8.748464059970043,1.2636847532965059,0.2998884564718188,0.0633091136121049,0.45214883647099685,True,False,True,True,True,True,True,True,True,False,False
G4,ppo_privilege_gru_0722_lr1_tkloff,1,evaluation-sp9-ego384-raceline0-v0.7,ol0_e384_o391_s0.7,False,overtake,False,False,,5.316659131933017,1.1217307015164977,802,8.009999999999874,True,1,False,746,closest_approach,7.459999999999885,,,-2.819123226821347,0.457211200193143,0.457211200193143,7.0799999999998935,0.3799999999999919,-0.38863274308324847,-0.5658577860473436,0.6864622662803916,0.5743896343411216,0.8835934778024878,2.0688552145847985,2.546787310512146,0.513658393568399,0.2638990844137383,0.28715081504284456,0.6864622662803916,False,False,True,True,True,False,False,False,False,False,False
G4,ppo_privilege_gru_0722_lr1_tkloff,5,evaluation-sp1-ego42-raceline2-v0.7,ol2_e42_o63_s0.7,True,overtake,False,False,,5.519364160480842,4.483449831785123,802,8.009999999999874,True,1,False,482,closest_approach,4.819999999999942,,,-2.99293232204343,-0.4107661033173713,-0.4107661033173713,,,0.2994899212421764,0.542425398651556,0.6196123998339159,0.8010765758330516,0.542508407038529,10.630790938290927,12.505427056188793,2.0597850623444542,-0.010332225861398592,0.33889659540861916,0.6196123998339159,False,False,False,False,False,False,False,False,False,False,False
G4,ppo_privilege_gru_0722_lr1_tkloff,5,evaluation-sp12-ego513-raceline0-v0.8,ol0_e513_o523_s0.8,False,overtake,False,False,,5.78790031276999,1.2820076069977802,802,8.009999999999874,True,1,False,687,closest_approach,6.869999999999898,,,-2.918793232532323,0.2810574969077777,0.2810574969077777,6.589999999999904,0.27999999999999403,-0.23322876436422438,-0.6792896943403071,0.718213161508344,0.6816578775548336,0.8574396939115082,1.408553453004538,1.7359659773773728,0.263844119518103,0.070421364097216,0.045822881130436866,0.718213161508344,False,False,True,True,False,False,False,False,False,False,False
G4,ppo_privilege_gru_0722_lr1_tkloff,5,evaluation-sp13-ego556-raceline0-v0.8,ol0_e556_o565_s0.8,True,overtake,False,False,,5.1496953805962695,0.43907328748059626,802,8.009999999999874,True,1,False,739,closest_approach,7.389999999999887,,,-3.042886322651867,0.045749038181241986,0.04077444475728953,7.0799999999998935,0.3099999999999934,-0.0034684046066646157,-0.38799634812263334,0.38801185031776436,0.48232926649245506,0.48648213806765883,11.910242622392834,16.059675862738718,3.191889661008377,0.16607744240133543,0.45361580933136764,0.38801185031776436,False,False,True,True,True,False,False,False,False,False,False
G4,ppo_privilege_gru_0722_lr1_tkloff,5,evaluation-sp15-ego641-raceline2-v0.7,ol2_e641_o661_s0.7,True,ego_collision,True,True,4.389999999999951,4.685315351051008,0.3237602714333718,440,4.389999999999951,True,1,True,439,terminal_collision_flag,4.389999999999951,4.389999999999951,0.0,-3.120405458589886,0.3237602714333718,0.3237602714333718,4.1699999999999555,0.2199999999999953,-0.4475742625507462,0.2988017451407451,0.5381497964293948,0.33780487136447024,0.7958003993944913,17.599675301965714,24.2818885544434,5.210882383138773,0.25223532662591786,0.5356020077424279,0.49670633999315233,True,False,True,True,True,True,True,True,True,True,False
G4,ppo_privilege_gru_0722_lr1_tkloff,5,evaluation-sp2-ego85-raceline2-v0.8,ol2_e85_o106_s0.8,True,ego_collision,True,True,5.83999999999992,5.478606377622181,0.10585609615449698,585,5.83999999999992,True,1,True,584,terminal_collision_flag,5.83999999999992,5.83999999999992,0.0,-2.990392967341876,0.10585609615449698,0.10585609615449698,5.699999999999923,0.13999999999999702,-0.04632681467017302,0.34108797381539413,0.34421966771086093,0.41918686421484536,0.4790164215845589,10.218395187823397,13.685177085047142,2.665337229713595,0.3625294208775317,0.5620890678638695,0.34421966771086093,True,False,True,True,True,True,True,True,True,True,False
G4,ppo_privilege_gru_0722_lr1_tkloff,5,evaluation-sp21-ego898-raceline0-v0.7,ol0_e898_o902_s0.7,True,ego_collision,True,True,6.069999999999915,4.99350778853776,0.35451327821729706,608,6.069999999999915,True,1,True,607,terminal_collision_flag,6.069999999999915,6.069999999999915,0.0,-2.9938366206783087,0.4480840399248507,0.35451327821729706,5.619999999999925,0.4499999999999904,-0.11002668775763078,-0.46171994692958973,0.4746484819438258,0.49555595295804133,0.6109064251675572,14.195640049170759,18.8686569582524,3.6990553749081636,0.3266462686415551,0.17540180845891762,0.4746484819438258,True,False,True,True,True,True,True,True,True,True,False
G4,ppo_privilege_gru_0722_lr1_tkloff,5,evaluation-sp30-ego1283-raceline0-v0.7,ol0_e1283_o1279_s0.7,False,overtake,False,False,,5.029382657889009,5.37541568560539,802,8.009999999999874,True,1,False,620,closest_approach,6.199999999999912,,,-2.7444438072821526,0.2949079973213884,0.2949079973213884,5.949999999999918,0.24999999999999467,-0.2115414153596478,-0.7702236351022679,0.7987454027927263,0.7742094016310567,0.9191236257387306,3.0588808160619743,3.7424279142501633,0.7363047194849927,0.05407475264640904,-0.08199966856943253,0.7987454027927263,False,False,True,True,False,False,False,False,False,False,False
G4,ppo_privilege_gru_0722_lr1_tkloff,5,evaluation-sp37-ego1582-raceline2-v0.7,ol2_e1582_o1611_s0.7,True,overtake,False,False,,6.263276668641101,11.739629801062563,802,8.009999999999874,True,1,False,303,closest_approach,3.0299999999999794,,,-3.0969620622893785,0.31479134538960807,0.31479134538960807,2.8899999999999824,0.13999999999999702,-0.2699871579427907,0.5357012529860639,0.599890738305622,0.5360749446654316,0.7749589986003664,14.186208369608496,19.704570185714164,4.720347544665147,-0.018126059257521088,-0.0747006779935766,0.599890738305622,False,False,True,True,False,False,False,False,False,False,False
G4,ppo_privilege_gru_0722_lr1_tkloff,5,evaluation-sp4-ego171-raceline2-v0.8,ol2_e171_o194_s0.8,True,overtake,False,False,,5.414232878726738,0.7481631350374016,802,8.009999999999874,True,1,False,676,closest_approach,6.7599999999999,,,-2.9674902499793063,0.5934566881752517,0.5934566881752517,6.169999999999913,0.5899999999999874,-0.5423494729687945,0.4268327070349563,0.690166002222884,0.4958491870543071,0.9354099662427267,7.685201500828777,10.121036454565695,1.6769128285545245,0.4513970557951172,0.7440643857900471,0.690166002222884,False,False,True,True,True,False,False,False,False,False,False
G4,ppo_privilege_gru_0722_lr1_tkloff,5,evaluation-sp45-ego1924-raceline0-v0.7,ol0_e1924_o1919_s0.7,False,overtake,False,False,,4.833298313335091,1.8954919455958077,802,8.009999999999874,True,1,False,682,closest_approach,6.819999999999899,,,-3.036418303031155,0.3402846664383219,0.22465209580406054,6.089999999999915,0.7299999999999844,-0.08103808837074744,-0.5474253179127276,0.553391046601439,0.5859518403449233,0.6613196970555689,2.4572614577260246,6.017981391330678,2.6201079767464313,0.051593704646126004,0.18634227354313027,0.553391046601439,False,False,True,True,False,False,False,False,False,False,False
G4,ppo_privilege_gru_0722_lr1_tkloff,5,evaluation-sp5-ego213-raceline0-v0.7,ol0_e213_o221_s0.7,True,ego_collision,True,True,3.3099999999999734,4.799753375215455,0.432830344987849,332,3.3099999999999734,True,1,True,331,terminal_collision_flag,3.3099999999999734,3.3099999999999734,0.0,-3.1763834205093247,0.432830344987849,0.432830344987849,3.0599999999999787,0.24999999999999467,-0.4002645678228618,-0.33151381009169617,0.5197240907788819,0.34937040687310034,0.7657457671271813,6.804619734067495,8.476756414707161,1.182606413574304,0.3053010918555666,0.05072814081549737,0.4644382785773949,True,False,True,True,True,True,True,True,True,False,False
G4,ppo_privilege_gru_0722_lr1_tkloff,5,evaluation-sp9-ego384-raceline0-v0.7,ol0_e384_o391_s0.7,False,ego_collision,True,True,7.319999999999888,5.1756072549080345,0.04747106153607206,733,7.319999999999888,True,1,True,732,terminal_collision_flag,7.319999999999888,7.319999999999888,0.0,-2.819123226821347,0.04747106153607206,0.04747106153607206,7.049999999999894,0.26999999999999424,0.0069384271740150355,-0.35229660862942974,0.3523649276296475,0.46074432170605795,0.4519256072214961,5.660552010538219,6.748570000107205,0.9744399763339681,0.4362501240134831,0.4090200009208604,0.3523649276296475,True,False,True,False,True,False,False,False,False,False,False
G4,ppo_privilege_gru_0722_lr1_tkloff,10,evaluation-sp1-ego42-raceline2-v0.7,ol2_e42_o63_s0.7,True,overtake,False,False,,5.494362918892723,4.307798488248409,802,8.009999999999874,True,1,False,504,closest_approach,5.039999999999937,,,-2.99293232204343,-0.6533775489673701,-0.6533775489673701,,,0.5113035441345704,0.6683528794537463,0.8415027544332143,1.04344762269926,0.7040389407700655,7.769899500384666,9.356646566970815,1.5460769505065892,-0.2163594168369402,0.17178408428734493,0.8415027544332143,False,False,False,False,False,False,False,False,False,False,False
G4,ppo_privilege_gru_0722_lr1_tkloff,10,evaluation-sp12-ego513-raceline0-v0.8,ol0_e513_o523_s0.8,False,ego_collision,True,True,6.039999999999916,6.029926967718413,0.07928271669746323,605,6.039999999999916,True,1,True,604,terminal_collision_flag,6.039999999999916,6.039999999999916,0.0,-2.918793232532323,0.2268215132403668,0.07928271669746323,5.479999999999928,0.5599999999999881,-0.058964236144649664,-0.32561684067516017,0.3309125384076503,0.3992541184652925,0.4772864601466204,2.3453976729940216,2.6757139416418445,0.306084650511138,0.1772696894805984,0.40477033618079195,0.3309125384076503,True,False,True,True,True,True,True,False,False,False,False
G4,ppo_privilege_gru_0722_lr1_tkloff,10,evaluation-sp13-ego556-raceline0-v0.8,ol0_e556_o565_s0.8,True,overtake,False,False,,5.377832794816617,2.49102957003484,802,8.009999999999874,True,1,False,699,closest_approach,6.989999999999895,,,-3.042886322651867,0.42545363625472987,0.40651334805485817,6.529999999999905,0.4599999999999902,-0.1882450949966022,-0.5215816036371754,0.5545120242546661,0.5314145556389833,0.7076480340826481,20.19605530727681,25.962176925372987,5.295944965973011,0.23995292013125014,0.21437125204429108,0.5545120242546661,False,False,True,True,True,False,False,False,False,False,False
G4,ppo_privilege_gru_0722_lr1_tkloff,10,evaluation-sp15-ego641-raceline2-v0.7,ol2_e641_o661_s0.7,True,ego_collision,True,True,4.40999999999995,4.677235463862932,0.36926723802250194,442,4.40999999999995,True,1,True,441,terminal_collision_flag,4.40999999999995,4.40999999999995,0.0,-3.120405458589886,0.36926723802250194,0.36926723802250194,4.1699999999999555,0.23999999999999488,-0.4462267735637687,0.30673075251843535,0.54148138286155,0.3442245768661365,0.7975673116750976,17.108894709220753,23.702486946585907,5.129415636557664,0.2442716625898202,0.5004231313972629,0.5009145738326567,True,False,True,True,True,True,True,True,True,True,False
G4,ppo_privilege_gru_0722_lr1_tkloff,10,evaluation-sp2-ego85-raceline2-v0.8,ol2_e85_o106_s0.8,True,overtake,False,False,,5.483313495181427,0.43516776241318667,802,8.009999999999874,True,1,False,597,closest_approach,5.969999999999917,,,-2.990392967341876,0.11951607275051401,0.10131058397894321,5.769999999999921,0.19999999999999574,-0.07147586993154376,0.34997722796209574,0.3572014278729912,0.4125976920854118,0.503139011243214,8.417442933016426,11.43085919431211,1.8513426588334565,0.31671939306390595,0.36340249205377984,0.3572014278729912,False,False,True,True,True,False,False,False,False,False,False
G4,ppo_privilege_gru_0722_lr1_tkloff,10,evaluation-sp21-ego898-raceline0-v0.7,ol0_e898_o902_s0.7,True,ego_collision,True,True,6.0499999999999154,5.003720023730455,0.3887299725805633,606,6.0499999999999154,True,1,True,605,terminal_collision_flag,6.0499999999999154,6.0499999999999154,0.0,-2.9938366206783087,0.5118726384325498,0.3887299725805633,5.599999999999925,0.4499999999999904,-0.14905595155738452,-0.4648990861644726,0.4882098288761085,0.48579459147664056,0.6394538989751506,13.732437598097816,18.942796791640166,4.337955733415003,0.31954549092749474,0.19066710158330336,0.4882098288761085,True,False,True,True,True,True,True,True,True,True,False
G4,ppo_privilege_gru_0722_lr1_tkloff,10,evaluation-sp30-ego1283-raceline0-v0.7,ol0_e1283_o1279_s0.7,False,overtake,False,False,,5.200222778036747,6.559547383181211,802,8.009999999999874,True,1,False,581,closest_approach,5.809999999999921,,,-2.7444438072821526,0.07345942416498019,0.07345942416498019,5.779999999999921,0.02999999999999936,-0.029731479170029274,-0.8430663033311504,0.8435903938915433,0.8823267505564321,0.9016590323313498,1.4218390469846118,1.7730792960656765,0.27132118620820345,-0.08269593286701238,-0.20450153315353303,0.8435903938915433,False,False,True,True,False,False,False,False,False,False,False
G4,ppo_privilege_gru_0722_lr1_tkloff,10,evaluation-sp37-ego1582-raceline2-v0.7,ol2_e1582_o1611_s0.7,True,overtake,False,False,,6.29132994516386,11.960382147650193,802,8.009999999999874,True,1,False,301,closest_approach,3.00999999999998,,,-3.0969620622893785,0.274661391757661,0.274661391757661,2.8899999999999824,0.11999999999999744,-0.2580470665201431,0.5503143920606808,0.6078110056989491,0.5512412539597202,0.7766604903240868,13.760507263235839,19.0432781386462,4.563125708192386,-0.06123288155795603,-0.11432486645749051,0.6078110056989491,False,False,True,True,False,False,False,False,False,False,False
G4,ppo_privilege_gru_0722_lr1_tkloff,10,evaluation-sp4-ego171-raceline2-v0.8,ol2_e171_o194_s0.8,True,overtake,False,False,,5.448900594990058,0.9899075638329862,802,8.009999999999874,True,1,False,673,closest_approach,6.729999999999901,,,-2.9674902499793063,0.5716875144721314,0.5716875144721314,6.169999999999913,0.5599999999999881,-0.5137296793479602,0.4277821715421135,0.6685175911913195,0.48275517160402054,0.9104828300160642,7.6540769104245845,10.025130851538675,1.7405848570979214,0.4619166663264276,0.6990037756823118,0.6685175911913195,False,False,True,True,True,False,False,False,False,False,False
G4,ppo_privilege_gru_0722_lr1_tkloff,10,evaluation-sp45-ego1924-raceline0-v0.7,ol0_e1924_o1919_s0.7,False,ego_collision,True,True,7.139999999999892,4.902575693188643,0.3728577172130656,715,7.139999999999892,True,1,True,714,terminal_collision_flag,7.139999999999892,7.139999999999892,0.0,-3.036418303031155,0.4428739240011339,0.3728577172130656,6.059999999999915,1.079999999999977,-0.23821118223760335,-0.4684155880957764,0.525507117472398,0.47126982166943254,0.705988821591361,4.827001958682771,3.9585057731973468,1.8660361878519935,0.07382676011586625,0.162221291419888,0.525507117472398,True,False,True,True,False,True,False,False,False,False,False
G4,ppo_privilege_gru_0722_lr1_tkloff,10,evaluation-sp5-ego213-raceline0-v0.7,ol0_e213_o221_s0.7,True,ego_collision,True,True,3.329999999999973,4.814735329995558,0.47353067188780074,334,3.329999999999973,True,1,True,333,terminal_collision_flag,3.329999999999973,3.329999999999973,0.0,-3.1763834205093247,0.47353067188780074,0.47353067188780074,3.0599999999999787,0.26999999999999424,-0.4372301235817232,-0.32867521178175757,0.5469895573108066,0.3601445600445364,0.7980545391666358,6.900795299399191,8.530096166853324,1.236106757148132,0.3086095860540205,0.08271845149975415,0.4665259337090488,True,False,True,True,True,True,True,True,True,False,False
G4,ppo_privilege_gru_0722_lr1_tkloff,10,evaluation-sp9-ego384-raceline0-v0.7,ol0_e384_o391_s0.7,False,ego_collision,True,True,6.879999999999898,5.1565304207152405,0.009715233989169292,689,6.879999999999898,True,1,True,688,terminal_collision_flag,6.879999999999898,6.879999999999898,0.0,-2.819123226821347,0.07511427432845608,0.009715233989169292,6.579999999999904,0.2999999999999936,0.08635042169627706,-0.35836321285516726,0.36861984164583816,0.5196766612412409,0.4121860539503515,10.46328533685224,12.500083801602253,1.7943187779505037,0.3475400425570374,0.12902439199723548,0.36861984164583816,True,False,True,False,True,False,False,False,False,False,False
G4,ppo_privilege_gru_0722_lr1_tkloff,15,evaluation-sp1-ego42-raceline2-v0.7,ol2_e42_o63_s0.7,True,overtake,False,False,,5.588726836851167,4.98453373565863,802,8.009999999999874,True,1,False,486,closest_approach,4.859999999999941,,,-2.99293232204343,-0.10379703726886191,-0.10379703726886191,,,0.07827937935093444,0.5951672869905598,0.6002930623747629,0.6998955641799802,0.6317038235690273,8.239486895626845,10.290421654731615,1.644232621943917,0.06374740121722389,0.0810467814850162,0.6002930623747629,False,False,False,False,False,False,False,False,False,False,False
G4,ppo_privilege_gru_0722_lr1_tkloff,15,evaluation-sp12-ego513-raceline0-v0.8,ol0_e513_o523_s0.8,False,ego_collision,True,True,6.009999999999916,6.086742760162202,0.46530797118794,602,6.009999999999916,True,1,True,601,terminal_collision_flag,6.009999999999916,6.009999999999916,0.0,-2.918793232532323,0.46530797118794,0.46530797118794,5.37999999999993,0.6299999999999866,-0.4442341537160211,-0.32190653677964953,0.5486053242079021,0.35694816513601113,0.8017004496097963,5.1008623982189185,5.911697733529959,0.6731646915295074,0.07858212131092823,0.3823583816521343,0.43647307610638597,True,False,True,True,False,True,False,False,False,False,False
G4,ppo_privilege_gru_0722_lr1_tkloff,15,evaluation-sp13-ego556-raceline0-v0.8,ol0_e556_o565_s0.8,True,overtake,False,False,,5.59194782909149,4.047637231754095,802,8.009999999999874,True,1,False,659,closest_approach,6.589999999999904,,,-3.042886322651867,0.58148653491196,0.58148653491196,6.339999999999909,0.24999999999999467,-0.10695174303428046,-0.7120727446719308,0.7200599065652021,0.7352239509719504,0.8152412403715664,13.350969478484604,17.617352132305818,3.8260759662638417,0.18607057985127629,0.08966712782084618,0.7200599065652021,False,False,True,True,True,False,False,False,False,False,False
G4,ppo_privilege_gru_0722_lr1_tkloff,15,evaluation-sp15-ego641-raceline2-v0.7,ol2_e641_o661_s0.7,True,overtake,False,False,,5.93235766239809,9.357141114381477,802,8.009999999999874,True,1,False,417,closest_approach,4.1699999999999555,,,-3.120405458589886,0.27143191926097643,0.27143191926097643,4.059999999999958,0.10999999999999766,-0.3404623200042802,0.5746517634758155,0.6679365543287487,0.576863151021175,0.8530576687487452,17.78974050589679,24.410512421842206,5.465861693933088,-0.1412563243634049,0.3239484221481005,0.6679365543287487,False,False,True,True,False,False,False,False,False,False,False
G4,ppo_privilege_gru_0722_lr1_tkloff,15,evaluation-sp2-ego85-raceline2-v0.8,ol2_e85_o106_s0.8,True,ego_collision,True,True,5.7199999999999225,5.589865242274773,0.5335218367190748,573,5.7199999999999225,True,1,True,572,terminal_collision_flag,5.7199999999999225,5.7199999999999225,0.0,-2.990392967341876,0.5335218367190748,0.5335218367190748,5.399999999999929,0.3199999999999932,-0.4973045253768708,0.3383876433595271,0.6015130822673179,0.39683921608145556,0.8569449298859958,9.862332009126392,13.198543545566125,2.4171331777823006,0.40356187824212875,0.5752900227702069,0.5848447455738813,True,False,True,True,True,True,True,True,True,True,False
G4,ppo_privilege_gru_0722_lr1_tkloff,15,evaluation-sp21-ego898-raceline0-v0.7,ol0_e898_o902_s0.7,True,overtake,False,False,,5.517616649453454,5.44583541141003,802,8.009999999999874,True,1,False,569,closest_approach,5.689999999999923,,,-2.9938366206783087,0.6862346979177119,0.6862346979177119,5.37999999999993,0.3099999999999934,-0.0761481622178291,-0.7229302327316065,0.7269296142038288,0.7538970287248695,0.8103657187300487,9.948548488100085,13.416073071837483,2.865637490417873,0.27078792207056956,0.22290878001946735,0.7269296142038288,False,False,True,True,True,False,False,False,False,False,False
G4,ppo_privilege_gru_0722_lr1_tkloff,15,evaluation-sp30-ego1283-raceline0-v0.7,ol0_e1283_o1279_s0.7,False,overtake,False,False,,5.362278277899652,7.888073787681549,802,8.009999999999874,True,1,False,499,closest_approach,4.989999999999938,,,-2.7444438072821526,-0.1475613091072887,-0.1475613091072887,,,0.13041902471228356,-0.6824634689412905,0.6948132903494889,0.8015663059157411,0.7008726518513606,1.6007721793242036,1.9046570067129815,0.26493080792253776,-0.11155497466589037,-0.11657449740982506,0.6948132903494889,False,False,False,False,False,False,False,False,False,False,False
G4,ppo_privilege_gru_0722_lr1_tkloff,15,evaluation-sp37-ego1582-raceline2-v0.7,ol2_e1582_o1611_s0.7,True,overtake,False,False,,6.41085349946863,12.942199402860808,802,8.009999999999874,True,1,False,284,closest_approach,2.8399999999999834,,,-3.0969620622893785,0.1474511625225432,0.1474511625225432,2.7999999999999843,0.03999999999999915,-0.22024443703671365,0.6816387934908774,0.7163372507676241,0.6851987181511828,0.851458061397396,14.34540155418619,19.523926332898288,4.404681587526774,-0.17489820692892777,-0.14548285506185654,0.7163372507676241,False,False,True,True,False,False,False,False,False,False,False
G4,ppo_privilege_gru_0722_lr1_tkloff,15,evaluation-sp4-ego171-raceline2-v0.8,ol2_e171_o194_s0.8,True,overtake,False,False,,5.515402215378327,1.4917266153697142,802,8.009999999999874,True,1,False,648,closest_approach,6.479999999999906,,,-2.9674902499793063,0.6055475757917748,0.6055475757917748,6.019999999999916,0.4599999999999902,-0.5840770328586955,0.6349052513142227,0.8626996339743016,0.6997042085062448,1.0803311240158906,8.354062425324708,10.911836314914114,2.136741093029634,0.4375813122261861,0.5438489331386475,0.8626996339743016,False,False,True,True,True,False,False,False,False,False,False
G4,ppo_privilege_gru_0722_lr1_tkloff,15,evaluation-sp45-ego1924-raceline0-v0.7,ol0_e1924_o1919_s0.7,False,overtake,False,False,,5.6085712020938105,7.623999587534541,802,8.009999999999874,True,1,False,553,closest_approach,5.5299999999999265,,,-3.036418303031155,0.10618913298822008,0.10618913298822008,5.469999999999928,0.05999999999999872,-0.07312541447953289,-0.9662089214024633,0.968972138939255,0.9902495976481818,1.0321917198072479,1.4760489952724594,1.7926363485707595,0.28082839999641496,-0.04387429762176509,-0.11170259709853048,0.968972138939255,False,False,True,True,False,False,False,False,False,False,False
G4,ppo_privilege_gru_0722_lr1_tkloff,15,evaluation-sp5-ego213-raceline0-v0.7,ol0_e213_o221_s0.7,True,ego_collision,True,True,3.2999999999999736,4.840559247231603,0.54128076466165,331,3.2999999999999736,True,1,True,330,terminal_collision_flag,3.2999999999999736,3.2999999999999736,0.0,-3.1763834205093247,0.54128076466165,0.54128076466165,2.99999999999998,0.2999999999999936,-0.504477491485182,-0.33484868620635994,0.605492511984506,0.3976483836354696,0.8621589917936904,7.173706044979515,8.851622577083516,1.2590827721954503,0.2905508726711165,0.06913814478454272,0.49021229299097707,True,False,True,True,True,True,True,True,True,False,False
G4,ppo_privilege_gru_0722_lr1_tkloff,15,evaluation-sp9-ego384-raceline0-v0.7,ol0_e384_o391_s0.7,False,ego_collision,True,True,7.039999999999894,5.148787440213658,-0.06494336045514615,705,7.039999999999894,True,1,True,704,terminal_collision_flag,7.039999999999894,7.039999999999894,0.0,-2.819123226821347,0.011237058381851739,-0.06494336045514615,6.7999999999998995,0.23999999999999488,0.13966941802420113,-0.3410845705587974,0.36857323641916584,0.548593194506216,0.37274383717301296,9.311980161849139,11.092712795713927,1.4986560119376655,0.40454726219365356,0.23260397766285223,0.36857323641916584,True,False,True,False,True,False,False,False,False,False,False
G4,ppo_privilege_gru_0722_lr1_tkloff,20,evaluation-sp1-ego42-raceline2-v0.7,ol2_e42_o63_s0.7,True,overtake,False,False,,5.599117244410256,5.088446689214123,802,8.009999999999874,True,1,False,482,closest_approach,4.819999999999942,,,-2.99293232204343,-0.33223858074646273,-0.33223858074646273,,,0.2504088969286953,0.6157092063699271,0.6646822116393152,0.8192311045659673,0.6169807794827066,9.126603446428069,10.952014508450702,1.8171080940438809,-0.023608100673866206,0.22862915782501958,0.6646822116393152,False,False,False,False,False,False,False,False,False,False,False
G4,ppo_privilege_gru_0722_lr1_tkloff,20,evaluation-sp12-ego513-raceline0-v0.8,ol0_e513_o523_s0.8,False,ego_collision,True,True,6.009999999999916,6.085946837658188,0.44763612577119716,602,6.009999999999916,True,1,True,601,terminal_collision_flag,6.009999999999916,6.009999999999916,0.0,-2.918793232532323,0.44763612577119716,0.44763612577119716,5.3899999999999295,0.6199999999999868,-0.4278673897072658,-0.3224534692676055,0.5357674337038636,0.35069025790205477,0.7869624063751953,4.476665526333195,5.189516941935011,0.6229156974522665,0.10219324252052236,0.38447585227330344,0.44974803578381783,True,False,True,True,True,True,True,True,False,False,False
G4,ppo_privilege_gru_0722_lr1_tkloff,20,evaluation-sp13-ego556-raceline0-v0.8,ol0_e556_o565_s0.8,True,overtake,False,False,,5.422548493071599,3.0285878740073997,802,8.009999999999874,True,1,False,691,closest_approach,6.909999999999897,,,-3.042886322651867,0.4774437316418698,0.4774437316418698,6.439999999999907,0.46999999999999,-0.19507871949699196,-0.5212069619840948,0.5565181075412333,0.5297799040290414,0.7120098744606924,23.34958337917731,29.567611396152525,5.675528643505837,0.21614316138460066,0.10312399496510571,0.5565181075412333,False,False,True,True,True,False,False,False,False,False,False
G4,ppo_privilege_gru_0722_lr1_tkloff,20,evaluation-sp15-ego641-raceline2-v0.7,ol2_e641_o661_s0.7,True,overtake,False,False,,5.940858555995107,9.333792328238445,802,8.009999999999874,True,1,False,413,closest_approach,4.129999999999956,,,-3.120405458589886,0.23471063322770647,0.23471063322770647,3.9999999999999587,0.12999999999999767,-0.3502526608557129,0.5342806084533007,0.6388526395075286,0.5376673243832312,0.8338940210254836,18.945124741539452,25.613866663975145,5.596918478945264,-0.05435969164896404,0.37968341308275866,0.6388526395075286,False,False,True,True,False,False,False,False,False,False,False
G4,ppo_privilege_gru_0722_lr1_tkloff,20,evaluation-sp2-ego85-raceline2-v0.8,ol2_e85_o106_s0.8,True,ego_collision,True,True,5.779999999999921,5.557678971786279,0.47267870628863307,579,5.779999999999921,True,1,True,578,terminal_collision_flag,5.779999999999921,5.779999999999921,0.0,-2.990392967341876,0.47267870628863307,0.47267870628863307,5.469999999999928,0.3099999999999934,-0.4249109614747848,0.3372856424530313,0.5425043131500247,0.36326653043048834,0.7904804155965885,9.899450209372896,13.412834512627265,2.4647986555541292,0.41080030037142545,0.5616308627511504,0.5317155533957498,True,False,True,True,True,True,True,True,True,True,False
G4,ppo_privilege_gru_0722_lr1_tkloff,20,evaluation-sp21-ego898-raceline0-v0.7,ol0_e898_o902_s0.7,True,overtake,False,False,,5.646697108773084,6.412033698695126,802,8.009999999999874,True,1,False,560,closest_approach,5.599999999999925,,,-2.9938366206783087,0.6691439953815177,0.6691439953815177,5.219999999999933,0.3799999999999919,-0.0741858735603533,-0.7650135962163065,0.7686022028538032,0.7948720271633125,0.8472763143725449,9.578773501024813,12.980854269945176,2.7053963039059115,0.23127145749363165,0.17597606092374596,0.7686022028538032,False,False,True,True,True,False,False,False,False,False,False
G4,ppo_privilege_gru_0722_lr1_tkloff,20,evaluation-sp30-ego1283-raceline0-v0.7,ol0_e1283_o1279_s0.7,False,overtake,False,False,,5.343515732445177,7.839676790894032,802,8.009999999999874,True,1,False,495,closest_approach,4.949999999999939,,,-2.7444438072821526,-0.16142871799917202,-0.16142871799917202,,,0.14614387125753328,-0.6293378562851704,0.6460837162936024,0.7656942038367024,0.6455700760803453,2.3750475165019154,2.7945010849154825,0.386754129851185,-0.10832495464324676,-0.06553549690989036,0.6460837162936024,False,False,False,False,False,False,False,False,False,False,False
G4,ppo_privilege_gru_0722_lr1_tkloff,20,evaluation-sp37-ego1582-raceline2-v0.7,ol2_e1582_o1611_s0.7,True,overtake,False,False,,6.382383319907726,12.63828940761806,802,8.009999999999874,True,1,False,291,closest_approach,2.909999999999982,,,-3.0969620622893785,0.24230609784552826,0.24230609784552826,2.809999999999984,0.09999999999999787,-0.26268385306273334,0.5806385694646563,0.6372942452351552,0.5812807585267732,0.8016237208230752,14.262527118168594,19.59092379516497,4.712795813497171,-0.09889546136730548,0.06290637892118733,0.6372942452351552,False,False,True,True,False,False,False,False,False,False,False
G4,ppo_privilege_gru_0722_lr1_tkloff,20,evaluation-sp4-ego171-raceline2-v0.8,ol2_e171_o194_s0.8,True,overtake,False,False,,5.500904296471614,1.3411398131636645,802,8.009999999999874,True,1,False,662,closest_approach,6.619999999999903,,,-2.9674902499793063,0.6126469273105783,0.6126469273105783,6.119999999999914,0.49999999999998934,-0.5636021162270611,0.5235446258103934,0.7692504927723911,0.5907259036294846,1.001366839895481,8.184413218412526,10.664969033223747,2.0415375006301586,0.4548046618846435,0.634256178785268,0.7692504927723911,False,False,True,True,True,False,False,False,False,False,False
G4,ppo_privilege_gru_0722_lr1_tkloff,20,evaluation-sp45-ego1924-raceline0-v0.7,ol0_e1924_o1919_s0.7,False,overtake,False,False,,5.648224211962852,8.031878861325424,802,8.009999999999874,True,1,False,530,closest_approach,5.299999999999931,,,-3.036418303031155,-0.05287709069654056,-0.05287709069654056,,,0.047066651373933954,-0.880797609073774,0.8820542487974491,0.9430897919172458,0.9136854163358145,1.1300851046244593,1.3368070233486946,0.26997560778900276,-0.04089729860943081,-0.05674432856010758,0.8820542487974491,False,False,False,False,False,False,False,False,False,False,False
G4,ppo_privilege_gru_0722_lr1_tkloff,20,evaluation-sp5-ego213-raceline0-v0.7,ol0_e213_o221_s0.7,True,overtake,False,False,,6.138286407895577,10.725940441296046,802,8.009999999999874,True,1,False,304,closest_approach,3.039999999999979,,,-3.1763834205093247,0.1882083500844942,0.1882083500844942,2.949999999999981,0.08999999999999808,-0.17502343208078658,-0.4863485218393082,0.5168830491248652,0.4997544355638693,0.6728905387055714,9.208138240503779,11.612441072949913,1.7197723093254524,0.11368712574774831,-0.37429913570087536,0.5168830491248652,False,False,True,True,True,False,False,False,False,False,False
G4,ppo_privilege_gru_0722_lr1_tkloff,20,evaluation-sp9-ego384-raceline0-v0.7,ol0_e384_o391_s0.7,False,ego_collision,True,True,7.909999999999876,5.231328424903625,0.4556550810647195,792,7.909999999999876,True,1,True,791,terminal_collision_flag,7.909999999999876,7.909999999999876,0.0,-2.819123226821347,0.4556550810647195,0.4556550810647195,6.909999999999897,0.9999999999999787,-0.43352639357702216,-0.3298157262046437,0.5447233675727485,0.3596918666096341,0.7951533534196209,4.919629299039093,5.756399507361048,0.498893466216483,0.016460856686930647,0.39883708146280417,0.45087572823335087,True,False,True,True,False,True,False,False,False,False,False
G4,ppo_privilege_gru_0722_lr5_tkloff,1,evaluation-sp1-ego42-raceline2-v0.7,ol2_e42_o63_s0.7,True,ego_collision,True,True,4.729999999999944,5.4515169833887915,0.4326551772963114,474,4.729999999999944,True,1,True,473,terminal_collision_flag,4.729999999999944,4.729999999999944,0.0,-2.99293232204343,0.4326551772963114,0.4326551772963114,4.389999999999951,0.33999999999999275,-0.4591503286838635,0.30026123419984363,0.5486126439426212,0.34462826706042615,0.807083033975039,8.49747964593245,10.093077424327278,1.685319605585081,0.4195812079747929,0.5832343217918843,0.502658672401198,True,False,True,True,True,True,True,True,True,True,False
G4,ppo_privilege_gru_0722_lr5_tkloff,1,evaluation-sp12-ego513-raceline0-v0.8,ol0_e513_o523_s0.8,False,ego_collision,True,True,5.879999999999919,6.028455376780877,0.07289362434448776,589,5.879999999999919,True,1,True,588,terminal_collision_flag,5.879999999999919,5.879999999999919,0.0,-2.918793232532323,0.12350325348208457,0.07289362434448776,5.549999999999926,0.32999999999999297,-0.059546937141583614,-0.31610699280129984,0.32166670424653016,0.391193360218072,0.4712819667279273,5.732140605285574,6.726090079828257,0.824946704368674,0.2431504211530069,0.36163087737037414,0.32166670424653016,True,False,True,True,True,True,True,True,True,False,False
G4,ppo_privilege_gru_0722_lr5_tkloff,1,evaluation-sp13-ego556-raceline0-v0.8,ol0_e556_o565_s0.8,True,overtake,False,False,,5.399065839273163,2.6521520530470752,802,8.009999999999874,True,1,False,683,closest_approach,6.829999999999899,,,-3.042886322651867,0.22517880900417708,0.22517880900417708,6.519999999999905,0.3099999999999934,-0.10422052602511071,-0.5619062533140881,0.5714897685509573,0.5918214684039965,0.6864025500047265,13.5907298879712,18.310134759111385,3.707644675320098,0.2717754672171121,0.09731374791934799,0.5714897685509573,False,False,True,True,True,False,False,False,False,False,False
G4,ppo_privilege_gru_0722_lr5_tkloff,1,evaluation-sp15-ego641-raceline2-v0.7,ol2_e641_o661_s0.7,True,ego_collision,True,True,4.379999999999951,4.683046784410335,0.28233495547877396,439,4.379999999999951,True,1,True,438,terminal_collision_flag,4.379999999999951,4.379999999999951,0.0,-3.120405458589886,0.28233495547877396,0.28233495547877396,4.1699999999999555,0.20999999999999552,-0.408167971859645,0.3065883117346478,0.5104874985191288,0.32857276586126766,0.7625187930949057,17.80193550300941,24.37891865587211,5.158892843513975,0.20196584753284536,0.4978816977444029,0.4803630383228051,True,False,True,True,True,True,True,True,True,True,False
G4,ppo_privilege_gru_0722_lr5_tkloff,1,evaluation-sp2-ego85-raceline2-v0.8,ol2_e85_o106_s0.8,True,ego_collision,True,True,5.7199999999999225,5.559605549233182,0.34643994213490714,573,5.7199999999999225,True,1,True,572,terminal_collision_flag,5.7199999999999225,5.7199999999999225,0.0,-2.990392967341876,0.34643994213490714,0.34643994213490714,5.479999999999928,0.23999999999999488,-0.2983599945337323,0.3500517518963869,0.45995099232842007,0.3501515650605229,0.68461939219793,11.383421940931145,15.184055826454081,3.1668956792801115,0.3431585784633691,0.5795531457918965,0.45995099232842007,True,False,True,True,True,True,True,True,True,True,False
G4,ppo_privilege_gru_0722_lr5_tkloff,1,evaluation-sp21-ego898-raceline0-v0.7,ol0_e898_o902_s0.7,True,ego_collision,True,True,6.109999999999914,4.966776899841942,0.1947875032968227,612,6.109999999999914,True,1,True,611,terminal_collision_flag,6.109999999999914,6.109999999999914,0.0,-2.9938366206783087,0.286560341880687,0.1947875032968227,5.689999999999923,0.41999999999999105,-0.016200358809154075,-0.44419308835872595,0.4444884153397119,0.5217985657913395,0.5395054767845435,13.596004334043654,18.215572815952864,3.4343765185815323,0.3556417443745906,0.20316793647047993,0.4444884153397119,True,False,True,True,True,True,True,True,True,True,False
G4,ppo_privilege_gru_0722_lr5_tkloff,1,evaluation-sp30-ego1283-raceline0-v0.7,ol0_e1283_o1279_s0.7,False,overtake,False,False,,4.992897116485192,5.340174478778977,802,8.009999999999874,True,1,False,615,closest_approach,6.149999999999913,,,-2.7444438072821526,-0.07719148751368721,-0.07719148751368721,,,0.060999986159951,-0.5794740560218024,0.5826758789531905,0.6774888721496795,0.6230820073963792,1.7515758477698142,2.2334445308364015,0.7170485665082336,-0.1287730780626492,-0.13979978907454105,0.5826758789531905,False,False,False,False,False,False,False,False,False,False,False
G4,ppo_privilege_gru_0722_lr5_tkloff,1,evaluation-sp37-ego1582-raceline2-v0.7,ol2_e1582_o1611_s0.7,True,overtake,False,False,,6.228681487037801,11.355942799977129,802,8.009999999999874,True,1,False,304,closest_approach,3.039999999999979,,,-3.0969620622893785,0.25005389878236883,0.25005389878236883,2.9399999999999813,0.09999999999999787,-0.23122889515671338,0.48780758570382576,0.539836125713711,0.49133520475811204,0.713887807583575,13.982913792683117,19.281769068130505,4.5781731442079865,-0.0482675696504401,-0.10356544112692145,0.539836125713711,False,False,True,True,False,False,False,False,False,False,False
G4,ppo_privilege_gru_0722_lr5_tkloff,1,evaluation-sp4-ego171-raceline2-v0.8,ol2_e171_o194_s0.8,True,overtake,False,False,,5.4780523391219615,1.2662672636401737,802,8.009999999999874,True,1,False,657,closest_approach,6.569999999999904,,,-2.9674902499793063,0.6291284216544568,0.6291284216544568,6.069999999999915,0.49999999999998934,-0.5877047227804104,0.5539446294781951,0.8076208848872929,0.6288741960785924,1.0378922067916168,8.110342533526632,10.542272600094572,1.9270591087656597,0.5144711701468678,0.6069806854109168,0.8076208848872929,False,False,True,True,True,False,False,False,False,False,False
G4,ppo_privilege_gru_0722_lr5_tkloff,1,evaluation-sp45-ego1924-raceline0-v0.7,ol0_e1924_o1919_s0.7,False,overtake,False,False,,5.494795478162648,6.525647655067189,802,8.009999999999874,True,1,False,586,closest_approach,5.8599999999999195,,,-3.036418303031155,0.23111272694922036,0.23111272694922036,5.739999999999922,0.11999999999999744,-0.1654517623437315,-0.9242923712785308,0.9389838514406603,0.9326460481377551,1.0304138466779744,1.5313846159722069,1.911053795814779,0.27773551045572203,0.0506024494690509,-0.04794065385583701,0.9389838514406603,False,False,True,True,False,False,False,False,False,False,False
G4,ppo_privilege_gru_0722_lr5_tkloff,1,evaluation-sp5-ego213-raceline0-v0.7,ol0_e213_o221_s0.7,True,ego_collision,True,True,3.319999999999973,4.793311927143862,0.4094882651064893,333,3.319999999999973,True,1,True,332,terminal_collision_flag,3.319999999999973,3.319999999999973,0.0,-3.1763834205093247,0.4094882651064893,0.4094882651064893,3.0699999999999785,0.24999999999999467,-0.3769898717748656,-0.32777464738652684,0.49955738698390956,0.33912159657086066,0.7431767680166096,6.824747955091971,8.452558797803233,1.2213786617394355,0.3095302597058235,0.07435198760592976,0.4527142938912133,True,False,True,True,True,True,True,True,True,False,False
G4,ppo_privilege_gru_0722_lr5_tkloff,1,evaluation-sp9-ego384-raceline0-v0.7,ol0_e384_o391_s0.7,False,overtake,False,False,,5.317256082716129,1.1060130557282832,802,8.009999999999874,True,1,False,748,closest_approach,7.479999999999885,,,-2.819123226821347,0.4469957696425979,0.4469957696425979,7.089999999999893,0.3899999999999917,-0.38053552406162294,-0.5696112468445063,0.6850286545865122,0.5767613489554113,0.8798152428551964,2.0325758030695535,2.503900622263105,0.5649637693811669,0.27330151400405,0.2937884015428138,0.6850286545865122,False,False,True,True,True,False,False,False,False,False,False
G4,ppo_privilege_gru_0722_lr5_tkloff,5,evaluation-sp1-ego42-raceline2-v0.7,ol2_e42_o63_s0.7,True,overtake,False,False,,5.546540721329118,4.710625550318355,802,8.009999999999874,True,1,False,468,closest_approach,4.679999999999945,,,-2.99293232204343,0.0011287013205674157,0.0011287013205674157,4.679999999999945,0.0,-0.09483189481691338,0.42272645742385256,0.43323290050582075,0.4656052481307278,0.5716583289645102,14.789909575225163,17.103120196794787,2.656070905182174,0.2802867617409665,0.43614773251657785,0.43323290050582075,False,False,True,True,True,False,False,False,False,False,False
G4,ppo_privilege_gru_0722_lr5_tkloff,5,evaluation-sp12-ego513-raceline0-v0.8,ol0_e513_o523_s0.8,False,ego_collision,True,True,7.149999999999892,5.923380965592597,0.43263285054504763,716,7.149999999999892,True,1,True,715,terminal_collision_flag,7.149999999999892,7.149999999999892,0.0,-2.918793232532323,0.43263285054504763,0.43263285054504763,5.629999999999924,1.5199999999999676,-0.4131242360654282,-0.34656773346238035,0.5392409742424022,0.3677890310816063,0.7838959658142421,4.278418545972635,5.095369128196884,0.8674684150260433,0.05325060352566302,0.004465931294727277,0.3440696914206131,True,False,True,True,False,True,False,False,False,False,False
G4,ppo_privilege_gru_0722_lr5_tkloff,5,evaluation-sp13-ego556-raceline0-v0.8,ol0_e556_o565_s0.8,True,ego_collision,True,True,7.0799999999998935,5.31886837456628,0.19183962545554323,709,7.0799999999998935,True,1,True,708,terminal_collision_flag,7.0799999999998935,7.0799999999998935,0.0,-3.042886322651867,0.19183962545554323,0.19183962545554323,6.9399999999998965,0.13999999999999702,-0.02432051695771191,-0.46896920284784466,0.46959940456183846,0.5389969396289374,0.5645613346663994,14.869517650541383,19.835022751702468,4.181791057195126,0.29050650832874897,0.24372984082596322,0.46959940456183846,True,False,True,True,True,True,True,True,True,True,False
G4,ppo_privilege_gru_0722_lr5_tkloff,5,evaluation-sp15-ego641-raceline2-v0.7,ol2_e641_o661_s0.7,True,ego_collision,True,True,4.399999999999951,4.645739545356974,0.18388463569266378,441,4.399999999999951,True,1,True,440,terminal_collision_flag,4.399999999999951,4.399999999999951,0.0,-3.120405458589886,0.18388463569266378,0.18388463569266378,4.259999999999954,0.13999999999999702,-0.22758765204086273,0.32240623963531384,0.39464151164982153,0.32839166331311737,0.60978911182552,17.860394226644026,24.36267317373194,5.16214594251203,0.13214077724056944,0.44564508017297283,0.3944212707601804,True,False,True,True,True,True,True,True,True,True,False
G4,ppo_privilege_gru_0722_lr5_tkloff,5,evaluation-sp2-ego85-raceline2-v0.8,ol2_e85_o106_s0.8,True,ego_collision,True,True,5.83999999999992,5.469429332741517,0.024823027648807283,585,5.83999999999992,True,1,True,584,terminal_collision_flag,5.83999999999992,5.83999999999992,0.0,-2.990392967341876,0.024823027648807283,0.024823027648807283,5.799999999999921,0.03999999999999915,0.03714280868062786,0.3378532828589703,0.33988884797131713,0.470284231088002,0.4219971563180313,9.978443574144562,13.346814738682482,2.54113824977881,0.31200344004718716,0.5393317719065094,0.33988884797131713,True,False,True,False,True,False,False,False,False,False,False
G4,ppo_privilege_gru_0722_lr5_tkloff,5,evaluation-sp21-ego898-raceline0-v0.7,ol0_e898_o902_s0.7,True,overtake,False,False,,5.081895426160225,1.8988423194080895,802,8.009999999999874,True,1,False,631,closest_approach,6.30999999999991,,,-2.9938366206783087,0.15076416132038162,0.08136363994759677,5.729999999999922,0.5799999999999876,-0.041271496800615426,-0.3737681328160701,0.3760398297480928,0.4489637907589182,0.4994431115766154,11.786121503843457,16.062489498506363,2.963089758942635,0.3145222035159702,0.3534379260229827,0.3760398297480928,False,False,True,True,True,False,False,False,False,False,False
G4,ppo_privilege_gru_0722_lr5_tkloff,5,evaluation-sp30-ego1283-raceline0-v0.7,ol0_e1283_o1279_s0.7,False,ego_collision,True,True,7.25999999999989,4.637020002047062,1.1170295590039245,727,7.25999999999989,True,1,True,726,terminal_collision_flag,7.25999999999989,7.25999999999989,0.0,-2.7444438072821526,1.1170295590039245,1.1170295590039245,6.179999999999913,1.079999999999977,-0.26547510220360704,-0.47644381340810893,0.5454133636287953,0.4770746041729579,0.7318137034129442,2.2458830396948932,3.002188592435704,2.1091747577879354,0.22513670040789258,0.24271886254165187,0.5454133636287953,True,False,True,True,True,True,True,False,False,False,False
G4,ppo_privilege_gru_0722_lr5_tkloff,5,evaluation-sp37-ego1582-raceline2-v0.7,ol2_e1582_o1611_s0.7,True,overtake,False,False,,6.197467618684833,11.17892848361572,802,8.009999999999874,True,1,False,310,closest_approach,3.099999999999978,,,-3.0969620622893785,0.27270407085472925,0.27270407085472925,2.949999999999981,0.1499999999999968,-0.2378384604883611,0.44823459944891764,0.5074262403843591,0.45125944017533404,0.6924793834576266,15.02875318114255,20.64551481976813,4.873714387149801,0.07281272113681125,0.04623924522179812,0.5074262403843591,False,False,True,True,False,False,False,False,False,False,False
G4,ppo_privilege_gru_0722_lr5_tkloff,5,evaluation-sp4-ego171-raceline2-v0.8,ol2_e171_o194_s0.8,True,ego_collision,True,True,6.819999999999899,5.261252212195042,0.5392641013063724,683,6.819999999999899,True,1,True,682,terminal_collision_flag,6.819999999999899,6.819999999999899,0.0,-2.9674902499793063,0.5392641013063724,0.5392641013063724,6.219999999999912,0.5999999999999872,-0.489053131309449,0.34795041048970055,0.6002020104960731,0.40086361426805484,0.8532252162020346,7.40965748679518,9.762038331613152,1.597235010530101,0.47421243361614673,0.7915368046831696,0.5999634179739051,True,False,True,True,True,True,True,True,True,False,False
G4,ppo_privilege_gru_0722_lr5_tkloff,5,evaluation-sp45-ego1924-raceline0-v0.7,ol0_e1924_o1919_s0.7,False,ego_collision,True,True,6.7599999999999,5.123656985121246,0.577591149066393,677,6.7599999999999,True,1,True,676,terminal_collision_flag,6.7599999999999,6.7599999999999,0.0,-3.036418303031155,0.6075246134940357,0.577591149066393,6.199999999999912,0.5599999999999881,-0.14814240131551762,-0.45046047728140404,0.47419490998967734,0.472269223957181,0.6283974899879203,8.077031678029524,11.655253951773172,2.6497818449009034,0.16798680429563484,0.2872342751406338,0.4617703325922566,True,False,True,True,True,True,True,True,True,True,False
G4,ppo_privilege_gru_0722_lr5_tkloff,5,evaluation-sp5-ego213-raceline0-v0.7,ol0_e213_o221_s0.7,True,ego_collision,True,True,3.3399999999999728,4.791499188987899,0.40453336070862633,335,3.3399999999999728,True,1,True,334,terminal_collision_flag,3.3399999999999728,3.3399999999999728,0.0,-3.1763834205093247,0.40453336070862633,0.40453336070862633,3.089999999999978,0.24999999999999467,-0.3669045778808126,-0.33023618692310486,0.49363438739963117,0.33907263713331076,0.7352411601605833,6.562150848315409,8.201283698851025,1.1703686389658312,0.3238470095229282,0.07965040112726168,0.45100730572081044,True,False,True,True,True,True,True,True,True,False,False
G4,ppo_privilege_gru_0722_lr5_tkloff,5,evaluation-sp9-ego384-raceline0-v0.7,ol0_e384_o391_s0.7,False,overtake,False,False,,5.351423894393013,1.406573825169204,802,8.009999999999874,True,1,False,738,closest_approach,7.379999999999887,,,-2.819123226821347,0.3270303442292004,0.3270303442292004,7.139999999999892,0.23999999999999488,-0.2585832685720197,-0.7017520747776756,0.7478778518181708,0.7024549704204465,0.8907298002267203,2.6940310414367454,3.338334111273587,0.22094100916063591,0.16444258807080758,0.1448284333593174,0.7478778518181708,False,False,True,True,True,False,False,False,False,False,False
G4,ppo_privilege_gru_0722_lr5_tkloff,10,evaluation-sp1-ego42-raceline2-v0.7,ol2_e42_o63_s0.7,True,overtake,False,False,,5.515794341384582,4.472277343992204,802,8.009999999999874,True,1,False,479,closest_approach,4.789999999999942,,,-2.99293232204343,-0.3582930729293139,-0.3582930729293139,,,0.23640119145908162,0.519953004002002,0.5711712962798281,0.7398981962001574,0.5227082921168478,12.69204988387412,14.92156806592382,2.2886718258127337,0.023553690932277993,0.36828359904280217,0.5711712962798281,False,False,False,False,False,False,False,False,False,False,False
G4,ppo_privilege_gru_0722_lr5_tkloff,10,evaluation-sp12-ego513-raceline0-v0.8,ol0_e513_o523_s0.8,False,ego_collision,True,True,5.869999999999919,6.030625312834463,0.034943052815521014,588,5.869999999999919,True,1,True,587,terminal_collision_flag,5.869999999999919,5.869999999999919,0.0,-2.918793232532323,0.08427757237217293,0.034943052815521014,5.5799999999999255,0.2899999999999938,-0.023726748952878393,-0.3153354519888302,0.31622682665591917,0.4127201127934078,0.4448156025698089,6.531165304108203,7.618220605401047,0.9777182866936616,0.21814985431291978,0.34165425439855523,0.31622682665591917,True,False,True,True,True,True,True,True,True,False,False
G4,ppo_privilege_gru_0722_lr5_tkloff,10,evaluation-sp13-ego556-raceline0-v0.8,ol0_e556_o565_s0.8,True,follow,False,False,,5.072244247659535,-0.24254134808023764,802,8.009999999999874,True,1,False,706,closest_approach,7.059999999999894,,,-3.042886322651867,-0.16506448820774722,-0.16506448820774722,,,0.03701881702451945,-0.45205717909886517,0.45357037600433997,0.5579399608048697,0.518030088039775,13.599561359833238,17.737498110991226,4.044815410526643,0.27949874542606673,0.16453158657198413,0.45357037600433997,False,False,False,False,True,False,False,False,False,False,False
G4,ppo_privilege_gru_0722_lr5_tkloff,10,evaluation-sp15-ego641-raceline2-v0.7,ol2_e641_o661_s0.7,True,ego_collision,True,True,4.3099999999999525,4.72734130841585,0.3030812279973816,432,4.3099999999999525,True,1,True,431,terminal_collision_flag,4.3099999999999525,4.3099999999999525,0.0,-3.120405458589886,0.3030812279973816,0.3030812279973816,4.109999999999957,0.19999999999999574,-0.46799926874620695,0.2945045755538662,0.5529523131058838,0.344117254284564,0.8132009815795523,19.970266027357972,26.72201538460277,5.646762581959751,0.17828860806563007,0.5277977811999848,0.5074397392356268,True,False,True,True,True,True,True,True,True,True,False
G4,ppo_privilege_gru_0722_lr5_tkloff,10,evaluation-sp2-ego85-raceline2-v0.8,ol2_e85_o106_s0.8,True,ego_collision,True,True,5.809999999999921,5.482533256252549,0.06645389087805142,582,5.809999999999921,True,1,True,581,terminal_collision_flag,5.809999999999921,5.809999999999921,0.0,-2.990392967341876,0.06645389087805142,0.06645389087805142,5.729999999999922,0.0799999999999983,-0.013511458045812247,0.3335104340124705,0.33378401563542576,0.43321486981305135,0.45094169773960946,11.167744168214426,14.85204027113261,2.97095057976316,0.3032698042932469,0.6264757339811736,0.33378401563542576,True,False,True,True,True,True,True,True,True,True,False
G4,ppo_privilege_gru_0722_lr5_tkloff,10,evaluation-sp21-ego898-raceline0-v0.7,ol0_e898_o902_s0.7,True,overtake,False,False,,5.482123124704172,5.011073799805416,802,8.009999999999874,True,1,False,574,closest_approach,5.739999999999922,,,-2.9938366206783087,0.4731875028285515,0.4731875028285515,5.5799999999999255,0.1599999999999966,0.0032868609078373773,-0.7540272510646563,0.7540344148662907,0.8090576482113592,0.8066979109159785,14.226912106119979,19.05032967137656,4.186748014561363,-0.11452863963169524,-0.22288152743285317,0.7540344148662907,False,False,True,False,False,False,False,False,False,False,False
G4,ppo_privilege_gru_0722_lr5_tkloff,10,evaluation-sp30-ego1283-raceline0-v0.7,ol0_e1283_o1279_s0.7,False,overtake,False,False,,4.700761462305188,2.812187780764816,802,8.009999999999874,True,1,False,642,closest_approach,6.419999999999908,,,-2.7444438072821526,0.1590928020596607,0.13113377099631407,6.1399999999999135,0.27999999999999403,-0.06972092033794244,-0.5832232718758753,0.5873758520660949,0.6234358489807627,0.6852361092254097,4.867293972124794,5.954321611491686,1.2076060266616908,0.06144861170921201,-0.04125868283312639,0.5873758520660949,False,False,True,True,False,False,False,False,False,False,False
G4,ppo_privilege_gru_0722_lr5_tkloff,10,evaluation-sp37-ego1582-raceline2-v0.7,ol2_e1582_o1611_s0.7,True,overtake,False,False,,6.300247200555927,11.912237336236274,802,8.009999999999874,True,1,False,301,closest_approach,3.00999999999998,,,-3.0969620622893785,0.19178905278437242,0.19178905278437242,2.909999999999982,0.09999999999999787,-0.19577272784246932,0.4559048134183772,0.49616142520849693,0.46554052209909147,0.6662014275078965,16.50563808751507,22.600496230990018,5.0493390474936914,-0.06175223187014145,0.30370105300297845,0.49616142520849693,False,False,True,True,False,False,False,False,False,False,False
G4,ppo_privilege_gru_0722_lr5_tkloff,10,evaluation-sp4-ego171-raceline2-v0.8,ol2_e171_o194_s0.8,True,ego_collision,True,True,6.7699999999999,5.277562465434562,0.5899533897673166,678,6.7699999999999,True,1,True,677,terminal_collision_flag,6.7699999999999,6.7699999999999,0.0,-2.9674902499793063,0.5899533897673166,0.5899533897673166,6.219999999999912,0.5499999999999883,-0.54868269879879,0.3383957930400794,0.6446428598133604,0.425944188133903,0.9043784506563864,8.655459360178433,11.207786974518,1.7232370980689027,0.47556718163721545,0.7720312941799228,0.629066472911478,True,False,True,True,True,True,True,True,True,True,False
G4,ppo_privilege_gru_0722_lr5_tkloff,10,evaluation-sp45-ego1924-raceline0-v0.7,ol0_e1924_o1919_s0.7,False,overtake,False,False,,5.373391798355435,5.904683488964025,802,8.009999999999874,True,1,False,633,closest_approach,6.3299999999999095,,,-3.036418303031155,0.5539062309426299,0.5539062309426299,5.909999999999918,0.41999999999999105,-0.330791550114513,-0.6415315118745317,0.7217934125185578,0.6428270617271548,0.8927176650103896,6.400926005028438,7.946529367914942,1.602380528065924,0.08031538970004348,-0.11747048202496124,0.7217934125185578,False,False,True,True,False,False,False,False,False,False,False
G4,ppo_privilege_gru_0722_lr5_tkloff,10,evaluation-sp5-ego213-raceline0-v0.7,ol0_e213_o221_s0.7,True,ego_collision,True,True,3.319999999999973,4.748377249012623,0.21224265851591895,333,3.319999999999973,True,1,True,332,terminal_collision_flag,3.319999999999973,3.319999999999973,0.0,-3.1763834205093247,0.21224265851591895,0.21224265851591895,3.1699999999999764,0.1499999999999968,-0.17611771419934844,-0.33354037485811405,0.3771824902024146,0.35244624651097156,0.5731621979430576,6.616633989616908,8.231085657567911,1.1961501403253727,0.2943826381086384,0.005809773097483539,0.3771824902024146,True,False,True,True,True,True,True,True,True,False,False
G4,ppo_privilege_gru_0722_lr5_tkloff,10,evaluation-sp9-ego384-raceline0-v0.7,ol0_e384_o391_s0.7,False,ego_collision,True,True,7.289999999999889,5.168351517660363,-0.09419870209100623,730,7.289999999999889,True,1,True,729,terminal_collision_flag,7.289999999999889,7.289999999999889,0.0,-2.819123226821347,-0.0508507065212882,-0.09419870209100623,,,0.15580298074966648,-0.3371179690521426,0.37137998582088705,0.5589175455316543,0.36284620024676534,6.229088182001035,7.420335485227024,1.303651205040649,0.46070466276540417,0.42347397424496874,0.37137998582088705,True,False,False,False,True,False,False,False,False,False,False
G4,ppo_privilege_gru_0722_lr5_tkloff,15,evaluation-sp1-ego42-raceline2-v0.7,ol2_e42_o63_s0.7,True,overtake,False,False,,5.351942195724499,3.155325083560882,802,8.009999999999874,True,1,False,676,closest_approach,6.7599999999999,,,-2.99293232204343,0.009855086945748326,0.009855086945748326,6.7599999999999,0.0,-0.035654472857927555,0.6713990335970865,0.6723450778803087,0.7179612172619635,0.7462087496186817,1.4536599277390498,1.746511660234007,0.309064544482831,0.051250340202231515,0.14446280295320246,0.6723450778803087,False,False,True,True,False,False,False,False,False,False,False
G4,ppo_privilege_gru_0722_lr5_tkloff,15,evaluation-sp12-ego513-raceline0-v0.8,ol0_e513_o523_s0.8,False,overtake,False,False,,5.79361946252424,1.2478029007004352,802,8.009999999999874,True,1,False,642,closest_approach,6.419999999999908,,,-2.918793232532323,-0.030566572087593613,-0.030566572087593613,,,0.014873866264436764,-0.72992970351699,0.7300812310791542,0.7910407362503064,0.7800588192826744,3.9884391919578404,4.688529974332163,0.9010025760286148,-0.011803969618082721,-0.08311937358368537,0.7300812310791542,False,False,False,False,False,False,False,False,False,False,False
G4,ppo_privilege_gru_0722_lr5_tkloff,15,evaluation-sp13-ego556-raceline0-v0.8,ol0_e556_o565_s0.8,True,overtake,False,False,,5.137465103244176,0.06948041952907147,802,8.009999999999874,True,1,False,707,closest_approach,7.069999999999894,,,-3.042886322651867,-0.49005817770301974,-0.49005817770301974,,,0.28265674114568107,-0.6316324011827273,0.6919930083020741,0.8525815112958112,0.6316750855261424,8.035267341734922,11.419369756563606,2.9198729045320615,0.2154406900207645,-0.05877339249448821,0.6919930083020741,False,False,False,False,True,False,False,False,False,False,False
G4,ppo_privilege_gru_0722_lr5_tkloff,15,evaluation-sp15-ego641-raceline2-v0.7,ol2_e641_o661_s0.7,True,ego_collision,True,True,4.469999999999949,4.591892815099484,0.15004996013942673,448,4.469999999999949,True,1,True,447,terminal_collision_flag,4.469999999999949,4.469999999999949,0.0,-3.120405458589886,0.15004996013942673,0.15004996013942673,4.329999999999952,0.13999999999999702,-0.15955943728630245,0.33217211666361013,0.36850716290990126,0.35686559863602585,0.5589651176432747,18.727993209715784,25.40587436492638,5.584731742048023,0.16430593117667502,0.38710920633094525,0.36850716290990126,True,False,True,True,True,True,True,True,True,True,False
G4,ppo_privilege_gru_0722_lr5_tkloff,15,evaluation-sp2-ego85-raceline2-v0.8,ol2_e85_o106_s0.8,True,follow,False,False,,5.476563655279202,-0.16796827891297994,802,8.009999999999874,True,1,False,600,closest_approach,5.9999999999999165,,,-2.990392967341876,-0.48479771191611576,-0.5208332854512889,,,0.4509793415324847,0.5250669489353581,0.6921543667082939,0.9081550998822836,0.5491899937767606,8.735404041902827,11.87789995839032,2.3288828133209236,0.04558653945054436,0.12987424255565672,0.6921543667082939,False,False,False,False,False,False,False,False,False,False,False
G4,ppo_privilege_gru_0722_lr5_tkloff,15,evaluation-sp21-ego898-raceline0-v0.7,ol0_e898_o902_s0.7,True,overtake,False,False,,5.038222012487497,1.326486958640146,802,8.009999999999874,True,1,False,621,closest_approach,6.209999999999912,,,-2.9938366206783087,-0.09365165293857558,-0.197661558689191,,,0.16480900208612842,-0.5857104005529173,0.6084559807286674,0.7415577534450293,0.5989402802237714,11.992756690262906,16.57550115287291,3.763996455048724,0.19967441694580745,0.06321692704162762,0.6084559807286674,False,False,False,False,True,False,False,False,False,False,False
G4,ppo_privilege_gru_0722_lr5_tkloff,15,evaluation-sp30-ego1283-raceline0-v0.7,ol0_e1283_o1279_s0.7,False,overtake,False,False,,4.892291537022866,4.302778834641117,802,8.009999999999874,True,1,False,629,closest_approach,6.28999999999991,,,-2.7444438072821526,-0.3474673735025249,-0.3474673735025249,,,0.2139040861928005,-0.5385851961771111,0.5795075250858389,0.7375590428046683,0.5439343725480952,2.53095274262763,3.5153545207641113,0.7357021975720258,-0.16416471876030908,-0.04457359887169876,0.5795075250858389,False,False,False,False,False,False,False,False,False,False,False
G4,ppo_privilege_gru_0722_lr5_tkloff,15,evaluation-sp37-ego1582-raceline2-v0.7,ol2_e1582_o1611_s0.7,True,overtake,False,False,,6.131633488664459,10.587181105632453,802,8.009999999999874,True,1,False,315,closest_approach,3.149999999999977,,,-3.0969620622893785,0.15827688381597227,0.15827688381597227,3.0699999999999785,0.0799999999999983,-0.132906268293897,0.4969058929574017,0.5143729606108801,0.5211467230993032,0.6525068415105411,13.318812994901112,18.483072073297006,4.0906351136782275,-0.08155577164761285,-0.1721973621900214,0.5143729606108801,False,False,True,True,False,False,False,False,False,False,False
G4,ppo_privilege_gru_0722_lr5_tkloff,15,evaluation-sp4-ego171-raceline2-v0.8,ol2_e171_o194_s0.8,True,ego_collision,True,True,6.7999999999998995,5.228490365565814,0.3995657552895011,681,6.7999999999998995,True,1,True,680,terminal_collision_flag,6.7999999999998995,6.7999999999998995,0.0,-2.9674902499793063,0.3995657552895011,0.3995657552895011,6.31999999999991,0.47999999999998977,-0.3500291263001569,0.35015308619537655,0.49510359828080225,0.35526142455452014,0.7295508661393592,7.965267897568918,10.454449400781309,1.6479530170757601,0.4737542450840676,0.7605915347836887,0.49510359828080225,True,False,True,True,True,True,True,True,True,False,False
G4,ppo_privilege_gru_0722_lr5_tkloff,15,evaluation-sp45-ego1924-raceline0-v0.7,ol0_e1924_o1919_s0.7,False,overtake,False,False,,5.164476878540534,4.458768100174666,802,8.009999999999874,True,1,False,616,closest_approach,6.159999999999913,,,-3.036418303031155,-0.1708126761708968,-0.1708126761708968,,,0.11325890787149623,-0.575435363636002,0.5864754367704943,0.7026689152798846,0.6019661712834652,3.820189987318828,4.826137140657789,1.018282659053384,-0.11305769672641774,0.0009491250300329712,0.5864754367704943,False,False,False,False,False,False,False,False,False,False,False
G4,ppo_privilege_gru_0722_lr5_tkloff,15,evaluation-sp5-ego213-raceline0-v0.7,ol0_e213_o221_s0.7,True,ego_collision,True,True,3.45999999999997,4.719087867216899,0.12613701864830773,347,3.45999999999997,True,1,True,346,terminal_collision_flag,3.45999999999997,3.45999999999997,0.0,-3.1763834205093247,0.12613701864830773,0.12613701864830773,3.329999999999973,0.12999999999999723,-0.08762283532087495,-0.32533678891497053,0.33692994448575403,0.3831455898285478,0.4984406002496995,7.094203143772644,8.635151506713921,1.3021563069484199,0.26823139207490754,0.11156768686001434,0.33692994448575403,True,False,True,True,True,True,True,True,True,False,False
G4,ppo_privilege_gru_0722_lr5_tkloff,15,evaluation-sp9-ego384-raceline0-v0.7,ol0_e384_o391_s0.7,False,overtake,False,False,,5.28838256545049,0.851193828090544,802,8.009999999999874,True,1,False,768,closest_approach,7.679999999999881,,,-2.819123226821347,0.2689722541846038,0.2689722541846038,7.519999999999884,0.1599999999999966,-0.20651355341953537,-0.8176804322801617,0.843355878072736,0.8219314302887467,0.9566227041332261,1.2927927341490846,1.5673446454916242,0.24389684864540037,0.11658104387571322,0.05465492082038381,0.843355878072736,False,False,True,True,True,False,False,False,False,False,False
G4,ppo_privilege_gru_0722_lr5_tkloff,20,evaluation-sp1-ego42-raceline2-v0.7,ol2_e42_o63_s0.7,True,overtake,False,False,,5.264007851184083,2.528519289325004,802,8.009999999999874,True,1,False,711,closest_approach,7.109999999999893,,,-2.99293232204343,0.13927811371431176,0.13927811371431176,7.049999999999894,0.05999999999999872,-0.13491994722971865,0.8069069125972015,0.8181088911371259,0.8216742592806355,0.9119516035135059,4.367163456799086,5.558088018083598,1.447449506656162,0.044385232966810184,0.06157334612489718,0.8181088911371259,False,False,True,True,False,False,False,False,False,False,False
G4,ppo_privilege_gru_0722_lr5_tkloff,20,evaluation-sp12-ego513-raceline0-v0.8,ol0_e513_o523_s0.8,False,overtake,False,False,,5.7726532845598095,0.8402094890481351,802,8.009999999999874,True,1,False,781,closest_approach,7.809999999999878,,,-2.918793232532323,0.9606128129875628,0.9135884569256802,7.159999999999892,0.6499999999999861,-0.21955805071440737,-0.804818133953195,0.8342289651968535,0.8078949789168497,0.952565817037211,15.817217161369332,20.70817733207421,3.821863190450944,0.07208395277849478,0.1530970171084265,0.8342289651968535,False,False,True,True,False,False,False,False,False,False,False
G4,ppo_privilege_gru_0722_lr5_tkloff,20,evaluation-sp13-ego556-raceline0-v0.8,ol0_e556_o565_s0.8,True,follow,False,False,,5.065665540362195,-0.5153401181610775,802,8.009999999999874,True,1,False,722,closest_approach,7.2199999999998905,,,-3.042886322651867,-0.5334133986515894,-0.5334133986515894,,,0.412470031099384,-0.6625814655756315,0.7804778825049935,0.9656491822173937,0.6738049473266249,15.112352836516378,20.912488397876846,5.113234745467319,0.17559606215733925,-0.11012501230265126,0.7804778825049935,False,False,False,False,True,False,False,False,False,False,False
G4,ppo_privilege_gru_0722_lr5_tkloff,20,evaluation-sp15-ego641-raceline2-v0.7,ol2_e641_o661_s0.7,True,ego_collision,True,True,4.739999999999943,4.533397735381155,0.16943880457765204,475,4.739999999999943,True,1,True,474,terminal_collision_flag,4.739999999999943,4.739999999999943,0.0,-3.120405458589886,0.16943880457765204,0.16943880457765204,4.539999999999948,0.19999999999999574,-0.1505168063036697,0.3216757240309162,0.3551486736715634,0.350614935156137,0.5454634067165267,19.77188504965954,26.431748662875407,6.080164183921385,0.23490882422798337,0.037187329939458225,0.3514729973265784,True,False,True,True,True,True,True,True,True,True,False
G4,ppo_privilege_gru_0722_lr5_tkloff,20,evaluation-sp2-ego85-raceline2-v0.8,ol2_e85_o106_s0.8,True,follow,False,False,,5.438010204824061,-0.6820657824817431,802,8.009999999999874,True,1,False,602,closest_approach,6.019999999999916,,,-2.990392967341876,-0.4352835988939603,-0.43886406923073196,,,0.354520327521414,0.5596559913683463,0.662494899074987,0.8535931591002808,0.5633628505128441,9.746321421478084,12.644170771495626,2.3959702878274736,0.013460443972142078,-0.1799823519778736,0.662494899074987,False,False,False,False,False,False,False,False,False,False,False
G4,ppo_privilege_gru_0722_lr5_tkloff,20,evaluation-sp21-ego898-raceline0-v0.7,ol0_e898_o902_s0.7,True,ego_collision,True,True,7.4999999999998845,4.932486362142781,0.5135890873381186,751,7.4999999999998845,True,1,True,750,terminal_collision_flag,7.4999999999998845,7.4999999999998845,0.0,-2.9938366206783087,0.5135890873381186,0.5135890873381186,6.829999999999899,0.6699999999999857,-0.5117867526725158,-0.31815022175623253,0.6026153365245684,0.38782589813543866,0.8626016232100876,4.679220629847568,5.876620234449891,0.9439690576514482,0.43405249420061365,0.42233899411725595,0.598939433367529,True,False,True,True,True,True,True,True,False,False,False
G4,ppo_privilege_gru_0722_lr5_tkloff,20,evaluation-sp30-ego1283-raceline0-v0.7,ol0_e1283_o1279_s0.7,False,overtake,False,False,,4.87897398244193,3.9607314826880042,802,8.009999999999874,True,1,False,656,closest_approach,6.559999999999905,,,-2.7444438072821526,-0.28978755249369215,-0.29069941800798915,,,0.12518340593445826,-0.7509523996152458,0.7613149096196968,0.8580831935489898,0.768826388833826,3.754397580390751,5.1013105748731755,1.7574958198820332,-0.3378566206503496,-0.36426837065444845,0.7613149096196968,False,False,False,False,False,False,False,False,False,False,False
G4,ppo_privilege_gru_0722_lr5_tkloff,20,evaluation-sp37-ego1582-raceline2-v0.7,ol2_e1582_o1611_s0.7,True,overtake,False,False,,5.794390702395872,7.858435808814249,802,8.009999999999874,True,1,False,356,closest_approach,3.559999999999968,,,-3.0969620622893785,-0.0016224533786157735,-0.0016224533786157735,,,-0.004993811577558332,0.4699172256771625,0.4699437595523462,0.5495914177161153,0.5548365055195785,7.291899503093378,10.744689454132356,2.1609746776706302,0.09686825626534595,-0.43033277549498833,0.4699437595523462,False,False,False,True,False,False,False,False,False,False,False
G4,ppo_privilege_gru_0722_lr5_tkloff,20,evaluation-sp4-ego171-raceline2-v0.8,ol2_e171_o194_s0.8,True,follow,False,False,,5.210093066345682,-0.8314036860980707,802,8.009999999999874,True,1,False,691,closest_approach,6.909999999999897,,,-2.9674902499793063,0.018782039734020373,-0.027918635967040473,6.659999999999902,0.24999999999999467,0.011786286718394212,0.5096250007555762,0.5097612754512931,0.5922774723441689,0.5806207985019659,7.986675555717322,10.522543128631108,1.6632512635323504,0.23295280562101883,0.45370235094745226,0.5097612754512931,False,False,True,False,True,False,False,False,False,False,False
G4,ppo_privilege_gru_0722_lr5_tkloff,20,evaluation-sp45-ego1924-raceline0-v0.7,ol0_e1924_o1919_s0.7,False,overtake,False,False,,5.171150539248191,4.292073032615207,802,8.009999999999874,True,1,False,616,closest_approach,6.159999999999913,,,-3.036418303031155,-0.21404289479210092,-0.21404289479210092,,,0.1295555854373201,-0.4868309477359345,0.5037747724841676,0.6426750819388601,0.5125883161347216,4.617796654855223,5.925976804675327,1.2837655169827562,-0.03978030136792671,0.05432135997804899,0.5037747724841676,False,False,False,False,False,False,False,False,False,False,False
G4,ppo_privilege_gru_0722_lr5_tkloff,20,evaluation-sp5-ego213-raceline0-v0.7,ol0_e213_o221_s0.7,True,ego_collision,True,True,3.569999999999968,4.724879378979942,0.10074502039108779,358,3.569999999999968,True,1,True,357,terminal_collision_flag,3.569999999999968,3.569999999999968,0.0,-3.1763834205093247,0.10074502039108779,0.10074502039108779,3.379999999999972,0.18999999999999595,-0.07953560510000215,-0.31788040737290485,0.3276795170134798,0.3812390521866643,0.4874469374487737,7.297363642897308,8.858321776571469,1.2733907687869999,0.22417333966899172,0.21536281574726163,0.3276795170134798,True,False,True,True,True,True,True,True,True,False,False
G4,ppo_privilege_gru_0722_lr5_tkloff,20,evaluation-sp9-ego384-raceline0-v0.7,ol0_e384_o391_s0.7,False,overtake,False,False,,5.246886005750104,0.539333338841459,802,8.009999999999874,True,1,False,771,closest_approach,7.70999999999988,,,-2.819123226821347,0.015814786527897695,0.015814786527897695,7.70999999999988,0.0,-0.022294576465512916,-0.7530557549673138,0.753385703494012,0.7992241011626027,0.8152428304371435,2.741610976290279,3.240741688167666,0.646731589018557,0.07495965768163715,0.13249389760852937,0.753385703494012,False,False,True,True,False,False,False,False,False,False,False
G1,ppo_privilege_mlp_0721_base,1,evaluation-sp1-ego42-raceline2-v0.7,ol2_e42_o63_s0.7,True,overtake,False,False,,5.563094923396376,4.852718545644535,801,7.999999999999874,False,0,False,469,closest_approach,4.689999999999944,,,-2.99293232204343,-0.07280927875288512,-0.07280927875288512,,,-0.01877559978108983,0.45929842783218644,0.4596820302733813,0.5334020257584571,0.5534414303512973,13.681266946738493,15.95353193963541,2.5093850978177556,0.20778614876791346,0.43062132614127424,0.4596820302733813,False,False,False,True,True,False,False,False,False,False,False
G1,ppo_privilege_mlp_0721_base,1,evaluation-sp12-ego513-raceline0-v0.8,ol0_e513_o523_s0.8,False,ego_collision,True,True,7.179999999999891,5.9064526360317915,0.3576006684111519,718,7.169999999999892,False,0,False,717,nearest_preterminal_frame,7.169999999999892,7.179999999999891,0.009999999999999787,-2.918793232532323,0.3544962674251906,0.3544962674251906,5.589999999999925,1.5799999999999663,-0.29139199621203676,-0.376744544772139,0.47628326390080294,0.37674711633802926,0.692786478848269,4.626246083348479,5.604808040622183,0.9995287010363754,0.028169706571068376,-0.05111506667721205,0.33808198931573546,True,False,True,True,False,True,False,False,False,False,False
G1,ppo_privilege_mlp_0721_base,1,evaluation-sp13-ego556-raceline0-v0.8,ol0_e556_o565_s0.8,True,overtake,False,False,,5.127549901528767,0.2664700036819454,801,7.999999999999874,False,0,False,731,closest_approach,7.309999999999889,,,-3.042886322651867,-0.015381349198889893,-0.08213900265280927,,,0.06995378647600466,-0.4004481409433586,0.40651229480462514,0.5384472508829488,0.45692346150229557,10.538590824280417,14.060098582829644,2.6616279151033453,0.1255301574069561,0.41280297602354815,0.40651229480462514,False,False,False,False,True,False,False,False,False,False,False
G1,ppo_privilege_mlp_0721_base,1,evaluation-sp15-ego641-raceline2-v0.7,ol2_e641_o661_s0.7,True,ego_collision,True,True,4.349999999999952,4.69674739947004,0.28733704472693944,435,4.339999999999952,False,0,False,434,nearest_preterminal_frame,4.339999999999952,4.349999999999952,0.009999999999999787,-3.120405458589886,0.2764765050811775,0.2764765050811775,4.159999999999956,0.17999999999999616,-0.36585777793908775,0.3109420988655444,0.48014258561956036,0.32006154302066026,0.7258335992017094,18.622196548741755,25.244320162873652,5.274561653331948,0.1527332638970948,0.5127146855440479,0.46350132002221905,True,False,True,True,True,True,True,True,True,True,False
G1,ppo_privilege_mlp_0721_base,1,evaluation-sp2-ego85-raceline2-v0.8,ol2_e85_o106_s0.8,True,ego_collision,True,True,5.83999999999992,5.473903322113139,0.04592806839457353,584,5.82999999999992,False,0,False,583,nearest_preterminal_frame,5.82999999999992,5.83999999999992,0.009999999999999787,-2.990392967341876,0.04343445865131912,0.04343445865131912,5.779999999999921,0.049999999999998934,0.01576639203151775,0.3400782479008856,0.34044352514481413,0.45732515914971045,0.43687216257704886,10.514337083266623,13.975596396096138,2.793018503540236,0.29340279649280065,0.5583647119936834,0.34044352514481413,True,False,True,False,True,False,False,False,False,False,False
G1,ppo_privilege_mlp_0721_base,1,evaluation-sp21-ego898-raceline0-v0.7,ol0_e898_o902_s0.7,True,ego_collision,True,True,6.079999999999915,4.974931030865091,0.2839428172495104,608,6.069999999999915,False,0,False,607,nearest_preterminal_frame,6.069999999999915,6.079999999999915,0.009999999999999787,-2.9938366206783087,0.35566841847389696,0.259071656453159,5.6699999999999235,0.3999999999999915,-0.034839699104750876,-0.4624616505197322,0.4637721238228366,0.5281832611455886,0.565147421754625,14.499558567131878,19.48423535628898,3.9343942211003653,0.30229561225345425,0.08689855843834782,0.4637721238228366,True,False,True,True,True,True,True,True,True,True,False
G1,ppo_privilege_mlp_0721_base,1,evaluation-sp30-ego1283-raceline0-v0.7,ol0_e1283_o1279_s0.7,False,overtake,False,False,,4.858391677752907,4.2492136758421,801,7.999999999999874,False,0,False,618,closest_approach,6.179999999999913,,,-2.7444438072821526,-0.14948052929736377,-0.14948052929736377,,,0.08460459946773183,-0.4667288140647092,0.4743350336306029,0.5984683716125938,0.5099245595556864,2.169141488604703,2.9144769639445602,0.6260727801015298,-0.074321893252622,-0.06984020594748658,0.4743350336306029,False,False,False,False,False,False,False,False,False,False,False
G1,ppo_privilege_mlp_0721_base,1,evaluation-sp37-ego1582-raceline2-v0.7,ol2_e1582_o1611_s0.7,True,ego_collision,True,True,3.229999999999975,4.452645109447909,0.5034554785425485,323,3.2199999999999753,False,0,False,322,nearest_preterminal_frame,3.2199999999999753,3.229999999999975,0.009999999999999787,-3.0969620622893785,0.4930442576717837,0.4930442576717837,2.899999999999982,0.3199999999999932,-0.5071071616570941,0.30805062059140054,0.5933404235771074,0.3768696120537534,0.854561297983811,16.58092083710465,23.169489676228288,4.960251233646006,0.33618289503552756,0.3014594190342639,0.48976762771128535,True,False,True,True,True,True,True,True,True,True,False
G1,ppo_privilege_mlp_0721_base,1,evaluation-sp4-ego171-raceline2-v0.8,ol2_e171_o194_s0.8,True,overtake,False,False,,5.4669106561881815,1.1783383580886664,801,7.999999999999874,False,0,False,654,closest_approach,6.539999999999905,,,-2.9674902499793063,0.5800025057712048,0.5800025057712048,6.119999999999914,0.41999999999999105,-0.5411109693233473,0.5552576332612477,0.7753142075422936,0.6093995062431486,0.999528129981581,9.339956709091851,11.922847805347647,2.3893533343560303,0.535624314641363,0.59674801644024,0.7753142075422936,False,False,True,True,True,False,False,False,False,False,False
G1,ppo_privilege_mlp_0721_base,1,evaluation-sp45-ego1924-raceline0-v0.7,ol0_e1924_o1919_s0.7,False,overtake,False,False,,5.008600595761507,3.446003747063685,801,7.999999999999874,False,0,False,661,closest_approach,6.6099999999999035,,,-3.036418303031155,0.6000367833916016,0.6000367833916016,6.079999999999915,0.5299999999999887,-0.13404940972765106,-0.49767236413377913,0.5154095713806996,0.5215346284081229,0.6538315409284521,7.2230607393808715,9.154061454383195,2.2704127790636037,0.20763968085334705,0.18022268532118846,0.5154095713806996,False,False,True,True,True,False,False,False,False,False,False
G1,ppo_privilege_mlp_0721_base,1,evaluation-sp5-ego213-raceline0-v0.7,ol0_e213_o221_s0.7,True,ego_collision,True,True,3.2999999999999736,4.77280830226123,0.3535018340146223,330,3.289999999999974,False,0,False,329,nearest_preterminal_frame,3.289999999999974,3.2999999999999736,0.009999999999999787,-3.1763834205093247,0.3398731182176675,0.3398731182176675,3.0799999999999783,0.20999999999999552,-0.30261202032894197,-0.3404287509280966,0.4554841043395785,0.3406622924763492,0.683433055314721,6.949436853472215,8.7810492792976,1.1335819879550677,0.2952829335305082,0.018745415235441154,0.435009341737991,True,False,True,True,True,True,True,True,True,False,False
G1,ppo_privilege_mlp_0721_base,1,evaluation-sp9-ego384-raceline0-v0.7,ol0_e384_o391_s0.7,False,overtake,False,False,,5.306402242975463,1.0030188713124346,801,7.999999999999874,False,0,False,750,closest_approach,7.4999999999998845,,,-2.819123226821347,0.4456842510898298,0.4456842510898298,7.089999999999893,0.40999999999999126,-0.3875089510307783,-0.5281116014981673,0.6550305723902764,0.5370380425706188,0.8590228415844277,2.0363331717410005,2.5026453340434274,0.6572104270353625,0.30223955192616114,0.3286737415754384,0.6550305723902764,False,False,True,True,True,False,False,False,False,False,False
G1,ppo_privilege_mlp_0721_base,5,evaluation-sp1-ego42-raceline2-v0.7,ol2_e42_o63_s0.7,True,overtake,False,False,,5.5543876569106,4.776149819475137,801,7.999999999999874,False,0,False,474,closest_approach,4.739999999999943,,,-2.99293232204343,-0.19010739447938363,-0.19010739447938363,,,0.08295588569537922,0.4799214621484785,0.48703828268652377,0.6077998868916958,0.5226776014895973,14.032537360022834,16.328313737405622,2.5620401623837643,0.15186400070377565,0.41497601937872125,0.48703828268652377,False,False,False,False,True,False,False,False,False,False,False
G1,ppo_privilege_mlp_0721_base,5,evaluation-sp12-ego513-raceline0-v0.8,ol0_e513_o523_s0.8,False,overtake,False,False,,5.795686516932735,1.0709102041257665,801,7.999999999999874,False,0,False,721,closest_approach,7.209999999999891,,,-2.918793232532323,0.3345390472306633,0.3345390472306633,6.949999999999896,0.25999999999999446,-0.23651464585021556,-0.7860568212562229,0.8208681404129963,0.7878743614003221,0.9460988312740987,2.9422076621360866,3.568924145154818,0.7230579953102788,0.08066951372704856,0.014098745066243978,0.8208681404129963,False,False,True,True,False,False,False,False,False,False,False
G1,ppo_privilege_mlp_0721_base,5,evaluation-sp13-ego556-raceline0-v0.8,ol0_e556_o565_s0.8,True,overtake,False,False,,5.197242677281345,0.6007402315222237,801,7.999999999999874,False,0,False,749,closest_approach,7.489999999999885,,,-3.042886322651867,0.26835404752904424,0.26235672944420685,7.129999999999892,0.3599999999999923,-0.1419385475344746,-0.4588229538211517,0.4802760187947791,0.4821210394282412,0.6301503088941227,7.871531545775694,11.685439215277132,2.9062882265119594,0.1380614681505593,0.33233339852129695,0.4802760187947791,False,False,True,True,True,False,False,False,False,False,False
G1,ppo_privilege_mlp_0721_base,5,evaluation-sp15-ego641-raceline2-v0.7,ol2_e641_o661_s0.7,True,ego_collision,True,True,4.339999999999952,4.734725245340272,0.43674162259290483,434,4.329999999999952,False,0,False,433,nearest_preterminal_frame,4.329999999999952,4.339999999999952,0.009999999999999787,-3.120405458589886,0.4208579344756629,0.4208579344756629,4.079999999999957,0.24999999999999467,-0.5640429633092411,0.29445346978500064,0.6362761274219679,0.40224668004563613,0.9033782314437602,19.756020704641184,26.65402955246535,5.6844253586231375,0.23284071687540275,0.5211485609403705,0.5551153315599046,True,False,True,True,True,True,True,True,True,True,False
G1,ppo_privilege_mlp_0721_base,5,evaluation-sp2-ego85-raceline2-v0.8,ol2_e85_o106_s0.8,True,ego_collision,True,True,5.809999999999921,5.467222522990713,-0.03416373401216788,581,5.799999999999921,False,0,False,580,nearest_preterminal_frame,5.799999999999921,5.809999999999921,0.009999999999999787,-2.990392967341876,-0.04180129731020088,-0.04180129731020088,,,0.10783884366466284,0.334451010467101,0.3514067367103205,0.5197434212483126,0.38084139123773303,11.183307648374305,14.780843225857343,2.981315435889408,0.21969600886516372,0.5909076862060227,0.3514067367103205,True,False,False,False,True,False,False,False,False,False,False
G1,ppo_privilege_mlp_0721_base,5,evaluation-sp21-ego898-raceline0-v0.7,ol0_e898_o902_s0.7,True,overtake,False,False,,5.517575360068254,5.411856786534969,801,7.999999999999874,False,0,False,565,closest_approach,5.649999999999924,,,-2.9938366206783087,0.42911173022056914,0.39911114237392553,5.499999999999927,0.1499999999999968,0.019276416431516674,-0.7293711313364228,0.7296258133162604,0.792233645452965,0.7779932557080009,16.044873851295055,21.084210129729676,4.458265787476267,-0.17305811437795304,-0.19766838721955693,0.7296258133162604,False,False,True,False,False,False,False,False,False,False,False
G1,ppo_privilege_mlp_0721_base,5,evaluation-sp30-ego1283-raceline0-v0.7,ol0_e1283_o1279_s0.7,False,overtake,False,False,,4.779695178464925,3.578270690827992,801,7.999999999999874,False,0,False,647,closest_approach,6.4699999999999065,,,-2.7444438072821526,0.1966420293814508,0.17554045813568564,6.119999999999914,0.34999999999999254,-0.10136299937858506,-0.5628514833140383,0.5719058051041589,0.593620847235217,0.6855412384032163,5.2202116028347785,6.4314278204510265,1.3201846187242976,0.05812822496066494,-0.006635069609760014,0.5719058051041589,False,False,True,True,False,False,False,False,False,False,False
G1,ppo_privilege_mlp_0721_base,5,evaluation-sp37-ego1582-raceline2-v0.7,ol2_e1582_o1611_s0.7,True,overtake,False,False,,6.359744977671436,12.34125835323681,801,7.999999999999874,False,0,False,289,closest_approach,2.8899999999999824,,,-3.0969620622893785,0.20101127722784895,0.20101127722784895,2.809999999999984,0.0799999999999983,-0.22479562352612767,0.47440847651927487,0.5249728325826394,0.4788684718215283,0.7000556667830022,18.037396566097367,24.425027179783587,5.080745992214816,-0.08833662953763016,0.46854595218456085,0.5249728325826394,False,False,True,True,False,False,False,False,False,False,False
G1,ppo_privilege_mlp_0721_base,5,evaluation-sp4-ego171-raceline2-v0.8,ol2_e171_o194_s0.8,True,ego_collision,True,True,6.7499999999999005,5.283706003110283,0.5901565600125025,675,6.739999999999901,False,0,False,674,nearest_preterminal_frame,6.739999999999901,6.7499999999999005,0.009999999999999787,-2.9674902499793063,0.5819028614321269,0.5819028614321269,6.229999999999912,0.5099999999999891,-0.5408129858980117,0.3499917274845227,0.6441838984509962,0.43058258580982656,0.9015233922890578,9.323570514324647,11.979719609068692,2.0754677798891485,0.49122209327735045,0.749577979784874,0.6313218012841821,True,False,True,True,True,True,True,True,True,True,False
G1,ppo_privilege_mlp_0721_base,5,evaluation-sp45-ego1924-raceline0-v0.7,ol0_e1924_o1919_s0.7,False,overtake,False,False,,5.377977134862104,6.067618934083782,801,7.999999999999874,False,0,False,592,closest_approach,5.919999999999918,,,-3.036418303031155,0.1717830978599295,0.1717830978599295,5.81999999999992,0.09999999999999787,-0.12944767866799986,-0.6386224759441517,0.6516098282665573,0.6584950376928685,0.7640517141666604,1.4540040946698123,1.8244309610965777,0.26916296647124266,0.05878726486080277,-0.12379191037448978,0.6516098282665573,False,False,True,True,False,False,False,False,False,False,False
G1,ppo_privilege_mlp_0721_base,5,evaluation-sp5-ego213-raceline0-v0.7,ol0_e213_o221_s0.7,True,ego_collision,True,True,3.239999999999975,4.752569691716454,0.24109331433103875,324,3.229999999999975,False,0,False,323,nearest_preterminal_frame,3.229999999999975,3.239999999999975,0.009999999999999787,-3.1763834205093247,0.2249648892593541,0.2249648892593541,3.089999999999978,0.13999999999999702,-0.1929798700431179,-0.34652958947210244,0.3966408786567044,0.35985505692786107,0.5944344465511491,7.501490035022772,9.492132688287557,1.210157279807306,0.26027333259412255,-0.10317905044546272,0.3966408786567044,True,False,True,True,True,True,True,True,True,False,False
G1,ppo_privilege_mlp_0721_base,5,evaluation-sp9-ego384-raceline0-v0.7,ol0_e384_o391_s0.7,False,ego_collision,True,True,7.24999999999989,5.166049727145386,-0.11365706432232514,725,7.23999999999989,False,0,False,724,nearest_preterminal_frame,7.23999999999989,7.24999999999989,0.009999999999999787,-2.819123226821347,-0.062298955400450495,-0.11343711856693517,,,0.1814607233647476,-0.3386103471047945,0.3841678816487485,0.5804585952865549,0.3555808511983361,7.130902256050192,8.402665857999168,1.3178679474367632,0.4712444078100237,0.39995087941460056,0.3841678816487485,True,False,False,False,True,False,False,False,False,False,False
G1,ppo_privilege_mlp_0721_base,10,evaluation-sp1-ego42-raceline2-v0.7,ol2_e42_o63_s0.7,True,overtake,False,False,,5.517263377639323,4.4934654496786095,801,7.999999999999874,False,0,False,478,closest_approach,4.7799999999999425,,,-2.99293232204343,-0.3068695672697004,-0.3068695672697004,,,0.19562418762003908,0.5229683323819964,0.5583589342496513,0.7136713026849469,0.5314157229860477,12.78160496038584,14.961888571056248,2.359501170715689,0.06742527801062048,0.3745359934013822,0.5583589342496513,False,False,False,False,False,False,False,False,False,False,False
G1,ppo_privilege_mlp_0721_base,10,evaluation-sp12-ego513-raceline0-v0.8,ol0_e513_o523_s0.8,False,overtake,False,False,,5.859381575579032,1.9480186764456562,801,7.999999999999874,False,0,False,653,closest_approach,6.529999999999905,,,-2.918793232532323,0.11604364247230592,0.11604364247230592,6.29999999999991,0.2299999999999951,-0.09879092521483727,-0.5384216483429425,0.5474098266464851,0.5713657162313199,0.6641206629323774,1.6087731804124705,1.9622250992676042,0.26873069317201587,0.05840314601262042,0.03684073505269436,0.5474098266464851,False,False,True,True,False,False,False,False,False,False,False
G1,ppo_privilege_mlp_0721_base,10,evaluation-sp13-ego556-raceline0-v0.8,ol0_e556_o565_s0.8,True,overtake,False,False,,5.3441264609266375,1.8411425151541607,801,7.999999999999874,False,0,False,718,closest_approach,7.179999999999891,,,-3.042886322651867,0.3224624142004018,0.3224624142004018,6.969999999999896,0.20999999999999552,-0.14594901709609662,-0.5290293491188158,0.5487924633414663,0.5482907421292635,0.6855097356975542,15.300130056787527,20.96736053379627,3.985268118074799,0.20691299320812973,-0.0035812741942911064,0.5487924633414663,False,False,True,True,True,False,False,False,False,False,False
G1,ppo_privilege_mlp_0721_base,10,evaluation-sp15-ego641-raceline2-v0.7,ol2_e641_o661_s0.7,True,ego_collision,True,True,4.299999999999953,4.741631312085541,0.2916780749639827,430,4.289999999999953,False,0,False,429,nearest_preterminal_frame,4.289999999999953,4.299999999999953,0.009999999999999787,-3.120405458589886,0.2890972082291796,0.2795162780041949,4.109999999999957,0.17999999999999616,-0.4281790487695912,0.3074723550543678,0.5271399690100449,0.33709449512198847,0.7812300526824822,20.9370230713043,27.728838643981806,5.76752857831874,0.10788076534367241,0.5528360885449519,0.4950633570862253,True,False,True,True,True,True,True,True,True,True,False
G1,ppo_privilege_mlp_0721_base,10,evaluation-sp2-ego85-raceline2-v0.8,ol2_e85_o106_s0.8,True,ego_collision,True,True,5.84999999999992,5.449823769078747,-0.05319717399362389,585,5.83999999999992,False,0,False,584,nearest_preterminal_frame,5.83999999999992,5.84999999999992,0.009999999999999787,-2.990392967341876,-0.06251329708740627,-0.06251329708740627,,,0.12865831884454437,0.3336731859247246,0.3576181734938261,0.5353621045076836,0.37063315162465504,10.676880400654094,14.17233223407775,2.7626653894341726,0.26917052359954885,0.571456694681824,0.3576181734938261,True,False,False,False,True,False,False,False,False,False,False
G1,ppo_privilege_mlp_0721_base,10,evaluation-sp21-ego898-raceline0-v0.7,ol0_e898_o902_s0.7,True,overtake,False,False,,5.4071414388973835,4.6365677671330445,801,7.999999999999874,False,0,False,603,closest_approach,6.029999999999916,,,-2.9938366206783087,0.848942385947538,0.7661798857936333,5.499999999999927,0.5299999999999887,-0.3825310399166494,-0.5816443999218667,0.6961610477900796,0.5889585735079548,0.8891615194169382,16.73518347531307,21.756532336413652,4.25850975313456,0.16984166719279015,-0.030774895227774435,0.6961610477900796,False,False,True,True,True,False,False,False,False,False,False
G1,ppo_privilege_mlp_0721_base,10,evaluation-sp30-ego1283-raceline0-v0.7,ol0_e1283_o1279_s0.7,False,overtake,False,False,,4.817652649047055,4.097399028901805,801,7.999999999999874,False,0,False,656,closest_approach,6.559999999999905,,,-2.7444438072821526,0.3574307811748554,0.343620695587731,6.129999999999914,0.42999999999999083,-0.17845904522866382,-0.5311537028022836,0.560331943426843,0.5427390170163536,0.7082218106335951,7.4062968859588825,9.428815766540339,1.9320231574717595,0.04803837931417687,-0.0014399298181584363,0.560331943426843,False,False,True,True,False,False,False,False,False,False,False
G1,ppo_privilege_mlp_0721_base,10,evaluation-sp37-ego1582-raceline2-v0.7,ol2_e1582_o1611_s0.7,True,overtake,False,False,,6.346415218004381,12.249628396029891,801,7.999999999999874,False,0,False,289,closest_approach,2.8899999999999824,,,-3.0969620622893785,0.1939476993524636,0.1939476993524636,2.809999999999984,0.0799999999999983,-0.21558917280968454,0.4838280538402878,0.5296869614363227,0.4895166563928417,0.6997928245882931,18.84526068121073,25.43733708061284,5.46971235931193,-0.10393519611537072,0.47925088813918026,0.5296869614363227,False,False,True,True,False,False,False,False,False,False,False
G1,ppo_privilege_mlp_0721_base,10,evaluation-sp4-ego171-raceline2-v0.8,ol2_e171_o194_s0.8,True,overtake,False,False,,5.462923940779881,1.1247287981183547,801,7.999999999999874,False,0,False,658,closest_approach,6.579999999999904,,,-2.9674902499793063,0.5447618516473938,0.5447618516473938,6.169999999999913,0.40999999999999126,-0.5018239241966255,0.5221712473589817,0.7242168614886948,0.5634999435940456,0.9484977271973708,8.849057818746957,11.333764031951935,2.28155885357213,0.5166665990319261,0.6139891630808691,0.7242168614886948,False,False,True,True,True,False,False,False,False,False,False
G1,ppo_privilege_mlp_0721_base,10,evaluation-sp45-ego1924-raceline0-v0.7,ol0_e1924_o1919_s0.7,False,overtake,False,False,,5.48006930629614,6.729557117141354,801,7.999999999999874,False,0,False,574,closest_approach,5.739999999999922,,,-3.036418303031155,-0.08737572544669092,-0.08737572544669092,,,0.04890839330069127,-0.5679424519117275,0.5700444365299604,0.661375481654076,0.6169957791625151,2.92998860790397,3.528864865423963,0.6881679006970767,-0.13786382849486034,-0.1009928057076146,0.5700444365299604,False,False,False,False,False,False,False,False,False,False,False
G1,ppo_privilege_mlp_0721_base,10,evaluation-sp5-ego213-raceline0-v0.7,ol0_e213_o221_s0.7,True,ego_collision,True,True,3.2499999999999747,4.745066030511227,0.20288662369520694,325,3.239999999999975,False,0,False,324,nearest_preterminal_frame,3.239999999999975,3.2499999999999747,0.009999999999999787,-3.1763834205093247,0.19393851824676744,0.19393851824676744,3.1199999999999775,0.11999999999999744,-0.15712769629686518,-0.34414664237379394,0.3783200026442111,0.36890643874637663,0.564234072219055,7.363533899207489,9.303095756338987,1.2733104369207653,0.25920604015037135,-0.08294551018032997,0.3783200026442111,True,False,True,True,True,True,True,True,True,False,False
G1,ppo_privilege_mlp_0721_base,10,evaluation-sp9-ego384-raceline0-v0.7,ol0_e384_o391_s0.7,False,ego_collision,True,True,7.159999999999892,5.1538321044804976,-0.12263146614014886,716,7.149999999999892,False,0,False,715,nearest_preterminal_frame,7.149999999999892,7.159999999999892,0.009999999999999787,-2.819123226821347,-0.0434753834020114,-0.12090656654393683,,,0.18535911797791288,-0.3319459688067179,0.38019222614958914,0.579788252081542,0.3480486178645031,8.58047856621281,10.226816514914404,1.5806568782083001,0.4522186636998383,0.33241431965476476,0.38019222614958914,True,False,False,False,True,False,False,False,False,False,False
G1,ppo_privilege_mlp_0721_base,15,evaluation-sp1-ego42-raceline2-v0.7,ol2_e42_o63_s0.7,True,overtake,False,False,,5.545267369110265,4.71316968548291,801,7.999999999999874,False,0,False,478,closest_approach,4.7799999999999425,,,-2.99293232204343,-0.2833570918863302,-0.2833570918863302,,,0.17757863796289178,0.532250013847199,0.5610920155385384,0.7084630265014376,0.5439932351441717,12.079526133753337,14.19153753637223,2.1790237005830737,0.05510510440905114,0.3574708069826269,0.5610920155385384,False,False,False,False,False,False,False,False,False,False,False
G1,ppo_privilege_mlp_0721_base,15,evaluation-sp12-ego513-raceline0-v0.8,ol0_e513_o523_s0.8,False,ego_collision,True,True,5.709999999999923,6.070868312999129,0.2740208657269534,571,5.699999999999923,False,0,False,570,nearest_preterminal_frame,5.699999999999923,5.709999999999923,0.009999999999999787,-2.918793232532323,0.2698862795708692,0.2698862795708692,5.419999999999929,0.27999999999999403,-0.247178982260575,-0.32373062379829615,0.40730696784637455,0.3265503886769607,0.6271863963506711,5.342014351146517,6.311576831015976,0.7230302454511749,0.32938134819791537,0.3030798670769062,0.40730696784637455,True,False,True,True,True,True,True,True,True,False,False
G1,ppo_privilege_mlp_0721_base,15,evaluation-sp13-ego556-raceline0-v0.8,ol0_e556_o565_s0.8,True,overtake,False,False,,5.493040434096667,3.3573605846806913,801,7.999999999999874,False,0,False,678,closest_approach,6.7799999999999,,,-3.042886322651867,0.28085230504697734,0.28085230504697734,6.459999999999907,0.3199999999999932,-0.09623217032022856,-0.5951330849676344,0.6028631846676616,0.6258828649531016,0.709477750330035,13.960296144926831,18.982665174429066,4.112878675696451,0.21403903211111208,0.02110216187112801,0.6028631846676616,False,False,True,True,True,False,False,False,False,False,False
G1,ppo_privilege_mlp_0721_base,15,evaluation-sp15-ego641-raceline2-v0.7,ol2_e641_o661_s0.7,True,ego_collision,True,True,4.349999999999952,4.712973649876658,0.33046704036124197,435,4.339999999999952,False,0,False,434,nearest_preterminal_frame,4.339999999999952,4.349999999999952,0.009999999999999787,-3.120405458589886,0.3359253395975941,0.3359253395975941,4.159999999999956,0.17999999999999616,-0.4456996384388911,0.3024078576599938,0.538608095073835,0.34013657519371315,0.7954272250643815,19.095838581980047,25.71135679216411,5.41029796971516,0.1628619354186398,0.48500258449038725,0.4966575879094944,True,False,True,True,True,True,True,True,True,True,False
G1,ppo_privilege_mlp_0721_base,15,evaluation-sp2-ego85-raceline2-v0.8,ol2_e85_o106_s0.8,True,ego_collision,True,True,5.869999999999919,5.439895491921366,-0.04869632625869258,587,5.8599999999999195,False,0,False,586,nearest_preterminal_frame,5.8599999999999195,5.869999999999919,0.009999999999999787,-2.990392967341876,-0.05626826561166354,-0.05626826561166354,,,0.13248336077092915,0.3386273191177738,0.36362109693202727,0.5414431192481715,0.37347014992755695,9.51687716034859,12.762756631355042,2.4736727116494612,0.3112255313868574,0.561547307148581,0.36362109693202727,True,False,False,False,True,False,False,False,False,False,False
G1,ppo_privilege_mlp_0721_base,15,evaluation-sp21-ego898-raceline0-v0.7,ol0_e898_o902_s0.7,True,overtake,False,False,,5.410339078836862,4.640110061054514,801,7.999999999999874,False,0,False,607,closest_approach,6.069999999999915,,,-2.9938366206783087,0.7539846774657519,0.6835277416121244,5.5299999999999265,0.5399999999999885,-0.3743010871457497,-0.5447593977883913,0.6609569617738063,0.55124357118494,0.8591034488708539,16.943089709348616,21.94989119763342,4.355328670019733,0.2022462806667482,0.008689469126282767,0.6609569617738063,False,False,True,True,True,False,False,False,False,False,False
G1,ppo_privilege_mlp_0721_base,15,evaluation-sp30-ego1283-raceline0-v0.7,ol0_e1283_o1279_s0.7,False,overtake,False,False,,4.8211460118604075,3.9188066246524045,801,7.999999999999874,False,0,False,646,closest_approach,6.459999999999907,,,-2.7444438072821526,0.24822459323337398,0.24822459323337398,6.089999999999915,0.3699999999999921,-0.1326583988047599,-0.6328207171866828,0.6465758353620326,0.6520877544988477,0.760987636023655,6.624028818904634,7.87539359146317,1.3442657906143938,0.03809666662002631,-0.12438231487288853,0.6465758353620326,False,False,True,True,False,False,False,False,False,False,False
G1,ppo_privilege_mlp_0721_base,15,evaluation-sp37-ego1582-raceline2-v0.7,ol2_e1582_o1611_s0.7,True,ego_collision,True,True,3.139999999999977,4.50125117709605,0.5663399500176638,314,3.1299999999999772,False,0,False,313,nearest_preterminal_frame,3.1299999999999772,3.139999999999977,0.009999999999999787,-3.0969620622893785,0.5258015468742769,0.5258015468742769,2.859999999999983,0.26999999999999424,-0.5611391397438423,0.2952782636362733,0.6340870501189185,0.4008811370931331,0.9009034843866132,17.20263566963621,23.464709883985186,5.145643647525689,0.3236023033632248,0.388962921762516,0.5119614724794176,True,False,True,True,True,True,True,True,True,True,False
G1,ppo_privilege_mlp_0721_base,15,evaluation-sp4-ego171-raceline2-v0.8,ol2_e171_o194_s0.8,True,overtake,False,False,,5.48597289657893,1.30947982727929,801,7.999999999999874,False,0,False,658,closest_approach,6.579999999999904,,,-2.9674902499793063,0.6040112530060071,0.6040112530060071,6.119999999999914,0.4599999999999902,-0.5573237369722392,0.5558968398333055,0.7871664654501979,0.6168332650607121,1.0133996308333926,8.176998548381048,10.630394692275798,2.027946314031802,0.4803620288937165,0.5915237710942689,0.7871664654501979,False,False,True,True,True,False,False,False,False,False,False
G1,ppo_privilege_mlp_0721_base,15,evaluation-sp45-ego1924-raceline0-v0.7,ol0_e1924_o1919_s0.7,False,ego_collision,True,True,7.0799999999998935,4.931494415311626,0.43801266190664023,708,7.069999999999894,False,0,False,707,nearest_preterminal_frame,7.069999999999894,7.0799999999998935,0.009999999999999787,-3.036418303031155,0.44064681276802276,0.4304412855051112,5.929999999999918,1.1399999999999757,-0.2878939311249421,-0.45902265786213137,0.5418345836225187,0.4590274893259899,0.7380130053473682,4.18717597117402,3.622274429192815,1.4575973367972628,0.05263959796973927,0.1560997470877067,0.5088272577939899,True,False,True,True,False,True,False,False,False,False,False
G1,ppo_privilege_mlp_0721_base,15,evaluation-sp5-ego213-raceline0-v0.7,ol0_e213_o221_s0.7,True,ego_collision,True,True,3.279999999999974,4.7883383482525375,0.37972301245909534,328,3.2699999999999743,False,0,False,327,nearest_preterminal_frame,3.2699999999999743,3.279999999999974,0.009999999999999787,-3.1763834205093247,0.36396345147161924,0.36396345147161924,3.0599999999999787,0.20999999999999552,-0.3349215899886715,-0.33749103627903615,0.4754709991253278,0.3404675444382445,0.7102303803715151,6.9202205346540735,8.747609232800626,1.1372606357406554,0.30028959414132855,0.015561272187480268,0.4475398900454859,True,False,True,True,True,True,True,True,True,False,False
G1,ppo_privilege_mlp_0721_base,15,evaluation-sp9-ego384-raceline0-v0.7,ol0_e384_o391_s0.7,False,ego_collision,True,True,7.159999999999892,5.164542977547283,-0.08398489103313977,716,7.149999999999892,False,0,False,715,nearest_preterminal_frame,7.149999999999892,7.159999999999892,0.009999999999999787,-2.819123226821347,-0.02309081237123678,-0.08376287997523946,,,0.1460591267672178,-0.3374267858187494,0.3676820695927045,0.5513659382161368,0.36684575883467435,8.594920269227938,10.21856116255938,1.669009046084824,0.4494872929640945,0.3187987994713143,0.3676820695927045,True,False,False,False,True,False,False,False,False,False,False
G1,ppo_privilege_mlp_0721_base,20,evaluation-sp1-ego42-raceline2-v0.7,ol2_e42_o63_s0.7,True,overtake,False,False,,5.644806047678881,5.461632409977852,801,7.999999999999874,False,0,False,470,closest_approach,4.699999999999944,,,-2.99293232204343,-0.086983396782216,-0.086983396782216,,,-0.004255495954631525,0.48507130579938285,0.4850899720214161,0.5629778799402797,0.5673451053895014,13.295201010548366,15.440113298414673,2.448159075303388,0.1834152920478207,0.3949198574232705,0.4850899720214161,False,False,False,True,True,False,False,False,False,False,False
G1,ppo_privilege_mlp_0721_base,20,evaluation-sp12-ego513-raceline0-v0.8,ol0_e513_o523_s0.8,False,ego_collision,True,True,5.419999999999929,6.1259901989904755,0.4997822885129324,542,5.409999999999929,False,0,False,541,nearest_preterminal_frame,5.409999999999929,5.419999999999929,0.009999999999999787,-2.918793232532323,0.4787034829374761,0.4787034829374761,5.119999999999935,0.2899999999999938,-0.5042086780075262,-0.3239368425376532,0.5993008167284286,0.38835606817326335,0.8577310197117315,6.920687311253428,8.114443305883094,0.9995510569840995,0.2790197760250148,0.280693406293651,0.5199057932562825,True,False,True,True,True,True,True,True,True,False,False
G1,ppo_privilege_mlp_0721_base,20,evaluation-sp13-ego556-raceline0-v0.8,ol0_e556_o565_s0.8,True,overtake,False,False,,5.633114634677251,4.550761785466278,801,7.999999999999874,False,0,False,663,closest_approach,6.629999999999903,,,-3.042886322651867,0.6900988668928392,0.6753720826699237,6.28999999999991,0.33999999999999275,-0.1262384687522097,-0.674515683941704,0.6862270461561883,0.6941103997203656,0.7926070090230902,15.056052751190267,20.244606073497284,4.133735505967894,0.12237238383750715,-0.10888334088005669,0.6862270461561883,False,False,True,True,True,False,False,False,False,False,False
G1,ppo_privilege_mlp_0721_base,20,evaluation-sp15-ego641-raceline2-v0.7,ol2_e641_o661_s0.7,True,overtake,False,False,,6.062687217240264,10.324920682281572,801,7.999999999999874,False,0,False,404,closest_approach,4.039999999999958,,,-3.120405458589886,0.24932921863404545,0.24932921863404545,3.92999999999996,0.1099999999999981,-0.36228933742791924,0.6398995165887507,0.7353400270245579,0.643969828203375,0.9137575012292215,20.446515114199862,27.336769911388863,5.914740271996417,0.027965340192740884,0.27782128528472794,0.7353400270245579,False,False,True,True,False,False,False,False,False,False,False
G1,ppo_privilege_mlp_0721_base,20,evaluation-sp2-ego85-raceline2-v0.8,ol2_e85_o106_s0.8,True,ego_collision,True,True,5.729999999999922,5.588543555244615,0.5414813282312707,573,5.7199999999999225,False,0,False,572,nearest_preterminal_frame,5.7199999999999225,5.729999999999922,0.009999999999999787,-2.990392967341876,0.5328620301265232,0.5328620301265232,5.419999999999929,0.2999999999999936,-0.4947887466485818,0.35598572054580296,0.6095422356511393,0.4106875503182578,0.8617535669196655,11.101329400753817,14.722658096015374,2.8414923369698,0.3780692758896212,0.5377074628891925,0.5895618785319783,True,False,True,True,True,True,True,True,True,True,False
G1,ppo_privilege_mlp_0721_base,20,evaluation-sp21-ego898-raceline0-v0.7,ol0_e898_o902_s0.7,True,overtake,False,False,,5.775423312994687,7.480250055529126,801,7.999999999999874,False,0,False,540,closest_approach,5.399999999999929,,,-2.9938366206783087,0.5231091160451342,0.5231091160451342,5.049999999999937,0.34999999999999254,-0.14512417806454267,-0.8009322114797458,0.8139738536616182,0.8139296106957349,0.9114962741131639,7.445644269776146,9.898113384447145,2.487677440778881,0.12962395437364416,0.06475312366848673,0.8139738536616182,False,False,True,True,True,False,False,False,False,False,False
G1,ppo_privilege_mlp_0721_base,20,evaluation-sp30-ego1283-raceline0-v0.7,ol0_e1283_o1279_s0.7,False,overtake,False,False,,5.389928632816491,8.177661369584655,801,7.999999999999874,False,0,False,505,closest_approach,5.049999999999937,,,-2.7444438072821526,-0.060808009381162265,-0.060808009381162265,,,0.053102066694319494,-0.6572199666553284,0.6593617474934673,0.7413886381246642,0.6986119920062449,1.6625256836167779,1.9715943532170825,0.2673223911735491,-0.10833345377374681,-0.15477418234046236,0.6593617474934673,False,False,False,False,False,False,False,False,False,False,False
G1,ppo_privilege_mlp_0721_base,20,evaluation-sp37-ego1582-raceline2-v0.7,ol2_e1582_o1611_s0.7,True,overtake,False,False,,6.446609838468685,13.06608803870131,801,7.999999999999874,False,0,False,289,closest_approach,2.8899999999999824,,,-3.0969620622893785,0.21055907052505063,0.21055907052505063,2.809999999999984,0.0799999999999983,-0.22046703700091672,0.5123300059781158,0.5577524087168964,0.5170269509116213,0.7232279245784357,16.651345063301925,22.845632490960888,5.25057622760635,-0.06299321977793565,0.31796446582752336,0.5577524087168964,False,False,True,True,False,False,False,False,False,False,False
G1,ppo_privilege_mlp_0721_base,20,evaluation-sp4-ego171-raceline2-v0.8,ol2_e171_o194_s0.8,True,overtake,False,False,,5.500851638867007,1.3215064624932609,801,7.999999999999874,False,0,False,658,closest_approach,6.579999999999904,,,-2.9674902499793063,0.5594485749572584,0.5594485749572584,6.159999999999913,0.41999999999999105,-0.5157542508919617,0.5479887495151178,0.7525251603157673,0.5926690909697698,0.9744391117076576,8.192801021335168,10.639490835477588,1.9967590682515084,0.4640519173665071,0.5996241092003655,0.7525251603157673,False,False,True,True,True,False,False,False,False,False,False
G1,ppo_privilege_mlp_0721_base,20,evaluation-sp45-ego1924-raceline0-v0.7,ol0_e1924_o1919_s0.7,False,overtake,False,False,,5.569733437469954,7.333542671948436,801,7.999999999999874,False,0,False,568,closest_approach,5.679999999999923,,,-3.036418303031155,0.13185413719975259,0.13185413719975259,5.609999999999925,0.06999999999999851,-0.09725923135619918,-0.7973385073571607,0.8032484381550603,0.820303418993209,0.886407585473601,1.0971381408789436,1.3588082502705312,0.2516102196238155,0.01444480610359744,-0.06901376345363397,0.8032484381550603,False,False,True,True,False,False,False,False,False,False,False
G1,ppo_privilege_mlp_0721_base,20,evaluation-sp5-ego213-raceline0-v0.7,ol0_e213_o221_s0.7,True,ego_collision,True,True,3.279999999999974,4.841801084524594,0.49227953548975734,328,3.2699999999999743,False,0,False,327,nearest_preterminal_frame,3.2699999999999743,3.279999999999974,0.009999999999999787,-3.1763834205093247,0.4748323687809659,0.4748323687809659,3.00999999999998,0.25999999999999446,-0.44480524689332046,-0.34001314362595547,0.5598755625156651,0.3735955062686201,0.8096589953186206,7.264736916770059,8.97324083970683,1.2771791286843122,0.2750175375076209,0.024947514482793032,0.4805862250037634,True,False,True,True,True,True,True,True,True,False,False
G1,ppo_privilege_mlp_0721_base,20,evaluation-sp9-ego384-raceline0-v0.7,ol0_e384_o391_s0.7,False,ego_collision,True,True,7.009999999999895,5.195446613647801,0.116159375153984,701,6.999999999999895,False,0,False,700,nearest_preterminal_frame,6.999999999999895,7.009999999999895,0.009999999999999787,-2.819123226821347,0.16775925607558406,0.12100373128555475,6.649999999999903,0.34999999999999254,-0.0045495678040119725,-0.38663418217978307,0.3866609488906696,0.48059124011024795,0.4860508602228371,9.99674737878816,11.803348432544277,1.5501418097261663,0.39931344953682524,0.13105183988320857,0.3866609488906696,True,False,True,True,True,True,True,True,True,True,False
