group,arm,run,update,rollout_policy_update,checkpoint_update,rollout_collision_rate,rollout_overtake_rate,policy_gradient_loss,value_loss_post_update,explained_variance_post_update,collision_explained_variance_post,ordinary_explained_variance_post,approx_kl_mean,approx_kl_max,clip_fraction_mean,clip_fraction_max,actor_optimizer_steps_planned,actor_optimizer_steps_completed,actor_early_stop_triggered,actor_grad_norm_mean,actor_grad_norm_max,critic_grad_norm_mean,critic_grad_norm_max,ego_collision_count,episode_count,overtake_count,follow_count,mean_episode_return,mean_collision_episode_return,mean_ordinary_episode_return,mean_relative_position_m,mean_collision_relative_position_m,mean_ordinary_relative_position_m,mean_ego_collision_time,mean_episode_min_obb_clearance_m,mean_episode_min_wall_clearance_m,mean_episode_risk_active_fraction,mean_episode_reward_progress,mean_episode_reward_relative,mean_episode_reward_collision,mean_episode_reward_risk,rollout_wall_seconds,actor_train_wall_seconds,critic_train_wall_seconds
G1,independent_gru,ppo_independent_gru_0721_base,1,0,1,0.33962264150943394,0.41509433962264153,0.023108548669842993,0.14246022316854798,0.6103389777938593,0.6087494124673547,0.06525581660939472,0.4068368784862105,3.495802640914917,0.36235839035362005,0.6110156178474426,,,,149.9240264892578,275.40484619140625,2.298550555855036,5.333445072174072,54,159,66,39,-0.23055848805200252,-0.7836086370903732,0.5692371120957951,3.503862829655375,1.7935366908688255,5.977257553439001,3.556666666666632,0.3090019532907204,0.43090997908191037,0.08736558703054961,0.3284134787783901,0.12027644987074954,-0.6792452830188679,-3.133682274248001e-06,85.06020818300021,17.61821307900027,51.0710506559999
G1,independent_gru,ppo_independent_gru_0721_base,2,1,2,0.3137254901960784,0.3464052287581699,0.0020038439027121047,0.13633601878320095,0.630513706551772,0.5930662401681788,0.26117116020207976,0.04731385777151445,0.6871441006660461,0.09679687209427357,0.23921874165534973,,,,37.06407889723778,96.22772979736328,1.3530735865235328,3.3006927967071533,48,153,53,52,-0.18984185642930915,-0.674090811107269,0.48356684616972867,2.827967961772089,2.102697391635767,3.836547348367913,3.6460416666666298,0.4158048464422634,0.4449670351578674,0.10140390358058654,0.33055434126970573,0.1066305942426854,-0.6274509803921569,0.0004241884504565423,85.58449860399924,17.489660950000143,50.454592521999984
G1,independent_gru,ppo_independent_gru_0721_base,3,2,3,0.31333333333333335,0.44666666666666666,0.003011005495645813,0.07029419954740306,0.7458447022563388,0.7343707574518535,0.5506796555080808,0.08025706030020956,0.6269772052764893,0.1091796844266355,0.25679686665534973,,,,43.83842870593071,96.50789642333984,1.2714525915682315,3.4481468200683594,47,150,67,36,-0.14701349778213538,-0.6196282303667768,0.4710211525208572,4.144740238033328,2.5135698911572235,6.277809153179002,3.9070212765957026,0.3313240224527259,0.43194744198234153,0.09863077814500533,0.34667464557879574,0.13262472693116384,-0.6266666666666667,0.00035379637457168766,84.20009220700013,17.294602752000173,50.094219364999844
G1,independent_gru,ppo_independent_gru_0721_base,4,3,4,0.3355263157894737,0.3815789473684211,0.0019135642050427393,0.06404048897369355,0.8251095473404539,0.8008626397857366,0.7099800512893799,0.08813240552990464,0.7781549096107483,0.06917968524430762,0.14164061844348907,,,,44.76815742254257,92.31417846679688,1.3086430747061968,3.186844825744629,51,152,58,43,-0.21001125740279428,-0.6902335598801999,0.4157329549162495,3.5354378476339225,2.1932361934572264,5.2843672758035565,4.170784313725443,0.31835674319645985,0.4746431236754085,0.09615809411080183,0.3396035795034111,0.12142287311168329,-0.6710526315789473,1.4921561058728761e-05,85.54079592899961,17.494581431999904,50.49542484799986
G1,independent_gru,ppo_independent_gru_0721_base,5,4,5,0.2631578947368421,0.3881578947368421,0.0023774416248125707,0.06559870652628126,0.8152309772744148,0.7813620350543223,0.6825073990882389,0.032859141761582576,0.3657929599285126,0.09383300541958306,0.16953124105930328,,,,37.94502167403698,91.8788070678711,2.002114852517843,5.502567768096924,40,152,59,53,-0.06753534412806578,-0.5250278186834346,0.5615168083855664,3.2257960503344267,2.514460679828952,4.203882184779454,3.337749999999969,0.40469292567112297,0.42005333105962034,0.07983424152513717,0.3442645261333106,0.11489265028965708,-0.5263157894736842,-0.0003767310773492857,87.17513359900022,17.497542858999623,50.503572544000235
G1,independent_gru,ppo_independent_gru_0721_base,6,5,6,0.38650306748466257,0.31901840490797545,0.0021170060855365547,0.06889235005081049,0.8403855549452048,0.81026900265505,0.7533063933800545,0.0434197126358049,0.6191878914833069,0.09585937211522833,0.26445311307907104,,,,44.31203952431679,132.19654846191406,2.0636071637272835,3.6160194873809814,63,163,52,48,-0.3747222229476146,-0.9114531215864661,0.43450282423096154,2.34535166280359,0.7887160277645953,4.692279235631614,3.333015873015841,0.3414462566211117,0.46987776895407185,0.09868979476945028,0.3024961118625844,0.09649502789065746,-0.7730061349693251,-0.0007072277315313065,84.74216408699976,17.865002295000522,51.66871674599952
G1,independent_gru,ppo_independent_gru_0721_base,7,6,7,0.3,0.38,0.004686943260566956,0.06031390928805771,0.8442887771239559,0.8054933096561427,0.796482102307354,0.006597105458204168,0.011895780451595783,0.1333349570631981,0.27828124165534973,,,,68.92954704165459,134.83445739746094,0.9078088410198688,1.9209707975387573,45,150,57,48,-0.14676040891545947,-0.6323829054901292,0.4882843942975702,3.0637964414996777,2.3950140862856792,3.9383579829333684,3.990888888888843,0.40758382524082304,0.4479146017107646,0.08389091134005258,0.3453680989287328,0.1075696678601151,-0.6,0.0003018242956926434,84.41130749500007,17.32628909199957,50.17604857399965
G1,independent_gru,ppo_independent_gru_0721_base,8,7,8,0.2781456953642384,0.40397350993377484,0.0011826700485104702,0.04878364105244622,0.8829839251639915,0.8762846861042873,0.7725757175128543,0.11836307872086763,0.9183151721954346,0.04995117080397904,0.20960937440395355,,,,32.28532588481903,93.36549377441406,1.3637978974729776,3.328535795211792,42,151,61,48,-0.09148552515959377,-0.5581108417485394,0.5428332645785041,3.315241227546598,2.204055213658622,4.825759715175566,3.900238095238053,0.36894704269784384,0.44185255508320087,0.0891219840584801,0.346840245734177,0.11797878322061207,-0.5562913907284768,-1.3163385906095407e-05,86.95941677799965,17.473242863999985,50.30484944
G1,independent_gru,ppo_independent_gru_0721_base,9,8,9,0.2972972972972973,0.36486486486486486,0.0011793662414367745,0.07429201913750702,0.8403971871669814,0.795742057991095,0.7919223573452423,0.02964607409900054,0.4105597138404846,0.056855468079447746,0.1763281226158142,,,,34.2260981798172,119.37480163574219,1.4460649617016315,3.4764392375946045,44,148,54,50,-0.1316589486964042,-0.662321268934377,0.5459560140690072,3.0815714802317884,1.6681588161781196,4.886390728177242,4.319772727272677,0.363255916259367,0.42806644886503137,0.08725578682593468,0.35057675577415753,0.11217976271207424,-0.5945945945945946,0.00017912741195859504,85.07038188999923,17.352071368999532,50.2152792199995
G1,independent_gru,ppo_independent_gru_0721_base,10,9,10,0.3087248322147651,0.44966442953020136,0.0019266801045887405,0.0803204369808594,0.8125155526754014,0.7815652537176654,0.7223187068411312,0.04831887224136153,0.7131489515304565,0.0836328094592318,0.20742186903953552,,,,53.16861754655838,96.93775939941406,1.7608823224902153,4.17881965637207,46,149,67,36,-0.12373869452365911,-0.6250945625454213,0.5241673503044645,4.122454589540295,2.185919223141969,6.625054139962747,4.373260869565167,0.3564641033549753,0.4198844977531121,0.08668105127763574,0.3596977202873634,0.13382568058684183,-0.6174496644295302,0.00018756903166588062,87.48696040899995,17.407397150999714,50.33167880200017
G1,independent_gru,ppo_independent_gru_0721_base,11,10,11,0.3246753246753247,0.35714285714285715,0.0018776906764106371,0.10803768617283817,0.8531593490131251,0.8302666000988514,0.7372826947190023,0.03548459444238688,0.4705418646335602,0.06709960871376097,0.21742187440395355,,,,52.56375448405743,150.05023193359375,1.1730002593249083,2.967526912689209,50,154,55,49,-0.21879870758396652,-0.7149519118608391,0.4789167359303854,2.5400815248867263,1.8224844868856118,3.549202359575794,3.7893999999999606,0.40921699833059066,0.4349577975715456,0.08429595246502637,0.3288545860163957,0.10194837594684711,-0.6493506493506493,-0.000251020196559922,88.2287660789998,17.65325585499977,50.90979270600019
G1,independent_gru,ppo_independent_gru_0721_base,12,11,12,0.3006535947712418,0.3464052287581699,0.003930650983384076,0.056984329491278164,0.8952253017254107,0.8873445226446615,0.8359461469374809,0.007211164594627915,0.02045404352247715,0.12189941116957925,0.2890625,,,,30.996447905898094,106.82354736328125,1.0983805119991303,2.1796154975891113,46,153,53,54,-0.14981681161888286,-0.6171261657503935,0.46618188246356307,3.1717578233361485,2.175793167533432,4.484620324167003,3.7173913043477858,0.39109651534084533,0.4310360707396388,0.09570811092001057,0.33659034245778063,0.11462824958693277,-0.6013071895424836,0.00027178587888738716,85.29375108000022,17.491761303001113,50.75031873700027
G1,independent_gru,ppo_independent_gru_0721_base,13,12,13,0.2827586206896552,0.3586206896551724,0.004586856970926867,0.070042566437037,0.8743796618622148,0.852865404741917,0.8013960607763777,0.007056740153930149,0.017518682405352592,0.16223632404580712,0.3868750035762787,,,,83.46900308132172,188.07073974609375,1.2206089302897454,4.033867359161377,41,145,52,52,-0.11438537077727474,-0.44921738534877764,0.2754190640970123,2.7112160491795247,2.183163651128102,3.325963617060285,4.455609756097509,0.3710449713434689,0.4270669939792704,0.07765076370277604,0.34668295705468094,0.1043502304418653,-0.5655172413793104,9.868310548941008e-05,86.33485519299938,17.22377578599844,49.8581476269992
G1,independent_gru,ppo_independent_gru_0721_base,14,13,14,0.25675675675675674,0.36486486486486486,0.000819345064610455,0.043527452333384745,0.8961280211271618,0.880742736110669,0.8640044297893938,0.14491861678019632,0.9170182347297668,0.046552733139833435,0.09187499433755875,,,,29.342372238636017,85.95323181152344,1.1065561056137085,2.758612871170044,38,148,54,56,-0.07916155077024752,-0.5072213177517969,0.45267028093410183,2.1284792519358215,1.558349863408842,2.83682182556025,3.934999999999956,0.4312773137529194,0.4254566134508516,0.08192233951173358,0.344343710466789,0.09031069333374041,-0.5135135135135135,-0.0003024410572633765,86.57622193200041,17.370286036000834,50.12855777700133
G1,independent_gru,ppo_independent_gru_0721_base,15,14,15,0.27702702702702703,0.39864864864864863,0.0015357970690814682,0.046368389880837704,0.8897054315285117,0.893552978044108,0.8218655753285236,0.0062732507281179975,0.027623562142252922,0.04965331868152134,0.10460937023162842,,,,31.72489959001541,83.43883514404297,0.8161025978624821,1.885803461074829,41,148,59,48,-0.0908575309874275,-0.49066111775443405,0.43388467664426866,3.136566737077647,2.831447910122896,3.537035197455759,4.040487804878004,0.3944674794203914,0.4243940527908985,0.09396146059875041,0.3492328540427301,0.11356868952582037,-0.5540540540540541,0.00039497949807606433,86.88852419599971,17.288617879999947,50.031096087999686
G1,independent_gru,ppo_independent_gru_0721_base,16,15,16,0.24,0.42,0.0006843488070899517,0.036491618973134125,0.9018412669734011,0.8961731936540573,0.8801557555463959,0.043135991399285555,0.650275468826294,0.05187011614907533,0.13789062201976776,,,,19.54625403881073,63.69105529785156,0.8952736832201481,2.1605889797210693,36,150,63,51,-0.004738140411600368,-0.37868039660443464,0.47118836747018866,3.9205589950301007,3.269310277868132,4.749420998690789,3.272499999999968,0.43533755104139876,0.41657319492073336,0.09455933459040547,0.34678846101585387,0.12814281124547977,-0.48,0.00033058732706590227,85.33338281400029,17.450736290998975,50.33520134399987
G1,independent_gru,ppo_independent_gru_0721_base,17,16,17,0.20279720279720279,0.46153846153846156,0.002477857903795677,0.025490954268213337,0.927584315164081,0.9351778995805119,0.8407438676745695,0.006014995301375163,0.023517748340964317,0.10589355218689889,0.2535937428474426,,,,36.67152765393257,78.25143432617188,0.5334815554320812,1.448513388633728,29,143,66,48,0.09698374308387037,-0.2694785631076591,0.5245231003073215,3.9661143433891337,2.620803689754943,5.535643439295691,4.3186206896551225,0.366823860892818,0.42571177713032093,0.08050863518703241,0.37330017630181167,0.12911215636905907,-0.40559440559440557,0.00016581600740514076,86.23511525399954,17.128791704000832,49.423733806999735
G1,independent_gru,ppo_independent_gru_0721_base,18,17,18,0.32,0.46,0.001556939859001405,0.039671622790044526,0.919536444926186,0.9097886589105868,0.885111423224262,0.0044241253715881605,0.01206396333873272,0.0558691390324384,0.09648437052965164,,,,35.99504733085632,81.7979507446289,0.9031672090291977,2.667269706726074,48,150,69,33,-0.15889121508296167,-0.5853221241288674,0.3838390327936455,4.8457165158020645,3.968750293079085,5.96185534472222,4.07979166666662,0.30195866488096146,0.44306453531019485,0.1072805500637314,0.33377448749790095,0.14750944641680333,-0.64,-0.0001751489976658896,86.1714974459992,17.405319114999656,50.283832346000054
G1,independent_gru,ppo_independent_gru_0721_base,19,18,19,0.2602739726027397,0.4041095890410959,0.004584124699468006,0.04257556398478481,0.8967035985401414,0.888739235348944,0.86696440645755,0.007280070901324508,0.013672339729964733,0.16843261430040002,0.3306249976158142,,,,98.1062040925026,183.1508331298828,0.767741684615612,2.058262825012207,38,146,59,49,-0.042387530906278684,-0.4343889625571586,0.4072611701050248,3.3988137877296856,2.182910343210284,4.793526562325471,4.1968421052631095,0.38910054114864656,0.44114324044213943,0.0811174489901569,0.35896458253632285,0.11961974776223676,-0.5205479452054794,-0.00042391599935879024,83.70953935299985,17.219969800999024,49.95036560399967
G1,independent_gru,ppo_independent_gru_0721_base,20,19,20,0.2980132450331126,0.36423841059602646,0.0004771971532910868,0.05014458771682413,0.9074039817653526,0.8909515731541202,0.8821581500273489,0.02972025167255197,0.39666256308555603,0.03978027243283577,0.07929687201976776,,,,23.27131362259388,55.1379280090332,0.9006608687341213,2.4648690223693848,45,151,55,51,-0.1498604457639884,-0.5953737131032301,0.4557591520252934,3.0003561616444716,2.12828564899204,4.1858270147813705,3.8237777777777384,0.43382942038283717,0.4221440412392575,0.07662244907160555,0.33954361222294,0.10619148015450813,-0.5960264900662252,0.000430951924788536,85.84925649899924,17.491104624999934,50.40911508199861
G1,privilege_mlp,ppo_privilege_mlp_0721_base,1,0,1,0.33962264150943394,0.41509433962264153,0.022954452503181955,0.13832522922568619,0.30666758594647836,0.29233283511088914,-0.4981700952221986,0.19317712300806306,2.662461757659912,0.36630858667194843,0.5797656178474426,,,,147.61260396242142,262.6734313964844,0.2531983029097319,0.6297975182533264,54,159,66,39,-0.23055848805200252,-0.7836086370903732,0.5692371120957951,3.503862829655375,1.7935366908688255,5.977257553439001,3.556666666666632,0.3090019532907204,0.43090997908191037,0.08736558703054961,0.3284134787783901,0.12027644987074954,-0.6792452830188679,-3.133682274248001e-06,74.40636509400065,17.403024900000673,0.8026506710011745
G1,privilege_mlp,ppo_privilege_mlp_0721_base,2,1,2,0.32894736842105265,0.34868421052631576,0.0017315581883303732,0.12186459113010206,0.3744156412319448,0.36040746508645005,0.05382083908479607,0.004362897249520756,0.009444089606404305,0.07133300579153001,0.13507811725139618,,,,36.44007655978203,71.65874481201172,0.2301916044205427,0.4799044132232666,50,152,53,49,-0.21728592693206852,-0.7290146306137305,0.48634104063021666,2.920536592356998,2.185808910943721,3.930787154300254,3.917199999999958,0.42142507339774804,0.44185322882811673,0.09322524173370496,0.3316036433922279,0.10851799315191037,-0.6578947368421053,0.00048717336589845545,76.30749305099926,17.064720162999947,0.7960202300000674
G1,privilege_mlp,ppo_privilege_mlp_0721_base,3,2,3,0.3870967741935484,0.4,0.0033564576926439216,0.13702991976057766,0.4757848545343627,0.4470028823254375,0.3419156183493477,0.04013600588878034,0.5602995753288269,0.09687011421192437,0.2862499952316284,,,,57.89008393883705,194.70794677734375,0.29896771963685753,0.7579099535942078,60,155,62,33,-0.3071631466819088,-0.892458123274046,0.4820982611468822,3.978245475533244,2.0969294847399245,6.515171584330297,4.397333333333281,0.30875311809337214,0.42468712195810393,0.09779325539794488,0.33714183852305196,0.12932216440651378,-0.7741935483870968,0.0005663987756222416,74.68448743399858,17.236957589000667,0.8041356720004842
G1,privilege_mlp,ppo_privilege_mlp_0721_base,4,3,4,0.42138364779874216,0.3584905660377358,0.008008947729831573,0.14497628597657133,0.5279254990976591,0.5143071362073516,0.40764171023720086,0.06076597183331614,0.8206790089607239,0.19382812199182808,0.341796875,,,,107.91388323903084,216.98602294921875,0.2772655222564936,0.723071813583374,67,159,57,35,-0.39141194286613007,-1.0349611675733688,0.5638564375586772,3.71855539723494,2.234095867579804,5.922050011566783,4.212238805970101,0.27747261981019217,0.4728317016525426,0.08981694779706068,0.3270786883435831,0.12401375426911411,-0.8427672955974843,0.00026291011865699253,75.78789356400011,17.480740604998573,0.8158906949993252
G1,privilege_mlp,ppo_privilege_mlp_0721_base,5,4,5,0.29333333333333333,0.41333333333333333,0.0007917761253830591,0.11581793013614866,0.5875576836813436,0.5441131865188022,0.6381607260579296,0.002378753069206138,0.005285773891955614,0.04187499883119017,0.10062500089406967,,,,23.981689050793648,53.067562103271484,0.3276865968480706,0.9285721778869629,44,150,62,44,-0.12169289111872122,-0.6423790029064687,0.5779790715960642,3.4612940351753165,2.442223712036234,4.830669781893457,3.8479545454545043,0.3710618411011277,0.41407417815770514,0.08725076186336414,0.3448096054908104,0.12018571355355602,-0.5866666666666667,-2.1543496421020495e-05,76.47717295999973,16.93318344200088,0.7937331480006833
G1,privilege_mlp,ppo_privilege_mlp_0721_base,6,5,6,0.42168674698795183,0.3433734939759036,0.005813909988500843,0.1654179139347524,0.5709583723069842,0.5395505367266565,0.5573766089997114,0.12512162330473076,0.6860371828079224,0.14790527056902647,0.30921873450279236,,,,96.52845418453217,167.2115478515625,0.39163936357945206,0.7624636292457581,70,166,57,39,-0.41565697825587056,-0.9624883617317371,0.3923476032980218,3.4824101977032504,2.296271383050478,5.2350630730857075,3.646999999999962,0.32119448714992554,0.4657067256210306,0.09557274747413791,0.3118910924836243,0.11559919392981703,-0.8433734939759037,0.00022622930659170712,75.7621850509986,17.668040436999945,0.821636168000623
G1,privilege_mlp,ppo_privilege_mlp_0721_base,7,6,7,0.30201342281879195,0.4228187919463087,0.004797437022863171,0.13267157336066351,0.6405361466226918,0.6235401450793298,0.7227685044739882,0.019285749832633883,0.12900741398334503,0.1517431598767871,0.3995312452316284,,,,105.535495698452,214.65269470214844,0.2634608820080757,0.6748939156532288,45,149,63,41,-0.1204870836752554,-0.6439647490155489,0.574756690604822,4.013171390241614,3.5489194630105847,4.629755981095325,4.34022222222217,0.4031001803862648,0.4280378595827562,0.08222112409844007,0.3528863786700587,0.13063717371854208,-0.6040268456375839,1.6209573727728236e-05,76.17292347799957,16.95540808399892,0.7891928819990426
G1,privilege_mlp,ppo_privilege_mlp_0721_base,8,7,8,0.3,0.42,0.0011277999106493741,0.1345059323926085,0.6307777855424646,0.57648810700414,0.6938556324045102,0.05293233086616965,0.7667542695999146,0.05355468625202775,0.15312500298023224,,,,39.94982758164406,100.4834976196289,0.2559936100617051,0.5858306884765625,45,150,63,42,-0.12423910057781529,-0.5843403245274259,0.4774317307409062,3.5351127427823577,2.514436079977381,4.869843763373481,4.199555555555508,0.36905066906571077,0.4451200059204522,0.0834239583877743,0.35290069341478586,0.12239987007920564,-0.6,0.00046033592819319123,76.37243309800033,17.014447651999944,0.7977379809999547
G1,privilege_mlp,ppo_privilege_mlp_0721_base,9,8,9,0.2857142857142857,0.43537414965986393,0.0011473410397231376,0.14357916805514725,0.6291588511786317,0.5414946061575713,0.7635035621760947,0.0058465092908591,0.04221940040588379,0.058886717073619366,0.13968749344348907,,,,31.533303126692772,92.50415802001953,0.29957111552357674,0.6793272495269775,42,147,64,41,-0.0869448137115308,-0.6054052597978367,0.567112979812732,3.8918236018904437,2.5282707946281318,5.611997912590592,4.25809523809519,0.3292980892062229,0.4268551953421756,0.08139837282865457,0.3558917719335381,0.12856406751536625,-0.5714285714285714,2.791826813628954e-05,74.67170566700042,16.943223291000322,0.7883070730003965
G1,privilege_mlp,ppo_privilege_mlp_0721_base,10,9,10,0.32450331125827814,0.4370860927152318,0.0011983128188424175,0.14965890082407346,0.6591607623791911,0.6090853712364344,0.7127089337169958,0.043148289355740416,0.6236236691474915,0.0665478496812284,0.11867187172174454,,,,28.97087799012661,76.26020050048828,0.2669613897800446,0.8299816846847534,49,151,66,36,-0.1510506472907945,-0.7159627802266084,0.5963715593627438,4.288353639656818,2.4100296550800246,6.773520757712269,4.409999999999949,0.3560252185155274,0.4347864311610565,0.0816732975339523,0.36055129075124864,0.13705083849988425,-0.6490066225165563,0.0003538459746288829,75.59506985799999,17.035559203999583,0.8007322800003749
G1,privilege_mlp,ppo_privilege_mlp_0721_base,11,10,11,0.37735849056603776,0.37735849056603776,0.004465888257819017,0.18160390301598742,0.6129579795962163,0.5476544470709226,0.6928024088123045,0.4182528210537566,1.829658031463623,0.12926269316812977,0.3703906238079071,,,,77.75628831982613,183.8998260498047,0.31410229951143265,0.6297992467880249,60,159,60,39,-0.3144221561844114,-0.8829379420357774,0.5077391341237177,3.1296402570788144,2.0584260669678325,4.6787807781623885,4.039333333333288,0.3475751871796839,0.4311050675008735,0.10288367166089009,0.3265503135311281,0.11361772434360477,-0.7547169811320755,0.00012678707293119895,74.99209491200054,17.29593660700084,0.8058769979998033
G1,privilege_mlp,ppo_privilege_mlp_0721_base,12,11,12,0.2635135135135135,0.3716216216216216,0.001892667752690258,0.13101760717683342,0.7009829099437734,0.6801630634399645,0.777769317471029,0.004850533119897589,0.010813522152602673,0.08187499802443199,0.20351561903953552,,,,45.897901982069016,124.78733825683594,0.2946585398167372,0.7010948657989502,39,148,55,54,-0.05438951948589266,-0.4763993298044124,0.48448454599775553,3.7863043069167115,3.5911730496677388,4.035471912326938,3.694358974358937,0.41193343298101237,0.4332500719022322,0.0699762450495913,0.345280395009813,0.12723748091344425,-0.527027027027027,0.00011963161787709985,74.82120208000015,16.85375475699948,0.7993788090007001
G1,privilege_mlp,ppo_privilege_mlp_0721_base,13,12,13,0.38,0.3933333333333333,0.003539202870487923,0.16809071879499424,0.6772323013393166,0.6345338299821144,0.7046290724736208,0.08975416600718744,0.8134414553642273,0.07038574016769417,0.12601561844348907,,,,34.25438007712364,68.83973693847656,0.33021650798618796,0.8389405608177185,57,150,59,34,-0.3082243681702387,-0.8018929662953392,0.33734226014720076,3.287796140019213,2.3309054208680493,4.539114772755348,4.405964912280652,0.299479456731946,0.4508893311382256,0.08130737315990613,0.33820443624125496,0.11377843512034272,-0.76,-0.00020723953183642138,76.18497279599978,16.983169961000385,0.7904300259997399
G1,privilege_mlp,ppo_privilege_mlp_0721_base,14,13,14,0.3333333333333333,0.37254901960784315,0.003835079549171283,0.16350450423760993,0.6764686623377749,0.6332622642864945,0.750613090566202,0.15350189991499064,1.3385201692581177,0.06741699087433517,0.1322656273841858,,,,27.244157195091248,60.96693420410156,0.3747072022408247,0.8902007937431335,51,153,57,45,-0.21434736864940315,-0.7011360859480973,0.4446896640011365,2.984221642282554,2.5477692737019315,3.5751110028224735,4.144117647058777,0.3313238409910754,0.43400661811317276,0.08955603123752053,0.342815078988316,0.10916752184897098,-0.6666666666666666,0.0003366971799765305,74.21833212999991,17.081223802999375,0.8066638889995374
G1,privilege_mlp,ppo_privilege_mlp_0721_base,15,14,15,0.3630573248407643,0.40764331210191085,0.002807225404685587,0.18395360403959496,0.6658913141525656,0.6236510154111513,0.7490978206310287,0.0053450421456364,0.013771148398518562,0.08327148237731308,0.2752343714237213,,,,39.858401983976364,131.3185272216797,0.5895849954336881,1.0510343313217163,57,157,64,36,-0.27762460060258837,-0.838993909038755,0.5381151757187166,3.4845988369533503,2.6055722381297945,4.76193436336883,3.8919298245613607,0.34739202110847084,0.4414694214295161,0.10061034870589806,0.33142418546074676,0.11679697556647894,-0.7261146496815286,0.0002688880517146099,74.04955710700051,17.335503747000985,0.8066992280000704
G1,privilege_mlp,ppo_privilege_mlp_0721_base,16,15,16,0.2857142857142857,0.4489795918367347,0.0023432083547589855,0.15560758420454937,0.7248788269193616,0.7192356776700084,0.747865499362838,0.004364787054655608,0.00897871982306242,0.08332519386385684,0.2313281148672104,,,,39.71085783839226,115.26822662353516,0.30413934867829084,0.6824794411659241,42,147,66,39,-0.05885105460603623,-0.4706570621301963,0.46065806257828884,4.944847537949784,4.451655341908832,5.567028462186062,4.466666666666613,0.3869489142614953,0.446501778542043,0.07018225160363763,0.36357634760995994,0.14905989976799724,-0.5714285714285714,-5.873055542195039e-05,75.88089600700005,16.932578472000387,0.7886225969996303
G1,privilege_mlp,ppo_privilege_mlp_0721_base,17,16,17,0.2925170068027211,0.4965986394557823,0.0030869271097435508,0.17022631096621027,0.7138248446493627,0.6848568585449255,0.7530381796518808,0.09741915842983873,0.7426986694335938,0.12270995858125389,0.2400781214237213,,,,52.27471148967743,108.95664978027344,0.24398047886788846,0.4582967162132263,43,147,73,31,-0.06896013811956433,-0.5725667790919614,0.5491025576192867,4.851538496862517,3.6378082967746526,6.341116469697624,4.525581395348781,0.31333203673095444,0.4475105310656885,0.08582218094190824,0.3678329028021039,0.14805470359844486,-0.5850340136054422,0.00018626908532915626,74.95938237200062,16.909239320999404,0.7874799740002345
G1,privilege_mlp,ppo_privilege_mlp_0721_base,18,17,18,0.32450331125827814,0.5033112582781457,0.0020704694546287428,0.1959207691169788,0.702037014549123,0.6400916430182755,0.7848578297959071,0.431144766466532,2.4397146701812744,0.049599608188145794,0.09234374761581421,,,,28.330486178398132,74.64205932617188,0.4308534512296319,1.3718081712722778,49,151,76,26,-0.13409772640537396,-0.6211996407492324,0.5103755756495771,5.831736121625894,4.1647030983270295,8.037349044759772,4.266122448979543,0.26763774879142205,0.4255540638016365,0.09429723827434912,0.34687519553601076,0.16741100262891861,-0.6490066225165563,0.0006226979462530168,76.43926369899964,17.138935824999862,0.8028691340005025
G1,privilege_mlp,ppo_privilege_mlp_0721_base,19,18,19,0.33121019108280253,0.43312101910828027,0.007052519240714261,0.20104273521457638,0.6566592868292652,0.5941782350107219,0.74973839612254,0.03511750788456993,0.43431612849235535,0.09207030991092324,0.3207031190395355,,,,37.5823495388031,195.5399932861328,0.40627873577177526,1.009756088256836,52,157,68,37,-0.18450497176488226,-0.6710074495334715,0.4522409182557711,4.14760299139523,2.463694061579942,6.351542620124064,3.8019230769230368,0.3271181153623573,0.44593997139461056,0.08027897159947564,0.34476031500520465,0.1329081013690031,-0.6624203821656051,0.00024699402651507806,77.91431490600007,17.264462156999798,0.8156546209993394
G1,privilege_mlp,ppo_privilege_mlp_0721_base,20,19,20,0.2620689655172414,0.496551724137931,0.005450373932909258,0.17581658649850873,0.6734456517455584,0.5988132401013067,0.7992051009723162,0.14436727076623357,1.4722648859024048,0.1540283167269081,0.41234374046325684,,,,82.23346012830734,216.34829711914062,0.4843306798487902,0.9431113004684448,38,145,72,35,-0.010953824387962193,-0.47028318093800725,0.5388494963310312,4.500107274588114,3.3868252562562997,5.83267211471256,4.517894736842051,0.37597961934439633,0.4539267734318916,0.06508605353933088,0.37249684360105073,0.14072627080855857,-0.5241379310344828,-3.9007763088724135e-05,78.5358409090004,16.812034109001615,0.7951184289995581
G1,privilege_gru base,ppo_privilege_gru_0721_base,1,0,1,0.33962264150943394,0.41509433962264153,0.014013298388745321,0.17396116385642058,0.6211697350443632,0.6038145037468354,0.5865283103675676,0.18558810801885556,2.3920912742614746,0.20425780746154487,0.6774218678474426,,,,101.5652751326561,296.24932861328125,2.5946134328842163,6.131119251251221,54,159,66,39,-0.23055848805200252,-0.7836086370903732,0.5692371120957951,3.503862829655375,1.7935366908688255,5.977257553439001,3.556666666666632,0.3090019532907204,0.43090997908191037,0.08736558703054961,0.3284134787783901,0.12027644987074954,-0.6792452830188679,-3.133682274248001e-06,91.89117338599863,17.589243274000182,52.57464007300041
G1,privilege_gru base,ppo_privilege_gru_0721_base,2,1,2,0.27702702702702703,0.3918918918918919,0.0025042251959543904,0.06870094330424868,0.7735511675359874,0.7572819336955028,0.7958642557636563,0.005739051477285102,0.015216964296996593,0.09640624839812517,0.2292187511920929,,,,29.423925265669823,60.46196746826172,0.9238204680383205,2.048098564147949,41,148,58,49,-0.09642483765085201,-0.5420704704038248,0.488485055337425,3.2926907355923567,2.754616495486525,3.998913175731261,3.589024390243867,0.4273693713651409,0.44045122986773677,0.10223408787329101,0.3411835265277999,0.1160225163990411,-0.5540540540540541,0.0004231734763610684,93.43062116799956,17.257503182998335,51.48819267500039
G1,privilege_gru base,ppo_privilege_gru_0721_base,3,2,3,0.39622641509433965,0.4025157232704403,0.002000734939065829,0.08911907437266738,0.7001117745923758,0.6508638868650578,0.7002940366194352,0.10286644230422098,0.8599998354911804,0.07893066154792905,0.1961718648672104,,,,43.245581328868866,113.53363037109375,2.063640411198139,6.286658763885498,63,159,64,32,-0.32244562360956486,-0.865147960017134,0.4227575845918734,4.177056141827316,2.3847271463669704,6.638164613205701,4.206190476190426,0.2947445831165943,0.43390675632943554,0.09872791987455612,0.33614238265472146,0.1332807718188274,-0.7924528301886793,0.0005840521055653968,92.64519099900099,17.647263433000262,52.69052344500051
G1,privilege_gru base,ppo_privilege_gru_0721_base,4,3,4,0.425,0.375,0.005776745468174339,0.08532775202232953,0.8212522305310981,0.7794700312331896,0.7611433245796937,0.3748586910657468,2.378282308578491,0.188012687896844,0.349921852350235,,,,96.56992954015732,172.8115234375,1.5419982008635997,4.855513572692871,68,160,60,32,-0.4101708278491877,-1.0272961690462603,0.4917815939003801,3.297867928199827,1.6138177191412655,5.759172079900802,4.1842647058823035,0.269053852619832,0.4570198788093573,0.10761152214751266,0.32382650697499066,0.11566141391077371,-0.85,0.00034125126504792874,93.58255148599892,17.81880844999978,53.00445629400019
G1,privilege_gru base,ppo_privilege_gru_0721_base,5,4,5,0.3333333333333333,0.4166666666666667,0.00018505691665721136,0.12939849064483527,0.8176774137772385,0.768537452957987,0.7859791521240712,0.0034106669222455817,0.02034442126750946,0.03796874889667379,0.08023437112569809,,,,24.479503989219666,75.59945678710938,2.192218316346407,5.8890700340271,52,156,65,39,-0.2137920084170487,-0.7447193400656033,0.5494160308277487,3.2954871800693653,2.2300558477096977,4.827044720336389,3.7282692307691914,0.34359694692278,0.4222158851835388,0.08726414702623558,0.3364388700952324,0.11664037667165018,-0.6666666666666666,-0.00020458851726452037,93.65764945199771,17.668143988001248,52.59631369300041
G1,privilege_gru base,ppo_privilege_gru_0721_base,6,5,6,0.30718954248366015,0.41830065359477125,0.004031428864127523,0.04627428527824841,0.8475376182722726,0.8265588086616389,0.7914159920101751,0.030059676782693712,0.30947551131248474,0.1238818330457434,0.3153125047683716,,,,92.1497437953949,199.40211486816406,1.4313657566905023,3.4758081436157227,47,153,64,42,-0.16849197400751564,-0.6561054914680434,0.5095955737110307,3.5627729724351367,2.4861239111157083,5.059988073332468,3.3744680851063498,0.36484643759641505,0.47623946525935806,0.09076917294681035,0.32855397624922195,0.11750296354551136,-0.6143790849673203,-0.0001698288349286818,95.90374643099858,17.521783164000226,52.42464237800232
G1,privilege_gru base,ppo_privilege_gru_0721_base,7,6,7,0.24113475177304963,0.4397163120567376,0.000668186348912414,0.052102615803311166,0.8262161747941605,0.8161644210183038,0.7927693051352902,0.0028983925475040417,0.005859386641532183,0.05023925669956952,0.1145312488079071,,,,28.915089309215546,74.66773986816406,1.4159452255815268,4.1246442794799805,34,141,62,45,0.0006855048623736385,-0.39251390491485305,0.47375354475059955,3.4354304995989757,2.5787021349810875,4.4661818132798725,4.313529411764655,0.4193679184287148,0.44093317495222234,0.07552729411872873,0.36303055764755393,0.11956370143191605,-0.48226950354609927,0.0003607493290029439,95.3674347979977,17.12025815800007,51.158744209998986
G1,privilege_gru base,ppo_privilege_gru_0721_base,8,7,8,0.28,0.4266666666666667,0.00043107337429315606,0.0430282479275363,0.8485445320078497,0.8337398069114065,0.7935004767322192,0.06505299993601511,0.8403179049491882,0.03377929620910436,0.07640624791383743,,,,22.823099672794342,53.36624526977539,1.1153161235153675,2.2685739994049072,42,150,64,44,-0.08668366518187197,-0.5481953682895975,0.5334726858691341,3.4698324297720458,2.756086650637652,4.428928320483889,4.223333333333285,0.3868965232569633,0.4558507199922493,0.08142788613932557,0.3517700249668851,0.12109243164088014,-0.56,0.0004538782103627238,96.50921833300163,17.393511350001063,52.01583822199973
G1,privilege_gru base,ppo_privilege_gru_0721_base,9,8,9,0.20567375886524822,0.4326241134751773,0.0018792655807192693,0.039701072919752625,0.8552151508769952,0.8208843136401954,0.8441277754102503,0.0036494575288088527,0.009456511586904526,0.0740087874874007,0.2560156285762787,,,,52.55340677499771,153.24505615234375,0.8706536058336496,2.27974271774292,29,141,61,51,0.07841017143229256,-0.3450485669204963,0.5878839660129918,3.4651198773409293,2.0246619190976074,5.198170858352425,4.350344827586157,0.4252012549137078,0.4377520260520863,0.08044960516360755,0.3694037448775455,0.11992802071079417,-0.41134751773049644,0.0004259235744492829,95.35763881000094,16.99347412899806,51.06111754899757
G1,privilege_gru base,ppo_privilege_gru_0721_base,10,9,10,0.25,0.43243243243243246,0.0006091632679453562,0.052228897492037234,0.8508910048461742,0.8160247630103936,0.8163701802462926,0.002512538408918772,0.004565645940601826,0.03937988227698952,0.08374999463558197,,,,22.495504766702652,41.701229095458984,0.7912257920950652,1.8611347675323486,37,148,64,47,-0.02092737955399878,-0.45474609114561765,0.5330257444783761,3.5114551813297057,1.6881435315754825,5.83968390332356,4.001081081081037,0.38888982647067954,0.44992228900080355,0.07978137209838994,0.35812852065787076,0.12137822409879093,-0.5,-0.00043412431066034297,94.38536826699783,17.343534029001603,51.889951765999285
G1,privilege_gru base,ppo_privilege_gru_0721_base,11,10,11,0.2585034013605442,0.4013605442176871,0.0008705570633225079,0.06341166985743188,0.8688978809234054,0.8472972771841356,0.8451438603699606,0.08701271808386082,1.1923576593399048,0.04776855374802835,0.09804687649011612,,,,25.19303971529007,59.85481262207031,0.7457137878984212,1.78423011302948,38,147,59,50,-0.05349601972080007,-0.4627133757562086,0.46274741404694614,3.100978308129879,2.24946854156321,4.1751906290293705,3.766578947368383,0.4419303412720181,0.44563021172771233,0.07299960325704563,0.349225608895764,0.11399784176147837,-0.5170068027210885,0.00028733234304604,93.47925484000007,17.291254455001763,51.68545332099893
G1,privilege_gru base,ppo_privilege_gru_0721_base,12,11,12,0.28104575163398693,0.37254901960784315,0.000705011827230928,0.09472771766545016,0.8848864056065504,0.8695263237908126,0.8695269276349787,0.003874855183530597,0.008832313120365143,0.07101562229217961,0.17210936546325684,,,,31.100108236074448,69.1482162475586,0.8619918495416641,2.043818950653076,43,153,57,53,-0.10112788789534766,-0.5659631652859808,0.528187564571971,3.5620945177226155,2.965167367908917,4.370242043624239,3.672558139534845,0.4114295652158303,0.45225882274095297,0.08639050208246186,0.33827334621999605,0.12242522791019848,-0.5620915032679739,0.00026504124243159974,93.04131509400031,17.54690409899922,52.38576265800293
G1,privilege_gru base,ppo_privilege_gru_0721_base,13,12,13,0.3443708609271523,0.3708609271523179,0.0025269625512009952,0.05022113182871055,0.8972963822371917,0.874896198908478,0.8486752176645483,0.0049473695877532,0.01689385250210762,0.09392089593893616,0.2946093678474426,,,,61.42187464237213,204.51153564453125,1.2584727488458156,3.0618879795074463,52,151,56,43,-0.24626995981073338,-0.7503827989005141,0.3857521071077976,2.790794524543971,1.9010180220611679,3.9063352142239034,4.053076923076879,0.3058932887617478,0.45285112939749406,0.0991051410301963,0.33626291239222783,0.10595597540667613,-0.6887417218543046,0.00025287424466725476,91.15730148500006,17.477079742999194,52.08516188900103
G1,privilege_gru base,ppo_privilege_gru_0721_base,14,13,14,0.2206896551724138,0.4206896551724138,0.003058763638764894,0.04531157475853745,0.8775510297906896,0.8394772338348823,0.9008584453625985,0.3125069399207132,3.094435453414917,0.10422851338807959,0.25703123211860657,,,,43.45800316333771,105.06452941894531,1.1933815374970436,2.416738271713257,32,145,61,52,0.012739380836352213,-0.352736516534896,0.4625558699086577,2.444065198741511,1.8017883419981289,3.2345597916564435,3.9431249999999554,0.4161744022242859,0.4295080260415579,0.0787528777532392,0.35477977382435893,0.09909089751550162,-0.4413793103448276,0.00024801984131921773,93.04797384199992,17.2848610109977,51.45124730599855
G1,privilege_gru base,ppo_privilege_gru_0721_base,15,14,15,0.304635761589404,0.423841059602649,0.0026616714989540213,0.052222564429348764,0.8642720748252954,0.8476715315075978,0.8350366209231977,0.04791829086199868,0.6657530069351196,0.10151855142612476,0.20226562023162842,,,,50.34109565615654,111.52989959716797,1.3545633181929588,2.7691946029663086,46,151,64,41,-0.13921814112248682,-0.6073297313734813,0.4636528463219758,3.426273039209949,2.770818529613926,4.270418998538163,4.337173913043428,0.36679823385339605,0.4457660774999352,0.09433328766545769,0.35028566973923714,0.11951353120101776,-0.609271523178808,0.00025418111606626616,93.28971980500137,17.457599469998968,52.131602216999454
G1,privilege_gru base,ppo_privilege_gru_0721_base,16,15,16,0.2781456953642384,0.4105960264900662,-0.00011844730364818368,0.027292102242941495,0.9294969316104371,0.9301895136991284,0.8720116337568453,0.0030878619127906876,0.013597050681710243,0.02432617131853476,0.04937499761581421,,,,15.5838041305542,33.29201889038086,0.42094546668231486,1.0367306470870972,42,151,62,47,-0.08371463526207729,-0.513940483616246,0.4855072564065153,3.918785940070931,2.831296517754386,5.3576180988282065,3.4957142857142482,0.376541351401268,0.4591982847380057,0.09250272570184798,0.3446105055586704,0.12761772008974206,-0.5562913907284768,0.00034852981798707075,93.46455070299999,17.47885666000002,51.97271517500121
G1,privilege_gru base,ppo_privilege_gru_0721_base,17,16,17,0.1956521739130435,0.5434782608695652,0.003408136779325721,0.030920861067826957,0.9124263044293639,0.9134176448957382,0.8267814878809587,0.007387597016058858,0.03965902328491211,0.09365722339134663,0.20140624046325684,,,,52.366724640131,98.85053253173828,0.6640070289373398,1.3002994060516357,27,138,75,36,0.13087253386144487,-0.26389430503322536,0.5742260606200745,4.421189771352382,2.9381955780938984,6.086706326858064,4.413333333333282,0.33752038573940146,0.4523927905599934,0.07350137341912084,0.3813594378324349,0.14075134152235863,-0.391304347826087,6.610233273828584e-05,93.7691217850006,16.976538955997967,50.57261652300076
G1,privilege_gru base,ppo_privilege_gru_0721_base,18,17,18,0.23648648648648649,0.5405405405405406,0.0034844239356246476,0.03525746234174334,0.9221635827302107,0.9007060904265656,0.9179675560750773,0.058731083185994064,0.843797504901886,0.14825683177332394,0.3572656214237213,,,,63.38696166872978,159.9341583251953,0.7335121128708124,2.0278990268707275,35,148,80,33,0.05274509162180124,-0.3452974954617157,0.5751759871689173,5.708184487660871,3.958664420202055,8.004429576200566,4.024285714285668,0.29744281338531464,0.4684416631425292,0.08479765494246683,0.36139054053685365,0.16387217693835848,-0.47297297297297297,0.0004553471195620895,93.87564326500069,17.315403641998273,51.72718955400342
G1,privilege_gru base,ppo_privilege_gru_0721_base,19,18,19,0.3108108108108108,0.43243243243243246,0.00684998379700108,0.06227340824099854,0.8752636983021697,0.8614154087567005,0.8242871132409977,0.03527784940437414,0.40210872888565063,0.2205175762064755,0.4278906285762787,,,,93.21319898962975,190.20921325683594,0.9375332742929459,1.8747259378433228,46,148,64,38,-0.12233268435543902,-0.5678485340274841,0.4311870076613442,4.6472725850324075,3.658555811092839,5.875678273866418,4.3178260869564715,0.3175665589062599,0.4664929715345565,0.09086306971063271,0.3551058378047778,0.1437751248670995,-0.6216216216216216,0.0004079745943052717,93.71559050499854,17.31690688100207,51.65868456200042
G1,privilege_gru base,ppo_privilege_gru_0721_base,20,19,20,0.24475524475524477,0.48951048951048953,0.0025735469734535776,0.031062841662583874,0.9220174622338332,0.9214666967809444,0.8640827169759592,0.11873954111419152,1.0881820917129517,0.11695800453890115,0.2409375011920929,,,,38.12199768424034,79.09058380126953,0.8051487386226654,1.8480353355407715,35,143,70,38,0.020436447014787612,-0.3936489517252749,0.5173389255028625,4.5901949014582435,4.187533945174699,5.073388048998499,4.146571428571381,0.38750104240919125,0.44094332614851667,0.07059413693803678,0.37183622340804245,0.13874796181961996,-0.48951048951048953,-0.0006372487023853982,95.74848003599982,17.136171498001204,51.140476261
G2,batch 25600,ppo_privilege_gru_0721_bs25600,1,0,1,0.33962264150943394,0.41509433962264153,0.023810863061807908,0.10930173778264678,0.5665091782579185,0.5441062540854253,0.36298531812885826,0.1803131372499047,1.245259165763855,0.36706054396927357,0.6300390362739563,,,,160.2655520439148,261.7760314941406,1.5220388039946555,4.833401203155518,54,159,66,39,-0.23055848805200252,-0.7836086370903732,0.5692371120957951,3.503862829655375,1.7935366908688255,5.977257553439001,3.556666666666632,0.3090019532907204,0.43090997908191037,0.08736558703054961,0.3284134787783901,0.12027644987074954,-0.6792452830188679,-3.133682274248001e-06,92.05468142999962,13.979369019998558,40.2873533460006
G2,batch 25600,ppo_privilege_gru_0721_bs25600,2,1,2,0.30405405405405406,0.36486486486486486,0.011267076551447985,0.07350632679388597,0.7076217926547267,0.6919607191102586,0.5214562971905958,0.3109751203257474,0.9160916805267334,0.22529784496873617,0.44425779581069946,,,,115.32506740093231,221.23971557617188,0.8589409448206424,1.9465025663375854,45,148,54,49,-0.163794355422461,-0.6652936454275699,0.4944234627092445,3.0039238214844644,2.0939245368694,4.198297882541736,3.63266666666663,0.4165570534141682,0.4459124998289612,0.09541133879549876,0.3342443111064054,0.10963568077187553,-0.6081081081081081,0.0004337608073661445,93.04731872300181,13.6093383740008,38.868046635998326
G2,batch 25600,ppo_privilege_gru_0721_bs25600,3,2,3,0.2913907284768212,0.46357615894039733,0.0005540767570346716,0.14144926141351136,0.6717192539354067,0.6460531234174431,0.5292130727462901,0.1525244879849197,0.6953277587890625,0.041166990310557594,0.09968749433755875,,,,30.245047509670258,73.19580078125,2.0899291023612023,5.56757116317749,44,151,70,37,-0.07431289433767739,-0.5484668951051699,0.5530293220623896,4.764219632587364,3.262257359195434,6.75143125584438,4.382727272727221,0.3259244630481035,0.42864902801579324,0.09193719881374403,0.3626518825704893,0.14550677741977025,-0.5827814569536424,0.00030990262570534987,92.10721695900065,13.69766378499844,39.50607975700041
G2,batch 25600,ppo_privilege_gru_0721_bs25600,4,3,4,0.43478260869565216,0.3416149068322981,-0.00016394114230933177,0.06385973977237686,0.7652954092687729,0.7112108322384973,0.5849383101429911,0.024187286177766498,0.18465858697891235,0.01722167944535613,0.038359373807907104,,,,17.946614921092987,31.70409393310547,1.2154475301504135,2.7157437801361084,70,161,55,36,-0.44411646266129595,-1.0348119800776983,0.428295378446006,3.0863298121771687,1.2994324969886841,5.72543969307093,3.9535714285713848,0.2769828314977498,0.4662668236354096,0.1039224569786539,0.3139482734225299,0.11149539390442555,-0.8695652173913043,5.0874030528910755e-06,93.09571626800243,14.194842626999161,40.78913564499817
G2,batch 25600,ppo_privilege_gru_0721_bs25600,5,4,5,0.3618421052631579,0.3881578947368421,0.0010205136164218587,0.05251606721895372,0.8211459344162776,0.7945931667618615,0.6667209288363357,0.002755578728974792,0.005230441689491272,0.05005371128208935,0.08464843779802322,,,,30.37486520409584,57.49196243286133,0.8856765300035476,1.1494982242584229,55,152,59,38,-0.2568540251025137,-0.8619370029197824,0.5751350693962305,3.7021569319522567,2.949822810513001,4.736616348931234,4.355636363636313,0.35324807353021315,0.40512326038223745,0.07781872735051874,0.34186180418883394,0.12469355053605599,-0.7236842105263158,0.0002748306989121691,92.68803946700064,13.835770335001143,39.659831783999834
G2,batch 25600,ppo_privilege_gru_0721_bs25600,6,5,6,0.35625,0.38125,0.006452241119696112,0.06312224761076791,0.8306310981644371,0.8224655072013629,0.6867323048569837,0.09559895935468375,0.35613980889320374,0.1856445288285613,0.30140623450279236,,,,61.06289628148079,97.9906997680664,0.8434452645480632,2.0040738582611084,57,160,61,42,-0.26319668063520674,-0.7633121316902353,0.44908896177650043,3.7116049107790325,2.722431909206995,5.120427064533146,3.697543859649085,0.3415212002062038,0.4687575089870498,0.09453859249154305,0.3256869836490993,0.12371748258663058,-0.7125,-0.00010114687093660008,94.21270663800169,14.153785524998966,40.76655643399863
G2,batch 25600,ppo_privilege_gru_0721_bs25600,7,6,7,0.3087248322147651,0.4161073825503356,0.00033315137050493604,0.07777496593772815,0.7625213205736866,0.7227658043988153,0.6895193736632633,0.0023730530316242865,0.0037563566584140062,0.03995117079466581,0.07832030951976776,,,,21.27592894434929,41.101078033447266,2.453085261583328,4.512336730957031,46,149,62,41,-0.13389824654188737,-0.6228472549593004,0.5154871552624891,3.9424341794431457,3.2565978617834124,4.853310538834981,4.345652173912991,0.3941678206654576,0.4486901433265375,0.08286237874688715,0.35456972391868125,0.12907593747215965,-0.6174496644295302,-9.4243503198081e-05,95.87950991400066,13.74875339600112,39.62775228600003
G2,batch 25600,ppo_privilege_gru_0721_bs25600,8,7,8,0.32894736842105265,0.3881578947368421,0.00045114406078927693,0.047079311229069526,0.8589157629619971,0.8420711140134207,0.7381950982714709,0.004818088265601539,0.011415963992476463,0.030327147716889158,0.08578124642372131,,,,22.208568572998047,54.89803695678711,0.8048560656607151,1.801561951637268,50,152,59,43,-0.1932945241192412,-0.731769068963089,0.5471079750410495,3.515154106005926,2.5017178735405388,4.908628925645834,4.114599999999954,0.37766230400660133,0.4476967355406522,0.08700828556440282,0.34232650590977276,0.12174484594747675,-0.6578947368421053,0.000528860865614539,94.3001884639998,13.992304740997497,39.97771229499995
G2,batch 25600,ppo_privilege_gru_0721_bs25600,9,8,9,0.28187919463087246,0.46308724832214765,0.001160703536642771,0.07068929659383345,0.7687760887443352,0.7107455738962076,0.7107191641032204,0.002617773240199295,0.004246318247169256,0.03713867114856839,0.09476562589406967,,,,24.882406651973724,62.92322540283203,2.2348622739315034,3.6085100173950195,42,149,69,38,-0.06702053595502902,-0.5257905323865405,0.5099174898603566,4.193782529211101,2.9353085837683546,5.776408854540615,4.36190476190471,0.3536005074530252,0.43951286666890704,0.07241186255331608,0.36222115663764937,0.1341613837627483,-0.5637583892617449,0.00035531290631831276,91.46548454899676,13.714934188999905,39.659288771999854
G2,batch 25600,ppo_privilege_gru_0721_bs25600,10,9,10,0.3108108108108108,0.49324324324324326,0.0012140233165700565,0.055782253803048756,0.8399300562237759,0.8196967044741639,0.724016010967911,0.00208985606441274,0.00438163336366415,0.034487303579226136,0.10148437321186066,,,,27.510889887809753,54.78828430175781,0.810751560330391,1.4202871322631836,46,148,73,29,-0.11663786204993123,-0.6526968941627184,0.5869396175981016,4.493754457758655,2.9144436734596018,6.566599862151161,4.445434782608642,0.3720444579684321,0.4365953028944217,0.08746001963153628,0.36414368682622306,0.14121277965277879,-0.6216216216216216,-0.00037270690731138926,90.36840591500004,13.679566905000684,39.59556514100041
G2,batch 25600,ppo_privilege_gru_0721_bs25600,11,10,11,0.32894736842105265,0.4144736842105263,0.0006820791262724946,0.06990685041224334,0.8216074045291147,0.789577800230267,0.7160136577654459,0.002351261395670004,0.0063191852532327175,0.03467773416195996,0.09804687649011612,,,,29.16050699353218,79.42259979248047,1.1543296068906783,3.03617262840271,50,152,63,39,-0.1914975239405869,-0.7094109929109738,0.520633495893695,3.7729669363426637,2.8855494628837692,4.993165962348643,3.958399999999957,0.37535085993428374,0.44132367627737845,0.08753102690417702,0.33966258872432453,0.12675814712466596,-0.6578947368421053,-2.3522947472092614e-05,92.08899811599986,13.867328607000672,39.9616998019992
G2,batch 25600,ppo_privilege_gru_0721_bs25600,12,11,12,0.2684563758389262,0.42953020134228187,0.0018329346185783635,0.04216277750602124,0.8874705561992219,0.8905952727108143,0.7533469658033924,0.00390890795591986,0.006508782505989075,0.08498534996761009,0.17429687082767487,,,,41.80443874001503,104.91140747070312,0.5250578962266446,1.3046469688415527,40,149,64,45,-0.04599196185193496,-0.5078632665111706,0.5508878780153847,4.260039584807397,3.5719848415385362,5.14921802226254,4.037499999999955,0.4198419262849368,0.44304183171085304,0.0845128726136775,0.3541306332216796,0.13656611428913862,-0.5369127516778524,0.00022404231509915983,93.39975474000312,13.788284128997475,39.73471618900294
G2,batch 25600,ppo_privilege_gru_0721_bs25600,13,12,13,0.3055555555555556,0.4375,0.000706921039490993,0.05810100665969559,0.8342379536394853,0.8070634637773129,0.7185853588399289,0.0023718933880445547,0.005348682403564453,0.029160155565477908,0.06109374761581421,,,,28.748521864414215,59.528560638427734,0.9907215036451816,2.9896860122680664,44,144,63,37,-0.13459629426777425,-0.6390711496780123,0.4785346838462074,3.6656959898958315,2.6365196538281612,4.916541075270384,4.521363636363583,0.3433703528563005,0.43755288848091695,0.0792826160929898,0.35295121634253046,0.12379087312181432,-0.6111111111111112,-0.00022727262100792487,94.73844873800044,13.512990414998058,38.90617462700175
G2,batch 25600,ppo_privilege_gru_0721_bs25600,14,13,14,0.2972972972972973,0.3918918918918919,0.0007546198974890395,0.06266380393268679,0.8327447906380998,0.7825296746340611,0.8347188215352341,0.008665805403434201,0.043031662702560425,0.02300781209487468,0.04632812365889549,,,,16.822540283203125,31.300411224365234,1.280270516127348,2.7087275981903076,44,148,58,46,-0.13498461768337988,-0.6241618649083575,0.5070605192994031,2.8409281476047044,2.317016831777398,3.5285617496280435,4.5424999999999445,0.3661361874120966,0.44497161937593854,0.07931323828287404,0.35285163094428046,0.1064453290396312,-0.5945945945945946,0.0003130169273030963,94.37717343099939,13.662474668002687,39.52723305000109
G2,batch 25600,ppo_privilege_gru_0721_bs25600,15,14,15,0.32450331125827814,0.44370860927152317,-9.500902560777291e-05,0.09275277885850228,0.8484902040324593,0.8245666484448348,0.8216770875537281,0.041476165171043244,0.3136073350906372,0.02743164007551968,0.0710156261920929,,,,11.613688707351685,23.26162338256836,0.7726164996623993,1.6031559705734253,49,151,67,35,-0.16795331328309726,-0.6290386071109032,0.44209799855061543,3.862441563075743,3.2848707421017456,4.626612187749032,4.2602040816326046,0.3528834335992666,0.4381726897469798,0.09403811768488234,0.35251079420424153,0.1283479760124028,-0.6490066225165563,0.00019453901681472263,97.0950172949997,13.88047378900228,39.81288131099791
G2,batch 25600,ppo_privilege_gru_0721_bs25600,16,15,16,0.27450980392156865,0.43137254901960786,0.0013640037162261365,0.09297413776813448,0.854643377612654,0.8428706480673458,0.7714701484953201,0.003283673041150903,0.006312832701951265,0.06121581816114485,0.1208203062415123,,,,30.969846546649933,83.17017364501953,1.0800623379647731,2.663498640060425,42,153,66,45,-0.05979928962857711,-0.5137471572888079,0.5547762850498892,4.506545230982461,3.855173155666846,5.388402809871295,3.6452380952380565,0.37081069953376966,0.4365606712484589,0.09759010434836557,0.3496429145954244,0.1395100330569184,-0.5490196078431373,6.737056221731365e-05,94.02514864399927,13.900860844998533,40.11604311400151
G2,batch 25600,ppo_privilege_gru_0721_bs25600,17,16,17,0.27972027972027974,0.48951048951048953,0.0007070015708450228,0.0385152462830819,0.8479118258309116,0.8372472344463727,0.6803561706844528,0.00230009754741331,0.0043498151935637,0.02504394529387355,0.0700390636920929,,,,22.87721347808838,45.12946319580078,1.1060266569256783,1.9563970565795898,40,143,70,33,-0.0541029035905335,-0.5416017444063733,0.5146457440279462,4.302380044928333,2.553508813477432,6.342729814954385,4.4569999999999474,0.3341485306974225,0.4599962774300312,0.08251689074288322,0.3676177883325994,0.13783085792583802,-0.5594405594405595,-0.00011099040841147964,93.4130875640003,13.455215663001582,38.89516917899891
G2,batch 25600,ppo_privilege_gru_0721_bs25600,18,17,18,0.3137254901960784,0.5228758169934641,0.00014051569020034904,0.038615341914694026,0.8900631883292427,0.8693869750463763,0.8445288718594194,0.08185971547558438,0.3660237491130829,0.011289062269497663,0.02089843712747097,,,,17.855198621749878,25.84400749206543,0.767119662463665,1.7902392148971558,48,153,80,25,-0.10419078744151786,-0.6232220902731782,0.6175871180587599,6.048948550934385,4.461461611854484,8.256547575592371,4.160208333333286,0.2818113881083467,0.4360080151071291,0.08967053597375241,0.3514079600838815,0.1714214036732596,-0.6274509803921569,0.00043082919349789623,94.22561322099864,13.870935303999431,39.98844056500093
G2,batch 25600,ppo_privilege_gru_0721_bs25600,19,18,19,0.3782051282051282,0.391025641025641,0.0002227459447747826,0.04374757486652342,0.8755480747220264,0.8463988729575153,0.8330897138543677,0.0018107802170561627,0.004985267296433449,0.02269042850821279,0.06359374523162842,,,,21.04848101735115,46.81726837158203,0.9943634450435639,1.9682867527008057,59,156,61,36,-0.29678997475357405,-0.8225151537721289,0.4015613824501781,3.6628819635546948,2.000890710066259,5.870601688337842,4.1994915254236815,0.3190134365883918,0.4488109594450243,0.0893173245921658,0.3359691569523178,0.12358232157366818,-0.7564102564102564,6.880313069638374e-05,95.84476552399792,14.035664964998432,40.37329111600047
G2,batch 25600,ppo_privilege_gru_0721_bs25600,20,19,20,0.25,0.4513888888888889,7.060542673587022e-05,0.03278309755758564,0.8907417132031176,0.8797230532468002,0.8106886282060017,0.0011900411333772287,0.0021657811012119055,0.01132812473224476,0.024960936978459358,,,,17.35038048028946,34.910701751708984,0.9125378929078579,2.115131139755249,36,144,65,43,-0.005899796738774782,-0.43188922765667553,0.5118412039152892,3.833051963304344,3.0462579153710787,4.78930934463862,4.4052777777777266,0.432038717702978,0.4364469452267497,0.06918173029731443,0.3666086862455126,0.12734068910403595,-0.5,0.0001508279116766016,94.66944965400035,13.53142985500017,38.93277326799944
G2,batch 51200,ppo_privilege_gru_0721_bs51200,1,0,1,0.33962264150943394,0.41509433962264153,0.00875629255548116,0.13970847162081035,0.513705572954174,0.4978544436408169,0.493847759799686,0.057102592510054784,0.11845307797193527,0.2014453038573265,0.41306638717651367,,,,102.70021790266037,213.29798889160156,2.1052053302526472,3.5332882404327393,54,159,66,39,-0.23055848805200252,-0.7836086370903732,0.5692371120957951,3.503862829655375,1.7935366908688255,5.977257553439001,3.556666666666632,0.3090019532907204,0.43090997908191037,0.08736558703054961,0.3284134787783901,0.12027644987074954,-0.6792452830188679,-3.133682274248001e-06,92.62708277799902,12.137114508001105,34.03523332199984
G2,batch 51200,ppo_privilege_gru_0721_bs51200,2,1,2,0.32679738562091504,0.32679738562091504,0.0017614225769650993,0.10830790562813394,0.5846691182218459,0.5274327312299278,0.5865997131059002,0.004228421716252345,0.00691984873265028,0.0926757799461484,0.17863281071186066,,,,62.596843957901,110.8017807006836,1.1238433092832565,2.2829391956329346,50,153,50,53,-0.22542396666384057,-0.7393027556978687,0.4891887243366049,2.61103162500941,1.5947488390817817,4.024299874190018,3.6471999999999634,0.4187999133171111,0.44728884982045,0.1011872914875641,0.32580641169774005,0.10188734290612186,-0.6535947712418301,0.00047704997412758497,94.207055365001,11.883111957999063,33.38662023000143
G2,batch 51200,ppo_privilege_gru_0721_bs51200,3,2,3,0.3885350318471338,0.36942675159235666,0.002383067698684016,0.10263334030541003,0.677166049904889,0.6221037449906254,0.5798726764352857,0.046543668404920024,0.1717054545879364,0.10369628667831421,0.1832617074251175,,,,51.457866966724396,94.75688171386719,0.945531177520752,2.227731704711914,61,157,58,38,-0.3375405744896439,-0.8733991370210832,0.4411288991888534,3.3048000747921904,1.1994759925599006,6.364099131785988,3.798524590163893,0.30459313496072205,0.4329198066494731,0.10735749819876049,0.32346432034087774,0.1154975642274155,-0.7770700636942676,0.0005676046363303471,92.7570922149971,12.139035208998394,34.04521348599883
G2,batch 51200,ppo_privilege_gru_0721_bs51200,4,3,4,0.37341772151898733,0.3987341772151899,0.006641892972402363,0.099291791584438,0.7173517234992767,0.6635183963228135,0.6440325500363719,0.0900241476317751,0.1758180558681488,0.19895019009709358,0.32130858302116394,,,,124.8435822725296,192.93092346191406,0.9319580972194672,2.2334063053131104,59,158,63,36,-0.28795149577259205,-0.8453822852554435,0.4691559944205345,3.5853179513909623,1.8872352866718385,5.891669033322908,4.230677966101645,0.2978847187344153,0.46105081439051077,0.08420584971809647,0.33705685938000807,0.12171933192091788,-0.7468354430379747,0.00010775596445670493,93.23002016499959,12.193953993999457,34.05262088800009
G2,batch 51200,ppo_privilege_gru_0721_bs51200,5,4,5,0.2980132450331126,0.3973509933774834,9.33109549805522e-05,0.0840596182830722,0.7610785278597105,0.7293803691383844,0.6549148050427718,0.0005786105938022645,0.0016865128418430686,0.005888671614229679,0.021113280206918716,,,,13.673347055912018,31.315059661865234,0.7091855347156525,1.1553781032562256,45,151,60,46,-0.13352910190310047,-0.6259193763023757,0.5358139273584144,3.295084972081244,2.474412879243168,4.410686098283002,3.9653333333332896,0.38157909713093785,0.4141250236367615,0.0864550533802836,0.3458857032654015,0.11672313511861238,-0.5960264900662252,-0.00011145022088915999,93.81814923300044,11.88608075799857,33.305932485000085
G2,batch 51200,ppo_privilege_gru_0721_bs51200,6,5,6,0.3141025641025641,0.3974358974358974,0.00013764150236966755,0.10469620150882246,0.7799241574377047,0.7614976328676307,0.7129400643139946,0.0011739539663540022,0.0019304390298202634,0.011997069930657744,0.0237890612334013,,,,12.747672617435455,25.917112350463867,0.8042944461107254,2.330077648162842,49,156,62,45,-0.18083260327429712,-0.623712567096651,0.4558073447203366,3.4053334043940753,2.1098988070592095,5.267520638062944,3.466938775510168,0.3653082672750662,0.472683206117259,0.08762834360804166,0.32955571684364526,0.11779453646204129,-0.6282051282051282,2.2271625144523103e-05,93.45741202800127,12.145014672998514,34.05142855200029
G2,batch 51200,ppo_privilege_gru_0721_bs51200,7,6,7,0.272108843537415,0.3945578231292517,0.000518159807543439,0.11151493976182464,0.7869480377171918,0.7554366868729145,0.7123368321039558,0.08261370319873096,0.16457076370716095,0.031035156222060323,0.06658203154802322,,,,13.092598676681519,23.342254638671875,0.858221361041069,2.2384185791015625,40,147,58,49,-0.07185143264971762,-0.5444423866370136,0.5410399608025568,3.5186388711513708,2.7154870466747703,4.560226393519463,3.9052499999999584,0.39530971464847053,0.43683301541717856,0.08534600515581457,0.3512184679975941,0.12099478344641616,-0.54421768707483,0.00015300298110220006,93.6991836979978,11.80448355399858,33.09835445400313
G2,batch 51200,ppo_privilege_gru_0721_bs51200,8,7,8,0.25170068027210885,0.46258503401360546,0.0009704011846043414,0.0935665308337104,0.7750004410302795,0.7402433235071555,0.6918216871428841,0.15147181893000378,0.5527903437614441,0.04825683555100113,0.17033202946186066,,,,29.657742381095886,89.78685760498047,1.5488420307636261,2.8264482021331787,37,147,68,42,-0.018101690119009452,-0.47642271326363955,0.5762833867716827,3.7512497799306934,2.9178664508806214,4.832043784792505,3.9886486486486046,0.38736747306177577,0.4511061581558118,0.0847248032210725,0.35814698354290964,0.1268794470862365,-0.5034013605442177,0.0002732397960621215,92.3795976750007,11.80204516700178,33.10225539499879
G2,batch 51200,ppo_privilege_gru_0721_bs51200,9,8,9,0.273972602739726,0.4452054794520548,0.0001273734872953014,0.09799723196049033,0.7842694387354755,0.7532833566491608,0.7237401368807642,0.0008314944122684853,0.0020495327189564705,0.006069335649954155,0.01347656175494194,,,,10.283702790737152,22.239524841308594,0.9906425833702087,2.682288646697998,40,146,65,41,-0.044406709261585325,-0.5171419223096667,0.5286056701906345,4.14135274096124,3.0722972381854072,5.437177592810737,4.748249999999942,0.3371634265876343,0.4402375952971012,0.07659149906162822,0.3703483415760904,0.13315731594379943,-0.547945205479452,3.283869797687132e-05,93.99483684400184,11.73235713900067,33.00211053900057
G2,batch 51200,ppo_privilege_gru_0721_bs51200,10,9,10,0.28169014084507044,0.4647887323943662,-3.6818496809587486e-05,0.1045040966385517,0.7940901372804026,0.7822738789380714,0.6441374125282536,0.002100169212208125,0.0031741803977638483,0.02747070277109742,0.059687498956918716,,,,27.644639253616333,50.92070388793945,0.8762484669685364,1.7205212116241455,40,142,66,36,-0.05086230941694093,-0.5440311196161645,0.5501871780133628,4.448444994971444,2.862482289851833,6.381337041835968,4.781499999999941,0.3667970302805425,0.4414511249873911,0.07890464614701777,0.37163442475505953,0.14060370970716893,-0.5633802816901409,0.00027983781097136863,94.0352065420011,11.562455598002998,32.53787231200113
G2,batch 51200,ppo_privilege_gru_0721_bs51200,11,10,11,0.33986928104575165,0.37254901960784315,0.001517718920949207,0.08693707864041694,0.8361165622448014,0.8102538370389328,0.7604910928842143,0.04913739504612746,0.09835141897201538,0.08259277045726776,0.14833983778953552,,,,60.54857885837555,98.93638610839844,0.5925563618540763,1.093375563621521,52,153,57,44,-0.2343499304043542,-0.7896937404067469,0.5379250553802232,2.9986589089138485,1.9293850042982514,4.485617932519913,3.9534615384614957,0.38137593448345,0.4497425164411675,0.08397254489413529,0.3342987940615434,0.11116289726086731,-0.6797385620915033,-7.30596352616244e-05,95.5297673540008,12.004287626001314,33.67900801200085
G2,batch 51200,ppo_privilege_gru_0721_bs51200,12,11,12,0.20833333333333334,0.4583333333333333,0.00046074810037666225,0.07291214999896094,0.8381733175988595,0.8178736068938277,0.8554245976385633,0.002128768725960961,0.004954097326844931,0.04229003845830448,0.109375,,,,34.09839600324631,76.84681701660156,1.4095101654529572,2.1935198307037354,30,144,66,48,0.09899740854309988,-0.27891322191742696,0.5583041747951248,4.970068138199574,4.608670928000498,5.40930474751845,3.7796666666666274,0.42401036598196856,0.4467968443916139,0.07168127525206182,0.3642228204050633,0.15142203319427236,-0.4166666666666667,1.9221610430752547e-05,95.49193204300173,11.652770102999057,32.71119266599999
G2,batch 51200,ppo_privilege_gru_0721_bs51200,13,12,13,0.2913907284768212,0.423841059602649,0.0006069671553268208,0.09043620137864063,0.832241220894366,0.7936288024200122,0.7752648026671328,0.0028103580255992577,0.006061416584998369,0.06515624781604856,0.16181640326976776,,,,27.76859211921692,64.5201644897461,0.7178678572177887,1.5207630395889282,44,151,64,43,-0.11075991383195567,-0.5551301746044727,0.46153511898113436,3.60682860330355,3.036580271152838,4.341239334103708,3.9634090909090487,0.3401651332987391,0.44886727316298536,0.07481922898366589,0.3499890429108502,0.12213713649855208,-0.5827814569536424,-0.00010463628771559577,93.1240296750002,11.946203366998816,33.483314007000445
G2,batch 51200,ppo_privilege_gru_0721_bs51200,14,13,14,0.22758620689655173,0.4206896551724138,-1.3141931212601321e-05,0.14353979324452662,0.8140458388021938,0.7757583225091867,0.8303176567598666,0.10720731746958334,0.29066047072410583,0.01911621051840484,0.03769531100988388,,,,12.506710886955261,28.364341735839844,1.359135054051876,3.732386827468872,33,145,61,51,-0.0006132607390240873,-0.3990751899783532,0.5036901184545017,2.5723970157675837,1.8952279844477284,3.429439071031776,3.9084848484848043,0.38755452018580916,0.4291448915284682,0.0796293561199255,0.35504461627099093,0.09956384919607277,-0.45517241379310347,-4.93124129843496e-05,94.33295641499717,11.666424420000112,32.79439879200072
G2,batch 51200,ppo_privilege_gru_0721_bs51200,15,14,15,0.2905405405405405,0.41216216216216217,-0.0002824113382757787,0.0894694768753277,0.8301753495659586,0.796392125183869,0.848109958299476,0.009069205694103744,0.03466527536511421,0.009702148177893832,0.02070312388241291,,,,10.83655834197998,19.1262264251709,0.951303406059742,1.9221653938293457,43,148,61,44,-0.10962251424850486,-0.6201901190854466,0.5604974670999814,3.379386784662174,2.6639822393368418,4.318355250401673,4.373255813953437,0.37957256469732403,0.44920694764644115,0.08904977652362968,0.35273993837422163,0.1183124547539403,-0.581081081081081,0.000406173704414279,94.01717157200255,11.841413057001773,33.230940076999104
G2,batch 51200,ppo_privilege_gru_0721_bs51200,16,15,16,0.2733333333333333,0.44666666666666666,0.00141966406081373,0.0796898039928121,0.8309525933641149,0.8206009325104008,0.7752724999106964,0.030570242274552573,0.06341064721345901,0.04368164110928774,0.08025390654802322,,,,38.02307438850403,59.82522201538086,2.2021389424800875,3.600015163421631,41,150,67,42,-0.05917805933898666,-0.4739820256930513,0.4832578966624826,4.507454050510488,3.958688253741958,5.225070861669332,3.6968292682926425,0.36964213214443487,0.45568429967144475,0.0887881696164442,0.351213973279644,0.13607491822626752,-0.5466666666666666,0.00019971582176850984,95.10628847100088,11.909043700001348,33.42055092800001
G2,batch 51200,ppo_privilege_gru_0721_bs51200,17,16,17,0.26573426573426573,0.4755244755244755,0.0009276542946459188,0.08425050541189352,0.8320268709608764,0.8187447647732972,0.7251124522092002,0.0036121379779069374,0.005963889416307211,0.08013183437287807,0.14722655713558197,,,,61.623656034469604,107.50482940673828,1.8455593496561051,3.9359116554260254,38,143,68,37,-0.030353081635249423,-0.5176334945066059,0.5711336780028311,4.002465100849104,2.51224763452105,5.841952285847798,4.465263157894684,0.3517406211986479,0.43947016198041,0.06730839123551831,0.36892194630319913,0.13206755088827324,-0.5314685314685315,0.00012595264180960698,94.20126079699912,11.617716407999978,32.70040773200162
G2,batch 51200,ppo_privilege_gru_0721_bs51200,18,17,18,0.28187919463087246,0.5369127516778524,0.0004230498128166005,0.16633632661209888,0.8160020610661319,0.7922158868065367,0.7398095203938746,0.02636535275494678,0.09910033643245697,0.05142089817672968,0.09632812440395355,,,,42.509587705135345,76.74610137939453,2.8478984475135802,5.004884243011475,42,149,80,27,-0.04315956428129928,-0.5070541439988532,0.5729504244060769,5.80286591089917,4.1042454773028485,8.058846174269284,3.888095238095196,0.30596687957109636,0.4407836432548877,0.08102005399988961,0.35392310658311965,0.16630435816275976,-0.5637583892617449,0.00037136023456626707,92.98141407500225,11.823584642999776,33.24136132900094
G2,batch 51200,ppo_privilege_gru_0721_bs51200,19,18,19,0.25675675675675674,0.4189189189189189,0.0010221901861946492,0.10542058003918302,0.8110233095761987,0.7590119432005923,0.8220825045147231,0.02925802512123482,0.10879278182983398,0.0639257812872529,0.1171875,,,,51.25391185283661,87.05520629882812,0.9209449112415313,1.3988332748413086,38,148,62,48,-0.028374896512398703,-0.4154113837530165,0.4524886179380658,4.000924176131402,2.8064903654323397,5.484917698515085,3.9560526315789026,0.3438147510042266,0.4636756227102494,0.08506183503799077,0.35470452745139164,0.1305512498250505,-0.5135135135135135,-0.00011716027532734015,92.24261034499796,11.853260346000752,33.211624763000145
G2,batch 51200,ppo_privilege_gru_0721_bs51200,20,19,20,0.2413793103448276,0.47586206896551725,9.287137450897376e-05,0.06529822115273992,0.8617407126749194,0.8463429684205447,0.8312802393150613,0.0009338893200037668,0.0034383677411824465,0.006621093685680535,0.025624999776482582,,,,8.974566638469696,22.339820861816406,1.1299317866563796,2.3224244117736816,35,145,69,41,0.01167907826333293,-0.41309176047305723,0.5492796710390767,4.062716467253739,3.2742842106142596,5.060576042063078,4.1482857142856675,0.43024810297874916,0.44977258285619515,0.06800096325811465,0.3664594908163742,0.12782137454260784,-0.4827586206896552,0.00015683359400604774,93.48595987999943,11.679008330000215,32.92483044799883
G3,clip 0.10,ppo_privilege_gru_0721_clip010,1,0,1,0.3092105263157895,0.4473684210526316,0.011209946781163715,0.07139069270163334,0.7488194427423085,0.7342100260395144,0.6653439337003462,0.3433067961258348,2.8735873699188232,0.2540087839588523,0.4762499928474426,,,,66.98073983192444,128.4951629638672,1.4179328121244907,3.3546371459960938,47,152,68,37,-0.15186829461062287,-0.6906989663541178,0.5693358352614395,3.7685067949515307,2.1043524152858786,5.995913426196327,3.808936170212726,0.3210929756654264,0.4390043794655749,0.0870300325493538,0.3405659229616812,0.1261396150758906,-0.618421052631579,-0.00015278001661573598,230.23846734899996,48.3428583729999,159.8163171660001
G3,clip 0.10,ppo_privilege_gru_0721_clip010,2,1,2,0.35668789808917195,0.3248407643312102,0.0013246036106195902,0.16525117774764883,0.7471240640339759,0.7295244989521268,0.5656535565806013,0.11939425705451867,0.7203378081321716,0.0643603500793688,0.20320312678813934,,,,35.551293313503265,114.6480484008789,1.3409333780407906,2.7576160430908203,56,157,51,50,-0.28449101391082016,-0.8155967824176944,0.4872720559507311,2.7140146429507515,1.8571144967341007,3.9591976679218224,3.9114285714285293,0.4173985664740139,0.4457945897688607,0.1008020011561993,0.3250351271383987,0.10330712559371842,-0.7133757961783439,0.0005425295354065809,225.63842090000003,50.560110127999906,148.92008145699992
G3,clip 0.10,ppo_privilege_gru_0721_clip010,3,2,3,0.3630573248407643,0.36942675159235666,0.003691177540167734,0.07156550544680416,0.7809875271204474,0.7554194669442927,0.5723840903773366,0.009660111504199445,0.09554561227560043,0.16115234151948243,0.3465625047683716,,,,66.11883491277695,156.1166534423828,1.4621711172163487,2.9071669578552246,57,157,58,42,-0.2765932778544646,-0.8054776669919034,0.47198154984775637,3.477573497962897,1.5227677594337021,6.244375466342681,3.848421052631537,0.31120568165747337,0.42751989904845045,0.10400510324986736,0.33005783252279214,0.11918302191827167,-0.7261146496815286,0.00028051738600015023,228.14133271600008,50.04737230499995,155.35772075
G3,clip 0.10,ppo_privilege_gru_0721_clip010,4,3,4,0.36423841059602646,0.40397350993377484,0.0030037955735633393,0.04417297195278533,0.8491014371911989,0.808879224396899,0.7059838885282619,0.02944052594495588,0.403639018535614,0.14160155813442543,0.36640623211860657,,,,79.10445082187653,195.11500549316406,1.1274389445781707,3.600033760070801,55,151,61,35,-0.2652183849451571,-0.8233677587356915,0.49351592005135037,3.817016890099153,2.4612558708247247,5.660004525675328,4.225636363636315,0.30419746813889936,0.45961698421290115,0.0973832377498995,0.33697633852503317,0.12654129877883344,-0.7284768211920529,-0.0002592010569706405,243.1427961999998,49.28423708399987,144.5140235419999
G3,clip 0.10,ppo_privilege_gru_0721_clip010,5,4,5,0.35294117647058826,0.3660130718954248,0.0045613895974065954,0.041634652302230526,0.8542677509395824,0.7963765000331975,0.7358151786886186,0.04649759013875154,0.6685150265693665,0.14333495707251132,0.2926562428474426,,,,45.73807945847511,95.456298828125,0.743717846646905,1.479365348815918,54,153,56,43,-0.26170180472826754,-0.7918535789576868,0.4755405063095185,2.780796355166442,1.432819643414418,4.6553264699465995,4.289444444444395,0.3653241145088439,0.4171894074616141,0.08474225117080615,0.33820058449975987,0.10601069172222645,-0.7058823529411765,-3.072800907739522e-05,244.82567636900012,50.527972694000255,144.7021954060001
G3,clip 0.10,ppo_privilege_gru_0721_clip010,6,5,6,0.3795180722891566,0.3614457831325301,0.0011715361144160052,0.039715758283444494,0.8813835557525967,0.8479902068764874,0.7819341458607785,0.0016619696957059192,0.0033074866514652967,0.06630859291180968,0.1896093636751175,,,,39.60393515229225,122.45083618164062,0.9551867861300707,2.431844711303711,63,166,60,43,-0.32635905794834313,-0.8617102576793585,0.4847791234622862,3.328557764185411,2.150451106274099,5.113567851929825,3.5693650793650424,0.3329201261906657,0.4616801838837227,0.09552330209319612,0.31682859356150095,0.11586931783791753,-0.7590361445783133,-2.0824769448282307e-05,233.4179314510002,50.57261760599977,152.79605798800003
G3,clip 0.10,ppo_privilege_gru_0721_clip010,7,6,7,0.35294117647058826,0.35294117647058826,0.0040730565196098745,0.050875694804117584,0.8488482304836501,0.8138341791948548,0.7050294652535959,0.045611041323154494,0.6300526261329651,0.1546630820066639,0.4365624785423279,,,,28.10931596159935,90.69965362548828,0.8966743133962154,2.4333150386810303,54,153,54,45,-0.25751005361898405,-0.8218898733378951,0.5065733946158494,3.339182898073893,2.423664535414094,4.5786539121363905,4.072592592592548,0.3806897377795029,0.4379445490525781,0.08895555159872066,0.3344257626751843,0.11387297086896557,-0.7058823529411765,7.356577804252767e-05,244.14876157399976,52.038705817999926,150.0051173480001
G3,clip 0.10,ppo_privilege_gru_0721_clip010,8,7,8,0.2847682119205298,0.37748344370860926,0.002699221210204994,0.04362548431984273,0.8561975714377583,0.826968596748747,0.7242010375701838,0.07066953411936992,0.5535526275634766,0.1202001937199384,0.2501562535762787,,,,30.022343918681145,73.56490325927734,1.4963159762322902,3.7504119873046875,43,151,57,51,-0.10967276190246544,-0.5741339880886716,0.5048451681285151,3.060507372061056,1.8752690727514016,4.628668814224597,3.949767441860422,0.38788109506580365,0.4497544880306655,0.082076958199313,0.34738222636597005,0.11262492870842858,-0.5695364238410596,-0.00014349313580444868,223.76154417799944,49.12029373799942,151.55713130000004
G3,clip 0.10,ppo_privilege_gru_0721_clip010,9,8,9,0.2671232876712329,0.410958904109589,0.003188110778646669,0.04633657614639866,0.8731611952311267,0.8329343030278771,0.7782107907746332,0.0032800235904869614,0.005520849023014307,0.13829589751549065,0.24921874701976776,,,,49.06984341144562,123.03646850585938,1.0379593651741743,2.985609531402588,39,146,60,47,-0.06184783322571384,-0.5673280915236859,0.5857987477185629,3.3371494514475333,1.9760606537280374,5.081044473525637,4.137179487179441,0.39464087031630724,0.4411469378022558,0.08265230131399251,0.35471751024336173,0.11742820580561508,-0.5342465753424658,0.00025302606777514596,227.5552709069998,59.62134364299982,144.70722094400026
G3,clip 0.10,ppo_privilege_gru_0721_clip010,10,9,10,0.30344827586206896,0.3931034482758621,0.0014932044859597426,0.11182318123602959,0.8656743408348677,0.8400934778747488,0.734152403346326,0.05589103115922626,0.8631880879402161,0.07734863136829517,0.2175000011920929,,,,37.704712599515915,98.8987808227539,1.008318530395627,2.969771146774292,44,145,57,44,-0.11268613352202067,-0.578063284386111,0.47630682304034366,4.026792927147068,2.383222097346777,6.10693725861306,4.542727272727219,0.3847969736177011,0.4393927845792014,0.07357241797579364,0.362091451088927,0.13221593201252074,-0.6068965517241379,-9.69648993304731e-05,237.53977386499992,53.43540163800026,145.67260662200079
G3,clip 0.10,ppo_privilege_gru_0721_clip010,11,10,11,0.375,0.3375,0.005576801247370922,0.05865679068908463,0.8873389913226687,0.8584179197355253,0.7294247053338684,0.12213414415309672,1.1430341005325317,0.23754393844865263,0.3482031226158142,,,,109.33434349298477,211.79098510742188,0.9352324932813645,2.6435322761535645,60,160,54,46,-0.3205871000301234,-0.8915010462953376,0.5357838193676978,2.7931618346158738,1.7158367972568522,4.409149390654406,3.923166666666624,0.3666283836613034,0.43412414841358604,0.10274015880391758,0.32278701333290916,0.10644280355940258,-0.75,0.00018308307756484252,235.60821972600024,50.243803262000256,149.034519885
G3,clip 0.10,ppo_privilege_gru_0721_clip010,12,11,12,0.35,0.325,0.0024401003028247104,0.03951400896985868,0.8940896031736645,0.8641342954233344,0.8180662257947617,0.0031620147074863728,0.007771829143166542,0.13188964524306357,0.32609373331069946,,,,40.80382615327835,109.19271087646484,0.9254233706742525,1.9517067670822144,56,160,52,52,-0.2707412754880805,-0.7850948738234719,0.4618229403229315,2.792904799962534,1.6628761412196598,4.4023395563539,3.5346428571428206,0.37021024313146345,0.4358589377259404,0.10112511463851348,0.3221792714369391,0.10687354462815982,-0.7,0.00020590844682046887,225.77604112500012,49.12694587199985,154.004968921
G3,clip 0.10,ppo_privilege_gru_0721_clip010,13,12,13,0.30201342281879195,0.37583892617449666,0.004519251081219977,0.041407941171360214,0.9137583425740025,0.8926093165372214,0.8429670267254687,0.004462634927185717,0.01066213846206665,0.19235839159227908,0.38734373450279236,,,,97.46103861927986,200.05860900878906,0.645459021627903,1.5472848415374756,45,149,56,48,-0.15550999008283425,-0.5468358488791469,0.3234261356081752,2.8366693849891043,1.9999565731456317,3.8607059606781315,4.169999999999955,0.3430038654799767,0.44361226479275667,0.0893484920977087,0.3434634806046461,0.10510566452106447,-0.6040268456375839,-5.2289570960977764e-05,242.81857645400032,50.07023545999982,146.400847891
G3,clip 0.10,ppo_privilege_gru_0721_clip010,14,13,14,0.26174496644295303,0.38926174496644295,0.0027063782115146484,0.03321921416888625,0.8985095277309204,0.8830279609268117,0.851870583589185,0.19173944324589684,0.785028338432312,0.09132323949597776,0.1654687523841858,,,,44.26540830731392,122.1278305053711,0.8805250529199838,2.1321024894714355,39,149,58,52,-0.07560146201628493,-0.5062417036493257,0.46596126609799365,2.463479979433765,1.8381842233626444,3.249836763583811,3.907692307692265,0.3896089547725784,0.4372984631662987,0.08736775535249898,0.3486533524783968,0.09918184175605303,-0.5234899328859061,5.327663517135442e-05,226.84488406699984,49.72589796900047,147.92779513099958
G3,clip 0.10,ppo_privilege_gru_0721_clip010,15,14,15,0.304635761589404,0.3708609271523179,0.0021056440744337546,0.03772224593385512,0.9094260185671288,0.9026917877586187,0.8118780146174813,0.05272413731203414,0.7998908162117004,0.14085937186609954,0.431953102350235,,,,69.40461713075638,190.16571044921875,0.8341448083519936,1.6655499935150146,46,151,56,49,-0.1624841890213522,-0.6471999071563149,0.47883199189567544,2.860420345492083,2.118588211028548,3.841921323397683,4.013043478260825,0.39248717734984284,0.4275729037712052,0.08839414428713949,0.33858006718036754,0.10790154856730842,-0.609271523178808,0.0003057184097796833,220.99868064899965,49.07473963099983,145.37629462599944
G3,clip 0.10,ppo_privilege_gru_0721_clip010,16,15,16,0.3157894736842105,0.375,0.005806199218350239,0.03505847143264496,0.9341813813785051,0.9221021839473349,0.9012005006946109,0.006193514852639054,0.025210492312908173,0.21952636318746954,0.5841405987739563,,,,109.55631643533707,254.2866973876953,0.623555039986968,1.6230902671813965,48,152,57,47,-0.1733510085426572,-0.6364435037759961,0.4464804850773501,3.5877059353479113,2.46188489607545,5.094574095604896,3.7335416666666266,0.39785493303003916,0.4529936858743245,0.08446727699634532,0.3366574901654702,0.12134198411138628,-0.631578947368421,0.00022846454890741697,228.53991993600084,48.12036707700008,149.00100511500023
G3,clip 0.10,ppo_privilege_gru_0721_clip010,17,16,17,0.23809523809523808,0.47619047619047616,0.0029485266775737262,0.024176997192691,0.9359135558187519,0.9330125529432585,0.8231276165308818,0.14187289567489642,1.3669047355651855,0.12754882546141744,0.2523437440395355,,,,34.801952570676804,61.151397705078125,0.4336794525384903,1.2440348863601685,35,147,70,42,0.02551422900642142,-0.4025532257982821,0.565537787375432,4.184952482936999,2.9163336859903533,5.7853638883158425,4.119428571428524,0.3560556171200917,0.4494751251513525,0.07580912880490547,0.36689768874317585,0.13477562807965157,-0.47619047619047616,3.1388374070172195e-05,237.0421971630003,50.446812546999354,148.05257560899918
G3,clip 0.10,ppo_privilege_gru_0721_clip010,18,17,18,0.2925170068027211,0.46938775510204084,0.0011659784271796508,0.04722762504408844,0.9139958508794159,0.8912520680414394,0.8842744648206302,0.10157257649771054,0.8171870112419128,0.06510742066893727,0.1159374937415123,,,,26.158907771110535,49.68967056274414,0.7828462827950716,2.072964668273926,43,147,69,35,-0.0862967529882153,-0.5708827856389949,0.5250271651250759,5.112840419827132,3.268638402529102,7.439372195495417,4.237906976744139,0.2882740823878202,0.43253118068280455,0.09116666411106464,0.34510614366319364,0.15338549135446072,-0.5850340136054422,0.00024562559957247887,222.58657718300128,49.078738711999904,144.39537128200027
G3,clip 0.10,ppo_privilege_gru_0721_clip010,19,18,19,0.3161290322580645,0.44516129032258067,0.002885482468809819,0.06089071326753313,0.916501770134695,0.8920672888566867,0.9047553734955763,0.03678535855869995,0.5408904552459717,0.1121874984819442,0.23164062201976776,,,,48.77485355734825,106.0250473022461,1.0116283126175403,2.462589979171753,49,155,69,37,-0.16919951505852818,-0.6328696474944179,0.4560526332262323,3.619964749127461,2.18453274408086,5.555623058963031,3.632244897959148,0.3474886580312808,0.4472876417683226,0.09283562990131117,0.3408166136126199,0.12223812181714379,-0.632258064516129,3.81402783726125e-06,226.46952384999895,51.455320076000135,146.1760336210009
G3,clip 0.10,ppo_privilege_gru_0721_clip010,20,19,20,0.20567375886524822,0.41134751773049644,0.0011608702896024337,0.03034626131782507,0.9426720189391673,0.9405154526274596,0.8886337357075038,0.0019973642678814893,0.0034182744566351175,0.07979003735817969,0.18789061903953552,,,,19.814684361219406,51.0743408203125,0.5548351895064115,1.213275671005249,29,141,58,54,0.07046857067689463,-0.2706212596203319,0.4692812953321133,3.575431879451533,2.707109583278112,4.590701025746609,4.015862068965474,0.448393768557536,0.4542692180133221,0.06267086977086525,0.3629127935728797,0.1190689043518146,-0.41134751773049644,-0.00016560951730322567,230.2331727740002,49.85137432400006,147.3739736690004
G3,clip 0.20 legacy 8-worker,ppo_privilege_gru_0721_clip020,1,0,1,0.3092105263157895,0.4473684210526316,0.003287748450943262,0.07139069270163334,0.7488194427423085,0.7342100260395144,0.6653439337003462,0.3249206571443938,2.756199836730957,0.06883300561457872,0.1649218648672104,,,,24.337085634469986,72.16077423095703,1.4179328121244907,3.3546371459960938,47,152,68,37,-0.15186829461062287,-0.6906989663541178,0.5693358352614395,3.7685067949515307,2.1043524152858786,5.995913426196327,3.808936170212726,0.3210929756654264,0.4390043794655749,0.0870300325493538,0.3405659229616812,0.1261396150758906,-0.618421052631579,-0.00015278001661573598,225.86645283899998,49.56330485599938,149.34524628600047
G3,clip 0.20 legacy 8-worker,ppo_privilege_gru_0721_clip020,2,1,2,0.3333333333333333,0.3464052287581699,0.0036184568974562126,0.05680107473016461,0.8211670114993388,0.8076844903359607,0.732328070130807,0.10081931259424892,1.3050854206085205,0.08783691251301207,0.17585937678813934,,,,47.870418548583984,92.15142059326172,0.8163747943937778,1.8533689975738525,51,153,53,49,-0.2201162785581101,-0.7294564278530276,0.48818486655513443,3.0788303204774903,2.424071664319792,3.9893540766967894,4.078431372548975,0.42006355947709906,0.44467298586676024,0.09842207545743285,0.3351019271870136,0.11089682910410115,-0.6666666666666666,0.0005516318174417986,233.2838167610007,53.31776448600067,150.91251158900013
G3,clip 0.20 legacy 8-worker,ppo_privilege_gru_0721_clip020,3,2,3,0.37254901960784315,0.4117647058823529,0.0003943464841722477,0.054817081031156144,0.8499901235952,0.8134211618548568,0.8309258634718174,0.0421273965400178,0.6141466498374939,0.03440917868283577,0.11992187052965164,,,,28.062293589115143,83.62639617919922,1.030288141965866,2.8677072525024414,57,153,63,33,-0.26106879606830985,-0.8392898086809946,0.5430197995962048,4.455463881441572,3.0424870432116076,6.420384797105118,4.299122807017494,0.3076266389166922,0.4217027449995739,0.09046308022153775,0.3451011324848721,0.1385038704676407,-0.7450980392156863,0.0004242401948636741,223.50529224599995,48.539510275000794,149.03549001700048
G3,clip 0.20 legacy 8-worker,ppo_privilege_gru_0721_clip020,4,3,4,0.39622641509433965,0.3710691823899371,0.002924511614983416,0.05567847771067952,0.8764500729667483,0.8653081551391412,0.7546420115009043,0.19452191820601,2.2492358684539795,0.08792480234114919,0.17015624046325684,,,,43.05607298016548,118.6212158203125,0.8549444202333689,1.5535812377929688,63,159,59,37,-0.3365132562379302,-0.9083972962815579,0.46932334564172695,3.8024049924984236,2.268422335738974,5.963926008841285,4.1636507936507465,0.30135260597219093,0.45875887017959927,0.09010048776162416,0.3291877050218151,0.1264133316382679,-0.7924528301886793,0.00033853729066595466,224.85428941100145,49.30302827500054,149.74430378100078
G3,clip 0.20 legacy 8-worker,ppo_privilege_gru_0721_clip020,5,4,5,0.34838709677419355,0.36129032258064514,0.0016352223426110424,0.06837722324651797,0.8649772460470821,0.8173597349625732,0.808640209318089,0.039047916525814796,0.5440094470977783,0.057714842152563506,0.23859374225139618,,,,29.52457746863365,91.3969497680664,1.8467105828225612,3.716320276260376,54,155,56,45,-0.25534531124783877,-0.8121484114764279,0.5363590968896864,2.922201039415314,1.7410163859242669,4.601697968597896,4.004259259259213,0.3585298156502171,0.4213743463141582,0.08841217482124714,0.3327760668512342,0.10862430980723019,-0.6967741935483871,2.8505642083964172e-05,225.0373163769982,51.87343408800007,152.6733905669971
G3,clip 0.20 legacy 8-worker,ppo_privilege_gru_0721_clip020,6,5,6,0.2684563758389262,0.44966442953020136,0.0007986139916101864,0.04821409943601084,0.8875337861254194,0.8747091689592761,0.8657917354032945,0.05028854402597062,0.7406477332115173,0.021254882325592916,0.043046873062849045,,,,21.991636961698532,47.604278564453125,1.6826438799500465,3.7468793392181396,40,149,67,42,-0.06432076415756463,-0.5011160431500087,0.5157979657542752,3.994361815556349,3.2688819738160753,4.957889730367651,3.6332499999999626,0.3963088508396453,0.464719474530079,0.08504246711814487,0.34240288923324275,0.1303220791285355,-0.5369127516778524,-0.000132980841490534,243.0964489470025,53.34902911399695,152.92845253300038
G3,clip 0.20 legacy 8-worker,ppo_privilege_gru_0721_clip020,7,6,7,0.2222222222222222,0.4375,0.0028893281376807245,0.04302192863083116,0.8706210190711723,0.8368007272250637,0.8631771323677325,0.3147614167039865,4.324038505554199,0.07032714691013098,0.21203124523162842,,,,29.20403379201889,82.48069763183594,0.8208258297294379,2.2253904342651367,32,144,63,49,0.028495948720744877,-0.3511306344440972,0.48988825749032217,3.092915781605975,2.351376605115431,3.994171088417559,3.871874999999956,0.43009794209258817,0.4443779125613575,0.06839083558929951,0.36101164400318386,0.1118021217242421,-0.4444444444444444,0.00012662743776344825,229.27466419100165,47.67207004800002,150.04060385000048
G3,clip 0.20 legacy 8-worker,ppo_privilege_gru_0721_clip020,8,7,8,0.25675675675675674,0.3716216216216216,0.0028213245534152165,0.05285393217478451,0.8611974585049719,0.8430741200933691,0.7960468944848647,0.06930909411225003,0.8155558109283447,0.06475585850421339,0.12812499701976776,,,,29.81094738841057,62.559017181396484,0.821622097119689,2.12957763671875,38,148,55,55,-0.05279428571953106,-0.4673041060450406,0.49124985345770034,3.1141014454271114,2.304182118118621,4.177120562519505,3.8339473684210112,0.4143989655098696,0.44666864131264183,0.09244803426604521,0.34638834890126025,0.11417499235396047,-0.5135135135135135,0.00015588653876171609,228.67149838800105,52.44283431800068,151.36079108600097
G3,clip 0.20 legacy 8-worker,ppo_privilege_gru_0721_clip020,9,8,9,0.17985611510791366,0.43884892086330934,0.0012278605983419566,0.038077158039884346,0.9099531331249163,0.8889957542578762,0.8761414769891439,0.006748587795882485,0.022768659517169,0.06137206935090944,0.1385156214237213,,,,24.66961169242859,43.910579681396484,1.0116113990545272,4.166727066040039,25,139,61,53,0.14864474625308854,-0.20410399235871998,0.5620221743138017,4.035383460370116,2.833164918062244,5.444233314637153,4.351999999999949,0.46656158991075053,0.4309926204697227,0.05832200766836503,0.37702115641432904,0.1313048417809709,-0.3597122302158273,3.097827361598436e-05,225.85582750200047,52.201687369000865,152.21774219299914
G3,clip 0.20 legacy 8-worker,ppo_privilege_gru_0721_clip020,10,9,10,0.2653061224489796,0.3877551020408163,0.0011082381172673461,0.0568295671316624,0.9010397594288952,0.8600788659875216,0.8664979951917776,0.008013367706153074,0.03135759383440018,0.060585936647839844,0.09648437052965164,,,,31.093632400035858,61.12450408935547,0.9300690654665231,2.958284378051758,39,147,57,51,-0.06455961446290882,-0.5354607372251909,0.5295002634833548,3.1784545559109776,1.2104344402007163,5.661187624960845,4.179743589743543,0.405625739996724,0.45510630659928997,0.08886994208506105,0.35145737646603736,0.11486624088894497,-0.5306122448979592,-0.00027098691993207536,221.60355173000062,47.89784580000196,143.9877048189992
G3,clip 0.20 legacy 8-worker,ppo_privilege_gru_0721_clip020,11,10,11,0.2635135135135135,0.39864864864864863,-7.960530660033882e-05,0.05171748605397388,0.8897815104273449,0.8682922278206848,0.802299518640584,0.1898679758283106,1.4947259426116943,0.029750976060313405,0.07710937410593033,,,,15.485576122999191,42.76587677001953,1.647006930783391,3.9695851802825928,39,148,59,50,-0.060563248988049004,-0.49506739981642295,0.49426512822356694,2.8856516033291015,1.9987816906210525,4.0181162610947645,4.375128205128154,0.4580539788218207,0.44322176077744047,0.08048307446348484,0.3571755211447373,0.10901248678227914,-0.527027027027027,0.00027577011196158757,216.47984284099948,53.05055369599722,152.8861553780007
G3,clip 0.20 legacy 8-worker,ppo_privilege_gru_0721_clip020,12,11,12,0.26,0.34,5.077442530820875e-05,0.04408241988252146,0.8950753787851853,0.877557810582639,0.8693462120823497,0.0029572557050414616,0.005384531337767839,0.02577636680143769,0.05921874940395355,,,,15.120985269546509,40.51194763183594,0.9737824395298957,2.0199241638183594,39,150,51,60,-0.07954434085464027,-0.4641370223369333,0.4233845503145121,2.7389573560986022,1.5689144669964672,4.269013441847548,3.3379487179486844,0.41674766559893844,0.4541786082430718,0.09528272064236805,0.3341894858254624,0.10621102856569598,-0.52,5.514475420141716e-05,239.11545828399903,48.03825193400189,148.38463354099804
G3,clip 0.20 legacy 8-worker,ppo_privilege_gru_0721_clip020,13,12,13,0.2702702702702703,0.42567567567567566,0.001168560705136823,0.04738330033573102,0.8739948912912631,0.8417016537385473,0.8382445972874193,0.10364341650973075,1.402037262916565,0.07514160027494654,0.1720312535762787,,,,27.02546301484108,63.32018280029297,0.9594479966908693,2.6909584999084473,40,148,63,45,-0.08820304403353514,-0.4084330785525374,0.30965851400522515,2.976752070810877,2.536632189992019,3.5235676803130938,3.79274999999996,0.37531184170107784,0.44734476229014336,0.08816868492971097,0.34138881799761006,0.11067464331685696,-0.5405405405405406,0.0002740351925383926,232.24397188100193,51.12604607400135,145.466806198001
G3,clip 0.20 legacy 8-worker,ppo_privilege_gru_0721_clip020,14,13,14,0.2534246575342466,0.3767123287671233,0.00032182743971131966,0.05760042303202609,0.8935340880323723,0.8577124685140508,0.9128791246746915,0.0679773408389883,0.956183671951294,0.02370117139071226,0.04984374716877937,,,,20.3956738114357,54.761390686035156,0.9148300610482692,2.6760735511779785,37,146,55,54,-0.0725442532816148,-0.47294184977589115,0.42641275158048336,2.1111605454216025,1.330853374009475,3.083543328258253,3.7524324324323928,0.4260025632920337,0.44566278503029305,0.08131416797215071,0.343017427171949,0.09179137651689476,-0.5068493150684932,-0.0005037419019652934,230.9588427000017,47.24452751799981,149.53843839599722
G3,clip 0.20 legacy 8-worker,ppo_privilege_gru_0721_clip020,15,14,15,0.20279720279720279,0.3986013986013986,0.001137165406216667,0.05375203584806248,0.8964536828974066,0.8753462656477974,0.9103403674929912,0.008055403074104107,0.06662382185459137,0.038325194516801275,0.11414062231779099,,,,22.909501314163208,59.41582107543945,0.7195211697369814,1.9960204362869263,29,143,57,57,0.0700728488423026,-0.26420801238152525,0.471209882310896,3.0646919327868205,2.7564019488769183,3.4346399134787045,3.916896551724095,0.4326526100610967,0.45124566432128677,0.08122737843120514,0.36337750786250844,0.11221700236228181,-0.40559440559440557,7.274421191799516e-05,227.25032536500294,49.386918936001166,147.74980222399972
G3,clip 0.20 legacy 8-worker,ppo_privilege_gru_0721_clip020,16,15,16,0.3223684210526316,0.3815789473684211,0.00264765776209952,0.03821713800365337,0.9179161804273095,0.9194807505348305,0.8505184011853779,0.00855985603528097,0.018319686874747276,0.10693359265860636,0.23398436605930328,,,,46.5939858853817,110.15995788574219,0.5100303541868925,1.0660518407821655,49,152,58,45,-0.1785822816587491,-0.6235642569409998,0.4170089775651865,3.4001586398417456,2.158612148074778,5.061920867283687,4.314489795918315,0.3981663112772082,0.456483196842097,0.0924880326142312,0.3472873224973318,0.11840614946636649,-0.6447368421052632,0.00046108848281577387,244.9424556519989,49.135811381001986,151.41309951800213
G3,clip 0.20 legacy 8-worker,ppo_privilege_gru_0721_clip020,17,16,17,0.2014388489208633,0.5107913669064749,0.0033262852064579462,0.026717183654794953,0.9248477269802142,0.9105925126571559,0.8943120682074551,0.18168823996762512,1.3941525220870972,0.11313964461442083,0.3659375011920929,,,,73.84679073095322,176.27940368652344,0.6277978122234344,1.4155784845352173,28,139,71,40,0.13678749622790815,-0.2712677636767719,0.6149772539287051,5.302770160776444,4.430362466923407,6.325122927010472,4.6796428571428,0.33913361869184633,0.44647753171962046,0.06912755088392304,0.3827700214906306,0.1566334160662172,-0.4028776978417266,0.0002617565127869619,238.58243183000013,47.19235898799889,147.24097850900216
G3,clip 0.20 legacy 8-worker,ppo_privilege_gru_0721_clip020,18,17,18,0.1958041958041958,0.5384615384615384,0.00020091197727190035,0.03197318681904925,0.9247797416244522,0.9200189330228354,0.9016568277993956,0.0883213719302148,0.8166640400886536,0.024770507136963715,0.05414062365889549,,,,14.40217074751854,32.09149932861328,0.5009073570370675,1.1283068656921387,28,143,77,38,0.13873750367090654,-0.19196712824207224,0.535583061966481,5.4461491382883045,3.521771601105761,7.755402182907356,3.9649999999999563,0.35085705840208536,0.45239112162332323,0.07195747490589965,0.37026836466138147,0.16031682077217657,-0.3916083916083916,-0.00023929015425989202,243.05274306700085,50.1335916349999,151.92738017700322
G3,clip 0.20 legacy 8-worker,ppo_privilege_gru_0721_clip020,19,18,19,0.23776223776223776,0.46153846153846156,0.0025982677461979797,0.04179963892212836,0.9314749764299592,0.916523035217842,0.9253219040974378,0.009363210115407125,0.03982949256896973,0.1043554660573136,0.2430468648672104,,,,61.27368785440922,123.26660919189453,0.8754596672952175,1.9238017797470093,34,143,66,43,0.02906746764745076,-0.3290961290840823,0.4469249971675726,4.58657373221204,3.918828996777369,5.365609256885819,4.336470588235243,0.3536865403119377,0.4579923073069148,0.0770957722974656,0.36138227789227784,0.14299976658521396,-0.4755244755244755,0.0002098986944345987,231.0142904940003,51.1969016960029,144.73032308300026
G3,clip 0.20 legacy 8-worker,ppo_privilege_gru_0721_clip020,20,19,20,0.20279720279720279,0.4755244755244755,-8.959294227750547e-05,0.01892775330519259,0.9489634652076271,0.9306832779002323,0.9473179097792352,0.0024043472105404334,0.008071156218647957,0.021508788522623945,0.09914062172174454,,,,15.422682717442513,46.147491455078125,0.44848682451993227,1.336012840270996,29,143,68,46,0.08106363557205898,-0.24748761734063848,0.46437343063687275,3.3917416235600375,2.6521808852120636,4.254562484966007,3.8710344827585796,0.45792463521723564,0.4521648260863463,0.07428113927890405,0.3674693377854994,0.11893589099614987,-0.40559440559440557,0.0002528123848153176,233.55855534500006,47.970542103998014,145.74187854199772
G4,actor LR low,ppo_privilege_gru_0722_lr1_tkloff,1,0,1,0.33962264150943394,0.41509433962264153,0.003657469385798473,0.17396116385642058,0.6211697350443632,0.6038145037468354,0.5865283103675676,0.005871681492571952,0.012227625586092472,0.10522949110600166,0.2932812571525574,16,16,False,85.01477235555649,195.56263732910156,2.5946134328842163,6.131119251251221,54,159,66,39,-0.23055848805200252,-0.7836086370903732,0.5692371120957951,3.503862829655375,1.7935366908688255,5.977257553439001,3.556666666666632,0.3090019532907204,0.43090997908191037,0.08736558703054961,0.3284134787783901,0.12027644987074954,-0.6792452830188679,-3.133682274248001e-06,92.29989166999985,17.64963775299975,52.67530868899985
G4,actor LR low,ppo_privilege_gru_0722_lr1_tkloff,2,1,2,0.32450331125827814,0.3509933774834437,0.004211184553568614,0.09348415847407049,0.6257246811666659,0.6251324469079746,0.5301429636853017,0.0060786822612863035,0.014207636006176472,0.13065429411653895,0.25062498450279236,16,16,False,86.34251534938812,167.6344451904297,1.86659282296896,5.578680038452148,49,151,53,49,-0.21582845194049813,-0.7344966066075151,0.489236070809978,2.6216770477929967,1.5890041476347054,4.025466771445673,3.765102040816286,0.4260943656169355,0.45033791902226883,0.09886692487164982,0.3301203058454665,0.10250686352891793,-0.6490066225165563,0.000551001201673666,95.22949715000004,17.469344292999722,52.01974955899959
G4,actor LR low,ppo_privilege_gru_0722_lr1_tkloff,3,2,3,0.33974358974358976,0.3974358974358974,-0.000400486646976006,0.0718471179671133,0.7511807033932156,0.701545353439796,0.7360928981506464,0.010878093316205192,0.15136241912841797,0.014589843432077032,0.026640623807907104,16,16,False,10.298714399337769,24.496917724609375,1.5821538999676705,4.744569778442383,53,156,62,41,-0.2154585447851803,-0.721393183715488,0.47445232648342106,3.7268860971605955,1.853110202858878,6.282035043935665,3.9903773584905218,0.3120224596816555,0.43412750137403716,0.10802802915983331,0.339089695952693,0.12439518495439185,-0.6794871794871795,0.0005437537949142669,93.57036757700007,17.57599141899982,52.46145137300027
G4,actor LR low,ppo_privilege_gru_0722_lr1_tkloff,4,3,4,0.3935483870967742,0.36774193548387096,-4.428483649454584e-05,0.06034301176959299,0.7976957673612425,0.7617943960780957,0.6653146585212892,0.0014966132278186675,0.002797328867018223,0.019887694915269094,0.047968748956918716,16,16,False,14.710836991667747,30.008420944213867,1.2177899420261382,2.8355560302734375,61,155,57,37,-0.32952853462771725,-0.9079198155847202,0.4928715679830213,3.7956402327329024,2.4491405672695508,5.710194444563606,4.267540983606508,0.29121737583046675,0.46200734221639045,0.09234808366193288,0.3317313697730217,0.12578344971071426,-0.7870967741935484,5.3420082095214355e-05,94.08168311300005,17.680465017000188,52.58420786500028
G4,actor LR low,ppo_privilege_gru_0722_lr1_tkloff,5,4,5,0.37341772151898733,0.36075949367088606,-0.0002493729492196728,0.06157724714240583,0.8294151157505467,0.78228634412624,0.6987739082072486,0.019976941837594492,0.1643335372209549,0.013554687498981366,0.0234375,16,16,False,15.108820647001266,30.668703079223633,1.3757591731846333,3.45809006690979,59,158,57,42,-0.3169422612753227,-0.9031688483614586,0.5440780385074397,2.668725731404476,1.2448946664250842,4.7599776080929574,3.935423728813516,0.3394150282280332,0.4295008451739045,0.1002956890534021,0.3264612364122455,0.10391333036884864,-0.7468354430379747,-0.00048138501844211727,92.45249274700018,17.70200090599974,52.91376757599983
G4,actor LR low,ppo_privilege_gru_0722_lr1_tkloff,6,5,6,0.34591194968553457,0.37735849056603776,-0.0004662750921489156,0.059274406827611016,0.8071747606920872,0.7729336262062235,0.6929558477198619,0.001497996310354209,0.007802624721080065,0.010380859122051334,0.0234375,16,16,False,9.831969201564789,20.770694732666016,1.1476020514965057,2.9275293350219727,55,159,60,44,-0.24475160479450644,-0.7748770291416448,0.5218913165690475,3.5567843577399563,2.3868709481563783,5.248659134676208,3.5890909090908716,0.33129080886399564,0.47163265796961795,0.09672100387221853,0.32675533463849205,0.12020504576822592,-0.6918238993710691,0.00011191416984475156,94.55282022500023,17.722562055000253,52.89734431599982
G4,actor LR low,ppo_privilege_gru_0722_lr1_tkloff,7,6,7,0.2602739726027397,0.4315068493150685,0.0007214556487156187,0.050521171110909216,0.8347039365842182,0.7996508711112886,0.8276512558165525,0.03265980076284904,0.4702492356300354,0.04658691277018079,0.11968749761581421,16,16,False,39.563565358519554,98.26094055175781,1.1861441820859908,3.132432222366333,38,146,63,45,-0.034203979281103206,-0.44960147416415136,0.48344520665007984,3.8948558959823223,3.149633499883254,4.823517651121161,4.007368421052586,0.40292769122945477,0.4422472361797257,0.08100775609381854,0.35792589765077315,0.12799605494970445,-0.5205479452054794,0.0004220133238986905,94.06546214499986,17.267524496000078,51.5323249070002
G4,actor LR low,ppo_privilege_gru_0722_lr1_tkloff,8,7,8,0.34415584415584416,0.37012987012987014,0.0004158525782997913,0.050176497456644216,0.8524510282731789,0.830729103110269,0.7315094740624584,0.05336519323478568,0.5414211750030518,0.032924803788773715,0.11015624552965164,16,16,False,31.359829545021057,101.98637390136719,1.1696043446660043,2.4563586711883545,53,154,57,44,-0.2384255281674691,-0.7714405853911024,0.5111268960532654,3.0100267500247324,1.7480903270783605,4.784624844793068,4.046981132075426,0.3570975751062018,0.45261876965143827,0.08889723504862888,0.3379280238548584,0.11168864323741902,-0.6883116883116883,0.0002694930519418268,93.40786865900009,17.669986078999955,52.61549933900005
G4,actor LR low,ppo_privilege_gru_0722_lr1_tkloff,9,8,9,0.27586206896551724,0.42758620689655175,0.00021166424676755113,0.05071246526547607,0.8631224513089332,0.8349305256213128,0.7916197248392322,0.0029279509849675367,0.015449351631104946,0.03284667887692194,0.11828124523162842,16,16,False,30.87786227464676,79.81411743164062,1.1750093869864942,3.886759042739868,40,145,62,43,-0.05389695917054866,-0.5759049173279619,0.6067693628724274,4.080944285695815,2.6963263326230735,5.833351382553504,4.628499999999944,0.36733064799487314,0.4323880132530188,0.08226090132041008,0.36513110357184597,0.13238553263244435,-0.5517241379310345,0.00031054255619551686,89.97754524499987,17.174821793999854,51.37939615100004
G4,actor LR low,ppo_privilege_gru_0722_lr1_tkloff,10,9,10,0.2925170068027211,0.46938775510204084,0.00016061213159446197,0.05329529546905012,0.891779026502669,0.8846494954432813,0.820957591794409,0.035725678106653044,0.27854210138320923,0.01402343701920472,0.05523437261581421,16,16,False,20.781263947486877,56.694461822509766,0.8295163072645664,1.633449673652649,43,147,69,35,-0.07565056230905065,-0.5649468575050921,0.5589055705233157,4.494065377118392,2.7950898702369953,6.697424237605199,4.418604651162738,0.37408566849932184,0.45654816061817644,0.07364679409095844,0.3681160910008713,0.14150928255782436,-0.5850340136054422,-0.00024192226230413774,90.43158664900011,17.34797830000025,51.7094750769993
G4,actor LR low,ppo_privilege_gru_0722_lr1_tkloff,11,10,11,0.3137254901960784,0.40522875816993464,-0.00031784819625044203,0.07861643063291024,0.8874319058715017,0.880309120190738,0.8224890303506002,0.038875603498154304,0.5998773574829102,0.009150390415015863,0.017812499776482582,16,16,False,12.05159056186676,33.13195037841797,1.173387897759676,2.9083194732666016,48,153,62,43,-0.16701470563816434,-0.6559389345002988,0.47747632331646744,3.519093872435166,2.709521884080414,4.586256947993704,3.900208333333292,0.3954786022194189,0.4553576174298753,0.0940650009368824,0.33873316883689003,0.12145452809832104,-0.6274509803921569,0.00024857781878153106,90.72950310099986,17.580406242999743,52.486057846999756
G4,actor LR low,ppo_privilege_gru_0722_lr1_tkloff,12,11,12,0.23776223776223776,0.4405594405594406,-0.0002639084204334452,0.040156098434176224,0.9156113956989494,0.9123301484011005,0.891375146314983,0.0017671801528376802,0.0059446957893669605,0.019609374962783477,0.06640625,16,16,False,13.85080274939537,51.25971221923828,0.8696376144886017,1.806076169013977,34,143,63,46,0.03187586308347936,-0.41129132379147987,0.5789103593822571,4.514464555930196,4.104845436717533,5.0200881562083275,4.369117647058771,0.4092159122196671,0.4480923206721581,0.07156489619059989,0.3650804266198346,0.14211209617871512,-0.4755244755244755,0.00020781580940513892,91.15928125000028,17.151126222999665,50.95570922300067
G4,actor LR low,ppo_privilege_gru_0722_lr1_tkloff,13,12,13,0.2980132450331126,0.46357615894039733,3.1738481447884936e-05,0.06118585532093137,0.876479535155864,0.838234692155342,0.85974780369492,0.002202453657027946,0.004795251879841089,0.028486327901191544,0.10507812350988388,16,16,False,28.604081451892853,94.06314849853516,1.611819052323699,3.405521869659424,45,151,70,36,-0.12730846336639876,-0.6033374658797862,0.5025145245743907,3.4147744837732477,2.566589925812652,4.536987898921113,4.182222222222176,0.3298795451992305,0.4518733617052905,0.07636919001066618,0.35074689409059023,0.11828941424961067,-0.5960264900662252,-0.00031828164037448256,90.74570159799987,17.462144201999763,52.14214111599995
G4,actor LR low,ppo_privilege_gru_0722_lr1_tkloff,14,13,14,0.273972602739726,0.3972602739726027,0.0004742238094874729,0.043325192453914016,0.9206919680610454,0.8986395271809736,0.9293212451878451,0.035558087786575925,0.5364580750465393,0.03349609320775926,0.0885937511920929,16,16,False,35.84777483344078,87.96107482910156,0.8641404919326305,2.353097677230835,40,146,58,48,-0.08218379109130494,-0.5089459764740663,0.44962754761644375,3.108298910822165,2.6090166567533593,3.7304814120463683,4.331999999999949,0.3655313001423749,0.44473449056954956,0.08053999554175378,0.355547192814991,0.10985561612278168,-0.547945205479452,0.00035860545037453976,95.95450588200038,17.35086708899962,51.42540629500036
G4,actor LR low,ppo_privilege_gru_0722_lr1_tkloff,15,14,15,0.30201342281879195,0.44966442953020136,0.0008728227260235144,0.061779740749260216,0.8838364129292955,0.8586527828285554,0.9071402264913879,0.004294842748859079,0.028815196827054024,0.046669920993736014,0.10148437321186066,16,16,False,31.151874363422394,63.683963775634766,0.7108635324984789,1.8360168933868408,45,149,67,37,-0.12711966293987012,-0.6032474780234334,0.5052375914679875,3.6819074883750385,2.9885615837436457,4.602757517963608,4.130222222222176,0.35901158614987916,0.44582176830895764,0.09853655301793714,0.35210847296949443,0.1245213069277001,-0.6040268456375839,0.00027740280051916804,96.45936975799941,17.4031130809999,52.00612811300016
G4,actor LR low,ppo_privilege_gru_0722_lr1_tkloff,16,15,16,0.30128205128205127,0.42948717948717946,0.00046584303981944686,0.04243375941240669,0.9017912076504331,0.890276248019364,0.8782892943801411,0.0023630290610890323,0.00533038005232811,0.0398193354048999,0.1257031261920929,16,16,False,33.615699142217636,95.56326293945312,0.49268562346696854,1.4674791097640991,47,156,67,42,-0.12163213531013393,-0.5623011522100329,0.49530448834972474,4.727708920546711,4.080984943655172,5.633122488194864,3.319361702127628,0.33133241453440127,0.4452647471457383,0.09740966011670672,0.34155954095542623,0.1402125152074978,-0.6025641025641025,-0.0008400889089553815,94.0238649339999,17.6895658680005,52.98673994599994
G4,actor LR low,ppo_privilege_gru_0722_lr1_tkloff,17,16,17,0.30612244897959184,0.4897959183673469,0.0002060599139621644,0.04364455486194875,0.8978841724708673,0.8873054693021254,0.8422923943087142,0.026625910898219446,0.3992621898651123,0.018525390205468284,0.06617187708616257,16,16,False,20.258771687746048,60.8024787902832,0.8703548088669777,2.0219576358795166,45,147,72,30,-0.11209600509344063,-0.6046612893655868,0.526699597946999,4.30544101485652,2.596226626736698,6.522078424449416,4.2495555555555065,0.31018559553861175,0.45223185086976087,0.08602872252370444,0.36218175891620263,0.13771646134267804,-0.6122448979591837,0.00025067260686240973,94.39512548099992,17.265567026999634,51.546965483999884
G4,actor LR low,ppo_privilege_gru_0722_lr1_tkloff,18,17,18,0.31756756756756754,0.5067567567567568,0.00037996702772957747,0.07108471814864156,0.8935419120257155,0.8659506213719488,0.8751674539419805,0.0023404806161124725,0.009105056524276733,0.036918944475473836,0.10562499612569809,16,16,False,27.240229979157448,70.22289276123047,1.1374823823571205,2.637274980545044,47,148,75,26,-0.11017604717746578,-0.6442860673579732,0.5908433543094501,6.118717002417345,4.191372714027611,8.64835638092887,4.391702127659523,0.27238780160391135,0.44183630287808345,0.09501000334170548,0.3520228027365413,0.17229456462416237,-0.6351351351351351,0.0006417205969656978,94.26286419700045,17.60561739900004,51.89577930300038
G4,actor LR low,ppo_privilege_gru_0722_lr1_tkloff,19,18,19,0.2866666666666667,0.49333333333333335,-0.0002852733284817166,0.03404358045404656,0.9257349794051271,0.8923729972647728,0.9383549567740181,0.0011335412379776255,0.0018651263089850545,0.010981445038851234,0.019687499850988388,16,16,False,12.590335875749588,26.587913513183594,0.635078452900052,1.4163939952850342,43,150,74,33,-0.07757916332382579,-0.5635914907153068,0.5409819806289682,4.392882871139832,2.8833509879017902,6.314105267988247,3.9916279069767002,0.31327170374838764,0.45200813743173396,0.08567587182109475,0.35719138291838143,0.1383147032657994,-0.5733333333333334,0.0002480838253266749,97.05296952800018,17.468965980000576,52.016162764
G4,actor LR low,ppo_privilege_gru_0722_lr1_tkloff,20,19,20,0.2152777777777778,0.5069444444444444,0.0002793984084928508,0.033153266766823376,0.9351399714458795,0.9282825762317608,0.9202442871893634,0.008924766338313926,0.09215585142374039,0.021845702274731593,0.057499997317790985,16,16,False,18.7431218624115,63.11124038696289,0.8202279359102249,2.357130289077759,31,144,73,40,0.08866215975931052,-0.2872649137478808,0.5585710016432996,4.747724553371145,4.22718596225308,5.3983977922687245,4.216129032258017,0.39166482049048407,0.44595928622518166,0.06996253645224441,0.3772313509442835,0.14198944986386688,-0.4305555555555556,-3.0854932842701194e-06,90.61926811400008,17.21192042199982,51.47664400599933
G4,actor LR high,ppo_privilege_gru_0722_lr5_tkloff,1,0,1,0.33962264150943394,0.41509433962264153,0.03816044157603771,0.17396116385642058,0.6211697350443632,0.6038145037468354,0.5865283103675676,0.5360915522684808,4.960463047027588,0.38606444373726845,0.8042187094688416,16,16,False,155.10621696710587,298.2712707519531,2.5946134328842163,6.131119251251221,54,159,66,39,-0.23055848805200252,-0.7836086370903732,0.5692371120957951,3.503862829655375,1.7935366908688255,5.977257553439001,3.556666666666632,0.3090019532907204,0.43090997908191037,0.08736558703054961,0.3284134787783901,0.12027644987074954,-0.6792452830188679,-3.133682274248001e-06,90.76083656599985,17.442277502999787,51.82391121099863
G4,actor LR high,ppo_privilege_gru_0722_lr5_tkloff,2,1,2,0.32894736842105265,0.34868421052631576,0.004377448415762049,0.07579562225925425,0.7455533538975663,0.7218505185374043,0.7331985183867458,0.05882867598091252,0.8480066657066345,0.11453613103367388,0.2540625035762787,16,16,False,42.49785342812538,90.94990539550781,1.8146980740129948,4.6218037605285645,50,152,53,49,-0.2177851293450688,-0.7324539907548029,0.4898845550933154,2.917629927934736,2.096916273128713,4.046111203293016,3.8273999999999586,0.41065853394422264,0.4324881999881085,0.10409869304333803,0.3314021576837424,0.10815641655451956,-0.6578947368421053,0.0005510332587744388,91.72636696800146,17.178475885000807,51.25424339000165
G4,actor LR high,ppo_privilege_gru_0722_lr5_tkloff,3,2,3,0.39375,0.39375,0.010635314307364752,0.07771296186266242,0.7663408317967577,0.7360973695442433,0.6730206070986668,0.04968890293559525,0.5767236351966858,0.25831542460946366,0.45906248688697815,16,16,False,106.04745942354202,207.1720428466797,1.269541797786951,3.0755605697631836,63,160,63,34,-0.3464324868099182,-0.9174691016453478,0.5101224354432261,3.4122313322859426,1.4230313522380538,6.396031302357777,3.8982539682539254,0.2915152565356423,0.4356574708450097,0.10743226809440602,0.32350436413664996,0.1179303012594743,-0.7875,-0.00036715220604246514,91.91478450999966,17.565716354998585,52.29586317900066
G4,actor LR high,ppo_privilege_gru_0722_lr5_tkloff,4,3,4,0.37012987012987014,0.42207792207792205,0.008071601026420794,0.04725264119828989,0.8077054013053986,0.7718934846882799,0.7602275643840221,0.09769353563751793,0.7513698935508728,0.20909667271189392,0.422187477350235,16,16,False,59.206037759780884,115.73745727539062,1.3495881348848342,3.3598105907440186,57,154,65,32,-0.2751657753107377,-0.8565981896134001,0.5000774437594786,3.707227273452234,2.038311234146224,5.932448659193581,4.27859649122802,0.298985121377685,0.4643492662610708,0.08875427304185826,0.3406718911632081,0.12418107197907384,-0.7402597402597403,0.00024100180672060082,91.90386591099923,17.391504594001162,51.72174345699932
G4,actor LR high,ppo_privilege_gru_0722_lr5_tkloff,5,4,5,0.34415584415584416,0.37662337662337664,0.00227529245748892,0.115219637031791,0.8195305732103546,0.7743759313618741,0.7099604510416692,0.058466288921772504,0.775219202041626,0.0866845678538084,0.1478906273841858,16,16,False,27.34966340661049,53.41352081298828,2.178152836114168,5.783030033111572,53,154,58,43,-0.24019255900561362,-0.8176155692873269,0.5718085492030458,3.0777553667029878,1.9743741963062884,4.629385137573347,4.023962264150898,0.3485518277340134,0.41318192841236756,0.089305546627524,0.3358795962955851,0.11216563785478373,-0.6883116883116883,7.389515570586945e-05,92.4596248960006,17.344130556999517,51.78597375699974
G4,actor LR high,ppo_privilege_gru_0722_lr5_tkloff,6,5,6,0.31446540880503143,0.39622641509433965,0.004834837953094251,0.049141669582578845,0.8431362009775586,0.8015523276563066,0.8242826459039923,0.006880945329030511,0.014476492069661617,0.11359374597668648,0.2712499797344208,16,16,False,41.113454937934875,139.80128479003906,1.2928174827247858,2.612955093383789,50,159,63,46,-0.1931018114717729,-0.6834126515795332,0.5159630957609883,3.0797520567581107,1.717541902231547,5.049717510996525,3.269199999999968,0.35632871598267324,0.47576537049020357,0.09796937094604063,0.3250078505017276,0.11080167699712944,-0.6289308176100629,1.9478639432964147e-05,90.48234608500024,17.655467040000076,52.416298518000985
G4,actor LR high,ppo_privilege_gru_0722_lr5_tkloff,7,6,7,0.3333333333333333,0.3790849673202614,0.008358869111980027,0.035201258398278486,0.8802446066812248,0.847762830944808,0.8787991445370626,0.010544074626814108,0.02657155878841877,0.19176757475361228,0.46117186546325684,16,16,False,88.59985929727554,210.13023376464844,0.49932814612984655,1.2268307209014893,51,153,58,44,-0.2245358866543221,-0.7266110346396839,0.4736623660128217,2.927758691187663,1.8766652540184996,4.389435502251031,3.9947058823528954,0.37592031130389714,0.4340890190208547,0.09071129747732448,0.33398137704685504,0.10837998794738851,-0.6666666666666666,-0.00023058498189894064,91.342198757,17.424349867000274,51.756762398999854
G4,actor LR high,ppo_privilege_gru_0722_lr5_tkloff,8,7,8,0.31724137931034485,0.4,0.01241679545317309,0.07422789675069988,0.8714009311652946,0.83921999067674,0.8319464598800069,0.14117758809152292,0.8123719096183777,0.2624414023011923,0.43156248331069946,16,16,False,76.52613997459412,165.213623046875,1.0672702632844449,2.665593147277832,46,145,58,41,-0.16194021188516702,-0.7195188613394974,0.5437452663304699,3.224186727661065,1.9336073720347884,4.857576224625571,4.774999999999942,0.3838695580362546,0.44703558275466243,0.08583242056586363,0.3553981197611743,0.11667761200237851,-0.6344827586206897,0.0004668149719697763,94.39222684800006,17.0672200279987,50.975012048998906
G4,actor LR high,ppo_privilege_gru_0722_lr5_tkloff,9,8,9,0.3525641025641026,0.3974358974358974,0.0041129109455138035,0.037643748102721995,0.8605877188038286,0.7998760655720184,0.8343808875934705,0.006417031239252538,0.0140096889808774,0.11978027014993131,0.28984373807907104,16,16,False,62.0391885638237,130.78761291503906,1.080036548525095,3.4455068111419678,55,156,62,39,-0.2462037521203378,-0.8479187043829526,0.618761491757171,3.442751587726418,1.4835858076760318,6.259052396548848,4.090545454545408,0.31564990610811705,0.4337359532564194,0.09507760077776133,0.33958455620608713,0.11894731848043288,-0.7051282051282052,0.0003925783213473402,94.4558928180013,17.501021586000206,52.11524813700089
G4,actor LR high,ppo_privilege_gru_0722_lr5_tkloff,10,9,10,0.3717948717948718,0.41025641025641024,0.004844143524387778,0.09745370561316595,0.8551190625943853,0.7971060312922312,0.8093987830004569,0.007989257904118856,0.018199700862169266,0.14149901980999857,0.3084374964237213,16,16,False,46.494631201028824,108.53852081298828,0.9895851910114288,3.047089099884033,58,156,64,34,-0.2816130261801726,-0.831124785631193,0.4877034370512557,3.5977263317230816,1.5135036473616912,6.515638089829029,4.077931034482713,0.3437464353291676,0.43478242382366533,0.09599920203862254,0.3390948940136938,0.12279856580329689,-0.7435897435897436,8.325759258029566e-05,92.47167425900079,17.511931508999623,52.02527376699982
G4,actor LR high,ppo_privilege_gru_0722_lr5_tkloff,11,10,11,0.34838709677419355,0.3935483870967742,0.006532878181096713,0.02854310361506191,0.8891052795795227,0.8712460524715843,0.8403723883483611,0.1605824979004683,1.1110519170761108,0.17510741751175374,0.41328123211860657,16,16,False,49.4002890586853,108.88124084472656,0.6719245851039887,2.510396718978882,54,155,61,40,-0.24408792883801275,-0.7545228967888314,0.4442258915805154,3.265801136130777,2.322785472415904,4.537443470534169,4.113148148148102,0.3511112400551145,0.4406639331687152,0.08861636220712216,0.33548110071114146,0.11712361297205075,-0.6967741935483871,8.155102718227894e-05,92.47978212900125,17.477040216001114,52.18124114999955
G4,actor LR high,ppo_privilege_gru_0722_lr5_tkloff,12,11,12,0.36645962732919257,0.32919254658385094,0.007991834931890485,0.041991495982068534,0.901630189631493,0.8663451505862391,0.8698266270443596,0.00993833011103561,0.028594469651579857,0.22663085302338004,0.4953906238079071,16,16,False,59.052560448646545,119.64315795898438,0.6848617877811194,1.8071867227554321,59,161,53,49,-0.31163477260139816,-0.8629599819432805,0.5026301519650742,2.6208750299566876,1.2600975152875484,4.630638743929571,3.5547457627118266,0.3807925168912395,0.4468467066002293,0.1048496314613141,0.31789346743566443,0.10277530678389649,-0.7329192546583851,0.0006157078374259708,91.45481827899857,17.72391578600036,52.58300707499984
G4,actor LR high,ppo_privilege_gru_0722_lr5_tkloff,13,12,13,0.2534246575342466,0.363013698630137,0.001091535135729238,0.018907122461231222,0.9200317168038626,0.8953263237977834,0.8855504517377075,0.006014148047834164,0.045627325773239136,0.05663574155187234,0.14531250298023224,16,16,False,38.87380075454712,85.7924575805664,0.7684297285974026,2.0608716011047363,37,146,53,56,-0.06998491873680233,-0.41987164358245016,0.36602776914777413,2.1964261136237155,1.1775468891813319,3.4661063779288397,3.829999999999957,0.3764688709340736,0.459792263108918,0.08665097998256438,0.34263768086346885,0.0940852627480598,-0.5068493150684932,0.00014145272016210148,89.86690372599878,17.085224346999894,51.21904192200054
G4,actor LR high,ppo_privilege_gru_0722_lr5_tkloff,14,13,14,0.20833333333333334,0.4027777777777778,0.003126045857988924,0.02342303696980077,0.9006989380078382,0.8561440728686197,0.9141593352201842,0.06753884358768118,0.5515279173851013,0.07753417710773647,0.14835937321186066,16,16,False,37.27827858924866,89.32449340820312,0.9154009737074376,2.3282318115234375,30,144,58,56,0.03832145745590923,-0.29528086304491485,0.4553243580819394,2.3837703044584537,1.9662269706915225,2.9056994716671176,3.693333333333293,0.4021655567100726,0.43288152300809013,0.09039513719662219,0.35671073581355905,0.09812531090273009,-0.4166666666666667,0.000152077406286775,90.1750497840003,17.015637036000044,51.096319361000496
G4,actor LR high,ppo_privilege_gru_0722_lr5_tkloff,15,14,15,0.25517241379310346,0.38620689655172413,0.0022923835758047045,0.02597916757208101,0.8921454347255494,0.852889187916418,0.9121580950972041,0.008093478800437877,0.045797210186719894,0.07101074093952775,0.1607031226158142,16,16,False,27.933195918798447,66.67587280273438,0.5645503472536803,1.2082794904708862,37,145,56,52,-0.06288363992500366,-0.48420036825577983,0.4414197167133496,2.4626962007467665,1.5816533973180702,3.5172777381841454,4.056216216216169,0.4363355439606899,0.439458182352981,0.0944694574965995,0.346849877091874,0.10013748436121978,-0.5103448275862069,0.00047382620810946846,90.98923369300064,17.178328640000473,51.21432236600049
G4,actor LR high,ppo_privilege_gru_0722_lr5_tkloff,16,15,16,0.2080536912751678,0.436241610738255,0.0033860346733671776,0.02551365624243237,0.8885035293003236,0.8600006167316128,0.8611477815688767,0.1507952918423689,1.2970004081726074,0.10916991915291874,0.2095312476158142,16,16,False,51.66455966234207,125.83150482177734,0.6671707969158888,1.6969013214111328,31,149,65,53,0.0665188343742258,-0.2928283943747901,0.5437768725565124,3.9943462936963585,3.241067031057351,4.994795314388789,2.8451612903225554,0.4112335682967653,0.4539857262560333,0.0795896897422107,0.35318470106397387,0.12964507852473386,-0.4161073825503356,-0.00020356266414632565,90.70591559099921,17.23745953800062,51.49728101600158
G4,actor LR high,ppo_privilege_gru_0722_lr5_tkloff,17,16,17,0.26490066225165565,0.4105960264900662,0.0041647420536179425,0.027409358156435776,0.902106977043215,0.8937591845646091,0.8331432106943459,0.09476026395408553,1.4136135578155518,0.11791991934296675,0.29343748092651367,16,16,False,69.93435940146446,180.07675170898438,0.6704099133610726,1.6048458814620972,40,151,62,49,-0.07192128921522178,-0.45509553202747494,0.4215606901641951,3.173820690630774,1.5057070649650306,5.322148844897261,3.3122499999999677,0.3689981396193909,0.4514086972558547,0.08085743975036368,0.3432428109333189,0.11450155156901348,-0.5298013245033113,0.00013567278575704844,90.77504065999892,17.269535198000085,51.687296112000695
G4,actor LR high,ppo_privilege_gru_0722_lr5_tkloff,18,17,18,0.26973684210526316,0.47368421052631576,0.010736401417816399,0.03429956629955077,0.881365675639027,0.8508740921485984,0.8660282608811286,0.10282482171664015,1.2576769590377808,0.2428662059828639,0.4294531047344208,16,16,False,95.03592815995216,187.99819946289062,0.864605475589633,1.872230052947998,41,152,72,39,-0.0751530168641449,-0.5145852882150691,0.4974405488355442,3.976050226546508,1.946905606453233,6.620087155758956,3.3180487804877727,0.3125947682260126,0.4478180672330649,0.09407547867305559,0.33487634709606684,0.12955222265621955,-0.5394736842105263,-0.00010790240590500314,88.49368016799963,17.372597333000158,51.73822716700124
G4,actor LR high,ppo_privilege_gru_0722_lr5_tkloff,19,18,19,0.23841059602649006,0.4370860927152318,0.007324330217670649,0.0242995829455917,0.9117530845013144,0.8893986047851987,0.893392931305156,0.05236143431160599,0.6842632293701172,0.17851562099531293,0.4447656273841858,16,16,False,53.017560854554176,147.45335388183594,0.45930262058973315,1.105869174003601,36,151,66,49,-0.017173633115153766,-0.38800031351506853,0.447743399028023,3.0644498789785644,1.3532817425668835,5.209795005226046,3.3661111111110786,0.4012368511238339,0.4542622570764296,0.0866122046114737,0.347985474662822,0.11161951189530503,-0.4768211920529801,4.2572379699421175e-05,91.72495092700046,17.271570478000285,51.48323029600033
G4,actor LR high,ppo_privilege_gru_0722_lr5_tkloff,20,19,20,0.15827338129496402,0.381294964028777,0.0008625810883309271,0.03224459800836655,0.9249300132148621,0.9122480291837732,0.8901370163545904,0.003551909620000515,0.009552763774991035,0.05089843613677658,0.14749999344348907,16,16,False,30.628740578889847,79.14037322998047,0.6580353058874607,1.5765290260314941,22,139,53,64,0.14936107376092259,-0.17156656986579144,0.5254481561359781,2.5464578712637382,1.091490598308817,4.251497644257786,3.6663636363635987,0.5280271135553112,0.43982796189693135,0.06507825769970854,0.36415093598291404,0.10209385732434913,-0.31654676258992803,-0.00033695695641257757,92.52996242299923,16.86663512799896,50.316701443000056
G5,clip 0.15 x 30U,ppo_privilege_gru_0722_long_clip015,1,0,1,0.33962264150943394,0.41509433962264153,0.014013298388745321,0.17396116385642058,0.6211697350443632,0.6038145037468354,0.5865283103675676,0.18558810801885556,2.3920912742614746,0.20425780746154487,0.6774218678474426,16,16,False,101.5652751326561,296.24932861328125,2.5946134328842163,6.131119251251221,54,159,66,39,-0.23055848805200252,-0.7836086370903732,0.5692371120957951,3.503862829655375,1.7935366908688255,5.977257553439001,3.556666666666632,0.3090019532907204,0.43090997908191037,0.08736558703054961,0.3284134787783901,0.12027644987074954,-0.6792452830188679,-3.133682274248001e-06,91.82343270099955,17.607056951999766,52.464904608001234
G5,clip 0.15 x 30U,ppo_privilege_gru_0722_long_clip015,2,1,2,0.27702702702702703,0.3918918918918919,0.0025042251959543904,0.06870094330424868,0.7735511675359874,0.7572819336955028,0.7958642557636563,0.005739051477285102,0.015216964296996593,0.09640624839812517,0.2292187511920929,16,16,False,29.423925265669823,60.46196746826172,0.9238204680383205,2.048098564147949,41,148,58,49,-0.09642483765085201,-0.5420704704038248,0.488485055337425,3.2926907355923567,2.754616495486525,3.998913175731261,3.589024390243867,0.4273693713651409,0.44045122986773677,0.10223408787329101,0.3411835265277999,0.1160225163990411,-0.5540540540540541,0.0004231734763610684,93.36904404899906,17.16450320900003,51.44426502799979
G5,clip 0.15 x 30U,ppo_privilege_gru_0722_long_clip015,3,2,3,0.39622641509433965,0.4025157232704403,0.002000734939065829,0.08911907437266738,0.7001117745923758,0.6508638868650578,0.7002940366194352,0.10286644230422098,0.8599998354911804,0.07893066154792905,0.1961718648672104,16,16,False,43.245581328868866,113.53363037109375,2.063640411198139,6.286658763885498,63,159,64,32,-0.32244562360956486,-0.865147960017134,0.4227575845918734,4.177056141827316,2.3847271463669704,6.638164613205701,4.206190476190426,0.2947445831165943,0.43390675632943554,0.09872791987455612,0.33614238265472146,0.1332807718188274,-0.7924528301886793,0.0005840521055653968,92.74964527100019,17.63983225800075,52.82085604399981
G5,clip 0.15 x 30U,ppo_privilege_gru_0722_long_clip015,4,3,4,0.425,0.375,0.005776745468174339,0.08532775202232953,0.8212522305310981,0.7794700312331896,0.7611433245796937,0.3748586910657468,2.378282308578491,0.188012687896844,0.349921852350235,16,16,False,96.56992954015732,172.8115234375,1.5419982008635997,4.855513572692871,68,160,60,32,-0.4101708278491877,-1.0272961690462603,0.4917815939003801,3.297867928199827,1.6138177191412655,5.759172079900802,4.1842647058823035,0.269053852619832,0.4570198788093573,0.10761152214751266,0.32382650697499066,0.11566141391077371,-0.85,0.00034125126504792874,94.35421819200019,17.857975117000024,53.23108671200134
G5,clip 0.15 x 30U,ppo_privilege_gru_0722_long_clip015,5,4,5,0.3333333333333333,0.4166666666666667,0.00018505691665721136,0.12939849064483527,0.8176774137772385,0.768537452957987,0.7859791521240712,0.0034106669222455817,0.02034442126750946,0.03796874889667379,0.08023437112569809,16,16,False,24.479503989219666,75.59945678710938,2.192218316346407,5.8890700340271,52,156,65,39,-0.2137920084170487,-0.7447193400656033,0.5494160308277487,3.2954871800693653,2.2300558477096977,4.827044720336389,3.7282692307691914,0.34359694692278,0.4222158851835388,0.08726414702623558,0.3364388700952324,0.11664037667165018,-0.6666666666666666,-0.00020458851726452037,93.54668747299911,17.626968357000806,52.471955438000805
G5,clip 0.15 x 30U,ppo_privilege_gru_0722_long_clip015,6,5,6,0.30718954248366015,0.41830065359477125,0.004031428864127523,0.04627428527824841,0.8475376182722726,0.8265588086616389,0.7914159920101751,0.030059676782693712,0.30947551131248474,0.1238818330457434,0.3153125047683716,16,16,False,92.1497437953949,199.40211486816406,1.4313657566905023,3.4758081436157227,47,153,64,42,-0.16849197400751564,-0.6561054914680434,0.5095955737110307,3.5627729724351367,2.4861239111157083,5.059988073332468,3.3744680851063498,0.36484643759641505,0.47623946525935806,0.09076917294681035,0.32855397624922195,0.11750296354551136,-0.6143790849673203,-0.0001698288349286818,94.8413967359993,17.552817014999164,52.58200878000025
G5,clip 0.15 x 30U,ppo_privilege_gru_0722_long_clip015,7,6,7,0.24113475177304963,0.4397163120567376,0.000668186348912414,0.052102615803311166,0.8262161747941605,0.8161644210183038,0.7927693051352902,0.0028983925475040417,0.005859386641532183,0.05023925669956952,0.1145312488079071,16,16,False,28.915089309215546,74.66773986816406,1.4159452255815268,4.1246442794799805,34,141,62,45,0.0006855048623736385,-0.39251390491485305,0.47375354475059955,3.4354304995989757,2.5787021349810875,4.4661818132798725,4.313529411764655,0.4193679184287148,0.44093317495222234,0.07552729411872873,0.36303055764755393,0.11956370143191605,-0.48226950354609927,0.0003607493290029439,95.84347769499982,17.20795725899916,50.978902516000744
G5,clip 0.15 x 30U,ppo_privilege_gru_0722_long_clip015,8,7,8,0.28,0.4266666666666667,0.00043107337429315606,0.0430282479275363,0.8485445320078497,0.8337398069114065,0.7935004767322192,0.06505299993601511,0.8403179049491882,0.03377929620910436,0.07640624791383743,16,16,False,22.823099672794342,53.36624526977539,1.1153161235153675,2.2685739994049072,42,150,64,44,-0.08668366518187197,-0.5481953682895975,0.5334726858691341,3.4698324297720458,2.756086650637652,4.428928320483889,4.223333333333285,0.3868965232569633,0.4558507199922493,0.08142788613932557,0.3517700249668851,0.12109243164088014,-0.56,0.0004538782103627238,96.50501481200081,17.444127239999943,52.10602760800066
G5,clip 0.15 x 30U,ppo_privilege_gru_0722_long_clip015,9,8,9,0.20567375886524822,0.4326241134751773,0.0018792655807192693,0.039701072919752625,0.8552151508769952,0.8208843136401954,0.8441277754102503,0.0036494575288088527,0.009456511586904526,0.0740087874874007,0.2560156285762787,16,16,False,52.55340677499771,153.24505615234375,0.8706536058336496,2.27974271774292,29,141,61,51,0.07841017143229256,-0.3450485669204963,0.5878839660129918,3.4651198773409293,2.0246619190976074,5.198170858352425,4.350344827586157,0.4252012549137078,0.4377520260520863,0.08044960516360755,0.3694037448775455,0.11992802071079417,-0.41134751773049644,0.0004259235744492829,95.04304220799895,17.150580905001334,51.34476419099883
G5,clip 0.15 x 30U,ppo_privilege_gru_0722_long_clip015,10,9,10,0.25,0.43243243243243246,0.0006091632679453562,0.052228897492037234,0.8508910048461742,0.8160247630103936,0.8163701802462926,0.002512538408918772,0.004565645940601826,0.03937988227698952,0.08374999463558197,16,16,False,22.495504766702652,41.701229095458984,0.7912257920950652,1.8611347675323486,37,148,64,47,-0.02092737955399878,-0.45474609114561765,0.5330257444783761,3.5114551813297057,1.6881435315754825,5.83968390332356,4.001081081081037,0.38888982647067954,0.44992228900080355,0.07978137209838994,0.35812852065787076,0.12137822409879093,-0.5,-0.00043412431066034297,95.1677239519995,17.356776751001235,51.76703853899926
G5,clip 0.15 x 30U,ppo_privilege_gru_0722_long_clip015,11,10,11,0.2585034013605442,0.4013605442176871,0.0008705570633225079,0.06341166985743188,0.8688978809234054,0.8472972771841356,0.8451438603699606,0.08701271808386082,1.1923576593399048,0.04776855374802835,0.09804687649011612,16,16,False,25.19303971529007,59.85481262207031,0.7457137878984212,1.78423011302948,38,147,59,50,-0.05349601972080007,-0.4627133757562086,0.46274741404694614,3.100978308129879,2.24946854156321,4.1751906290293705,3.766578947368383,0.4419303412720181,0.44563021172771233,0.07299960325704563,0.349225608895764,0.11399784176147837,-0.5170068027210885,0.00028733234304604,93.47167214599904,17.388174724001146,51.63620895999884
G5,clip 0.15 x 30U,ppo_privilege_gru_0722_long_clip015,12,11,12,0.28104575163398693,0.37254901960784315,0.000705011827230928,0.09472771766545016,0.8848864056065504,0.8695263237908126,0.8695269276349787,0.003874855183530597,0.008832313120365143,0.07101562229217961,0.17210936546325684,16,16,False,31.100108236074448,69.1482162475586,0.8619918495416641,2.043818950653076,43,153,57,53,-0.10112788789534766,-0.5659631652859808,0.528187564571971,3.5620945177226155,2.965167367908917,4.370242043624239,3.672558139534845,0.4114295652158303,0.45225882274095297,0.08639050208246186,0.33827334621999605,0.12242522791019848,-0.5620915032679739,0.00026504124243159974,93.0953310620007,17.559072934998767,52.382668926000406
G5,clip 0.15 x 30U,ppo_privilege_gru_0722_long_clip015,13,12,13,0.3443708609271523,0.3708609271523179,0.0025269625512009952,0.05022113182871055,0.8972963822371917,0.874896198908478,0.8486752176645483,0.0049473695877532,0.01689385250210762,0.09392089593893616,0.2946093678474426,16,16,False,61.42187464237213,204.51153564453125,1.2584727488458156,3.0618879795074463,52,151,56,43,-0.24626995981073338,-0.7503827989005141,0.3857521071077976,2.790794524543971,1.9010180220611679,3.9063352142239034,4.053076923076879,0.3058932887617478,0.45285112939749406,0.0991051410301963,0.33626291239222783,0.10595597540667613,-0.6887417218543046,0.00025287424466725476,91.403870645001,17.509730673000377,52.203771508999125
G5,clip 0.15 x 30U,ppo_privilege_gru_0722_long_clip015,14,13,14,0.2206896551724138,0.4206896551724138,0.003058763638764894,0.04531157475853745,0.8775510297906896,0.8394772338348823,0.9008584453625985,0.3125069399207132,3.094435453414917,0.10422851338807959,0.25703123211860657,16,16,False,43.45800316333771,105.06452941894531,1.1933815374970436,2.416738271713257,32,145,61,52,0.012739380836352213,-0.352736516534896,0.4625558699086577,2.444065198741511,1.8017883419981289,3.2345597916564435,3.9431249999999554,0.4161744022242859,0.4295080260415579,0.0787528777532392,0.35477977382435893,0.09909089751550162,-0.4413793103448276,0.00024801984131921773,93.82425826700091,17.290118861999872,51.523282296000616
G5,clip 0.15 x 30U,ppo_privilege_gru_0722_long_clip015,15,14,15,0.304635761589404,0.423841059602649,0.0026616714989540213,0.052222564429348764,0.8642720748252954,0.8476715315075978,0.8350366209231977,0.04791829086199868,0.6657530069351196,0.10151855142612476,0.20226562023162842,16,16,False,50.34109565615654,111.52989959716797,1.3545633181929588,2.7691946029663086,46,151,64,41,-0.13921814112248682,-0.6073297313734813,0.4636528463219758,3.426273039209949,2.770818529613926,4.270418998538163,4.337173913043428,0.36679823385339605,0.4457660774999352,0.09433328766545769,0.35028566973923714,0.11951353120101776,-0.609271523178808,0.00025418111606626616,93.23812465300034,17.55828319400098,52.23458987699996
G5,clip 0.15 x 30U,ppo_privilege_gru_0722_long_clip015,16,15,16,0.2781456953642384,0.4105960264900662,-0.00011844730364818368,0.027292102242941495,0.9294969316104371,0.9301895136991284,0.8720116337568453,0.0030878619127906876,0.013597050681710243,0.02432617131853476,0.04937499761581421,16,16,False,15.5838041305542,33.29201889038086,0.42094546668231486,1.0367306470870972,42,151,62,47,-0.08371463526207729,-0.513940483616246,0.4855072564065153,3.918785940070931,2.831296517754386,5.3576180988282065,3.4957142857142482,0.376541351401268,0.4591982847380057,0.09250272570184798,0.3446105055586704,0.12761772008974206,-0.5562913907284768,0.00034852981798707075,93.67408115599937,17.52913738999996,52.121547339000244
G5,clip 0.15 x 30U,ppo_privilege_gru_0722_long_clip015,17,16,17,0.1956521739130435,0.5434782608695652,0.003408136779325721,0.030920861067826957,0.9124263044293639,0.9134176448957382,0.8267814878809587,0.007387597016058858,0.03965902328491211,0.09365722339134663,0.20140624046325684,16,16,False,52.366724640131,98.85053253173828,0.6640070289373398,1.3002994060516357,27,138,75,36,0.13087253386144487,-0.26389430503322536,0.5742260606200745,4.421189771352382,2.9381955780938984,6.086706326858064,4.413333333333282,0.33752038573940146,0.4523927905599934,0.07350137341912084,0.3813594378324349,0.14075134152235863,-0.391304347826087,6.610233273828584e-05,94.49684764599988,16.909356889002083,50.80893648200072
G5,clip 0.15 x 30U,ppo_privilege_gru_0722_long_clip015,18,17,18,0.23648648648648649,0.5405405405405406,0.0034844239356246476,0.03525746234174334,0.9221635827302107,0.9007060904265656,0.9179675560750773,0.058731083185994064,0.843797504901886,0.14825683177332394,0.3572656214237213,16,16,False,63.38696166872978,159.9341583251953,0.7335121128708124,2.0278990268707275,35,148,80,33,0.05274509162180124,-0.3452974954617157,0.5751759871689173,5.708184487660871,3.958664420202055,8.004429576200566,4.024285714285668,0.29744281338531464,0.4684416631425292,0.08479765494246683,0.36139054053685365,0.16387217693835848,-0.47297297297297297,0.0004553471195620895,93.003055227,17.330596543000865,51.89564939699994
G5,clip 0.15 x 30U,ppo_privilege_gru_0722_long_clip015,19,18,19,0.3108108108108108,0.43243243243243246,0.00684998379700108,0.06227340824099854,0.8752636983021697,0.8614154087567005,0.8242871132409977,0.03527784940437414,0.40210872888565063,0.2205175762064755,0.4278906285762787,16,16,False,93.21319898962975,190.20921325683594,0.9375332742929459,1.8747259378433228,46,148,64,38,-0.12233268435543902,-0.5678485340274841,0.4311870076613442,4.6472725850324075,3.658555811092839,5.875678273866418,4.3178260869564715,0.3175665589062599,0.4664929715345565,0.09086306971063271,0.3551058378047778,0.1437751248670995,-0.6216216216216216,0.0004079745943052717,92.81903401499949,17.412853637000808,52.0064172329985
G5,clip 0.15 x 30U,ppo_privilege_gru_0722_long_clip015,20,19,20,0.24475524475524477,0.48951048951048953,0.0025735469734535776,0.031062841662583874,0.9220174622338332,0.9214666967809444,0.8640827169759592,0.11873954111419152,1.0881820917129517,0.11695800453890115,0.2409375011920929,16,16,False,38.12199768424034,79.09058380126953,0.8051487386226654,1.8480353355407715,35,143,70,38,0.020436447014787612,-0.3936489517252749,0.5173389255028625,4.5901949014582435,4.187533945174699,5.073388048998499,4.146571428571381,0.38750104240919125,0.44094332614851667,0.07059413693803678,0.37183622340804245,0.13874796181961996,-0.48951048951048953,-0.0006372487023853982,95.98137104499983,17.20053003799694,51.27213832900088
G5,clip 0.15 x 30U,ppo_privilege_gru_0722_long_clip015,21,20,21,0.2671232876712329,0.3835616438356164,0.005339974984467588,0.03610262664126938,0.920475390489585,0.9057757637016215,0.8787867973514889,0.0463629783820943,0.6059059500694275,0.17499023163691163,0.3521093726158142,16,16,False,94.3696985244751,176.77084350585938,1.2156955860555172,3.357853412628174,39,146,56,51,-0.07197580517860339,-0.5268366581539763,0.49485079622147676,2.824264796233285,1.750810917595429,4.161953475766614,4.393333333333282,0.386603883738396,0.44758572184344686,0.0839893264837554,0.355102985173799,0.10734459021654265,-0.5342465753424658,-0.00017680522647925268,91.83893792599702,17.21137588000056,51.487501438001345
G5,clip 0.15 x 30U,ppo_privilege_gru_0722_long_clip015,22,21,22,0.2922077922077922,0.4805194805194805,0.0007633128134558742,0.04829844953290041,0.90689296348949,0.9003556168736613,0.8549425343338916,0.006756372431918858,0.06612192094326019,0.0335595694341464,0.11554687470197678,16,16,False,28.821697652339935,107.084228515625,0.753385155275464,2.300208330154419,45,154,74,35,-0.09509254830551304,-0.534783424177522,0.4911619528571656,4.542331252794493,3.9928721774012885,5.274943353318766,3.519333333333298,0.3373185956529236,0.44286466191433255,0.08703191323714735,0.34759609732447777,0.14141593086060958,-0.5844155844155844,0.0003110079249839901,93.21927148299801,17.633082743999694,52.49927861899778
G5,clip 0.15 x 30U,ppo_privilege_gru_0722_long_clip015,23,22,23,0.24305555555555555,0.4236111111111111,0.0007800967640286816,0.04954743739050071,0.9150386645033484,0.9105105014732028,0.8634716796300251,0.0035419421331607734,0.017754005268216133,0.030903319930075668,0.08710937201976776,16,16,False,20.297217309474945,60.2949333190918,0.6144653841853142,1.2234785556793213,35,144,61,48,-0.0021611573535113868,-0.42907034206368255,0.5314753235342025,3.704525834953473,3.0760963745233476,4.4900626604911285,4.005142857142813,0.3609604575947395,0.4259047902755231,0.08250322798192758,0.3576712073431676,0.1257845541326597,-0.4861111111111111,0.0004941922817723865,92.60059132900278,17.288051553001424,51.2859565539984
G5,clip 0.15 x 30U,ppo_privilege_gru_0722_long_clip015,24,23,24,0.31210191082802546,0.45222929936305734,0.0021775123312545164,0.04675616287675188,0.8926754825689035,0.8784684396246835,0.7834113438036092,0.06565100123581942,0.7060516476631165,0.07652343576774001,0.18124999105930328,16,16,False,51.00382751226425,103.95932006835938,0.5924329299479723,1.5935451984405518,49,157,71,37,-0.15343691820051686,-0.631570316279739,0.5058076155147744,3.9944905002808335,2.5000214937901153,6.055046251654398,3.5918367346938402,0.3280045612825558,0.4700605377531362,0.08680214171341971,0.3403785271074789,0.13041670169025177,-0.6242038216560509,-2.8325342196591657e-05,93.92349017000015,17.7763233700025,52.74659842699839
G5,clip 0.15 x 30U,ppo_privilege_gru_0722_long_clip015,25,24,25,0.2751677852348993,0.40268456375838924,0.0015559778663369883,0.038611734790678656,0.9171240797069817,0.8914623492380538,0.8617287814761247,0.003392160649491417,0.014511249028146267,0.05155761569949391,0.11546874791383743,16,16,False,26.659342020750046,57.593929290771484,0.7017087880522013,1.4208929538726807,41,149,60,48,-0.09652386190589257,-0.6049592871738521,0.5605311492096244,3.0553591195817553,1.1356896566943964,5.536162733159266,3.9260975609755655,0.4088523290810159,0.46972731858415784,0.07709777487446103,0.3433873516449021,0.11004900787273682,-0.5503355704697986,0.0003753490462671844,94.59459662499648,17.456894307000766,51.91768525700172
G5,clip 0.15 x 30U,ppo_privilege_gru_0722_long_clip015,26,25,26,0.1958041958041958,0.4755244755244755,0.0026306286359978337,0.036595602546917946,0.9025931972566661,0.8870563339620354,0.8949586682067575,0.09368853918247623,0.8005392551422119,0.07831054518464953,0.2311718761920929,16,16,False,26.908763468265533,66.18424987792969,0.6793401520699263,1.3972892761230469,28,143,68,47,0.10594983687934253,-0.22175854274582385,0.49919989242954227,3.9596133794876263,3.689031771199271,4.284311309433653,3.638214285714247,0.37855250138167873,0.45842771058524984,0.08943921146374148,0.36782907055236624,0.12950576067882985,-0.3916083916083916,0.00022339725653802508,93.46225721299925,17.30903779900109,51.18791542799954
G5,clip 0.15 x 30U,ppo_privilege_gru_0722_long_clip015,27,26,27,0.29931972789115646,0.4013605442176871,0.0009198829812884224,0.04201871040477404,0.9150175788955799,0.9110255747125139,0.862823523100012,0.004796495865812173,0.019281556829810143,0.04853027147873945,0.10593749582767487,16,16,False,22.957255572080612,61.773902893066406,0.7029107082635164,1.3701434135437012,44,147,59,44,-0.13068387130333578,-0.5374457681112871,0.3968354636194762,3.286182182587616,2.683977800412706,4.067165990720703,4.464772727272674,0.3674143115843927,0.4465787148166607,0.06859127217602189,0.35171842098467865,0.11604875483544783,-0.5986394557823129,0.00018840865885059525,94.91086558199822,17.40329597500022,51.87800868599879
G5,clip 0.15 x 30U,ppo_privilege_gru_0722_long_clip015,28,27,28,0.2929936305732484,0.42038216560509556,0.002035913105610465,0.07234483972633864,0.8917777496278606,0.865527290150934,0.796952309595492,0.06276479194988496,0.6910313963890076,0.06989257677923888,0.24187499284744263,16,16,False,46.94761702418327,108.4209976196289,0.9205363105982542,2.414595365524292,46,157,66,45,-0.1256531811747678,-0.6314268677137984,0.6092992070772612,3.768820585393605,2.1217666728623903,6.162195802040525,3.1323913043477964,0.36678011399900395,0.4505674840181521,0.09546053716363832,0.335656431390927,0.12442942685108113,-0.5859872611464968,0.00024822172972089007,92.66644180299772,17.808402122998814,52.990847173001384
G5,clip 0.15 x 30U,ppo_privilege_gru_0722_long_clip015,29,28,29,0.17142857142857143,0.5285714285714286,0.0012684988615547788,0.027633056631549198,0.9260058890729549,0.9181622528892283,0.9093459720310051,0.05041813326966803,0.5135791897773743,0.047172850579954684,0.10851562023162842,16,16,False,23.37029919028282,60.330196380615234,0.48682108540087937,1.1098649501800537,24,140,74,42,0.19546498461689302,-0.11281044567590316,0.5411071337330585,5.147077241729616,4.299480835525909,6.097412606261045,3.99833333333329,0.424825881396468,0.48455931199797575,0.06400161172858648,0.3840005069868561,0.1547428642655174,-0.34285714285714286,-0.00042124377833763194,93.15720043900001,17.011691748000885,50.94505849300185
G5,clip 0.15 x 30U,ppo_privilege_gru_0722_long_clip015,30,29,30,0.24647887323943662,0.4295774647887324,0.0011124929467403177,0.031106311928055273,0.9504502799407462,0.9446069798804855,0.9176855551286858,0.003629436953342516,0.007558932527899742,0.07003417770101805,0.18921874463558197,16,16,False,28.689195036888123,87.8804931640625,0.3737763037905097,0.8913282155990601,35,142,61,46,-0.023600998671496787,-0.4731624566073455,0.5243020281878188,3.3050994824353572,2.509768734455621,4.274408831535661,4.215714285714237,0.4008319569337312,0.45252430797361903,0.07717047898137308,0.3529258560446695,0.11609896906260786,-0.49295774647887325,0.00033192270009909183,94.81794350100245,17.151342388999183,51.240517305999674
G5,clip 0.20 x 30U,ppo_privilege_gru_0722_long_clip020,1,0,1,0.33962264150943394,0.41509433962264153,0.011417587460455403,0.17396116385642058,0.6211697350443632,0.6038145037468354,0.5865283103675676,0.20632292214548215,2.34454345703125,0.15409179485868663,0.577343761920929,16,16,False,93.93508404493332,278.0511779785156,2.5946134328842163,6.131119251251221,54,159,66,39,-0.23055848805200252,-0.7836086370903732,0.5692371120957951,3.503862829655375,1.7935366908688255,5.977257553439001,3.556666666666632,0.3090019532907204,0.43090997908191037,0.08736558703054961,0.3284134787783901,0.12027644987074954,-0.6792452830188679,-3.133682274248001e-06,90.80995552899913,17.53425168800095,52.337299259001156
G5,clip 0.20 x 30U,ppo_privilege_gru_0722_long_clip020,2,1,2,0.33112582781456956,0.3576158940397351,0.0032865849928569446,0.10487971264084474,0.6969163028387098,0.6566820201244843,0.7372884875874838,0.11663796911714598,1.761121153831482,0.09140136521091335,0.27585935592651367,16,16,False,58.00592866539955,155.95022583007812,2.8122584126889705,5.462217807769775,50,151,54,47,-0.22878015366825663,-0.7535526393289523,0.48458244402675166,2.7092272977524208,1.851692818901152,3.8749382299408643,3.8043999999999607,0.4290079463597363,0.4508674586715706,0.09493919706278349,0.328819693673598,0.10416621612447766,-0.6622516556291391,0.00048559216280680327,94.94594213399978,17.333077881001373,51.60100340899953
G5,clip 0.20 x 30U,ppo_privilege_gru_0722_long_clip020,3,2,3,0.32,0.44666666666666666,0.0026914794651384244,0.0624699856490718,0.7651915385737708,0.7364088711514418,0.7317196895081888,0.00763283988839248,0.016503017395734787,0.08436523226555437,0.2361718714237213,16,16,False,63.22606360912323,153.3418731689453,1.2020461700856686,2.8014864921569824,48,150,67,35,-0.14377911119484546,-0.6229480017624833,0.48282636108591165,4.502300307793661,2.8987721245580884,6.599221778178641,4.406458333333281,0.3252872516556506,0.4294454278558195,0.08970084964377847,0.35597161140520067,0.140079410393762,-0.64,0.00016986700619175737,92.43361539599937,17.257799899998645,51.68511796199891
G5,clip 0.20 x 30U,ppo_privilege_gru_0722_long_clip020,4,3,4,0.42857142857142855,0.36645962732919257,0.0024689849573041878,0.06495030894581574,0.8313047924446528,0.8079090323731641,0.7576321745541394,0.049721679509093515,0.6914357542991638,0.09187499876134098,0.23609374463558197,16,16,False,30.840241089463234,66.46528625488281,1.0963727109134198,2.663213014602661,69,161,59,33,-0.41670654431050597,-0.9901484872181198,0.43022309444535445,3.560403384203998,2.096437026035187,5.722569082422551,4.000144927536188,0.2818160434246205,0.47306631617081174,0.09581544148458232,0.3195500987012182,0.12096387163020134,-0.8571428571428571,-7.765749906841347e-05,92.3884466640011,17.832341596000333,53.3102221980007
G5,clip 0.20 x 30U,ppo_privilege_gru_0722_long_clip020,5,4,5,0.31543624161073824,0.3959731543624161,0.0003246217804802054,0.08295444268314894,0.8159666358188626,0.775085266365723,0.7715906716818492,0.003729354590395813,0.006887258030474186,0.02897460834356025,0.08507812023162842,16,16,False,20.611833930015564,53.077796936035156,2.3395184986293316,6.013734817504883,47,149,59,43,-0.15760934242507318,-0.6632157576775932,0.5138991778321801,3.6820921533608493,2.8137274304457254,4.8353890509824975,4.2325531914893135,0.35250709322041374,0.42691534602500003,0.07797718422775846,0.348828247975407,0.12445198268656027,-0.6308724832214765,-1.7089865564005404e-05,94.53979133699977,17.344678538000153,51.73289584500162
G5,clip 0.20 x 30U,ppo_privilege_gru_0722_long_clip020,6,5,6,0.3333333333333333,0.3888888888888889,0.0005974083413811115,0.05996386612072319,0.8610131603774741,0.8391095728830302,0.8234955365813862,0.004913305790541923,0.010989037342369556,0.038627928552159574,0.14179687201976776,16,16,False,21.342825815081596,81.6664047241211,1.1217540971934796,2.3853139877319336,54,162,63,45,-0.22805317422212681,-0.7444284603943744,0.5230381511193243,3.375824551438864,2.008539461668397,5.364602863832271,3.2112962962962666,0.34771267762873753,0.47817613812156134,0.09899398125087645,0.32155183445107133,0.11720434760712073,-0.6666666666666666,-0.00014268961365221107,92.23604463199808,17.833988720998605,53.12740984899938
G5,clip 0.20 x 30U,ppo_privilege_gru_0722_long_clip020,7,6,7,0.32051282051282054,0.42948717948717946,0.0003398947867387925,0.08172831856711152,0.8057668357265894,0.7569978191518669,0.833742056142933,0.08141578429698712,0.6424549221992493,0.036826170929998625,0.06984374672174454,16,16,False,20.815378218889236,47.096405029296875,1.9593582555651665,4.466176986694336,50,156,67,39,-0.17246940077639314,-0.6424460291509435,0.4854978789479774,3.6878795856446187,2.8428969026559887,4.8708553418287,3.8177999999999583,0.3786094289601914,0.43823328850886567,0.08847284257664113,0.3443523506298307,0.12377434529687174,-0.6410256410256411,0.00042954432254547256,91.16245407099996,17.570324871001503,52.447162533000665
G5,clip 0.20 x 30U,ppo_privilege_gru_0722_long_clip020,8,7,8,0.37662337662337664,0.37012987012987014,0.00010554155367614726,0.10044130745705583,0.8579146685144122,0.820156896189344,0.8417056182372413,0.14129965611471562,0.7964723706245422,0.0193505856077536,0.07445312291383743,16,16,False,19.206073135137558,48.762569427490234,1.3598226554691792,3.252962350845337,58,154,57,39,-0.3127835166491891,-0.8771452446627747,0.48085016336991593,2.934576653637562,1.486935154391593,4.970322511952206,3.9782758620689225,0.35371561976874605,0.45543159977024067,0.09018144906901397,0.3302139137856457,0.10996105494135602,-0.7532467532467533,0.00028826787056251523,93.74437857399971,17.456794580997666,52.200558309999906
G5,clip 0.20 x 30U,ppo_privilege_gru_0722_long_clip020,9,8,9,0.33766233766233766,0.38311688311688313,0.00019464388129564192,0.0736406510125415,0.8179376355187663,0.7726779551160271,0.7522364678066489,0.003178910555725452,0.005254628602415323,0.02448242143873358,0.05453125014901161,16,16,False,18.05229303240776,63.19511413574219,0.9599111799150706,2.076171636581421,52,154,59,43,-0.22788353874880793,-0.8174284729621806,0.6011640249887473,2.8567480186447862,0.907930483046651,5.597272678079664,3.987499999999955,0.3696017936262987,0.4502602925207372,0.08415784170622677,0.3395525959219158,0.1074732752508038,-0.6753246753246753,0.0004152654031479032,93.90959370600103,17.558415319999767,52.2668659459996
G5,clip 0.20 x 30U,ppo_privilege_gru_0722_long_clip020,10,9,10,0.33986928104575165,0.4444444444444444,0.0021966915747362314,0.039151174651479104,0.8848547653307935,0.8741643136537545,0.7451570663623945,0.006299816422979346,0.01528159435838461,0.0690429670503363,0.20226562023162842,16,16,False,52.45747232437134,150.62167358398438,0.5677498165518046,1.4902082681655884,52,153,68,33,-0.1884075734053129,-0.6971209786772444,0.5003121137320712,4.121376831802295,2.162246791455834,6.773737501809813,4.555576923076867,0.34661161739706303,0.44097118146950365,0.09121294047308239,0.3577170491794761,0.1335025681570054,-0.6797385620915033,0.0001113713497088612,92.80481847999908,17.512990816998354,52.41277963899847
G5,clip 0.20 x 30U,ppo_privilege_gru_0722_long_clip020,11,10,11,0.3026315789473684,0.4342105263157895,0.0013512765131417082,0.06714302939780696,0.8641153873479299,0.843272253938874,0.8510651337793933,0.08671953492128523,0.5260141491889954,0.044604491093195975,0.10953124612569809,16,16,False,36.48815402388573,95.11063385009766,1.1172100022435187,2.7101569175720215,46,152,66,40,-0.13264553106159513,-0.6403770780370868,0.5469336164286782,3.816304223126416,3.1449280898584493,4.714915355346617,3.834565217391264,0.3892230638105113,0.46474002833998146,0.08205387197199562,0.3451012336154673,0.12800065421464205,-0.6052631578947368,-0.00048426099696765185,93.49776905199906,17.534438134000084,51.96747618500012
G5,clip 0.20 x 30U,ppo_privilege_gru_0722_long_clip020,12,11,12,0.22758620689655173,0.42758620689655175,0.003304056102979125,0.03057747965610704,0.9042105916234885,0.8777967210694493,0.911601635338086,0.06702228852343978,0.488064169883728,0.10588378796092002,0.26664063334465027,16,16,False,52.06845682859421,106.42021942138672,0.44864255040884016,0.9560828804969788,33,145,62,50,0.025441656726825936,-0.3818186286826,0.5408804554481306,3.7924270284060007,2.9437087785365725,4.866586063396996,3.5927272727272346,0.40294525841463075,0.45284925536319715,0.08242513561359734,0.35331782545644436,0.12724395263598584,-0.45517241379310347,5.229242749927602e-05,94.70542456199837,17.20829744599905,51.41111113599982
G5,clip 0.20 x 30U,ppo_privilege_gru_0722_long_clip020,13,12,13,0.27586206896551724,0.43448275862068964,-0.00011918431722723888,0.052868160803769826,0.8808095548616529,0.8535698854507481,0.8266322401555081,0.0997393242792168,0.7739030122756958,0.02687499938201654,0.06257812678813934,16,16,False,14.968249395489693,28.84467315673828,0.7555337272584438,1.509944200515747,40,145,63,42,-0.08684765521537191,-0.5103903761506455,0.4344356936280418,3.1332179568462775,1.9298569147542863,4.614277700959497,4.022999999999957,0.3317324192263524,0.46507915880778816,0.08539554461828673,0.3517778137648079,0.1129475344193092,-0.5517241379310345,0.00015113453154562894,90.68213006699807,17.26670091000051,51.737005609000335
G5,clip 0.20 x 30U,ppo_privilege_gru_0722_long_clip020,14,13,14,0.29333333333333333,0.4266666666666667,0.0016111518339982922,0.041790136664509044,0.9116495817368186,0.9003393699161639,0.8873730320174751,0.1095873106943327,0.9564189910888672,0.04432128811458824,0.08500000089406967,16,16,False,30.547249138355255,64.60413360595703,0.8250968314707279,1.9642246961593628,44,150,64,42,-0.13872904824029741,-0.5709874632198516,0.44211819688847875,2.637236260931329,1.9652014894307168,3.5402829851352764,3.8715909090908656,0.34359129080571016,0.44706573778075814,0.09536775195269682,0.34577182928431466,0.10208166409311321,-0.5866666666666667,8.412504894151874e-05,91.57783863099758,17.448056526001892,51.98250178700255
G5,clip 0.20 x 30U,ppo_privilege_gru_0722_long_clip020,15,14,15,0.2328767123287671,0.4657534246575342,0.00036211405094954685,0.03866991719382837,0.8855975875899237,0.8823904315796992,0.8177505219796295,0.08895986016810639,0.8682770133018494,0.023364257416687906,0.060624998062849045,16,16,False,18.031986385583878,60.89394760131836,0.6111006647348404,1.6994953155517578,34,146,68,44,0.026681378161154096,-0.37943992127315446,0.5327709974562155,3.6622862720381795,3.0123885982975955,4.472158757776445,4.259411764705832,0.3999795829142953,0.4483024658319947,0.08260533118767095,0.367145464033692,0.12498093421596289,-0.4657534246575342,0.00030840456903345417,92.26003081100134,17.246369420998235,51.508311151999806
G5,clip 0.20 x 30U,ppo_privilege_gru_0722_long_clip020,16,15,16,0.34782608695652173,0.391304347826087,0.002460874501848842,0.037324183745817675,0.9177886523499492,0.9009918479793023,0.8990232633869731,0.03480276313814101,0.34039434790611267,0.06899413952487521,0.1775781214237213,16,16,False,25.195780962705612,45.72027587890625,0.5597690206021071,1.8742300271987915,56,161,63,42,-0.24554612684676316,-0.7748349728383265,0.5163090302623052,3.6919587287484905,2.617977022259886,5.237841488088148,3.404464285714251,0.32791996696448256,0.4683632486777846,0.1012493952116107,0.3268735274885927,0.12317167420556548,-0.6956521739130435,6.0845372122122915e-05,94.2189959669995,17.944033219999255,53.56421478500124
G5,clip 0.20 x 30U,ppo_privilege_gru_0722_long_clip020,17,16,17,0.26490066225165565,0.48344370860927155,0.00015113338908001595,0.0905565297135886,0.9175999118039071,0.9124463828097937,0.8154062837275178,0.0043846016127645285,0.011239473707973957,0.027353515064532985,0.06242187321186066,16,16,False,18.790511146187782,46.71406555175781,0.7734824169427157,2.420146942138672,40,151,73,38,-0.04511593359465229,-0.5058262632243471,0.5811621707457142,3.895846643466522,2.2130874367771924,6.183347440059832,3.460499999999965,0.31739790042004956,0.45637310109096074,0.0969332748597428,0.35569798911975026,0.12872081275056724,-0.5298013245033113,0.0002665890383415416,92.83366579100039,17.428771830000187,51.99586215599993
G5,clip 0.20 x 30U,ppo_privilege_gru_0722_long_clip020,18,17,18,0.24489795918367346,0.5374149659863946,0.001997837182079465,0.053813856014675227,0.8855920687557102,0.8749494984683487,0.8585052135147089,0.005923990442497598,0.015874003991484642,0.0677294918032203,0.20640625059604645,16,16,False,32.07939898967743,95.64986419677734,1.3760773114860059,3.213580369949341,36,147,79,32,0.03529402211232873,-0.3682473448730276,0.5443769773861629,5.597661788657632,3.673716600528353,8.024792641374567,4.071666666666619,0.2828935026660775,0.45220772608025894,0.0860755725476971,0.3616679336201062,0.1628638053545762,-0.4897959183673469,0.000558201504993183,91.7469900319993,17.288723147001292,51.51782139699935
G5,clip 0.20 x 30U,ppo_privilege_gru_0722_long_clip020,19,18,19,0.2751677852348993,0.48322147651006714,0.0010741901004984733,0.0849383524486884,0.8704602376476426,0.8396385415684138,0.8789205162959537,0.0054708375409245474,0.011507800780236721,0.058583982863638084,0.14289061725139618,16,16,False,17.230581402778625,47.461151123046875,1.4687415577471257,3.938803195953369,41,149,72,36,-0.06116947664098635,-0.5340014589983435,0.5334525617781143,4.102167952079531,2.5000378719423955,6.1169679013429,3.8941463414633724,0.33713812102587076,0.457428705867028,0.08397026870988325,0.35689814413337445,0.13187508914623755,-0.5503355704697986,0.0003928605492002199,94.16394615600075,17.294914162001078,51.57951177900031
G5,clip 0.20 x 30U,ppo_privilege_gru_0722_long_clip020,20,19,20,0.27631578947368424,0.4144736842105263,0.00035855065325884894,0.02948180087349966,0.9379833952439158,0.9229997139432969,0.925345247522886,0.0039527445792919,0.0073198662139475346,0.03625976464445557,0.06867187470197678,16,16,False,20.006450071930885,45.978092193603516,0.7243979923427105,2.2509138584136963,42,152,63,47,-0.10043060574416,-0.562261300455091,0.5013487843337199,2.6982643768397048,1.3593811770262045,4.442869758414872,3.829047619047579,0.40312388939280214,0.46034126933349273,0.06991324254923749,0.34752628642556777,0.1046270984628857,-0.5526315789473685,4.758831475495793e-05,93.48215372599952,17.48300392800229,51.86048146599933
G5,clip 0.20 x 30U,ppo_privilege_gru_0722_long_clip020,21,20,21,0.3026315789473684,0.40789473684210525,0.004085817223526078,0.03742371801257669,0.937254497843986,0.9213726426018898,0.9387795499404772,0.4431079248370952,3.832719564437866,0.09170409876969643,0.22695311903953552,16,16,False,64.56278508901596,160.97659301757812,0.4441698770970106,1.3327369689941406,46,152,62,44,-0.15973486871827652,-0.6705487697341828,0.5239698911030133,3.1309062886431858,2.5009502121145086,3.974078267996954,3.2528260869564916,0.37585273619583043,0.4640310841682717,0.08957538487223968,0.3332173720030841,0.1124919831311297,-0.6052631578947368,-0.0001810659577534578,91.64463792800234,17.352760811001644,51.85323508499641
G5,clip 0.20 x 30U,ppo_privilege_gru_0722_long_clip020,22,21,22,0.2532467532467532,0.4935064935064935,0.0012653960043123025,0.058919686423734755,0.9055608258168838,0.9028812400964369,0.8274044791270868,0.055365539603808425,0.4447918236255646,0.0583837873318771,0.15078124403953552,16,16,False,21.619054436683655,50.29004669189453,0.6591949686408043,1.5371261835098267,39,154,76,39,-0.03947223440857976,-0.44976531880528575,0.5223136811499869,3.3915452102545975,2.0183162362242038,5.271812574696213,3.283333333333303,0.32673721952063894,0.462706003710233,0.10094443786109328,0.3482562308407242,0.11905101563306046,-0.5064935064935064,-0.0002859743888579529,91.34746296100275,17.51148488999752,52.21530417000031
G5,clip 0.20 x 30U,ppo_privilege_gru_0722_long_clip020,23,22,23,0.2781456953642384,0.44370860927152317,0.0018929615998244387,0.03377743509697873,0.9220472522837951,0.9110139462662235,0.921901807296891,0.16657694239736884,1.7013685703277588,0.06038085811178462,0.18132811784744263,16,16,False,34.45778527855873,80.31900024414062,1.0069985184818506,2.343398332595825,42,151,67,42,-0.08442080571538227,-0.5347961899257077,0.511460471855202,3.6329379139955478,2.6474685176613604,4.936789730683858,3.4388095238094896,0.3398152457808853,0.42995226618211035,0.08973945783888655,0.34783289098910375,0.12378234737611181,-0.5562913907284768,0.0002553466478790054,92.62469429300108,17.363130460998946,51.671029815999646
G5,clip 0.20 x 30U,ppo_privilege_gru_0722_long_clip020,24,23,24,0.2585034013605442,0.46938775510204084,0.00035478623940443654,0.03354699637854912,0.9293733408110859,0.9204334314699865,0.8892823811411249,0.04340458220278379,0.590450644493103,0.037578123970888555,0.11289062350988388,16,16,False,25.040702030062675,52.03291702270508,0.46349913664162157,1.0204821825027466,38,147,69,40,-0.03376383804464686,-0.48458268577920316,0.5349614775589473,3.7311682048291877,1.986827977033104,5.931720492202708,3.8542105263157462,0.3632875256637731,0.47673642820794404,0.08426340786190283,0.3570246906579414,0.12579819779906007,-0.5170068027210885,0.0004200762194400869,93.40081550499963,17.20481069000016,51.3225686040023
G5,clip 0.20 x 30U,ppo_privilege_gru_0722_long_clip020,25,24,25,0.25165562913907286,0.44370860927152317,0.0014137868373654827,0.027497298417801627,0.9408050788775355,0.9270981547355006,0.9357779703012569,0.0474929101204907,0.6626574397087097,0.044570311409188434,0.10499999672174454,16,16,False,29.632771492004395,53.306373596191406,0.5367187228053808,0.9765007495880127,38,151,67,46,-0.03818739366180974,-0.4722040084790783,0.5518039421054144,3.4534458100247503,2.1980126546099363,5.1600502556667625,3.3592105263157532,0.37424725864573355,0.4616669275886483,0.09641587648647551,0.3457617514775833,0.11918728252405052,-0.5033112582781457,0.00017483061470201743,93.00630685099895,17.357665888001065,51.85254290100056
G5,clip 0.20 x 30U,ppo_privilege_gru_0722_long_clip020,26,25,26,0.2671232876712329,0.4520547945205479,0.0001314583663032387,0.03436181909632337,0.9080397713490185,0.8852758711768018,0.8880225530523911,0.05011350625070918,0.732550323009491,0.027871093000612746,0.05804687365889549,16,16,False,19.229118689894676,55.29986572265625,0.7274611327797175,1.7609586715698242,39,146,66,41,-0.048040577024303976,-0.5099987734119082,0.543843362097314,3.589118086846814,2.761560409216831,4.64942636131023,4.251794871794822,0.3571231643082162,0.46655049053500325,0.068210953498516,0.36382349073390996,0.12221220169618906,-0.5342465753424658,0.00017030588806277733,92.78946842399819,17.139957870000217,51.263774201997876
G5,clip 0.20 x 30U,ppo_privilege_gru_0722_long_clip020,27,26,27,0.28104575163398693,0.41830065359477125,0.0013631912015170666,0.04381575223966693,0.9119841498938324,0.8987341690418917,0.880249338157905,0.005775645195681134,0.012264439836144447,0.06397460741573013,0.14812499284744263,16,16,False,46.86843881011009,89.24781799316406,0.459873603656888,1.054520845413208,43,153,64,46,-0.1040956227675115,-0.5390465912681455,0.5007580678036827,3.5034228734893613,2.9298568278805006,4.301038155664182,3.1423255813953204,0.3507324147474562,0.45986090099520066,0.09202874381119136,0.33875888471526167,0.11941359919949528,-0.5620915032679739,-0.0001766034142946403,94.0923851080006,17.472090176001075,52.14672702700045
G5,clip 0.20 x 30U,ppo_privilege_gru_0722_long_clip020,28,27,28,0.2127659574468085,0.5035460992907801,5.7229900976008e-05,0.026507733129339375,0.9411940504066117,0.9293621696126806,0.9261682556860278,0.121828450501489,1.2778233289718628,0.0256591788293008,0.08960936963558197,16,16,False,16.39382752776146,71.31148529052734,0.49419639855623243,1.4356415271759033,30,141,71,40,0.1046022290952106,-0.2876750260550781,0.5765608016979016,5.139677055929267,4.207978164554517,6.260627284614512,4.182333333333285,0.3629400852171228,0.4746167312721532,0.06642692253822681,0.37983207795559704,0.15028210885899465,-0.425531914893617,1.99571742359752e-05,93.96310552700015,17.260619051001413,51.371534974001406
G5,clip 0.20 x 30U,ppo_privilege_gru_0722_long_clip020,29,28,29,0.2534246575342466,0.4657534246575342,3.782819505415702e-05,0.033541443999359793,0.9395279234486974,0.9225578971597974,0.924953024596591,0.10309522952418775,1.5729814767837524,0.02351562469266355,0.06312499940395355,16,16,False,16.485414147377014,33.7859992980957,0.6808464836329222,1.7814637422561646,37,146,68,41,-0.002503935078636428,-0.47205515855366387,0.5991085699987423,4.717528599473445,2.8956092155604405,7.051862810111982,3.958918918918876,0.3994927278573587,0.47701642044198383,0.07553850624774776,0.35857087121466513,0.14580026131638613,-0.5068493150684932,-2.57525411945243e-05,92.9364982549996,17.272681442998874,51.53774730099758
G5,clip 0.20 x 30U,ppo_privilege_gru_0722_long_clip020,30,29,30,0.20279720279720279,0.5454545454545454,0.0036986640164826667,0.03588672267890336,0.9059636928899524,0.9027370677362223,0.8732978575351854,0.015088822011312009,0.11299610882997513,0.10962890394148417,0.2647656202316284,16,16,False,65.56434914469719,135.95986938476562,0.6969241339713335,1.7371867895126343,29,143,78,36,0.10561827489930775,-0.21102504727687765,0.4855902615107302,4.431858698887638,4.040105249929344,4.9019628376375906,3.8806896551723704,0.3641844772324417,0.4761748801174563,0.08519640832428094,0.37272868011096355,0.1382858617595821,-0.40559440559440557,0.00019813862316772979,94.37306500100021,17.217877437000425,51.354782856000384
G6,target-KL 0.02,ppo_privilege_gru_0722_clip015_tkl002,1,0,1,0.3092105263157895,0.4473684210526316,0.007237571246920993,0.07139069270163334,0.7488194427423085,0.7342100260395144,0.6653439337003462,0.4122702039964497,2.4268271923065186,0.15783853828907013,0.2865625023841858,16,5,True,47.481821632385255,101.15145111083984,1.4179328121244907,3.3546371459960938,47,152,68,37,-0.15186829461062287,-0.6906989663541178,0.5693358352614395,3.7685067949515307,2.1043524152858786,5.995913426196327,3.808936170212726,0.3210929756654264,0.4390043794655749,0.0870300325493538,0.3405659229616812,0.1261396150758906,-0.618421052631579,-0.00015278001661573598,250.87086299199996,19.182207729000083,167.20709017799982
G6,target-KL 0.02,ppo_privilege_gru_0722_clip015_tkl002,2,1,2,0.3026315789473684,0.3815789473684211,0.0015735484551018747,0.060701940010069365,0.8159096140922233,0.7929328795082627,0.7811974609323719,0.008965225253719834,0.04780052229762077,0.05635937331244349,0.10828124731779099,16,9,True,20.203722318013508,56.97049331665039,0.917435298115015,2.202512741088867,46,152,58,48,-0.1578092445305618,-0.6221282139614538,0.48062933843691463,3.070192264487774,2.5811838527733233,3.7425788305951437,3.711956521739092,0.42708449323892145,0.44862096322947626,0.09773593453392541,0.33657754660964495,0.11070296324729996,-0.6052631578947368,0.00017340350723011946,250.79599346400005,32.43308165999997,165.07483383199997
G6,target-KL 0.02,ppo_privilege_gru_0722_clip015_tkl002,3,2,3,0.28378378378378377,0.46621621621621623,0.0011528054506051433,0.06272355899493072,0.822556102814216,0.7877034680333757,0.8291815308910944,0.006948373615741725,0.03168296813964844,0.0425130200261871,0.0873437449336052,16,5,True,34.62882843017578,85.4535140991211,1.2472159788012505,3.497276544570923,42,148,69,37,-0.06405051252975213,-0.5102607017517776,0.505725575246065,4.793382036057519,3.608532665792033,6.306343539627293,3.9378571428571005,0.33224585204848944,0.4286671112197164,0.08812545988093161,0.3578472091460927,0.14562597280021838,-0.5675675675675675,4.387309150437851e-05,234.57616160199996,17.503916319999917,158.24164105199998
G6,target-KL 0.02,ppo_privilege_gru_0722_clip015_tkl002,4,3,4,0.3924050632911392,0.36075949367088606,0.0007350292752960286,0.13133161166387042,0.8026113539156701,0.7742045062360339,0.7478313295777532,0.009374013094105368,0.048845160752534866,0.036953124372909464,0.10234374552965164,16,5,True,25.08691625595093,42.666770935058594,2.6922649264335634,5.628075122833252,62,158,57,39,-0.3312518402442129,-0.8732303574254006,0.424233365523503,3.5715003849641307,2.1712675289626433,5.523340123632872,4.181129032258017,0.29974893448338263,0.4655261970262681,0.09677124233120395,0.33158097879429616,0.12167568479654822,-0.7848101265822784,0.0003016227472212126,235.71460774000025,18.885100230000262,169.06462150900006
G6,target-KL 0.02,ppo_privilege_gru_0722_clip015_tkl002,5,4,5,0.25675675675675674,0.4527027027027027,0.0010786329756626856,0.11874124975881797,0.8626255813433154,0.8398646253463904,0.7978805128975978,0.0031803685305566987,0.009552923031151295,0.04606445215176791,0.13828124105930328,16,16,False,46.41703909635544,334.23883056640625,1.2695518083870412,3.0804495811462402,38,148,67,43,-0.019728885675015576,-0.46910017618573024,0.5700709331202974,4.090288908099383,3.78815009603684,4.486846098931469,4.236578947368373,0.3893712485776583,0.41411390919939356,0.06442335287990912,0.361039915716638,0.13257881609114772,-0.5135135135135135,0.0001658960307121927,235.82880308999984,57.217828210000334,171.86721959100032
G6,target-KL 0.02,ppo_privilege_gru_0722_clip015_tkl002,6,5,6,0.33766233766233766,0.4155844155844156,0.0007815414232027473,0.09870937731689551,0.8331498670335055,0.8083208720672683,0.8028490793316341,0.0034410351215046833,0.007457757834345102,0.0583349596709013,0.12523436546325684,16,16,False,21.65303821861744,41.761043548583984,1.368365478515625,2.803767442703247,52,154,64,38,-0.22931124616133314,-0.697082879131626,0.411176066674914,3.5358113604556896,2.427668210830964,5.053115057634161,3.5323076923076573,0.3406062586686268,0.4711954141904085,0.0965641622488585,0.3254016050061468,0.12095051147795781,-0.6753246753246753,-0.0003386873207624675,243.45766467299973,53.838605345999895,160.59693401899995
G6,target-KL 0.02,ppo_privilege_gru_0722_clip015_tkl002,7,6,7,0.25675675675675674,0.4527027027027027,0.0016456709223025001,0.09279689656073005,0.8536703951213829,0.8294378408460362,0.8117180286853156,0.004603662769222864,0.015878085047006607,0.08778808495844714,0.2546093761920929,16,16,False,53.27674221992493,136.9573211669922,1.6628640592098236,4.2409234046936035,38,148,67,43,-0.026685766080299565,-0.47313431387901533,0.5433946872626759,4.038999824626339,3.5614499389862857,4.6487942939821,3.8492105263157472,0.4005580664701256,0.46791469242097106,0.08291768312935953,0.35903789370337136,0.12741140443493046,-0.5135135135135135,0.00037844929491217324,240.2539149549998,52.20065614400028,155.50851717399973
G6,target-KL 0.02,ppo_privilege_gru_0722_clip015_tkl002,8,7,8,0.30718954248366015,0.40522875816993464,0.0003338879081032549,0.0766793509495491,0.872002092447755,0.870176395817311,0.7602735520749424,0.08322493282146752,0.5741044282913208,0.015524553135037422,0.027812499552965164,16,6,True,17.01524043083191,39.70703125,0.9917410694062709,2.3777101039886475,47,153,62,44,-0.1416242850577762,-0.6345538384649249,0.5081464898880107,3.6426644123940437,2.76989152433644,4.793137764833612,4.390851063829735,0.37620763011066355,0.44896201299032573,0.08171367961210355,0.3481221438182449,0.12445630152903743,-0.6143790849673203,0.0001763545622618356,230.64371734899942,19.09072129100059,151.44504222400064
G6,target-KL 0.02,ppo_privilege_gru_0722_clip015_tkl002,9,8,9,0.2945205479452055,0.4520547945205479,0.0006094307061812465,0.07759600584218185,0.874979865377336,0.8530801949899991,0.8083378338741303,0.002560092256899224,0.007538168225437403,0.03298828026163392,0.06468749791383743,16,16,False,22.053540527820587,35.169185638427734,1.2334612689912319,2.772408962249756,43,146,66,37,-0.1030369095961514,-0.6581775813766471,0.6082370761226087,3.842251370357305,2.3149945786603476,5.799049134719029,4.327674418604603,0.36966202727924685,0.4327957905196293,0.08066215897706215,0.358283969227699,0.12754215050493883,-0.589041095890411,0.00017806656162166532,237.10842209600014,47.89323722300014,150.97604328099987
G6,target-KL 0.02,ppo_privilege_gru_0722_clip015_tkl002,10,9,10,0.3087248322147651,0.4161073825503356,0.005833514999598321,0.1937095657875003,0.8470427916597552,0.8119107161951924,0.7675057104399059,0.13105790229979902,0.7543918490409851,0.13158853724598885,0.25093749165534973,16,5,True,111.49158897399903,187.53892517089844,1.944813071191311,4.628161430358887,46,149,62,41,-0.12510175127618056,-0.6584255340295074,0.5641166756665806,4.2288136226648865,2.25628163997838,6.777931877213604,4.421304347826035,0.3613455050851409,0.44987166712758514,0.09771879305609397,0.35622053097134,0.1356248726546223,-0.6174496644295302,0.0005025095273873586,248.39735062300042,17.072266076999767,142.8555428010004
G6,target-KL 0.02,ppo_privilege_gru_0722_clip015_tkl002,11,10,11,0.34,0.41333333333333333,0.00103031830039176,0.10245483526895727,0.8485828037158988,0.8182809379189061,0.802183041558882,0.0656401557275094,0.6020035147666931,0.036226561501098334,0.07570312172174454,16,9,True,22.58138150639004,60.80839538574219,1.3652289420366288,2.808130979537964,51,150,62,37,-0.2052046109934069,-0.7313690752418829,0.4828566114853692,3.707836247413978,2.782629416823543,4.917722102801471,4.331960784313676,0.37818986889637185,0.4405948956514218,0.08292498979511718,0.34912502897272124,0.12557818898454876,-0.68,9.217104932311728e-05,231.2315782759997,29.777994428000056,151.71470242000032
G6,target-KL 0.02,ppo_privilege_gru_0722_clip015_tkl002,12,11,12,0.3625,0.34375,0.001665135198273049,0.10206021357010986,0.8700540501998211,0.8484908153572185,0.8514421045015099,0.07741875426028855,0.5914173126220703,0.08401366951875389,0.21406249701976776,16,7,True,50.838647161211284,116.46893310546875,1.6218937300145626,3.9294137954711914,58,160,55,47,-0.29580659625034,-0.7847303316266647,0.4187742477612113,2.9524960352707303,2.251450319856559,3.9771013116452876,3.6381034482758237,0.3655844382176037,0.4461045379760534,0.10673469319296411,0.3187076271259019,0.10997568621398553,-0.725,0.0005100904097725878,233.40421492399946,22.13195210199956,153.18309574900013
G6,target-KL 0.02,ppo_privilege_gru_0722_clip015_tkl002,13,12,13,0.3548387096774194,0.4,0.0008025149114843089,0.08454681376051017,0.8978547086290221,0.8633895031372683,0.8468527044916226,0.0045798261993331806,0.02945817820727825,0.0466552724246867,0.13148437440395355,16,16,False,33.51983964443207,78.0964126586914,1.2426290169358254,2.722604751586914,55,155,62,38,-0.26343700505473583,-0.7582020992054405,0.40374622796666887,3.0264574138485916,1.9504162491797403,4.477482620750528,3.8518181818181407,0.3166159728018661,0.4519171511209411,0.0940117938752066,0.3354999599111249,0.11052803099537233,-0.7096774193548387,0.00021242339360564162,234.06262642500042,49.25018956799977,151.25030865499957
G6,target-KL 0.02,ppo_privilege_gru_0722_clip015_tkl002,14,13,14,0.3,0.4066666666666667,0.00012667343296879352,0.07291629419311778,0.9049323794109876,0.8841300685291041,0.885644316169169,0.0027423742902465166,0.014061651192605495,0.026000976125942543,0.061640623956918716,16,16,False,27.94961988925934,60.159576416015625,0.8019354782998562,1.4195588827133179,45,150,61,44,-0.14705204973938757,-0.6534835427506448,0.5152045180445642,2.6969799649739863,1.8254639868327225,3.8366547056202545,4.351999999999947,0.35732550661551404,0.4407787992970136,0.0809633831289238,0.3494274802578598,0.10362609958295074,-0.6,-0.00010562958019801417,225.4073896609998,50.844589256999825,153.48337270699994
G6,target-KL 0.02,ppo_privilege_gru_0722_clip015_tkl002,15,14,15,0.3026315789473684,0.4342105263157895,0.00046412263160178213,0.11762788716918873,0.9148608845018217,0.8949368719701107,0.9107246384631146,0.0024945443106116696,0.005243552848696709,0.045214842727546056,0.1185937449336052,16,16,False,24.01800689101219,74.7989730834961,0.8707118514925242,2.4791064262390137,46,152,66,40,-0.14261191119558317,-0.622301273778296,0.4994338510305093,3.4197853035433967,2.551940011892098,4.581362847753597,3.7919565217390905,0.33139930320543654,0.4553218810951339,0.09567354376322315,0.34314515588144107,0.11896837053150786,-0.6052631578947368,0.0005377202862046783,233.55150279200006,52.981746466000004,149.9205511070004
G6,target-KL 0.02,ppo_privilege_gru_0722_clip015_tkl002,16,15,16,0.3161290322580645,0.4,-1.0490417423625331e-07,0.0988882471414708,0.8913096315999072,0.8725817229230687,0.8450001526878024,0.3022612337605096,0.6045224666595459,0.007890624925494194,0.015781249850988388,16,1,True,16.168867111206055,16.168867111206055,0.9520637527108192,2.1882970333099365,49,155,62,44,-0.15486864061181682,-0.6460289337239871,0.5251994575434957,4.250172570801896,3.277402478135981,5.597085006800852,3.7638775510203666,0.35119886659182586,0.4562562490700171,0.09512498209124773,0.3431675611939338,0.1340062747485101,-0.632258064516129,0.00021558796186829326,231.3565528929994,3.9376271760002055,148.7936527060001
G6,target-KL 0.02,ppo_privilege_gru_0722_clip015_tkl002,17,16,17,0.32894736842105265,0.4605263157894737,0.005307839349843135,0.07164332925941796,0.910576957991853,0.8782336160468891,0.8837469473687884,0.011615692267327433,0.04228793457150459,0.11069196143320628,0.19242186844348907,16,6,True,86.39956347147624,145.8690185546875,1.6286809094250203,3.099142074584961,50,152,70,32,-0.18020265393819465,-0.7676626512519854,0.6275548423682675,3.9004247369844904,1.9000767024816616,6.65090328442588,4.037599999999954,0.28985650606740504,0.4469845676137684,0.09210233607167517,0.35011579787650593,0.12720224166099678,-0.6578947368421053,0.00037404336640794,228.7040113789999,19.569574484999976,152.62358295099875
G6,target-KL 0.02,ppo_privilege_gru_0722_clip015_tkl002,18,17,18,0.33112582781456956,0.4900662251655629,9.996429842384913e-05,0.07652922675264412,0.9244131853570813,0.9090222892883817,0.8904858774001388,0.011361150877550241,0.05253683775663376,0.01589062437415123,0.03179687261581421,16,4,True,9.659428179264069,19.85333824157715,0.7503802746534347,1.8946774005889893,50,151,74,27,-0.16070788500524308,-0.6622483863067177,0.5028687782551693,5.556196356327383,3.8499028719160546,7.813753889548525,4.022799999999954,0.2581797411400434,0.4540495985773701,0.09669317924072002,0.340567450843481,0.16104461055954128,-0.6622516556291391,-6.829077912630575e-05,228.4121740139999,12.755308579000484,148.9083609829995
G6,target-KL 0.02,ppo_privilege_gru_0722_clip015_tkl002,19,18,19,0.33766233766233766,0.36363636363636365,0.0038152450239795077,0.06599940142673381,0.9315524566474951,0.9075210834359833,0.8887052514782033,0.0067876844802231065,0.015402126125991344,0.1216015592799522,0.2271093726158142,16,16,False,58.671846866607666,113.67642974853516,0.8143601063638926,2.0335285663604736,52,154,56,46,-0.22041609915529864,-0.7376010753752243,0.5068752736539721,3.351089548142113,1.2943812569151043,6.2433355826800945,3.916730769230727,0.32346925210741967,0.45462579727822655,0.09871568055188307,0.3379096020037315,0.11710659009604892,-0.6753246753246753,-0.00010761593040371113,237.92523815599998,50.49272324000049,151.49381863099916
G6,target-KL 0.02,ppo_privilege_gru_0722_clip015_tkl002,20,19,20,0.28187919463087246,0.4161073825503356,-4.8821130612830554e-05,0.058185436566686594,0.9173586960492012,0.8917841604567346,0.8797433996412425,0.002269512969505741,0.004861887078732252,0.03450683521805331,0.08062499761581421,16,16,False,21.622855603694916,63.225547790527344,1.0473833136260509,2.2427353858947754,42,149,62,45,-0.08690676287751321,-0.5471819996577987,0.5079104661923941,3.7597059722856945,2.995932263331439,4.746736611549655,4.097380952380907,0.39944220351724063,0.4530513622895428,0.07464955681863389,0.35463530985864306,0.12210011489879498,-0.5637583892617449,0.00011620162679378798,230.57473922600002,50.95893817800061,149.9326644390003
G6,target-KL 0.04,ppo_privilege_gru_0722_clip015_tkl004,1,0,1,0.33962264150943394,0.41509433962264153,-5.096196886711368e-08,0.17396116385642058,0.6211697350443632,0.6038145037468354,0.5865283103675676,0.038640857497230174,0.07728171348571777,0.3387109339237213,0.6774218678474426,16,1,True,29.784452438354492,29.784452438354492,2.5946134328842163,6.131119251251221,54,159,66,39,-0.23055848805200252,-0.7836086370903732,0.5692371120957951,3.503862829655375,1.7935366908688255,5.977257553439001,3.556666666666632,0.3090019532907204,0.43090997908191037,0.08736558703054961,0.3284134787783901,0.12027644987074954,-0.6792452830188679,-3.133682274248001e-06,92.4940161759987,1.5364212530002987,52.436819197999284
G6,target-KL 0.04,ppo_privilege_gru_0722_clip015_tkl004,2,1,2,0.3202614379084967,0.3464052287581699,9.655952482034991e-08,0.06669911068841883,0.750970190761642,0.7194645914433604,0.7817435736339593,0.03832181585719807,0.07664363086223602,0.33390623331069946,0.6678124666213989,16,1,True,25.203182220458984,25.203182220458984,1.8236626379191876,4.368533611297607,49,153,53,51,-0.20154636231229073,-0.7002110011498702,0.4919091510712183,2.9469059688097827,2.1536979014884183,4.049960937428556,3.672040816326493,0.42322546530328203,0.4379747439908889,0.09939404795044775,0.3299387082387636,0.10854641805490897,-0.6405228758169934,0.0004913872110300676,93.4358304080015,1.4540180419971875,51.82908623399999
G6,target-KL 0.04,ppo_privilege_gru_0722_clip015_tkl004,3,2,3,0.27741935483870966,0.5032258064516129,0.003841955443876943,0.10284332885622917,0.7692903364246411,0.7433296171835575,0.7771299336737243,0.00860732889588689,0.024350741878151894,0.12798827968072146,0.2706249952316284,16,16,False,61.5280856192112,122.24801635742188,1.8354329720139504,4.170269012451172,43,155,78,34,-0.06807873385958796,-0.5236553380303793,0.5627196411461234,4.57814519984574,2.7775348179845754,7.071298036268889,3.0386046511627636,0.31269481285992107,0.4076657197056638,0.10260331613431119,0.34532295421455556,0.14133581577671175,-0.5548387096774193,0.00010120582656415538,94.3956134680011,17.67053288600073,52.793856494001375
G6,target-KL 0.04,ppo_privilege_gru_0722_clip015_tkl004,4,3,4,0.3223684210526316,0.4473684210526316,0.0005402990868814683,0.05714008627666187,0.7885604905241717,0.7973032107323759,0.7060516897363383,0.007275311342130101,0.07276319712400436,0.05048437402583659,0.09703125059604645,16,14,True,20.706053563526698,50.29095458984375,1.090970478951931,2.4512877464294434,49,152,68,35,-0.17245065703330234,-0.620767353536468,0.4276039982863192,4.053517938971861,2.7620171496949117,5.782142072311778,3.623469387755063,0.3178131941139068,0.3938622418482109,0.10839506005239932,0.34111977866534354,0.13121901591824636,-0.6447368421052632,-5.260951162907045e-05,97.0436293160019,15.797186217998387,52.90549469799953
G6,target-KL 0.04,ppo_privilege_gru_0722_clip015_tkl004,5,4,5,0.31125827814569534,0.4304635761589404,0.004598951683747465,0.05611429779930803,0.8243465714524982,0.802650086152237,0.8095004411937793,0.008022882788936841,0.018855314701795578,0.13641601240669843,0.28828123211860657,16,16,False,71.27856430411339,151.3951873779297,1.173347494751215,2.443296194076538,47,151,65,39,-0.15770215407983815,-0.6321510187003787,0.4700301898796462,3.469024275329681,2.5897580104965496,4.63236117957044,3.885744680851022,0.3635748682888986,0.38816307583090587,0.08654401871914184,0.34459183046651043,0.12020768747864562,-0.6225165562913907,1.4884266396632523e-05,94.82122253800117,17.6492479059998,52.574323483000626
G6,target-KL 0.04,ppo_privilege_gru_0722_clip015_tkl004,6,5,6,0.2692307692307692,0.5064102564102564,0.001363247162299075,0.050019831663455826,0.8492678113584587,0.8510088036949874,0.8287862142815732,0.003371792383259159,0.008906449191272259,0.05264648312004283,0.11124999821186066,16,16,False,36.249143704771996,89.0768814086914,1.0220760136842728,2.2192680835723877,42,156,79,35,-0.04875760772417988,-0.3882938183748328,0.40226810493116505,4.71928825432905,4.122014587218431,5.5126816330282296,3.054761904761878,0.3640546895997243,0.38421316576907394,0.09244411614944915,0.3452263760593753,0.14461698785933932,-0.5384615384615384,-0.00013943318135608375,97.02692065299925,17.768941015001474,53.012878584002465
G6,target-KL 0.04,ppo_privilege_gru_0722_clip015_tkl004,7,6,7,0.2751677852348993,0.5234899328859061,0.0018582150246855278,0.04426672602707886,0.8630851166689227,0.8574282702348058,0.8646344784220888,0.004074201638577503,0.006605218630284071,0.08059081877581775,0.1555468738079071,16,16,False,28.432569906115532,59.12729263305664,0.7827295243740082,2.1416940689086914,41,149,78,30,-0.055509480361126955,-0.2799080781282851,0.1977403656903801,4.2453252236813475,4.062248591775883,4.451940279688946,3.6819512195121558,0.37433638436851596,0.3851390516984185,0.09507556183542047,0.3593273627142246,0.13518065793356326,-0.5503355704697986,0.00031806946088386843,92.41201957399971,17.44977236199702,52.21291159000248
G6,target-KL 0.04,ppo_privilege_gru_0722_clip015_tkl004,8,7,8,0.26174496644295303,0.5033557046979866,0.0008912968146610467,0.04996231927297056,0.8711118590140713,0.8839328013286455,0.8321181071432459,0.20730046757496892,0.6198452115058899,0.026093749950329464,0.051093749701976776,16,2,True,17.74667239189148,31.48777198791504,0.764254343137145,1.86855149269104,39,149,75,35,-0.017148362849135228,-0.3716453008300972,0.4167135612469675,4.636092290947273,4.319856087586705,5.023127644313936,4.093846153846108,0.3646984760981536,0.3851598281311948,0.09032584767706081,0.36337155206356075,0.14272835594920075,-0.5234899328859061,0.0002416620240092827,92.95989061499859,2.5566871150003863,51.91437422600211
G6,target-KL 0.04,ppo_privilege_gru_0722_clip015_tkl004,9,8,9,0.22972972972972974,0.5472972972972973,0.0008967038553601148,0.055768133863176896,0.860274529521954,0.8713219861203141,0.8111379338769473,0.003128752350166901,0.006587512791156769,0.04906738217687234,0.0793749988079071,16,16,False,19.172194838523865,46.6632080078125,0.9821363173425197,2.4329488277435303,34,148,81,33,0.048999868821354244,-0.22840780719734338,0.38437332788873496,4.532762948670773,3.420573138578532,5.877350629528555,3.1402941176470316,0.3481157715694445,0.3421287206914199,0.0865497984575588,0.3671497836936782,0.14129202238221794,-0.4594594594594595,1.7522204917523914e-05,94.78619008500027,17.455402153998875,52.21733463799683
G6,target-KL 0.04,ppo_privilege_gru_0722_clip015_tkl004,10,9,10,0.273972602739726,0.541095890410959,0.0024765900713825673,0.040911478724818554,0.9043036969079096,0.8922325444832424,0.9002353722118015,0.004624903691728834,0.009880462661385536,0.08941894122108351,0.18140624463558197,16,16,False,45.46163755655289,129.03553771972656,0.7620940275490284,1.7894693613052368,40,146,79,27,-0.03877277323141291,-0.4881804316062215,0.5370307890613106,4.561835798084395,2.7856185683498618,6.837614123681767,4.095249999999954,0.36891597007735794,0.3616677009027654,0.10216658793170216,0.3667614359397299,0.1426479496412587,-0.547945205479452,-0.0002369533329494264,94.70895423600086,17.387191337998956,52.264444176002144
G6,target-KL 0.04,ppo_privilege_gru_0722_clip015_tkl004,11,10,11,0.24489795918367346,0.4897959183673469,0.0010714285734867435,0.03848382388234941,0.899991332788497,0.9031251483783764,0.8879862365062742,0.10369819848705082,0.5057758688926697,0.057749998196959494,0.1185937449336052,16,4,True,45.60397171974182,81.4732666015625,1.7734106704592705,4.036926746368408,36,147,72,39,-0.0012985669304703775,-0.306326689154974,0.3730541285268751,3.743294575412101,3.2527532800650505,4.345322528792574,3.7847222222221837,0.4128002894506543,0.35380924763024296,0.09446823305448006,0.3645324384556686,0.1241965980926199,-0.4897959183673469,-0.00023168511141187495,93.91450338900177,4.643898883001384,51.67632317499738
G6,target-KL 0.04,ppo_privilege_gru_0722_clip015_tkl004,12,11,12,0.25165562913907286,0.47019867549668876,0.0012728539621144187,0.0615026095877303,0.8475241973033409,0.8550811921503423,0.824459093746941,0.07726374902669339,0.7443425059318542,0.05535937417298555,0.12382812052965164,16,9,True,33.74653673171997,88.34646606445312,0.8951488599181175,1.9509153366088867,38,151,71,42,-0.016855769209655487,-0.3525330743705882,0.38206508619898916,4.172853318571238,3.677074038633289,4.762040288932277,3.3660526315789143,0.34843951748499186,0.3507765147323102,0.11813333737723872,0.35032477470159423,0.13562690946272213,-0.5033112582781457,0.0005038049041738861,94.80249948199707,10.224740333000227,52.10826647800059
G6,target-KL 0.04,ppo_privilege_gru_0722_clip015_tkl004,13,12,13,0.2191780821917808,0.5684931506849316,0.0015696065888424944,0.04318579896593675,0.8709976241548164,0.879572362888022,0.8515576056329465,0.16523602088913322,0.6533642411231995,0.07224609423428774,0.1310156285762787,16,3,True,39.04565668106079,81.19932556152344,0.7774559203535318,2.1618871688842773,32,146,83,31,0.10011458050610846,-0.11781081776007889,0.3570713933871352,5.568996671396137,6.12190965990482,4.9170544909157465,3.565312499999964,0.3819191142738073,0.35489699936788693,0.09731532963014763,0.3757202694412369,0.16254168809033953,-0.4383561643835616,0.0002087873580936646,93.7646216969988,3.613550911999482,51.543565336996835
G6,target-KL 0.04,ppo_privilege_gru_0722_clip015_tkl004,14,13,14,0.22602739726027396,0.4931506849315068,0.00018073417420971793,0.06090047111061406,0.868366494621283,0.8791953298962285,0.8433265658583128,0.3503926915225262,1.0506645441055298,0.009687499841675162,0.027812499552965164,16,2,True,8.316644668579102,10.517043113708496,1.1285176381468773,2.343747138977051,33,146,72,41,0.03238018708808878,-0.2245672819701691,0.34383166473446203,3.563204109551136,3.606546470363971,3.510667914626488,3.820909090909049,0.36282434866768964,0.36293403350450654,0.0859001975494621,0.3648444475113545,0.11983677738373295,-0.4520547945205479,-0.0002462432864507246,93.69671236499926,2.5141729099996155,51.575161633998505
G6,target-KL 0.04,ppo_privilege_gru_0722_clip015_tkl004,15,14,15,0.2013888888888889,0.5694444444444444,0.0014359438972313399,0.03177826856348148,0.8985017597712924,0.9090067541592157,0.8576061738795758,0.017496565774512973,0.16631679236888885,0.072812497902375,0.16710937023162842,16,12,True,54.743223468462624,402.2187805175781,0.5752424005419016,1.3987938165664673,29,144,82,33,0.12882050664740397,-0.1765673748670941,0.4797886689849613,5.120121141547726,4.229754638575201,6.143378167351971,3.422068965517209,0.34949099099503567,0.36754819844875125,0.09378014016455496,0.377418585119752,0.1539984060672849,-0.4027777777777778,0.0001812932381448219,94.55153968400191,13.28342831700138,51.4596786430011
G6,target-KL 0.04,ppo_privilege_gru_0722_clip015_tkl004,16,15,16,0.3333333333333333,0.4528301886792453,0.002021830317583332,0.0497671226976447,0.8808823868760245,0.8739935253832076,0.865429517006635,0.016651986909897203,0.09204663336277008,0.09761160691933972,0.21226562559604645,16,6,True,38.98016834259033,64.6804428100586,0.739805155992508,1.493695616722107,53,159,72,34,-0.2032809296495672,-0.5770940892136738,0.31001475213995255,3.9926625986819375,2.6404708461285744,5.849403512635809,3.160943396226386,0.36167105260110594,0.38269016735165595,0.117245642687042,0.3341229730305202,0.12920898009371198,-0.6666666666666666,5.378389286736328e-05,94.13315046199932,7.09756665399982,53.0191215249979
G6,target-KL 0.04,ppo_privilege_gru_0722_clip015_tkl004,17,16,17,0.28104575163398693,0.5424836601307189,0.001302648050077515,0.0592715240519993,0.8773025663035957,0.8730024607070559,0.8513665050508401,0.003637955496087669,0.007351243402808905,0.06984863081015646,0.16789062321186066,16,16,False,31.296595841646194,97.72137451171875,1.0569121915847064,1.9117302894592285,43,153,83,27,-0.05705187829184564,-0.4523291933078067,0.4370447654781057,4.9035994931483025,3.279420693396447,6.933822992838122,3.699069767441821,0.2982110830223352,0.3749876568303316,0.09624749852881574,0.35833242223093814,0.14677910327814478,-0.5620915032679739,-7.190053295463881e-05,93.77075325499754,17.67989855599808,52.77116576999833
G6,target-KL 0.04,ppo_privilege_gru_0722_clip015_tkl004,18,17,18,0.304635761589404,0.48344370860927155,0.0015912912968379562,0.034401242024749194,0.9235482672217347,0.9218606013312914,0.8993103662692082,0.10899496752835278,0.7334260940551758,0.0629352665107165,0.13484375178813934,16,6,True,34.332682847976685,73.92870330810547,0.6245672974735499,1.5898796319961548,46,151,73,32,-0.11709601235652778,-0.5489820748346307,0.43912088628951385,4.975185424689709,3.6229324089518635,6.716723399503601,3.3041304347825773,0.30847621917097545,0.3953504843113001,0.11938875771520543,0.3416574322868097,0.1501920376668957,-0.609271523178808,0.00032604086857471794,93.01974486600011,6.939725370000815,52.009101706000365
G6,target-KL 0.04,ppo_privilege_gru_0722_clip015_tkl004,19,18,19,0.25,0.5067567567567568,0.004947967895568506,0.040427359409672035,0.9047415509208715,0.8989643376292714,0.8940534845781802,0.008308961203729266,0.02304777316749096,0.1688183551596012,0.4078124761581421,16,16,False,89.08391466736794,188.46640014648438,0.5600002508610487,1.4041693210601807,37,148,75,36,0.01903158050382143,-0.28961149398856695,0.3821410799066313,4.981917237537525,4.1142081607918755,6.002751445473584,3.982432432432387,0.37378531808677434,0.39393278846791,0.09986735043232514,0.3676958839127222,0.1508470463362053,-0.5,0.0004886502548939572,93.68032932799906,17.45777274500142,52.34702333600217
G6,target-KL 0.04,ppo_privilege_gru_0722_clip015_tkl004,20,19,20,0.27450980392156865,0.49673202614379086,0.00254543773193537,0.04269368334188669,0.9066544820530256,0.9040083982344864,0.8871024389065013,0.03078559409565059,0.39741504192352295,0.1294140592799522,0.24015624821186066,16,15,True,45.94505627950033,95.86725616455078,0.7112545493990183,1.6951638460159302,42,153,76,35,-0.0630508733046577,-0.42435106477391077,0.38857436603190876,3.9999387524646908,3.136498442331126,5.079239140131648,3.502619047619013,0.3799636154225154,0.39117806712104847,0.08996850183972557,0.3556557878994073,0.13011145003865288,-0.5490196078431373,0.0002014966004193171,93.98353866600155,17.018655430001672,52.50437068199972
G7,clip 0.20 x 45U,ppo_privilege_gru_0722_long45_clip020,1,0,1,0.33962264150943394,0.41509433962264153,0.011417587460455403,0.17396116385642058,0.6211697350443632,0.6038145037468354,0.5865283103675676,0.20632292214548215,2.34454345703125,0.15409179485868663,0.577343761920929,16,16,False,93.93508404493332,278.0511779785156,2.5946134328842163,6.131119251251221,54,159,66,39,-0.23055848805200252,-0.7836086370903732,0.5692371120957951,3.503862829655375,1.7935366908688255,5.977257553439001,3.556666666666632,0.3090019532907204,0.43090997908191037,0.08736558703054961,0.3284134787783901,0.12027644987074954,-0.6792452830188679,-3.133682274248001e-06,92.40015717200004,17.832028527998773,53.1724629310047
G7,clip 0.20 x 45U,ppo_privilege_gru_0722_long45_clip020,2,1,2,0.33112582781456956,0.3576158940397351,0.0032865849928569446,0.10487971264084474,0.6969163028387098,0.6566820201244843,0.7372884875874838,0.11663796911714598,1.761121153831482,0.09140136521091335,0.27585935592651367,16,16,False,58.00592866539955,155.95022583007812,2.8122584126889705,5.462217807769775,50,151,54,47,-0.22878015366825663,-0.7535526393289523,0.48458244402675166,2.7092272977524208,1.851692818901152,3.8749382299408643,3.8043999999999607,0.4290079463597363,0.4508674586715706,0.09493919706278349,0.328819693673598,0.10416621612447766,-0.6622516556291391,0.00048559216280680327,93.63264407899987,17.540265818999615,52.440127668996865
G7,clip 0.20 x 45U,ppo_privilege_gru_0722_long45_clip020,3,2,3,0.32,0.44666666666666666,0.0026914794651384244,0.0624699856490718,0.7651915385737708,0.7364088711514418,0.7317196895081888,0.00763283988839248,0.016503017395734787,0.08436523226555437,0.2361718714237213,16,16,False,63.22606360912323,153.3418731689453,1.2020461700856686,2.8014864921569824,48,150,67,35,-0.14377911119484546,-0.6229480017624833,0.48282636108591165,4.502300307793661,2.8987721245580884,6.599221778178641,4.406458333333281,0.3252872516556506,0.4294454278558195,0.08970084964377847,0.35597161140520067,0.140079410393762,-0.64,0.00016986700619175737,93.63358034600242,17.552208861001418,52.341996590002964
G7,clip 0.20 x 45U,ppo_privilege_gru_0722_long45_clip020,4,3,4,0.42857142857142855,0.36645962732919257,0.0024689849573041878,0.06495030894581574,0.8313047924446528,0.8079090323731641,0.7576321745541394,0.049721679509093515,0.6914357542991638,0.09187499876134098,0.23609374463558197,16,16,False,30.840241089463234,66.46528625488281,1.0963727109134198,2.663213014602661,69,161,59,33,-0.41670654431050597,-0.9901484872181198,0.43022309444535445,3.560403384203998,2.096437026035187,5.722569082422551,4.000144927536188,0.2818160434246205,0.47306631617081174,0.09581544148458232,0.3195500987012182,0.12096387163020134,-0.8571428571428571,-7.765749906841347e-05,93.94315625400486,18.10121496800275,53.71757246500056
G7,clip 0.20 x 45U,ppo_privilege_gru_0722_long45_clip020,5,4,5,0.31543624161073824,0.3959731543624161,0.0003246217804802054,0.08295444268314894,0.8159666358188626,0.775085266365723,0.7715906716818492,0.003729354590395813,0.006887258030474186,0.02897460834356025,0.08507812023162842,16,16,False,20.611833930015564,53.077796936035156,2.3395184986293316,6.013734817504883,47,149,59,43,-0.15760934242507318,-0.6632157576775932,0.5138991778321801,3.6820921533608493,2.8137274304457254,4.8353890509824975,4.2325531914893135,0.35250709322041374,0.42691534602500003,0.07797718422775846,0.348828247975407,0.12445198268656027,-0.6308724832214765,-1.7089865564005404e-05,95.33365115200286,17.568007939997187,52.56091111000569
G7,clip 0.20 x 45U,ppo_privilege_gru_0722_long45_clip020,6,5,6,0.3333333333333333,0.3888888888888889,0.0005974083413811115,0.05996386612072319,0.8610131603774741,0.8391095728830302,0.8234955365813862,0.004913305790541923,0.010989037342369556,0.038627928552159574,0.14179687201976776,16,16,False,21.342825815081596,81.6664047241211,1.1217540971934796,2.3853139877319336,54,162,63,45,-0.22805317422212681,-0.7444284603943744,0.5230381511193243,3.375824551438864,2.008539461668397,5.364602863832271,3.2112962962962666,0.34771267762873753,0.47817613812156134,0.09899398125087645,0.32155183445107133,0.11720434760712073,-0.6666666666666666,-0.00014268961365221107,93.86333577999903,18.122366299001442,53.92665086899797
G7,clip 0.20 x 45U,ppo_privilege_gru_0722_long45_clip020,7,6,7,0.32051282051282054,0.42948717948717946,0.0003398947867387925,0.08172831856711152,0.8057668357265894,0.7569978191518669,0.833742056142933,0.08141578429698712,0.6424549221992493,0.036826170929998625,0.06984374672174454,16,16,False,20.815378218889236,47.096405029296875,1.9593582555651665,4.466176986694336,50,156,67,39,-0.17246940077639314,-0.6424460291509435,0.4854978789479774,3.6878795856446187,2.8428969026559887,4.8708553418287,3.8177999999999583,0.3786094289601914,0.43823328850886567,0.08847284257664113,0.3443523506298307,0.12377434529687174,-0.6410256410256411,0.00042954432254547256,92.76604890199815,17.888497693995305,53.17853283599834
G7,clip 0.20 x 45U,ppo_privilege_gru_0722_long45_clip020,8,7,8,0.37662337662337664,0.37012987012987014,0.00010554155367614726,0.10044130745705583,0.8579146685144122,0.820156896189344,0.8417056182372413,0.14129965611471562,0.7964723706245422,0.0193505856077536,0.07445312291383743,16,16,False,19.206073135137558,48.762569427490234,1.3598226554691792,3.252962350845337,58,154,57,39,-0.3127835166491891,-0.8771452446627747,0.48085016336991593,2.934576653637562,1.486935154391593,4.970322511952206,3.9782758620689225,0.35371561976874605,0.45543159977024067,0.09018144906901397,0.3302139137856457,0.10996105494135602,-0.7532467532467533,0.00028826787056251523,95.91557348600327,17.822392914000375,52.88037378899753
G7,clip 0.20 x 45U,ppo_privilege_gru_0722_long45_clip020,9,8,9,0.33766233766233766,0.38311688311688313,0.00019464388129564192,0.0736406510125415,0.8179376355187663,0.7726779551160271,0.7522364678066489,0.003178910555725452,0.005254628602415323,0.02448242143873358,0.05453125014901161,16,16,False,18.05229303240776,63.19511413574219,0.9599111799150706,2.076171636581421,52,154,59,43,-0.22788353874880793,-0.8174284729621806,0.6011640249887473,2.8567480186447862,0.907930483046651,5.597272678079664,3.987499999999955,0.3696017936262987,0.4502602925207372,0.08415784170622677,0.3395525959219158,0.1074732752508038,-0.6753246753246753,0.0004152654031479032,92.93571391900332,17.899322725003003,53.04488329299784
G7,clip 0.20 x 45U,ppo_privilege_gru_0722_long45_clip020,10,9,10,0.33986928104575165,0.4444444444444444,0.0021966915747362314,0.039151174651479104,0.8848547653307935,0.8741643136537545,0.7451570663623945,0.006299816422979346,0.01528159435838461,0.0690429670503363,0.20226562023162842,16,16,False,52.45747232437134,150.62167358398438,0.5677498165518046,1.4902082681655884,52,153,68,33,-0.1884075734053129,-0.6971209786772444,0.5003121137320712,4.121376831802295,2.162246791455834,6.773737501809813,4.555576923076867,0.34661161739706303,0.44097118146950365,0.09121294047308239,0.3577170491794761,0.1335025681570054,-0.6797385620915033,0.0001113713497088612,93.97351256900583,17.751695318998827,52.95579406799516
G7,clip 0.20 x 45U,ppo_privilege_gru_0722_long45_clip020,11,10,11,0.3026315789473684,0.4342105263157895,0.0013512765131417082,0.06714302939780696,0.8641153873479299,0.843272253938874,0.8510651337793933,0.08671953492128523,0.5260141491889954,0.044604491093195975,0.10953124612569809,16,16,False,36.48815402388573,95.11063385009766,1.1172100022435187,2.7101569175720215,46,152,66,40,-0.13264553106159513,-0.6403770780370868,0.5469336164286782,3.816304223126416,3.1449280898584493,4.714915355346617,3.834565217391264,0.3892230638105113,0.46474002833998146,0.08205387197199562,0.3451012336154673,0.12800065421464205,-0.6052631578947368,-0.00048426099696765185,94.29714217100263,17.692002327996306,52.887114389995986
G7,clip 0.20 x 45U,ppo_privilege_gru_0722_long45_clip020,12,11,12,0.22758620689655173,0.42758620689655175,0.003304056102979125,0.03057747965610704,0.9042105916234885,0.8777967210694493,0.911601635338086,0.06702228852343978,0.488064169883728,0.10588378796092002,0.26664063334465027,16,16,False,52.06845682859421,106.42021942138672,0.44864255040884016,0.9560828804969788,33,145,62,50,0.025441656726825936,-0.3818186286826,0.5408804554481306,3.7924270284060007,2.9437087785365725,4.866586063396996,3.5927272727272346,0.40294525841463075,0.45284925536319715,0.08242513561359734,0.35331782545644436,0.12724395263598584,-0.45517241379310347,5.229242749927602e-05,96.26074360600614,17.42812079899886,52.029212923996965
G7,clip 0.20 x 45U,ppo_privilege_gru_0722_long45_clip020,13,12,13,0.27586206896551724,0.43448275862068964,-0.00011918431722723888,0.052868160803769826,0.8808095548616529,0.8535698854507481,0.8266322401555081,0.0997393242792168,0.7739030122756958,0.02687499938201654,0.06257812678813934,16,16,False,14.968249395489693,28.84467315673828,0.7555337272584438,1.509944200515747,40,145,63,42,-0.08684765521537191,-0.5103903761506455,0.4344356936280418,3.1332179568462775,1.9298569147542863,4.614277700959497,4.022999999999957,0.3317324192263524,0.46507915880778816,0.08539554461828673,0.3517778137648079,0.1129475344193092,-0.5517241379310345,0.00015113453154562894,93.25180817100045,17.412203080995823,51.81074245299533
G7,clip 0.20 x 45U,ppo_privilege_gru_0722_long45_clip020,14,13,14,0.29333333333333333,0.4266666666666667,0.0016111518339982922,0.041790136664509044,0.9116495817368186,0.9003393699161639,0.8873730320174751,0.1095873106943327,0.9564189910888672,0.04432128811458824,0.08500000089406967,16,16,False,30.547249138355255,64.60413360595703,0.8250968314707279,1.9642246961593628,44,150,64,42,-0.13872904824029741,-0.5709874632198516,0.44211819688847875,2.637236260931329,1.9652014894307168,3.5402829851352764,3.8715909090908656,0.34359129080571016,0.44706573778075814,0.09536775195269682,0.34577182928431466,0.10208166409311321,-0.5866666666666667,8.412504894151874e-05,92.48809976699704,17.633420029000263,52.55116855799861
G7,clip 0.20 x 45U,ppo_privilege_gru_0722_long45_clip020,15,14,15,0.2328767123287671,0.4657534246575342,0.00036211405094954685,0.03866991719382837,0.8855975875899237,0.8823904315796992,0.8177505219796295,0.08895986016810639,0.8682770133018494,0.023364257416687906,0.060624998062849045,16,16,False,18.031986385583878,60.89394760131836,0.6111006647348404,1.6994953155517578,34,146,68,44,0.026681378161154096,-0.37943992127315446,0.5327709974562155,3.6622862720381795,3.0123885982975955,4.472158757776445,4.259411764705832,0.3999795829142953,0.4483024658319947,0.08260533118767095,0.367145464033692,0.12498093421596289,-0.4657534246575342,0.00030840456903345417,92.92350283300038,17.442922620997706,52.24735946399596
G7,clip 0.20 x 45U,ppo_privilege_gru_0722_long45_clip020,16,15,16,0.34782608695652173,0.391304347826087,0.002460874501848842,0.037324183745817675,0.9177886523499492,0.9009918479793023,0.8990232633869731,0.03480276313814101,0.34039434790611267,0.06899413952487521,0.1775781214237213,16,16,False,25.195780962705612,45.72027587890625,0.5597690206021071,1.8742300271987915,56,161,63,42,-0.24554612684676316,-0.7748349728383265,0.5163090302623052,3.6919587287484905,2.617977022259886,5.237841488088148,3.404464285714251,0.32791996696448256,0.4683632486777846,0.1012493952116107,0.3268735274885927,0.12317167420556548,-0.6956521739130435,6.0845372122122915e-05,94.24705730700225,18.033066973999667,53.76257743000315
G7,clip 0.20 x 45U,ppo_privilege_gru_0722_long45_clip020,17,16,17,0.26490066225165565,0.48344370860927155,0.00015113338908001595,0.0905565297135886,0.9175999118039071,0.9124463828097937,0.8154062837275178,0.0043846016127645285,0.011239473707973957,0.027353515064532985,0.06242187321186066,16,16,False,18.790511146187782,46.71406555175781,0.7734824169427157,2.420146942138672,40,151,73,38,-0.04511593359465229,-0.5058262632243471,0.5811621707457142,3.895846643466522,2.2130874367771924,6.183347440059832,3.460499999999965,0.31739790042004956,0.45637310109096074,0.0969332748597428,0.35569798911975026,0.12872081275056724,-0.5298013245033113,0.0002665890383415416,93.96191601499595,17.729958798001462,52.70511080599681
G7,clip 0.20 x 45U,ppo_privilege_gru_0722_long45_clip020,18,17,18,0.24489795918367346,0.5374149659863946,0.001997837182079465,0.053813856014675227,0.8855920687557102,0.8749494984683487,0.8585052135147089,0.005923990442497598,0.015874003991484642,0.0677294918032203,0.20640625059604645,16,16,False,32.07939898967743,95.64986419677734,1.3760773114860059,3.213580369949341,36,147,79,32,0.03529402211232873,-0.3682473448730276,0.5443769773861629,5.597661788657632,3.673716600528353,8.024792641374567,4.071666666666619,0.2828935026660775,0.45220772608025894,0.0860755725476971,0.3616679336201062,0.1628638053545762,-0.4897959183673469,0.000558201504993183,92.15597429299669,17.483799948000524,52.46499465600209
G7,clip 0.20 x 45U,ppo_privilege_gru_0722_long45_clip020,19,18,19,0.2751677852348993,0.48322147651006714,0.0010741901004984733,0.0849383524486884,0.8704602376476426,0.8396385415684138,0.8789205162959537,0.0054708375409245474,0.011507800780236721,0.058583982863638084,0.14289061725139618,16,16,False,17.230581402778625,47.461151123046875,1.4687415577471257,3.938803195953369,41,149,72,36,-0.06116947664098635,-0.5340014589983435,0.5334525617781143,4.102167952079531,2.5000378719423955,6.1169679013429,3.8941463414633724,0.33713812102587076,0.457428705867028,0.08397026870988325,0.35689814413337445,0.13187508914623755,-0.5503355704697986,0.0003928605492002199,95.20660619700357,17.542169847001787,52.45799686400278
G7,clip 0.20 x 45U,ppo_privilege_gru_0722_long45_clip020,20,19,20,0.27631578947368424,0.4144736842105263,0.00035855065325884894,0.02948180087349966,0.9379833952439158,0.9229997139432969,0.925345247522886,0.0039527445792919,0.0073198662139475346,0.03625976464445557,0.06867187470197678,16,16,False,20.006450071930885,45.978092193603516,0.7243979923427105,2.2509138584136963,42,152,63,47,-0.10043060574416,-0.562261300455091,0.5013487843337199,2.6982643768397048,1.3593811770262045,4.442869758414872,3.829047619047579,0.40312388939280214,0.46034126933349273,0.06991324254923749,0.34752628642556777,0.1046270984628857,-0.5526315789473685,4.758831475495793e-05,95.39376978500513,17.651984621006704,52.8943415879985
G7,clip 0.20 x 45U,ppo_privilege_gru_0722_long45_clip020,21,20,21,0.3026315789473684,0.40789473684210525,0.004085817223526078,0.03742371801257669,0.937254497843986,0.9213726426018898,0.9387795499404772,0.4431079248370952,3.832719564437866,0.09170409876969643,0.22695311903953552,16,16,False,64.56278508901596,160.97659301757812,0.4441698770970106,1.3327369689941406,46,152,62,44,-0.15973486871827652,-0.6705487697341828,0.5239698911030133,3.1309062886431858,2.5009502121145086,3.974078267996954,3.2528260869564916,0.37585273619583043,0.4640310841682717,0.08957538487223968,0.3332173720030841,0.1124919831311297,-0.6052631578947368,-0.0001810659577534578,93.89589549199445,17.700862375000725,52.8080385889989
G7,clip 0.20 x 45U,ppo_privilege_gru_0722_long45_clip020,22,21,22,0.2532467532467532,0.4935064935064935,0.0012653960043123025,0.058919686423734755,0.9055608258168838,0.9028812400964369,0.8274044791270868,0.055365539603808425,0.4447918236255646,0.0583837873318771,0.15078124403953552,16,16,False,21.619054436683655,50.29004669189453,0.6591949686408043,1.5371261835098267,39,154,76,39,-0.03947223440857976,-0.44976531880528575,0.5223136811499869,3.3915452102545975,2.0183162362242038,5.271812574696213,3.283333333333303,0.32673721952063894,0.462706003710233,0.10094443786109328,0.3482562308407242,0.11905101563306046,-0.5064935064935064,-0.0002859743888579529,92.28997894500208,17.737803284995607,53.01144332300464
G7,clip 0.20 x 45U,ppo_privilege_gru_0722_long45_clip020,23,22,23,0.2781456953642384,0.44370860927152317,0.0018929615998244387,0.03377743509697873,0.9220472522837951,0.9110139462662235,0.921901807296891,0.16657694239736884,1.7013685703277588,0.06038085811178462,0.18132811784744263,16,16,False,34.45778527855873,80.31900024414062,1.0069985184818506,2.343398332595825,42,151,67,42,-0.08442080571538227,-0.5347961899257077,0.511460471855202,3.6329379139955478,2.6474685176613604,4.936789730683858,3.4388095238094896,0.3398152457808853,0.42995226618211035,0.08973945783888655,0.34783289098910375,0.12378234737611181,-0.5562913907284768,0.0002553466478790054,95.23625743100274,17.566637784002523,52.734897196998645
G7,clip 0.20 x 45U,ppo_privilege_gru_0722_long45_clip020,24,23,24,0.2585034013605442,0.46938775510204084,0.00035478623940443654,0.03354699637854912,0.9293733408110859,0.9204334314699865,0.8892823811411249,0.04340458220278379,0.590450644493103,0.037578123970888555,0.11289062350988388,16,16,False,25.040702030062675,52.03291702270508,0.46349913664162157,1.0204821825027466,38,147,69,40,-0.03376383804464686,-0.48458268577920316,0.5349614775589473,3.7311682048291877,1.986827977033104,5.931720492202708,3.8542105263157462,0.3632875256637731,0.47673642820794404,0.08426340786190283,0.3570246906579414,0.12579819779906007,-0.5170068027210885,0.0004200762194400869,95.52149408900004,17.45363673900283,52.07332280999981
G7,clip 0.20 x 45U,ppo_privilege_gru_0722_long45_clip020,25,24,25,0.25165562913907286,0.44370860927152317,0.0014137868373654827,0.027497298417801627,0.9408050788775355,0.9270981547355006,0.9357779703012569,0.0474929101204907,0.6626574397087097,0.044570311409188434,0.10499999672174454,16,16,False,29.632771492004395,53.306373596191406,0.5367187228053808,0.9765007495880127,38,151,67,46,-0.03818739366180974,-0.4722040084790783,0.5518039421054144,3.4534458100247503,2.1980126546099363,5.1600502556667625,3.3592105263157532,0.37424725864573355,0.4616669275886483,0.09641587648647551,0.3457617514775833,0.11918728252405052,-0.5033112582781457,0.00017483061470201743,96.07739133499854,17.610655648997636,52.63410861600278
G7,clip 0.20 x 45U,ppo_privilege_gru_0722_long45_clip020,26,25,26,0.2671232876712329,0.4520547945205479,0.0001314583663032387,0.03436181909632337,0.9080397713490185,0.8852758711768018,0.8880225530523911,0.05011350625070918,0.732550323009491,0.027871093000612746,0.05804687365889549,16,16,False,19.229118689894676,55.29986572265625,0.7274611327797175,1.7609586715698242,39,146,66,41,-0.048040577024303976,-0.5099987734119082,0.543843362097314,3.589118086846814,2.761560409216831,4.64942636131023,4.251794871794822,0.3571231643082162,0.46655049053500325,0.068210953498516,0.36382349073390996,0.12221220169618906,-0.5342465753424658,0.00017030588806277733,95.83885462799662,17.410701020999113,52.04371524200542
G7,clip 0.20 x 45U,ppo_privilege_gru_0722_long45_clip020,27,26,27,0.28104575163398693,0.41830065359477125,0.0013631912015170666,0.04381575223966693,0.9119841498938324,0.8987341690418917,0.880249338157905,0.005775645195681134,0.012264439836144447,0.06397460741573013,0.14812499284744263,16,16,False,46.86843881011009,89.24781799316406,0.459873603656888,1.054520845413208,43,153,64,46,-0.1040956227675115,-0.5390465912681455,0.5007580678036827,3.5034228734893613,2.9298568278805006,4.301038155664182,3.1423255813953204,0.3507324147474562,0.45986090099520066,0.09202874381119136,0.33875888471526167,0.11941359919949528,-0.5620915032679739,-0.0001766034142946403,95.96740720899834,17.69001588899846,52.84282782599621
G7,clip 0.20 x 45U,ppo_privilege_gru_0722_long45_clip020,28,27,28,0.2127659574468085,0.5035460992907801,5.7229900976008e-05,0.026507733129339375,0.9411940504066117,0.9293621696126806,0.9261682556860278,0.121828450501489,1.2778233289718628,0.0256591788293008,0.08960936963558197,16,16,False,16.39382752776146,71.31148529052734,0.49419639855623243,1.4356415271759033,30,141,71,40,0.1046022290952106,-0.2876750260550781,0.5765608016979016,5.139677055929267,4.207978164554517,6.260627284614512,4.182333333333285,0.3629400852171228,0.4746167312721532,0.06642692253822681,0.37983207795559704,0.15028210885899465,-0.425531914893617,1.99571742359752e-05,96.08513135400426,17.224974693002878,51.67327667799691
G7,clip 0.20 x 45U,ppo_privilege_gru_0722_long45_clip020,29,28,29,0.2534246575342466,0.4657534246575342,3.782819505415702e-05,0.033541443999359793,0.9395279234486974,0.9225578971597974,0.924953024596591,0.10309522952418775,1.5729814767837524,0.02351562469266355,0.06312499940395355,16,16,False,16.485414147377014,33.7859992980957,0.6808464836329222,1.7814637422561646,37,146,68,41,-0.002503935078636428,-0.47205515855366387,0.5991085699987423,4.717528599473445,2.8956092155604405,7.051862810111982,3.958918918918876,0.3994927278573587,0.47701642044198383,0.07553850624774776,0.35857087121466513,0.14580026131638613,-0.5068493150684932,-2.57525411945243e-05,93.45322330899944,17.42128120399866,52.24497643700306
G7,clip 0.20 x 45U,ppo_privilege_gru_0722_long45_clip020,30,29,30,0.20279720279720279,0.5454545454545454,0.0036986640164826667,0.03588672267890336,0.9059636928899524,0.9027370677362223,0.8732978575351854,0.015088822011312009,0.11299610882997513,0.10962890394148417,0.2647656202316284,16,16,False,65.56434914469719,135.95986938476562,0.6969241339713335,1.7371867895126343,29,143,78,36,0.10561827489930775,-0.21102504727687765,0.4855902615107302,4.431858698887638,4.040105249929344,4.9019628376375906,3.8806896551723704,0.3641844772324417,0.4761748801174563,0.08519640832428094,0.37272868011096355,0.1382858617595821,-0.40559440559440557,0.00019813862316772979,95.40493313899788,17.324937575001968,51.73691873100324
G7,clip 0.20 x 45U,ppo_privilege_gru_0722_long45_clip020,31,30,31,0.24,0.5533333333333333,0.0007099503941887519,0.03390424886671493,0.9213664614251784,0.9012781331082053,0.9052522149949485,0.006142683951038633,0.02314506657421589,0.04276855371790589,0.13585937023162842,16,16,False,33.070811316370964,98.81501770019531,0.539169866591692,1.311405062675476,36,150,83,31,0.031398621349727616,-0.38511764738037696,0.5760737419967874,4.527299284812926,3.277756747450564,6.161316449056016,3.6266666666666274,0.32884581711993105,0.45967881034495783,0.08437718213944093,0.3690860932839048,0.14209870446302583,-0.48,0.0002138236027970267,94.93095180099772,17.575290645007044,52.568912851995265
G7,clip 0.20 x 45U,ppo_privilege_gru_0722_long45_clip020,32,31,32,0.2127659574468085,0.48936170212765956,-3.305298722811045e-05,0.03385277062983188,0.9038537762979623,0.8813781574838335,0.9365088742017333,0.00429918668773098,0.011344251222908497,0.030551757241482846,0.06531249731779099,16,16,False,12.75621847808361,31.490039825439453,0.37920427955687047,0.7956124544143677,30,141,69,42,0.07191050195707671,-0.2768042632010989,0.4914579537880069,3.969932265606208,3.700366813859287,4.294253199739222,3.823333333333292,0.37953271015120876,0.4485650819253755,0.07714046132125804,0.3663948591534254,0.1306988770837198,-0.425531914893617,0.00034868061354860946,95.38122126599774,17.291900292002538,51.724464573999285
G7,clip 0.20 x 45U,ppo_privilege_gru_0722_long45_clip020,33,32,33,0.21232876712328766,0.4726027397260274,0.001851040334513776,0.025525627046488707,0.9322871987601287,0.9231723929136662,0.9195412110508541,0.20880941277428064,1.3876901865005493,0.07844238018151373,0.15843749046325684,16,16,False,29.5487502515316,55.237998962402344,0.542336673475802,1.1770129203796387,31,146,69,46,0.07128804577229703,-0.3255142572119756,0.5796909964708963,3.9431295216573767,3.2447756882844634,4.837895370666422,3.6374193548386695,0.4148232516801584,0.4617156902463081,0.08454073501893372,0.3657015922025477,0.13023121616712213,-0.4246575342465753,1.2771649202385022e-05,95.69395314199937,17.469025792997854,52.17746641799749
G7,clip 0.20 x 45U,ppo_privilege_gru_0722_long45_clip020,34,33,34,0.2585034013605442,0.4557823129251701,0.0006741193692114678,0.04416212387272556,0.9331659566201358,0.9177584056822818,0.9071778707208855,0.052198880016076143,0.7468576431274414,0.047792967307032086,0.14031249284744263,16,16,False,22.101898431777954,58.81129455566406,0.6352877449244261,1.4049136638641357,38,147,67,42,-0.024705136388860568,-0.4858088174568413,0.5569948920353612,3.944400530497007,2.766036087565176,5.430952596964856,4.421315789473631,0.3591629991973452,0.4401247501077564,0.08421287087782424,0.3629261501536003,0.12931867882183806,-0.5170068027210885,5.6837356789486856e-05,94.9635156400036,17.534850000003644,52.25054362499941
G7,clip 0.20 x 45U,ppo_privilege_gru_0722_long45_clip020,35,34,35,0.18248175182481752,0.5547445255474452,0.0013387818425325548,0.023119396716583057,0.9408482192844351,0.9492889294639768,0.878039566690635,0.05793746153387474,0.8464624881744385,0.05327636608853936,0.12101562321186066,16,16,False,27.3842094540596,57.28532791137695,0.3181089149788022,1.02653968334198,25,137,76,36,0.17733081648485702,-0.17592298342029566,0.5802609320016718,5.007172546969346,4.158057252299659,5.975694679951959,4.1487999999999525,0.36175669975096836,0.47003333292298616,0.06730637572085381,0.39110159412207013,0.15092460675085184,-0.36496350364963503,0.00026811926156996234,92.47749787299836,17.111459241001285,51.15705176300253
G7,clip 0.20 x 45U,ppo_privilege_gru_0722_long45_clip020,36,35,36,0.2206896551724138,0.46206896551724136,0.0024345391003590677,0.025543852228100298,0.9470690501898108,0.938167227306399,0.9297496543390065,0.11811444477702025,0.9855073094367981,0.09222656003839802,0.177734375,16,16,False,30.937398985028267,85.49119567871094,0.43375591151416304,1.082063913345337,32,145,67,46,0.04321767511935575,-0.3395499096445525,0.5143162409826274,3.715426896100254,2.6315843301674233,5.049386977248354,3.8234374999999563,0.3575708075821281,0.4679073975651373,0.0854131239117981,0.3592995623216143,0.12514128721496004,-0.4413793103448276,0.0001561359276089472,94.00835851499869,17.423451607995958,51.82429789600428
G7,clip 0.20 x 45U,ppo_privilege_gru_0722_long45_clip020,37,36,37,0.28846153846153844,0.4551282051282051,0.001412215253508542,0.028284212207230635,0.9433079257388863,0.9309135608038923,0.9362660983580333,0.11205475791764911,0.9827067255973816,0.038090820104116574,0.09734375029802322,16,16,False,18.72274574637413,47.62036895751953,0.46289169788360596,1.0785242319107056,45,156,71,40,-0.10852442083071964,-0.5225918238593188,0.45611294693555193,3.8862035863212974,2.7713552049873043,5.406451379049469,3.220888888888859,0.3534435302119696,0.45512371140820507,0.09789886299094216,0.3401628635134041,0.1278251165500007,-0.5769230769230769,0.00041067602895245915,95.41400345899456,17.83407324700238,52.943061908001255
G7,clip 0.20 x 45U,ppo_privilege_gru_0722_long45_clip020,38,37,38,0.1510791366906475,0.49640287769784175,0.003539509371803362,0.024234482231669782,0.9348377607527567,0.9186607382830045,0.9508145567236146,0.12152474803762743,0.7690794467926025,0.09993652120465413,0.2542968690395355,16,16,False,41.206513434648514,121.6636962890625,0.4566391656175256,1.0730088949203491,21,139,69,49,0.20823842830324704,-0.1060990519241525,0.5766026629447308,3.9411024300706226,2.9284183013652165,5.127841643397271,4.048571428571381,0.433720359515323,0.47394260932296617,0.06297994354633449,0.38073328875776324,0.12941979730096626,-0.302158273381295,0.00024361562581253946,95.17651886300155,17.176011472998653,51.2529565549994
G7,clip 0.20 x 45U,ppo_privilege_gru_0722_long45_clip020,39,38,39,0.20422535211267606,0.5563380281690141,0.0031169167874032233,0.02376969750528716,0.9333779678557887,0.9227382866928632,0.9476893619256342,0.10082777091913159,0.759501576423645,0.09563476382754743,0.29289060831069946,16,16,False,56.8851603269577,160.68661499023438,0.3846114300191402,1.016824722290039,29,142,79,34,0.10607613931204382,-0.28091744427216736,0.577724569305301,4.94288269682694,3.8942247238719565,6.220934601365826,3.6555172413792714,0.3616051127683346,0.4789800460682877,0.07129673951656883,0.3680898740521107,0.1460456291360919,-0.4084507042253521,0.0003913403491933371,94.7740255710014,17.25109528900066,51.65522424100345
G7,clip 0.20 x 45U,ppo_privilege_gru_0722_long45_clip020,40,39,40,0.24324324324324326,0.5,0.00015800985384828437,0.03186518549293304,0.9329764794254211,0.929154142715775,0.8948179367218282,0.05802486345317447,0.8347395658493042,0.036767577432328835,0.09335937350988388,16,16,False,15.880651518702507,36.027122497558594,0.4185745697468519,0.8334008455276489,36,148,74,38,0.000764207559676394,-0.3914751409210328,0.5016236833119666,3.841491692627012,3.4823565097384557,4.3000796953924,3.7458333333332923,0.37699561504302814,0.47651249078729646,0.08547395273130579,0.3613333094197868,0.1263280844968736,-0.4864864864864865,-0.00041069987049749103,92.9586032560037,17.470838002001983,52.260021501002484
G7,clip 0.20 x 45U,ppo_privilege_gru_0722_long45_clip020,41,40,41,0.24475524475524477,0.5034965034965035,0.0011183227567013176,0.05461162207756458,0.9274602797131222,0.9186621745216695,0.9252127097694263,0.0055368019314482805,0.01085573434829712,0.06455078053841135,0.1615625023841858,16,16,False,31.90898309648037,83.63963317871094,0.6027310505509377,1.359322428703308,35,143,72,36,0.018007414044460036,-0.3969419375942485,0.5302105199734908,4.127462501310111,3.158721844247609,5.3232517498716385,4.245142857142807,0.35550067889520337,0.45870863941567197,0.07278891905186274,0.37366327581515996,0.1335797676258146,-0.48951048951048953,0.00027486011397490745,97.98190034199797,17.21944762199564,51.61371925799904
G7,clip 0.20 x 45U,ppo_privilege_gru_0722_long45_clip020,42,41,42,0.22666666666666666,0.5066666666666667,0.00296529864402606,0.04009234575965043,0.9502237162268946,0.9416167836792455,0.9490284529675349,0.010460252712946386,0.04064735770225525,0.10444335837382823,0.22593750059604645,16,16,False,59.020524471998215,112.24960327148438,0.39433620143681763,0.7585771083831787,34,150,76,40,0.05977443505512228,-0.33193464917221044,0.5861335169856006,5.182831885032848,4.13860266309971,6.5860149020055045,3.005882352941151,0.34545932047451133,0.44430503354263656,0.09237888751543075,0.35923351640571943,0.15424511647911007,-0.4533333333333333,-0.00037086449637388394,98.6074057529986,17.62446870799613,52.63054195300356
G7,clip 0.20 x 45U,ppo_privilege_gru_0722_long45_clip020,43,42,43,0.20422535211267606,0.5070422535211268,-0.00020422733603542298,0.05831584192729921,0.890376266622557,0.8920393594755082,0.7847961858782173,0.004400671570256233,0.02233935333788395,0.023159179007052444,0.05742187425494194,16,16,False,18.180080115795135,46.65117645263672,0.47219104431569575,1.043531894683838,29,142,72,41,0.11141392033933344,-0.24800914987585534,0.5371920189019417,4.357950639760079,3.210847291825734,5.716826913466919,4.403793103448224,0.3704020281136495,0.4622778071227272,0.07348201818616898,0.3817268639814845,0.13795550380829225,-0.4084507042253521,0.000182256774908786,96.57967224100139,17.28405816599843,51.73130052800116
G7,clip 0.20 x 45U,ppo_privilege_gru_0722_long45_clip020,44,43,44,0.18840579710144928,0.4855072463768116,1.5135727994941561e-05,0.02965714933051213,0.9435812329019209,0.9468409969239823,0.9023456864566719,0.0040750067855697125,0.016187326982617378,0.022158202446007635,0.05374999716877937,16,16,False,23.576194405555725,58.003543853759766,0.32908463589847087,0.9971588253974915,26,138,67,45,0.13498775038772948,-0.1506300848606318,0.46523337239364726,4.137048426193801,3.7165631931662704,4.623234476881885,4.3676923076922565,0.37750843602617695,0.4662665647184726,0.06657768584939067,0.37701584993686543,0.13514461627347701,-0.37681159420289856,-0.00036112161971438116,92.94364805099758,17.07470180599921,51.061299755994696
G7,clip 0.20 x 45U,ppo_privilege_gru_0722_long45_clip020,45,44,45,0.19014084507042253,0.5,0.0003010687663933531,0.021642177694054143,0.951260295419605,0.9468050201056651,0.9304445423174116,0.003930387975287886,0.007031087763607502,0.039555663390274276,0.08164062350988388,16,16,False,24.36520068347454,68.22624206542969,0.3842847978696227,1.1098123788833618,27,142,71,44,0.13264055016484644,-0.2418757259772032,0.5890822617129696,4.431365133596903,3.733912946024843,5.281384987200349,3.918888888888845,0.37321887311599033,0.45988500400240667,0.0696442632098226,0.3721361511010083,0.1406594868908541,-0.38028169014084506,0.0001266023138292067,93.77130404700438,17.288938190999033,51.5347413060008
G8,clip 0.25 x 45U,ppo_privilege_gru_0722_long45_clip025,1,0,1,0.33962264150943394,0.41509433962264153,0.009249188585938706,0.17396116385642058,0.6211697350443632,0.6038145037468354,0.5865283103675676,0.19007756413309834,2.1500465869903564,0.11631347425282001,0.47984373569488525,16,16,False,80.60337942838669,254.43116760253906,2.5946134328842163,6.131119251251221,54,159,66,39,-0.23055848805200252,-0.7836086370903732,0.5692371120957951,3.503862829655375,1.7935366908688255,5.977257553439001,3.556666666666632,0.3090019532907204,0.43090997908191037,0.08736558703054961,0.3284134787783901,0.12027644987074954,-0.6792452830188679,-3.133682274248001e-06,91.26261257199803,17.577770294999937,52.62756667299982
G8,clip 0.25 x 45U,ppo_privilege_gru_0722_long45_clip025,2,1,2,0.36129032258064514,0.34838709677419355,0.000495560449473964,0.054220332424735555,0.7883287668812927,0.7848509189948786,0.7675578062951997,0.05327316832437645,0.7621027231216431,0.032070311877760105,0.057734373956918716,16,16,False,20.485760241746902,54.9527702331543,0.8417639873921872,2.3799235820770264,56,155,54,45,-0.28264640615012043,-0.8246756016461179,0.48805135619575135,2.9950780664640506,2.2987643408143916,3.9851491451221603,4.00428571428567,0.3965201168975116,0.4396085548716442,0.10479488402695418,0.3295197094246757,0.10978949684927354,-0.7225806451612903,0.0006250327372206891,93.09508365799411,17.505166614995687,52.302117278995865
G8,clip 0.25 x 45U,ppo_privilege_gru_0722_long45_clip025,3,2,3,0.3836477987421384,0.3584905660377358,0.0006356562339169813,0.07617291685138133,0.7918221281935114,0.7405431502038791,0.7707507271417299,0.09012275693792617,0.8472349643707275,0.0450732411336503,0.10726562142372131,16,16,False,34.31717982888222,98.64319610595703,1.7582313850522042,3.867401123046875,61,159,57,41,-0.3339182680728233,-0.937599406192163,0.5390975316689912,3.1420734525309975,0.9510364200301789,6.310650084147567,3.6844262295081576,0.3077558151935778,0.43965300201509183,0.10198548491202382,0.3204703909724936,0.11249067462850684,-0.7672955974842768,0.0004162638104530495,93.28071138100495,17.62738203399931,52.644756955996854
G8,clip 0.25 x 45U,ppo_privilege_gru_0722_long45_clip025,4,3,4,0.4050632911392405,0.3291139240506329,0.0025136842815483007,0.06957739182977654,0.803334491853027,0.761330690479244,0.7952105239722975,0.06413651054579532,0.8524042963981628,0.0614501943346113,0.15507812798023224,16,16,False,37.97085486352444,128.07205200195312,2.43338378444314,5.052950859069824,64,158,52,42,-0.3629100443484284,-0.9727933562828941,0.5328560700553181,3.4300508024423957,1.7383781466763544,5.9146950155987685,4.213593749999951,0.29409419354738237,0.45582216756302263,0.08683440988222467,0.3290399632479654,0.11838357556154913,-0.810126582278481,-0.00020700087946183145,91.41532272999757,17.69308724500297,52.7420826919988
G8,clip 0.25 x 45U,ppo_privilege_gru_0722_long45_clip025,5,4,5,0.3548387096774194,0.3870967741935484,0.0003985160147568223,0.11418498605065064,0.7577425026823414,0.7094276655923285,0.7366087116665545,0.008658574516593943,0.03168805316090584,0.038769530361605575,0.09851562231779099,16,16,False,20.96640232205391,42.17689895629883,2.4872404873371123,5.411135673522949,55,155,60,40,-0.25748256798828134,-0.8025257866612335,0.5175007585623226,3.2990571160215834,2.1153664510357655,4.982117280298292,4.020363636363591,0.325265849323511,0.42090670319197426,0.09199733751246114,0.3358322918345842,0.1162496024266299,-0.7096774193548387,0.00011295710534326285,92.71158513199771,17.604126138998254,52.558121261005
G8,clip 0.25 x 45U,ppo_privilege_gru_0722_long45_clip025,6,5,6,0.3558282208588957,0.3619631901840491,3.948625146222434e-05,0.06454982668259329,0.8119078323213276,0.7503009986255471,0.8044457583689647,0.008504400650563182,0.06682674586772919,0.018618163972860202,0.06804687529802322,16,16,False,13.10410338640213,27.525671005249023,1.5214419573545457,3.3329977989196777,58,163,59,46,-0.28834113027444946,-0.8152307230058722,0.4860269075277927,3.216717362190218,1.9046834889896243,5.14500956977291,3.225344827586176,0.34654954260027276,0.47588967739261917,0.09423522725679388,0.31276742997623863,0.11068749082361323,-0.7116564417177914,-0.00013960935650996997,93.41657490999933,18.004587342002196,53.295459105997
G8,clip 0.25 x 45U,ppo_privilege_gru_0722_long45_clip025,7,6,7,0.2635135135135135,0.40540540540540543,0.0030257414656080783,0.08332207310529498,0.8142809137696264,0.7903321147753319,0.7535102584484983,0.012204848513065372,0.028502756729722023,0.06596679490758106,0.24187499284744263,16,16,False,49.5385519862175,134.709228515625,1.2799776624888182,3.5229668617248535,39,148,60,49,-0.04884010945224752,-0.4974059895359017,0.5399026081575486,3.8951833241119784,3.345343993631354,4.6168474453677995,3.8325641025640627,0.3762196146732189,0.4449316275479318,0.08854351924653135,0.35200506056427205,0.1259796543657276,-0.527027027027027,0.00020220264477978294,93.53934392099472,17.36975044800056,51.71873259700078
G8,clip 0.25 x 45U,ppo_privilege_gru_0722_long45_clip025,8,7,8,0.31333333333333335,0.4066666666666667,-2.2713557409126395e-05,0.08490895944742709,0.826862686699956,0.7925504230544448,0.7502091497118963,0.1308304032216256,0.7474508285522461,0.02390624947656761,0.04859374836087227,16,16,False,17.449101462960243,48.89731216430664,1.0920081287622452,3.1022560596466064,47,150,61,42,-0.15947942257393413,-0.6852048668140445,0.5469641431237141,3.312065045490097,2.054960654331928,5.001299071108887,4.218085106382931,0.35061911341635016,0.461309000171817,0.08215821590639355,0.349098908657051,0.1179115607018628,-0.6266666666666667,0.00017677473381873894,93.19522141299967,17.480622347000462,52.18674900600308
G8,clip 0.25 x 45U,ppo_privilege_gru_0722_long45_clip025,9,8,9,0.33986928104575165,0.45751633986928103,0.0009631767272209046,0.04311453987338994,0.8481700413752516,0.8272202965003823,0.7629366281376733,0.0207918112759944,0.22228163480758667,0.04546874893276254,0.10343749821186066,16,16,False,19.003526598215103,39.3247184753418,1.1020401999354363,2.9331958293914795,52,153,70,31,-0.19927218926925727,-0.7656265123149025,0.588314291216093,3.975802834412972,2.2925970701534117,6.316510850336423,4.165961538461491,0.32323017198579734,0.4451529171266438,0.07894067429099294,0.3501793722726426,0.13000359185676455,-0.6797385620915033,0.00028340869283873985,94.20171754500188,17.635164145998715,52.36306109099678
G8,clip 0.25 x 45U,ppo_privilege_gru_0722_long45_clip025,10,9,10,0.2972972972972973,0.5135135135135135,0.0018568621744634584,0.05597375391019864,0.8710389590040457,0.8605063248212955,0.780952133551607,0.046125084972591136,0.61147540807724,0.04921386665228056,0.1810937523841858,16,16,False,37.08437801897526,107.72733306884766,0.991397362947464,2.151867389678955,44,148,76,28,-0.07615478354553544,-0.5440485213802072,0.5051677392187539,4.769322734763065,3.0206714786722237,6.941889446875929,4.548409090909036,0.331526468146714,0.4462680264325919,0.08511555641627695,0.3710664059182237,0.14709964880210666,-0.5945945945945946,0.0002737563287288509,93.1934182279947,17.265747498000565,51.838357330998406
G8,clip 0.25 x 45U,ppo_privilege_gru_0722_long45_clip025,11,10,11,0.34615384615384615,0.4230769230769231,0.0034538413102929155,0.057740208342478526,0.8550036056523178,0.8304904271335658,0.7846527708599976,0.15769063664018176,0.7367793917655945,0.08823730230506044,0.2317187488079071,16,16,False,62.18782812356949,164.79530334472656,1.0186143539845944,2.5736310482025146,54,156,66,36,-0.24249966174005594,-0.7742205021466756,0.5218490463444598,3.520175793062475,2.4640230364066933,5.038395380755161,3.511481481481448,0.3360253659845891,0.4466852475986193,0.09867655966033435,0.33015634529935795,0.11962903559489343,-0.6923076923076923,2.2649673384961882e-05,92.48231390300498,17.633965169006842,52.571455896999396
G8,clip 0.25 x 45U,ppo_privilege_gru_0722_long45_clip025,12,11,12,0.25675675675675674,0.44594594594594594,0.0011366183595691304,0.034585382180421974,0.9047926852211707,0.9009956867693855,0.8526012518058118,0.37576801521820014,2.144320011138916,0.03924316345182888,0.11656250059604645,16,16,False,26.831253677606583,86.27902221679688,0.7571799155324698,1.865720510482788,38,148,66,44,-0.005514448446874123,-0.41659548996832113,0.5194044199574351,4.914648555103051,4.6151811111766765,5.297045445039805,3.911578947368378,0.3827886688185176,0.45654878109449293,0.06633492405486763,0.358176718366421,0.1495118258919533,-0.5135135135135135,0.00031052080826503905,93.02292896599829,17.38796241700038,51.72423968899966
G8,clip 0.25 x 45U,ppo_privilege_gru_0722_long45_clip025,13,12,13,0.35294117647058826,0.37254901960784315,0.0005857855168867054,0.040391220790890865,0.8943158416731258,0.8588058675940174,0.8451877660142948,0.006822641397448023,0.04200715944170952,0.019902343346984708,0.06539062410593033,16,16,False,26.51334321498871,57.720272064208984,0.6792493332177401,1.5429829359054565,54,153,57,42,-0.26267054093142533,-0.7423802917461946,0.3696741305971339,2.804466537547677,1.4979507671246426,4.526691871287132,4.13092592592588,0.32385026509469184,0.46161434009505525,0.08535516578482451,0.3366275098792944,0.1060319417505901,-0.7058823529411765,0.0005523603798665479,93.09633389800001,17.554942609996942,52.353863483003806
G8,clip 0.25 x 45U,ppo_privilege_gru_0722_long45_clip025,14,13,14,0.3630573248407643,0.4012738853503185,0.0036547484299536137,0.03529158628965452,0.8889076496816751,0.8813056517075402,0.8346134258261066,0.08290619203529787,0.6153122186660767,0.08052245881117415,0.24117186665534973,16,16,False,57.96683269739151,149.72586059570312,0.976951963454485,2.278271436691284,57,157,63,37,-0.27245903621566137,-0.7371944613202583,0.35181243034275267,3.156483556859032,2.8635858950470663,3.5499281772034634,4.1352631578946895,0.3137690266152612,0.4503032486541986,0.08917775541377534,0.34066620216507193,0.11267596650437005,-0.7261146496815286,0.0003134447964252359,92.10156422400178,17.724499997995736,52.9232863799989
G8,clip 0.25 x 45U,ppo_privilege_gru_0722_long45_clip025,15,14,15,0.33766233766233766,0.42207792207792205,0.000540652619783942,0.04679000912213106,0.8809596241671693,0.8669107610252539,0.8299890299214211,0.0762486014685419,0.5607118010520935,0.03465820255223662,0.07468749582767487,16,16,False,15.907446086406708,52.06399917602539,0.7284081496298314,2.0264346599578857,52,154,65,37,-0.2105580121364606,-0.7614993678152053,0.5438078441005899,3.76883358470001,2.940693149188851,4.902748950246059,4.066538461538416,0.3507488594750263,0.45603947102798337,0.09600772725810491,0.34149017856717917,0.12279679122997765,-0.6753246753246753,0.00047969339105787315,92.13717492199794,17.585483439994277,52.34400954400189
G8,clip 0.25 x 45U,ppo_privilege_gru_0722_long45_clip025,16,15,16,0.31333333333333335,0.44,0.00022525387161298482,0.03797467107520206,0.8844667085205367,0.8519412928064855,0.8484629061999716,0.12815305685420753,0.6890586018562317,0.02677734314056579,0.06492187082767487,16,16,False,16.413549572229385,34.79922103881836,0.6454589899629355,1.376401424407959,47,150,66,37,-0.13628585395095594,-0.6868855562601323,0.6035824960269998,4.318173231988093,3.1418242928642264,5.898892118935789,4.178510638297823,0.33811854532230273,0.45325565807109847,0.08833899573273553,0.3533841676572613,0.1366857616416231,-0.6266666666666667,0.0003108834168263228,91.39947105800093,17.288618336999207,51.863605952996295
G8,clip 0.25 x 45U,ppo_privilege_gru_0722_long45_clip025,17,16,17,0.29333333333333333,0.47333333333333333,0.0022313450260298406,0.06983840661274479,0.8952408674605807,0.8738889652299504,0.8182252712277942,0.21982140504725975,2.4329986572265625,0.06841796793742105,0.19499999284744263,16,16,False,38.54932376742363,113.51654815673828,1.0163086779415607,2.91544246673584,44,150,71,35,-0.0874894856960309,-0.6182600839777156,0.6257335057449829,4.47930952544018,2.8680610202701113,6.644424704262458,4.260681818181768,0.2878998006303438,0.4396221229586331,0.09864149681843379,0.35894358184911096,0.14026156607830778,-0.5866666666666667,-2.796695678298322e-05,91.54161968799599,17.432229746002122,51.74797641100304
G8,clip 0.25 x 45U,ppo_privilege_gru_0722_long45_clip025,18,17,18,0.2671232876712329,0.5342465753424658,0.0008077274656170808,0.02913401692515218,0.9053961444373485,0.886857256256301,0.860999358905661,0.00792752520588692,0.02293103002011776,0.037568358529824764,0.10007812082767487,16,16,False,19.518451422452927,54.95587921142578,0.7248463857918978,2.10270357131958,39,146,78,29,-0.004948628960262297,-0.4934920813542064,0.5872252527293669,5.7626015868202085,3.6231331732179095,8.355896633610872,4.285641025640976,0.2903684982692288,0.4474924381745691,0.07976564508284832,0.36290418258887097,0.1660539199004649,-0.5342465753424658,0.00033984389286758775,93.48628238299716,17.207893682003487,51.45271973199851
G8,clip 0.25 x 45U,ppo_privilege_gru_0722_long45_clip025,19,18,19,0.3630573248407643,0.4140127388535032,0.0007430733053297445,0.03705092280858402,0.8818533428614291,0.8503638247236996,0.8406371716398656,0.0069923002120049205,0.019335687160491943,0.037436522979987785,0.13007812201976776,16,16,False,31.78317043185234,92.73048400878906,0.8859555512666702,2.4388201236724854,57,157,65,35,-0.26289136283938,-0.7698808760325033,0.4361396326238654,3.92452041897405,2.31561409074966,6.14286096243495,3.8349122807017135,0.2973109818974215,0.45409211984256104,0.0855064502522823,0.3354335044480623,0.12826158935213017,-0.7261146496815286,-0.0004718069580438787,92.6537775350007,17.718491110004834,52.77147862200218
G8,clip 0.25 x 45U,ppo_privilege_gru_0722_long45_clip025,20,19,20,0.3443708609271523,0.3509933774834437,0.0006520594525318835,0.03378805309269584,0.8917840998460667,0.857757260254139,0.7963738031221008,0.006918521092447918,0.02570163458585739,0.041889647822245024,0.134765625,16,16,False,33.21199296414852,114.26483917236328,0.7107631675899029,2.2993569374084473,52,151,53,46,-0.23282864049839438,-0.7741425250971719,0.4833712683553726,2.954161924877872,1.3782271521301876,5.03924485497481,4.595576923076868,0.3518246621062561,0.44826341701019706,0.08398322239201855,0.3456026196416372,0.10998224721989357,-0.6887417218543046,0.0003282144943793487,93.14996874099597,17.35863770799915,52.1380281909951
G8,clip 0.25 x 45U,ppo_privilege_gru_0722_long45_clip025,21,20,21,0.31645569620253167,0.41139240506329117,0.0004971862473395205,0.0424614098510758,0.8984440110223451,0.8707834085589898,0.7787819338890531,0.40761520620559166,2.362548351287842,0.03737792861647904,0.08117187023162842,16,16,False,25.980837538838387,53.770381927490234,0.7950436241924763,1.9713729619979858,50,158,65,43,-0.18588169877723779,-0.6921559175869447,0.5384798758274197,3.2465663175232655,2.4180763334638304,4.431944294715995,3.3391999999999693,0.34551135027562596,0.43911007484647596,0.09451481251329262,0.33234309460036476,0.11511729935927541,-0.6329113924050633,-0.0004307003318146483,93.38340515299933,17.829435067993472,52.80746954099595
G8,clip 0.25 x 45U,ppo_privilege_gru_0722_long45_clip025,22,21,22,0.29333333333333333,0.5066666666666667,0.0007048632170699454,0.026166240001559527,0.9152982980974326,0.9108112571934524,0.8332211847918771,0.007724293931096325,0.017241770401597023,0.0509521476997179,0.15460936725139618,16,16,False,34.908062279224396,100.16810607910156,0.49117622412741185,0.9997462034225464,44,150,76,30,-0.09092873324810642,-0.5331935351307224,0.47195374187522304,4.541319539916784,3.5884558613837445,5.754055130777017,3.7465909090908713,0.3253960545623702,0.42654193960644043,0.08960054371620653,0.3538115697021865,0.14189021759587434,-0.5866666666666667,3.6146120499352144e-05,93.70915071199852,17.483505378004338,51.88430165900354
G8,clip 0.25 x 45U,ppo_privilege_gru_0722_long45_clip025,23,22,23,0.33774834437086093,0.46357615894039733,0.00030042472261682107,0.030379166888513373,0.9138207322924581,0.8996613565908348,0.8653384375442297,0.044843281663779634,0.6106725335121155,0.028432616769350716,0.0729687511920929,16,16,False,22.445047810673714,68.69205474853516,0.7168156541883945,1.7632763385772705,51,151,70,30,-0.1938171137230238,-0.7141707297469273,0.5135385830594701,4.054693246326628,3.381572236586772,4.969717118941745,4.193921568627403,0.29892743015916673,0.4255306231610035,0.08707319447571654,0.3493493606360886,0.13227349946421652,-0.6754966887417219,5.671491839295527e-05,93.62159053300275,17.477538574996288,51.9831109509978
G8,clip 0.25 x 45U,ppo_privilege_gru_0722_long45_clip025,24,23,24,0.28378378378378377,0.47297297297297297,0.003660937200311354,0.030255788585146055,0.9102930415482747,0.8985650915801704,0.8299961443101446,0.07180800187517888,0.4963761866092682,0.08269531013502274,0.2338281124830246,16,16,False,45.375746726989746,129.89459228515625,0.5033993743360042,1.2075444459915161,42,148,70,36,-0.06707231122803667,-0.5542895866993888,0.5219515591179265,4.5161144406747615,2.826748599208863,6.558482099760399,4.330238095238044,0.31677625998805403,0.47059668622933026,0.09029184828605497,0.3598216124789003,0.14025635729240732,-0.5675675675675675,0.00041728656822329405,94.27523254099651,17.27044473600108,51.57438464200095
G8,clip 0.25 x 45U,ppo_privilege_gru_0722_long45_clip025,25,24,25,0.21232876712328766,0.5068493150684932,0.0008069895586118037,0.03357727016639758,0.8902691830712112,0.882202338782558,0.7829618392898697,0.006910252061643404,0.013935425318777561,0.04223632700450253,0.11757811903953552,16,16,False,26.26824827492237,72.52066802978516,0.40848945192992686,1.158459186553955,31,146,74,41,0.08199525195083623,-0.3173289227268383,0.5936293507566067,4.538891460569021,3.7779702569247346,5.513821752738263,3.696774193548348,0.37942666591771895,0.45241279346469615,0.09110438161417055,0.3647978329203171,0.14160244906085845,-0.4246575342465753,0.0002525042162359696,91.01599958300358,17.29392081699916,51.536350445996504
G8,clip 0.25 x 45U,ppo_privilege_gru_0722_long45_clip025,26,25,26,0.29931972789115646,0.42857142857142855,0.0009112916762035184,0.0868243711333961,0.8999420280802554,0.8729114263874241,0.8950303826131834,0.10303197877597994,1.5113682746887207,0.029921874083811417,0.09328124672174454,16,16,False,22.702340483665466,79.13042449951172,0.9152539975941181,2.4802935123443604,44,147,63,40,-0.11949996101579408,-0.5834355586212454,0.4821665171287757,3.7503169875840703,2.884689911638646,4.8729271017007925,4.130909090909045,0.33032679095289447,0.4556662493996352,0.07517767018365067,0.35428412224352057,0.12488176347935404,-0.5986394557823129,-2.6390956355646795e-05,92.19609265000327,17.22538330200041,51.61756720899575
G8,clip 0.25 x 45U,ppo_privilege_gru_0722_long45_clip025,27,26,27,0.3248407643312102,0.3821656050955414,0.0025435065876084906,0.0329784262031122,0.920910307295297,0.9087277257279194,0.8436557336401358,0.006165050476847678,0.037508275359869,0.017163085352876806,0.049687497317790985,16,16,False,17.507407322525978,44.84752655029297,0.4899251122027636,1.251105546951294,51,157,60,46,-0.20190821482400817,-0.7338528892467419,0.5710738901965268,3.201050337660998,2.2403221323989904,4.597108510932353,3.550196078431336,0.32186340614739184,0.4614332651983909,0.09605564937946785,0.3348467512927686,0.11283882720449791,-0.6496815286624203,8.773534114567487e-05,92.97731240499706,17.687788511997496,52.68573074800224
G8,clip 0.25 x 45U,ppo_privilege_gru_0722_long45_clip025,28,27,28,0.27702702702702703,0.4797297297297297,-0.0007458517098433148,0.04158610530013149,0.9104734799096977,0.8966823326287104,0.8228443529141996,0.10336762221821118,0.8233024477958679,0.019687499487190507,0.04117187485098839,16,16,False,9.823710069060326,20.01017189025879,0.5865114443004131,1.4988330602645874,41,148,71,36,-0.036540672831779704,-0.5231898089740539,0.5848728394729704,4.929646470865919,3.680387130367274,6.524854551810342,4.444390243902387,0.3500555336109349,0.45225988060458155,0.06983763975434899,0.36695152484930926,0.15031534962813578,-0.5540540540540541,0.0002465067448293415,93.3987182100027,17.287871448999795,51.64229870700365
G8,clip 0.25 x 45U,ppo_privilege_gru_0722_long45_clip025,29,28,29,0.27972027972027974,0.46153846153846156,-0.00039241078890883685,0.02406431954141562,0.9511800614024509,0.9488325776429261,0.8978171559880402,0.004738718587323092,0.010514669120311737,0.021528320081415586,0.050078123807907104,16,16,False,14.9479009360075,47.11383819580078,0.6934153661131859,1.5700277090072632,40,143,66,37,-0.04596057642007483,-0.5508250562267403,0.5598767993479236,5.024220503850563,3.5860705377288684,6.7500004631965975,4.4889999999999475,0.41225033064330796,0.46466544454696823,0.06735390885886079,0.3634087183481097,0.14999908102084225,-0.5594405594405595,7.218365153258341e-05,91.44421723000414,17.083571267998195,51.20522926099511
G8,clip 0.25 x 45U,ppo_privilege_gru_0722_long45_clip025,30,29,30,0.2905405405405405,0.5202702702702703,0.0010340105323303206,0.0427822834736043,0.9137156116486405,0.9016659331047473,0.8898924510734723,0.0919149793899851,1.3129264116287231,0.033930663019418716,0.06656249612569809,16,16,False,18.171289056539536,37.10612487792969,0.9553266488015651,2.329969882965088,43,148,77,28,-0.07819671036313873,-0.4822232681288651,0.4520881467043772,4.372516477812837,3.9151628116337878,4.972793164672838,4.428139534883667,0.31595552294284124,0.4457215404024788,0.07806131237632563,0.3646393366939995,0.13787262726950203,-0.581081081081081,0.0003724067544406351,91.85661939800048,17.415665314998478,51.77101612400293
G8,clip 0.25 x 45U,ppo_privilege_gru_0722_long45_clip025,31,30,31,0.29333333333333333,0.5,5.2969623657195264e-05,0.056787068593597105,0.9187647046981093,0.9059096057365611,0.8688949882072899,0.04460479242792644,0.6289008855819702,0.03223632758999884,0.07421875,16,16,False,18.926378458738327,46.16485595703125,0.6670225635170937,1.8584113121032715,44,150,75,31,-0.09266969519521921,-0.5769425758465502,0.5406102256565213,4.435151502116085,3.2005855274972808,6.0495839304637515,3.8311363636363227,0.31459473747124556,0.46234465800777436,0.08111842041352127,0.35459412055922335,0.1390961950642811,-0.5866666666666667,0.0003066558479429596,94.08278538900049,17.476441236998653,51.82356145599624
G8,clip 0.25 x 45U,ppo_privilege_gru_0722_long45_clip025,32,31,32,0.20833333333333334,0.4861111111111111,0.0007847924215640401,0.07152097919987646,0.8932826659769038,0.8778977354260585,0.8893875042257873,0.0587463874000241,0.856954038143158,0.030800780790741555,0.06437499821186066,16,16,False,17.852880775928497,64.97246551513672,0.6971201103180646,1.671144723892212,30,144,70,44,0.09731222003407031,-0.27032122867664177,0.5441282576978588,4.621664220109899,4.278618156379766,5.038597128335754,3.74199999999996,0.34414233789335835,0.4259477573609438,0.08535638408122082,0.3699793354321859,0.14378388423333285,-0.4166666666666667,0.00021566703521821163,96.4781103580026,17.233440397001687,51.205231326996
G8,clip 0.25 x 45U,ppo_privilege_gru_0722_long45_clip025,33,32,33,0.2152777777777778,0.4930555555555556,0.0020418427306685416,0.02901916238227122,0.929783056146455,0.936329686589256,0.8569972063419565,0.04452631404856219,0.5609651803970337,0.0528662104261457,0.2943750023841858,16,16,False,32.5391771197319,165.57994079589844,0.48075306341052054,1.0939275026321411,31,144,71,42,0.08421776552194918,-0.2058509958344944,0.43676287547824205,4.638481158719419,4.760098868821176,4.4906688649034345,3.7448387096773805,0.40620907617372354,0.4699469483159717,0.0693953930465047,0.3706106344534142,0.14429559483107335,-0.4305555555555556,-0.00013290820698274778,93.230569956002,17.13617384799727,51.34330549299921
G8,clip 0.25 x 45U,ppo_privilege_gru_0722_long45_clip025,34,33,34,0.27702702702702703,0.4797297297297297,0.0003941057022438521,0.01645582225448922,0.9659528342810729,0.960117125755036,0.9360876506718353,0.10889122694381513,0.8739697933197021,0.022285155748249963,0.03734374791383743,16,16,False,17.72108420729637,45.36720275878906,0.3452062033116817,0.8868569135665894,41,148,71,36,-0.042836436576555816,-0.542567711474203,0.5952819606004398,4.826315268236898,3.2735498097208744,6.809077315265052,4.374390243902387,0.33789237941593253,0.4482379284918106,0.07877974066037906,0.3639974075596645,0.14674687159810434,-0.5540540540540541,0.0004733383197293854,93.32172281500243,17.32474716500292,51.80594408100296
G8,clip 0.25 x 45U,ppo_privilege_gru_0722_long45_clip025,35,34,35,0.18571428571428572,0.5285714285714286,0.0010092686947609786,0.022949478951870605,0.9334178935144526,0.933018592135756,0.9047386773201231,0.008533369805372781,0.020232584327459335,0.05739745910977945,0.18515624105930328,16,16,False,34.604341089725494,92.67866516113281,0.490876686014235,1.139277458190918,26,140,74,40,0.15720243193117142,-0.1427084217556017,0.4934661163678565,4.634156991241691,4.1865851192979155,5.135979999178651,4.108076923076878,0.37717317673747025,0.43738314517532095,0.059982909064960614,0.3838287580299079,0.14442134982852306,-0.37142857142857144,0.00038089550131195085,90.77231164000113,17.028919021002366,50.98975235300168
G8,clip 0.25 x 45U,ppo_privilege_gru_0722_long45_clip025,36,35,36,0.3057324840764331,0.4840764331210191,0.00025973340345442075,0.02794578664574843,0.9442342820084432,0.9365418657988601,0.9019002834831726,0.03881503366792458,0.5339158773422241,0.031293944535718765,0.10304687172174454,16,16,False,25.84988847374916,77.67296600341797,0.3638677027076483,0.8270776867866516,48,157,76,33,-0.12506773075982663,-0.5829559735619362,0.5062630282552033,4.622781302540317,3.6603629208965582,5.949752101473378,3.6554166666666297,0.2823419630047035,0.44527478506810136,0.1012885059880286,0.34402653508158926,0.14215040068841409,-0.6114649681528662,0.00022030162303637675,94.70809391600051,17.636329635999573,52.681054976004816
G8,clip 0.25 x 45U,ppo_privilege_gru_0722_long45_clip025,37,36,37,0.2896551724137931,0.4896551724137931,0.0008585450615465895,0.03269300311809089,0.9315235340503747,0.9198841270131086,0.9067780214435959,0.0064713161624968055,0.012393931858241558,0.03673339725355618,0.09296874701976776,16,16,False,28.52780021727085,70.76982879638672,0.6601162139326334,1.2622106075286865,42,145,71,32,-0.062338342274801305,-0.5164230925463882,0.4965351965209979,4.846781383162061,4.364400957581684,5.440480368491755,4.492142857142802,0.34244548043045364,0.44611363401424337,0.08284824399455754,0.3687360146018772,0.14794028269585885,-0.5793103448275863,0.00029570525504882765,95.45298064599774,17.152195359005418,51.37106323000626
G8,clip 0.25 x 45U,ppo_privilege_gru_0722_long45_clip025,38,37,38,0.2789115646258503,0.4557823129251701,0.0014222735618747429,0.035977968861265704,0.9324879496978121,0.9164045983356632,0.917611305394272,0.13362427065876545,0.7143057584762573,0.038793944484496024,0.09398437291383743,16,16,False,33.40813209116459,70.35414123535156,0.6273388538509608,1.4507755041122437,41,147,67,39,-0.05930380757597974,-0.5631676226161023,0.5941445775541792,4.520587609942759,3.462671516711258,5.8925725433523635,4.36560975609751,0.36600861025439496,0.44487458349570064,0.07090355395160064,0.3612582383088579,0.1367729152762645,-0.5578231292517006,0.0004881680905984808,95.5110682509985,17.274413737999566,51.521367399000155
G8,clip 0.25 x 45U,ppo_privilege_gru_0722_long45_clip025,39,38,39,0.29333333333333333,0.48,4.331312193239789e-05,0.05170932825062754,0.9025006001593793,0.9034464663588024,0.8238745920337112,0.05112345333414851,0.7090924382209778,0.021801757437060587,0.06031249836087227,16,16,False,11.504756942391396,21.315380096435547,0.5741853218525648,1.4301689863204956,44,150,72,34,-0.09401877575485908,-0.5338781175591352,0.4658022047233106,4.359480992742366,3.3922446169980667,5.59050910732602,4.02636363636359,0.31625542381925414,0.4614096461609112,0.08089020615306686,0.3550432925645073,0.13734516097571378,-0.5866666666666667,0.00025943737158652734,96.0461764549982,17.3865125240045,52.02927360699687
G8,clip 0.25 x 45U,ppo_privilege_gru_0722_long45_clip025,40,39,40,0.304635761589404,0.4768211920529801,0.00017652031522630285,0.045703576052975016,0.9233458038170995,0.9353431607465925,0.7694065501005469,0.08440915214800043,1.2644203901290894,0.029218749139545253,0.08445312082767487,16,16,False,18.493980050086975,46.249210357666016,0.6500802792608738,1.5584079027175903,46,151,72,33,-0.1147221564484532,-0.514086560090239,0.39961078763566515,4.294293353299702,3.4157121336490452,5.425799469516458,3.9019565217390886,0.31932002171231627,0.46158338850758057,0.08562344733881855,0.35791214420495177,0.13637710718243246,-0.609271523178808,0.0002601153429705445,95.04059506200429,17.455573204999382,52.056302944998606
G8,clip 0.25 x 45U,ppo_privilege_gru_0722_long45_clip025,41,40,41,0.2857142857142857,0.46258503401360546,0.0015598755655084062,0.03328282007737858,0.9426106468435022,0.9411653112148917,0.8788391706496163,0.007742002449522261,0.017802391201257706,0.054780272468633484,0.15578123927116394,16,16,False,20.748390778899193,66.3057861328125,0.5875299341976643,1.20699942111969,42,147,68,37,-0.07649462790759254,-0.5523404032628324,0.523803119463633,4.1878438203380535,3.5159502608162074,5.035463387734843,4.019999999999954,0.3698284091751376,0.440166833164849,0.08293508910499753,0.35959252118793267,0.13504908966317783,-0.5714285714285714,0.000292332669868497,95.38579089400446,17.290990996996698,51.58949195999594
G8,clip 0.25 x 45U,ppo_privilege_gru_0722_long45_clip025,42,41,42,0.25,0.527027027027027,0.0013294834316361914,0.03037009078395049,0.9346705912902484,0.9304421197542597,0.9130849762433892,0.042454951240797525,0.545543909072876,0.052431639487622306,0.13414062559604645,16,16,False,31.64611315727234,79.52718353271484,0.43368121311068536,1.258413314819336,37,148,78,33,0.037831005641862335,-0.3771880091115043,0.5677783629423151,5.965641359053532,4.990074716137481,7.211364918469413,3.9551351351350936,0.32917583144253953,0.4352537063191151,0.07914346318561462,0.36817785191093694,0.1694690433677857,-0.5,0.00018411036313967797,93.64927797999553,17.35448155499762,51.64484411500598
G8,clip 0.25 x 45U,ppo_privilege_gru_0722_long45_clip025,43,42,43,0.2158273381294964,0.4892086330935252,0.0007666788942697067,0.023959512729427222,0.9453169892147404,0.9501813676425288,0.8915049614851531,0.03735676105687162,0.47600120306015015,0.054716796112188604,0.126953125,16,16,False,22.490007132291794,63.923439025878906,0.30517357438802717,0.6647706031799316,30,139,68,41,0.08273498766491741,-0.24737030465591994,0.4695771271033988,4.104047848588384,2.7741835117250764,5.6624826183500705,4.71199999999994,0.3453132047561295,0.44319792021711013,0.08163857811484865,0.3796445033395927,0.13468818585661535,-0.4316546762589928,5.697472770221919e-05,93.69118745699961,16.95103077499516,50.663792024999566
G8,clip 0.25 x 45U,ppo_privilege_gru_0722_long45_clip025,44,43,44,0.2534246575342466,0.4863013698630137,0.0003087240802051028,0.020739202674368448,0.9563670444548584,0.9576788108910943,0.9186176646554176,0.05776925551923341,0.7037084698677063,0.023735351129289484,0.05523437261581421,16,16,False,17.39174860715866,44.57516860961914,0.4536741942167282,1.164656162261963,37,146,71,38,0.003237449283419024,-0.449589918797372,0.5834225146369325,4.619402319889572,4.246875346820021,5.096702504134933,4.267027027026977,0.3578616498692129,0.4510909808415338,0.06807840470952177,0.36644509945416054,0.14331644402741744,-0.5068493150684932,0.00032522087033410387,94.45850147699821,17.356623394000053,51.41588741599844
G8,clip 0.25 x 45U,ppo_privilege_gru_0722_long45_clip025,45,44,45,0.1773049645390071,0.5673758865248227,0.0022108654119077364,0.021831662622562847,0.9420408898430719,0.9354884543580615,0.9323761985423151,0.009942667204595634,0.021677331998944283,0.06656249902152922,0.1907031238079071,16,16,False,42.45718976855278,102.81428527832031,0.39254477620124817,0.8686792850494385,25,141,80,36,0.19007919133319945,-0.15717266120728512,0.6078665764209699,5.697567786219467,5.562228920423951,5.860397359129697,3.471599999999965,0.3799869120358555,0.4519508827451765,0.07269743085725254,0.38232325156170327,0.16199401333378685,-0.3546099290780142,0.00037185551572354523,95.32532166199962,17.031860065995716,51.061915826001496
G9,hard-neighbor x 45U,ppo_privilege_gru_0722_long45_clip020_hard,1,0,1,0.3836477987421384,0.41509433962264153,0.008717573074682239,0.09437458174595775,0.7194924021634392,0.7316388930012478,0.4663116068149752,0.22724672751588515,2.739976644515991,0.13081054505892098,0.333984375,16,16,False,57.831017315387726,186.33522033691406,2.056822934746742,5.824620246887207,61,159,66,32,-0.32292761655956104,-0.939850035310605,0.5692371120957951,3.2675520439333674,1.3938195107645777,5.977257553439001,4.058852459016348,0.2832758699997016,0.4532687372103123,0.09161123781799797,0.33060373480822886,0.11369771474941992,-0.7672955974842768,6.653136706695859e-05,91.7163396350079,17.72102965900558,52.901726557000075
G9,hard-neighbor x 45U,ppo_privilege_gru_0722_long45_clip020_hard,2,1,2,0.33774834437086093,0.3443708609271523,0.000827201660163146,0.08150285949906476,0.765828097064455,0.7564888504131013,0.6614493259268142,0.09776047243773064,0.8195638656616211,0.03553710859432613,0.09359374642372131,16,16,False,17.763316214084625,45.395057678222656,1.7502604737877845,4.093448162078857,51,151,52,48,-0.23350111242090565,-0.764316340465652,0.48807583820242145,2.6563924559181937,1.6758436008351574,3.9893260557966967,4.122745098039171,0.41881904909840717,0.44590878603344886,0.08624222089310093,0.33782399984369466,0.10365653010304797,-0.6754966887417219,0.0005150463740734843,94.81970058799197,17.420578827994177,52.0194427940005
G9,hard-neighbor x 45U,ppo_privilege_gru_0722_long45_clip020_hard,3,2,3,0.32679738562091504,0.41830065359477125,0.0008747235475334847,0.08544048681515617,0.7874875842315902,0.7243919996072777,0.7705167745136445,0.08071375598869054,0.6232076287269592,0.032910155481658876,0.08226562291383743,16,16,False,27.774913981556892,59.97071838378906,1.2933844827115535,3.301068067550659,50,153,64,39,-0.1888646354120806,-0.6694181363564924,0.44459225219646203,3.7658789020808148,1.8095289931505765,6.34470378203431,4.0457999999999545,0.3137315422449285,0.4290803547539839,0.09432240357279173,0.337452743611424,0.12706588376510822,-0.6535947712418301,0.00021150845321727042,96.22811743400234,17.529152018003515,52.43345050999778
G9,hard-neighbor x 45U,ppo_privilege_gru_0722_long45_clip020_hard,4,3,4,0.3288590604026846,0.40268456375838924,0.00012542041029520168,0.10765242229439435,0.8282654728191086,0.8100436155840014,0.7640190494651202,0.0708911000873195,0.5631091594696045,0.028046874285792,0.09382811933755875,16,16,False,22.81370723247528,65.80453491210938,1.4089423023164271,3.5647647380828857,49,149,60,40,-0.19113733129092123,-0.7095397598007722,0.4607929954714673,3.5414248843104588,1.7527181876859255,5.790859063398887,4.2471428571428085,0.34149898383530886,0.4295867230493854,0.08427707676795018,0.34484901658921263,0.12147151648043246,-0.6577181208053692,0.000260256444802821,95.91982984700007,17.372486870008288,52.153567173998454
G9,hard-neighbor x 45U,ppo_privilege_gru_0722_long45_clip020_hard,5,4,5,0.25,0.4189189189189189,0.0014105904137249325,0.049377882867580374,0.8465097998001578,0.8005827695344327,0.8487932282439514,0.004916885595303025,0.012007058598101139,0.04513671718450496,0.10359374433755875,16,16,False,21.74840621650219,70.72225952148438,1.192809572070837,2.4414141178131104,37,148,62,49,-0.02373126619256125,-0.4777829667295484,0.5722115907622345,3.226504328903195,2.2280911855026835,4.536921579616365,4.01270270270266,0.36235500198820614,0.42940344675299186,0.0873109752982109,0.3595426792592662,0.11727244673808226,-0.5,-0.0005463921899097445,93.5732495419943,17.38809630299511,51.950914889996056
G9,hard-neighbor x 45U,ppo_privilege_gru_0722_long45_clip020_hard,6,5,6,0.2602739726027397,0.4383561643835616,0.002880576946808988,0.04271094838182041,0.8827885277225038,0.8573888058543573,0.889677431221541,0.08212371246925614,0.7963194847106934,0.09048339553555707,0.26374998688697815,16,16,False,52.759342551231384,156.2700958251953,1.3236439608037471,4.469643592834473,38,146,64,44,-0.03590417074077705,-0.45848329651020475,0.4906944321411252,3.6632529633663458,2.298237386674048,5.364272374321363,4.161052631578899,0.3547333670567964,0.45349817375320456,0.0826197687388972,0.35937825515202537,0.1255698801416358,-0.5205479452054794,-0.0003043608289588999,93.71875254399492,17.230939230998047,51.610106808002456
G9,hard-neighbor x 45U,ppo_privilege_gru_0722_long45_clip020_hard,7,6,7,0.3137254901960784,0.42483660130718953,0.0025033220034673676,0.04671756371741163,0.8784649551215671,0.8624946066161703,0.8462411620684436,0.01207938994775759,0.0820629894733429,0.09433593472931534,0.193359375,16,16,False,53.76507177948952,106.17716217041016,1.0709532950073481,2.8620145320892334,48,153,65,40,-0.1587631465376547,-0.6380036622710851,0.5076806956541469,3.9387337233565534,3.4650150755656015,4.597498717940846,3.493541666666632,0.37149454067745535,0.4487936474387108,0.09648952519031102,0.34009511192735997,0.12801804295637162,-0.6274509803921569,0.0005746789707706077,94.89543568799854,17.596179733998724,52.58790661799139
G9,hard-neighbor x 45U,ppo_privilege_gru_0722_long45_clip020_hard,8,7,8,0.30666666666666664,0.42,0.0009311478410745089,0.058023291134688196,0.8788443739983177,0.8506842267368417,0.8492259272382615,0.005044246356992514,0.01471248921006918,0.03690917856874876,0.10195311903953552,16,16,False,34.87546253204346,95.27357482910156,1.0835843712091446,2.560321092605591,46,150,63,41,-0.13720577514804536,-0.6209439265063017,0.4784609629442808,4.013031780321639,3.2947289892437572,4.927235332602579,4.077391304347782,0.38783228915869417,0.4538730821527971,0.0869330019567314,0.3465316214436452,0.1293466779322647,-0.6133333333333333,0.0002492588093780494,97.22901893600647,17.492562161001842,52.34607639000751
G9,hard-neighbor x 45U,ppo_privilege_gru_0722_long45_clip020_hard,9,8,9,0.20567375886524822,0.48226950354609927,0.0010357309421848981,0.048592871057109674,0.9078271408895047,0.8968233355586579,0.871994610198498,0.054213538340554805,0.8088363409042358,0.027949218244430085,0.05546874925494194,16,16,False,18.320316463708878,38.729820251464844,1.3059709280729295,3.381526470184326,29,141,68,44,0.11048452236107252,-0.29916843712331204,0.6033482392407227,4.725870264651645,3.968219639427956,5.637418673123897,4.572758620689601,0.40020529181185177,0.4546188686932821,0.07489027611947359,0.3765176353807949,0.14525288897746774,-0.41134751773049644,6.151573330632408e-05,95.38538648700342,17.156269307000912,51.30370734501048
G9,hard-neighbor x 45U,ppo_privilege_gru_0722_long45_clip020_hard,10,9,10,0.2751677852348993,0.44966442953020136,0.0006083779077208362,0.11536445579569124,0.8758509877945488,0.8420455318901873,0.8388365171015557,0.004597611031203992,0.008179154247045517,0.040288085117936134,0.111328125,16,16,False,26.114948838949203,70.74311065673828,1.4715763427317143,3.3348052501678467,41,149,67,41,-0.06019969725479866,-0.5127832914140796,0.524677562889503,4.062567693879186,2.1098938265506915,6.586023153196008,4.1573170731706846,0.3630609475176424,0.44195365124257663,0.0916635521184853,0.35670485143639835,0.1334176776216251,-0.5503355704697986,1.3344156976495751e-05,94.72977525700117,17.39637399899948,52.141068965996965
G9,hard-neighbor x 45U,ppo_privilege_gru_0722_long45_clip020_hard,11,10,11,0.3051948051948052,0.3961038961038961,-0.00010403349873744361,0.07904512022737054,0.8879511377273919,0.8658888379582288,0.8775337087981899,0.012879782487943886,0.055799081921577454,0.032499999340871,0.07804687321186066,16,16,False,23.209229603409767,53.307395935058594,1.1166504129767418,2.467271566390991,47,154,61,46,-0.1368175750465067,-0.5869183304499809,0.47947422850594257,3.84375498098046,3.157182019919028,4.783831804587652,3.732340425531877,0.3775156995779142,0.461880358985249,0.08347607520257846,0.34552729658452236,0.1280211197192936,-0.6103896103896104,2.361903928768489e-05,93.79151857500256,17.67504865799856,52.60309540499293
G9,hard-neighbor x 45U,ppo_privilege_gru_0722_long45_clip020_hard,12,11,12,0.2361111111111111,0.4722222222222222,0.0040805056290809105,0.16237377807768516,0.8753800905434037,0.826372844119214,0.9009863952594785,0.12543629710329696,0.7384476065635681,0.10840331777581014,0.21906249225139618,16,16,False,50.78451079130173,114.3940200805664,2.1421810001134873,4.979720115661621,34,144,68,42,0.003867266585878425,-0.3776756252639057,0.45478159331744133,3.2734906633913283,2.6238808618961067,4.041211337885681,4.175882352941128,0.4243281512864697,0.4393323835834881,0.07545363040606236,0.36082018306262686,0.1152725661842761,-0.4722222222222222,-3.2604388023083497e-06,92.6751248639921,17.1764929619967,51.59466070099734
G9,hard-neighbor x 45U,ppo_privilege_gru_0722_long45_clip020_hard,13,12,13,0.2482758620689655,0.5172413793103449,0.0014672267645803316,0.06768929766682275,0.8852193413904151,0.8707920427519595,0.858894731050517,0.01244314571144059,0.09648991376161575,0.04971191310323775,0.12546874582767487,16,16,False,34.91178220510483,95.54419708251953,1.0857774384319783,3.0355587005615234,36,145,75,34,0.005219906723502531,-0.36695000459107124,0.4506960126909468,4.283836800403648,3.6772579139532695,5.0098933463063755,4.414166666666615,0.3200231498235264,0.43384162148493033,0.08093145780349373,0.36396792998171157,0.13809915532715472,-0.496551724137931,-0.000295454447432691,91.07407862399123,17.222963641004753,51.67253355299181
G9,hard-neighbor x 45U,ppo_privilege_gru_0722_long45_clip020_hard,14,13,14,0.3,0.4533333333333333,0.000492301467706957,0.09708992236083222,0.8559454716518204,0.8315138528989411,0.9024121969724281,0.06947230632475111,0.5134866237640381,0.037128905758436304,0.07414062321186066,16,16,False,25.543107748031616,58.14023208618164,1.555958876758814,4.102280616760254,45,150,68,37,-0.11641127153592772,-0.5766738546874007,0.4854705679698445,3.8573958013815823,3.883524361208502,3.8232276846848388,4.264444444444395,0.3541302648254163,0.4426584276032749,0.07413016036291116,0.35617655764851314,0.12759508018280757,-0.6,-0.00018290936724845428,93.39755139299086,17.468551177007612,52.10090370399121
G9,hard-neighbor x 45U,ppo_privilege_gru_0722_long45_clip020_hard,15,14,15,0.32432432432432434,0.39864864864864863,0.003790424838917339,0.1356802471906529,0.8775109237715072,0.8543384391888608,0.8634295581479459,0.09712322111125105,0.9911587834358215,0.09772460616659373,0.21085937321186066,16,16,False,38.98401318490505,71.83365631103516,1.1492484971880912,3.445652723312378,48,148,59,41,-0.19316380065497724,-0.7474059856256601,0.534279067119044,3.359565037976425,2.4063164299618336,4.610703835995576,4.131041666666619,0.3602416193453461,0.42859928307946493,0.09601987924911862,0.33651696073519755,0.11834635825202774,-0.6486486486486487,0.0006215290064461243,95.68661097799486,17.444137683996814,52.20804930399754
G9,hard-neighbor x 45U,ppo_privilege_gru_0722_long45_clip020_hard,16,15,16,0.31333333333333335,0.4266666666666667,0.00029689687979495005,0.10384138541465049,0.8860025380661798,0.8462188587942849,0.8409363408719472,0.0045053880818886685,0.016918694600462914,0.03554199115023948,0.12257812172174454,16,16,False,28.532958567142487,100.24179077148438,0.8734392851591111,2.0200138092041016,47,150,64,39,-0.1518783164825283,-0.678421376413196,0.5366779926575759,3.537666040365248,1.6733836910140283,5.975573727978382,4.245957446808462,0.3419494889752484,0.45557830305178243,0.08561706510803982,0.35329880362059396,0.12128474360486863,-0.6266666666666667,0.00020480295867583454,95.48516909099999,17.51252099699923,52.193476390995784
G9,hard-neighbor x 45U,ppo_privilege_gru_0722_long45_clip020_hard,17,16,17,0.2980132450331126,0.45695364238410596,0.0003987756396236497,0.06215229006549354,0.9136432002846657,0.8960228578473618,0.8117313854802717,0.08956049910571892,0.7393308877944946,0.02541015574388439,0.06828124821186066,16,16,False,20.050399601459503,67.37776184082031,0.9975088454782963,2.2970633506774902,45,151,69,37,-0.10922640115767579,-0.6344471577271933,0.5856810613804551,4.1113721786514414,2.3889472110300414,6.390272905042833,4.103333333333286,0.3019142787403428,0.43183468009556275,0.08143123089970553,0.3574158948346192,0.12935506936320254,-0.5960264900662252,2.9124710727670992e-05,95.66274492999946,17.54535884600773,52.29250222700648
G9,hard-neighbor x 45U,ppo_privilege_gru_0722_long45_clip020_hard,18,17,18,0.36875,0.46875,0.0002149427418505212,0.14706866872929364,0.9050449181796676,0.8807969728159744,0.8778849297361692,0.0565751805860782,0.4112517535686493,0.032758788132923655,0.07085937261581421,16,16,False,22.513847842812538,44.47030258178711,0.9089963369071483,3.1190104484558105,59,160,75,26,-0.2539865066846156,-0.7979996991104868,0.5411096976301193,5.213867059332831,3.203816787895949,8.151632840663657,3.6230508474575904,0.24339721159761546,0.45528819095088674,0.10013447039113661,0.3285325802637735,0.1546184035271051,-0.7375,0.00036250952450589803,92.10701935600082,17.862942306004697,53.285940720001236
G9,hard-neighbor x 45U,ppo_privilege_gru_0722_long45_clip020_hard,19,18,19,0.24305555555555555,0.4444444444444444,0.00015401689885491399,0.10686511418766283,0.869272373662944,0.8502018863480028,0.8164375111423623,0.005516361869376853,0.021109336987137794,0.03611328063561814,0.09507812559604645,16,16,False,25.869423165917397,56.81825637817383,1.0517093397676944,2.9394874572753906,35,144,64,45,0.019870125378024857,-0.34735213710419904,0.44190168076804337,4.309051468889469,2.817268810337469,6.023488255583559,4.662571428571373,0.3710903539134229,0.4615977794078911,0.07316621269621651,0.3668044692154193,0.1387656606883535,-0.4861111111111111,0.00041110658536304303,92.66242958599469,17.242169385004672,51.59161524299998
G9,hard-neighbor x 45U,ppo_privilege_gru_0722_long45_clip020_hard,20,19,20,0.25170068027210885,0.47619047619047616,0.0010140381122620834,0.0530663511575191,0.8944282622457883,0.8790819377624314,0.8698581233061775,0.00742198313033441,0.026266049593687057,0.05675292858722969,0.2590624988079071,16,16,False,37.37854388356209,135.607666015625,0.9961333036422729,3.1793463230133057,37,147,70,40,0.009119468858003358,-0.3957711225492717,0.5199045226333351,4.680881183734791,4.215131811938623,5.268441929693033,4.052972972972928,0.3821397521475938,0.4495836250835069,0.07984181208456538,0.36683746730143724,0.14514448589094503,-0.5034013605442177,0.0005388762098387621,93.97318278299645,17.41266087999975,51.78825505399436
G9,hard-neighbor x 45U,ppo_privilege_gru_0722_long45_clip020_hard,21,20,21,0.32679738562091504,0.43137254901960786,0.0014650501306832098,0.06333579010960967,0.8993448425987278,0.8614032000980597,0.8854315288725592,0.46325600624433716,2.156755208969116,0.03543456927582156,0.08374999463558197,16,16,False,24.678631752729416,71.18180084228516,1.5803810339421034,4.4271368980407715,50,153,66,37,-0.189321170232092,-0.7188456476312038,0.547048806151048,3.6039005563037185,2.795845279947578,4.727602424986475,3.760799999999962,0.3580122056140462,0.44721315235049863,0.08480091610117672,0.341485535297448,0.12236207916289961,-0.6535947712418301,0.0004259865493904362,93.1208575089986,17.685923441007617,52.52761224699498
G9,hard-neighbor x 45U,ppo_privilege_gru_0722_long45_clip020_hard,22,21,22,0.24489795918367346,0.5102040816326531,0.0012303730113126798,0.06038412331815263,0.8923525620243355,0.8874051258653141,0.8461964058569158,0.15722646132942827,1.7798789739608765,0.056523436069255695,0.1926562488079071,16,16,False,42.57396841049194,119.0660171508789,0.6272633500397206,1.5913907289505005,36,147,75,36,0.009648711906834955,-0.3823851092818723,0.4907811288202484,4.407817221748721,3.738808426623327,5.228873470311704,3.5474999999999652,0.3181226709906266,0.4549236316556159,0.08695736885666247,0.3625397885946473,0.13711054034995707,-0.4897959183673469,-0.00020569867042249517,94.33791408099933,17.33797005600354,51.93985800699738
G9,hard-neighbor x 45U,ppo_privilege_gru_0722_long45_clip020_hard,23,22,23,0.25333333333333335,0.4666666666666667,0.0052151261881228095,0.05080137215365141,0.9237003521941226,0.901797682066214,0.9298906324200354,0.01609795485564973,0.05294226482510567,0.1442919874098152,0.25437498092651367,16,16,False,82.09867967665195,170.8325958251953,0.9916144974529744,1.9370476007461548,38,150,70,42,-0.028133938521899247,-0.43252239591551533,0.5152630511007724,3.7777706974021408,2.8439786872479114,5.032553711046885,3.5594736842104893,0.31633054772761277,0.4473162903373636,0.08914578461219125,0.35195369105074564,0.12669818732051025,-0.5066666666666667,-0.00011915022648844425,93.30018264299724,17.509341217999463,52.08591100599733
G9,hard-neighbor x 45U,ppo_privilege_gru_0722_long45_clip020_hard,24,23,24,0.22377622377622378,0.5314685314685315,0.0015284290456110128,0.044512750815835646,0.9274963195741438,0.9054657915478477,0.9385406305213511,0.007277379854931494,0.028100511059165,0.04219726502924459,0.10992187261581421,16,16,False,32.74671396613121,77.6387939453125,0.7726215414702893,2.015209197998047,32,143,76,35,0.0712021218208366,-0.31621363044854495,0.5494184410283545,4.837231052257793,3.4868693788628287,6.504083742854702,3.848124999999956,0.3712876866164768,0.46001165269384703,0.0800984270108972,0.3699123965041491,0.14862746791211628,-0.44755244755244755,0.000214704957018813,92.52959936499246,17.1664244709973,51.33092014399881
G9,hard-neighbor x 45U,ppo_privilege_gru_0722_long45_clip020_hard,25,24,25,0.29411764705882354,0.47058823529411764,0.0014469552685295595,0.05664529126267934,0.9098097176417022,0.8863157339469433,0.9017277079392776,0.10045587564323796,0.779914915561676,0.05090820210170932,0.11140624433755875,16,16,False,34.92649829387665,74.902099609375,0.7970926962792874,1.835851788520813,45,153,72,36,-0.10411408542401664,-0.5683363534195773,0.5078152678428589,3.845598060157396,2.3123980055704436,5.866634495749287,3.8539999999999583,0.36660620264594346,0.4571227427181556,0.08826704188888565,0.35608534292978106,0.12828362409604252,-0.5882352941176471,-0.000247758332193206,92.56141001000651,17.51994702400407,52.48301107699808
G9,hard-neighbor x 45U,ppo_privilege_gru_0722_long45_clip020_hard,26,25,26,0.2624113475177305,0.46808510638297873,0.0025360801494751506,0.10307453736009978,0.9095547814871207,0.8726901735633064,0.9165328189933113,0.09285604800854344,0.7527835965156555,0.08525878743967041,0.19523437321186066,16,16,False,31.75606605410576,75.95816040039062,1.078866195678711,2.4580037593841553,37,141,66,38,-0.02778037923636221,-0.49229697309595366,0.5310911477509589,3.9758060426669575,2.8508080118997556,5.329319298433747,4.621621621621565,0.35610772038133404,0.4398467864281964,0.08392617186635329,0.3662093989767055,0.13025730828081827,-0.524822695035461,0.0005756085415750051,94.09728482500941,17.076828691002447,51.14672727099969
G9,hard-neighbor x 45U,ppo_privilege_gru_0722_long45_clip020_hard,27,26,27,0.1958041958041958,0.5454545454545454,0.0008300580793276779,0.045916359001221686,0.937619524151628,0.9240526437015706,0.9504001364582242,0.03536918866651831,0.41811251640319824,0.05173339767134166,0.12046875059604645,16,16,False,16.837742418050766,34.964351654052734,0.7630865253508091,1.6928293704986572,28,143,78,37,0.13241018638917054,-0.208226871905239,0.5528840552213322,4.690323158429991,4.4408703830844,4.998241427997203,3.713928571428532,0.3337194546399981,0.45734995732930583,0.07837863332103905,0.3791277317111303,0.14470370794154414,-0.3916083916083916,0.0001871383448877247,95.0515964399965,17.159682726996834,51.32927183499851
G9,hard-neighbor x 45U,ppo_privilege_gru_0722_long45_clip020_hard,28,27,28,0.23648648648648649,0.5405405405405406,0.002649598960140054,0.06316359515337232,0.9043872987875227,0.8883653156555118,0.9053497498048017,0.1237401163080358,1.856711983680725,0.0869824202673044,0.23585936427116394,16,16,False,42.31480693817139,101.54505920410156,1.20579811707139,2.5843758583068848,35,148,80,33,0.06790776188501554,-0.29559425791736255,0.5320718794788213,5.839394343100021,5.040189782945326,6.859917089143704,3.518285714285679,0.32052783579206073,0.4546745731514795,0.08480021783159505,0.37358943361274816,0.16683656962751378,-0.47297297297297297,0.0004547316177265498,94.40320741900359,17.32751268899301,51.930173126005684
G9,hard-neighbor x 45U,ppo_privilege_gru_0722_long45_clip020_hard,29,28,29,0.2585034013605442,0.5374149659863946,0.00149735287922792,0.10430357601983388,0.9133906683960302,0.8891463668460586,0.9373516955586298,0.00977056258212542,0.035732872784137726,0.05499511572998017,0.13382811844348907,16,16,False,27.740632966160774,77.50817108154297,1.2270866237580775,2.6160852909088135,38,147,79,30,0.03196733231040897,-0.40572224851592853,0.569131817870005,6.133976798989037,4.623017410429585,7.988336048584729,3.8955263157894318,0.3203255819677706,0.45210189463606154,0.08592059864304569,0.37447645367617105,0.1742926054721087,-0.5170068027210885,0.0002050758832176603,93.4407998789975,17.397739091000403,51.802040050999494
G9,hard-neighbor x 45U,ppo_privilege_gru_0722_long45_clip020_hard,30,29,30,0.2013888888888889,0.5347222222222222,0.0001683680994210568,0.06476557695335418,0.9236505591029633,0.9012922624187818,0.9368678530841075,0.004696483066654759,0.010379379615187645,0.04310058488408686,0.11515624821186066,16,16,False,29.288066864013672,75.84844207763672,1.262488877773285,3.039616584777832,29,144,77,38,0.12934481731290606,-0.23716714398535715,0.5874847689357351,5.19710215082495,4.30253001825958,6.315317316531663,3.8331034482758204,0.33829881606407164,0.4419209610136783,0.08824821944433883,0.3774543481268586,0.15468382358898788,-0.4027777777777778,-1.5576625162652573e-05,93.03461296700698,17.284007756999927,51.39000467999722
G9,hard-neighbor x 45U,ppo_privilege_gru_0722_long45_clip020_hard,31,30,31,0.2191780821917808,0.5616438356164384,0.00038551568909506173,0.048082650657184874,0.9360420560688602,0.9195795247799964,0.9573859042207958,0.12798843766624485,1.2901034355163574,0.033100584709245595,0.09921874850988388,16,16,False,19.388772904872894,58.481788635253906,0.6306724425405263,1.5779988765716553,32,146,82,32,0.08969719710601191,-0.3184539317423938,0.6126408309430318,5.422791558174156,4.832626765451875,6.178940198849577,3.6699999999999617,0.3542206143367042,0.4368430499231291,0.08410312748347677,0.37062295050844185,0.15760850445620445,-0.4383561643835616,-0.00017809347507274256,92.07590478600468,17.381442634999985,51.95218397199642
G9,hard-neighbor x 45U,ppo_privilege_gru_0722_long45_clip020_hard,32,31,32,0.23448275862068965,0.5172413793103449,-0.0002827662141857701,0.0601577976930647,0.9167984739914078,0.9173381906898067,0.8968288818982507,0.003601211651985063,0.00781297218054533,0.03199706948362291,0.08390624821186066,16,16,False,18.270009011030197,43.65532302856445,0.7905974119901658,2.4566221237182617,34,145,75,36,0.04615091804732193,-0.2571331389115679,0.41942360353518643,4.8356879979915695,4.557299850284618,5.178319564400123,3.7738235294117253,0.35456345193752664,0.44456884296668325,0.08602718073858702,0.36655135170683323,0.1484772552381606,-0.4689655172413793,8.782834370743696e-05,93.30985407700064,17.288223720999667,51.593431489003706
G9,hard-neighbor x 45U,ppo_privilege_gru_0722_long45_clip020_hard,33,32,33,0.2013888888888889,0.5416666666666666,0.0009240368574676694,0.05727049660813915,0.8937123707510777,0.8844531526183211,0.8957188900500014,0.1829738233939861,1.1599705219268799,0.04234863235615194,0.08039062470197678,16,16,False,27.087671041488647,64.6398696899414,0.6460195992141962,1.669973373413086,29,144,78,37,0.13348271102535125,-0.17121920860989948,0.49358497968519305,5.28342533411901,5.317216657076636,5.243490134259996,3.8320689655172013,0.42147619080447934,0.43542800402127857,0.06613101669950519,0.38362796220845374,0.15250398404446047,-0.4027777777777778,0.00012854255021486322,93.64250158899813,17.227055816008942,51.442810519001796
G9,hard-neighbor x 45U,ppo_privilege_gru_0722_long45_clip020_hard,34,33,34,0.1888111888111888,0.5384615384615384,0.0013104994940933423,0.041632663250980716,0.9283411247413169,0.916783227323377,0.9397572574184154,0.004635035235842223,0.009218131192028522,0.03772460874824901,0.08976562321186066,16,16,False,21.882631421089172,50.25653076171875,1.0284561827778815,2.3221516609191895,27,143,77,39,0.1645447865467747,-0.16721113252092593,0.5626518894280155,5.527063206462255,4.498844326457489,6.760925862467975,3.700740740740701,0.3953998711852402,0.4593888075271259,0.058474982519613874,0.3829567016451191,0.1592167015582919,-0.3776223776223776,-6.239034258661395e-06,91.67610956600402,17.17283218499506,51.27163814500091
G9,hard-neighbor x 45U,ppo_privilege_gru_0722_long45_clip020_hard,35,34,35,0.2152777777777778,0.5416666666666666,4.665183844743126e-05,0.06788606406810596,0.9025542927040032,0.8891378683961184,0.8970177675504122,0.024000176337958687,0.28121843934059143,0.020214842894347385,0.06695312261581421,16,16,False,25.81407591700554,115.008056640625,1.0171637937426568,2.8846635818481445,31,144,78,35,0.08789123993949345,-0.32131030992711523,0.5852285082389099,4.745199029174976,3.45424071151796,6.31420990755812,3.722258064516092,0.337533968461999,0.4333642500282254,0.07771658295865705,0.37266613396087733,0.1456257210150345,-0.4305555555555556,0.0001549405191371672,94.35497302099247,17.23601503999089,51.5434660630126
G9,hard-neighbor x 45U,ppo_privilege_gru_0722_long45_clip020_hard,36,35,36,0.18309859154929578,0.6197183098591549,0.0014532179544586299,0.033119653220803735,0.9398761123616385,0.9364282562972253,0.9247613109761392,0.03935437047286541,0.5077372789382935,0.0452880845987238,0.08671874552965164,16,16,False,30.855484515428543,66.11197662353516,0.4131164710968733,1.3444340229034424,26,142,88,28,0.1742901142967888,-0.173355903089005,0.5861169348922677,5.200612716450004,4.241974655640812,6.336230111562432,3.382692307692276,0.2992348137564105,0.4466428744050575,0.08358639720609698,0.3844398815981397,0.15629853501934327,-0.36619718309859156,-0.00025111922210256654,91.70100846899732,17.204775492005865,51.487102616010816
G9,hard-neighbor x 45U,ppo_privilege_gru_0722_long45_clip020_hard,37,36,37,0.176056338028169,0.5704225352112676,0.0008811658301488556,0.04034493307919952,0.9134040977290547,0.9144745770518136,0.8924556792322226,0.09525243267242328,1.4367889165878296,0.05558105342788622,0.11476562172174454,16,16,False,27.872112423181534,67.60687255859375,0.37200338430702684,0.9108232855796814,25,142,81,36,0.1876218063282098,-0.10973083721087054,0.5398703225206589,5.023846024685347,4.283613500070721,5.9007368615365205,3.8203999999999616,0.3747423731551908,0.43346292083419,0.08081581393827236,0.3867123133266959,0.1525875680726665,-0.352112676056338,0.00043460098518552186,92.1060189879936,17.232954226012225,51.298466880994965
G9,hard-neighbor x 45U,ppo_privilege_gru_0722_long45_clip020_hard,38,37,38,0.2,0.5655172413793104,0.00018743946175092674,0.050555188328621437,0.9056036850191177,0.8861850269375351,0.9286485312568098,0.4778948193653195,2.182830572128296,0.04259277278470108,0.11382812261581421,16,16,False,28.671764492988586,108.11360168457031,0.6596221972256899,1.5320515632629395,29,145,82,34,0.12136680017653707,-0.2329082112682442,0.5573975834931909,4.88892447701891,3.2811866784018604,6.867678690701433,3.187241379310316,0.33898693741662855,0.4547596379029238,0.0860716632510386,0.37161056241023027,0.14941622613011052,-0.4,0.0003400116361962309,94.46749630400154,17.356493455998134,51.48639473700314
G9,hard-neighbor x 45U,ppo_privilege_gru_0722_long45_clip020_hard,39,38,39,0.1875,0.5972222222222222,0.0009968705220761986,0.045171325956759656,0.9131095630301644,0.9023147389041324,0.9273154985141054,0.04259217086641001,0.5860247015953064,0.06044921746070031,0.203125,16,16,False,22.13790515065193,61.77497863769531,0.5062178317457438,1.4117401838302612,27,144,86,31,0.16827143050493837,-0.15433048597752777,0.5603568366913204,5.626208436589041,4.8640288984014175,6.552549721463227,3.0277777777777546,0.3223551745172218,0.439421121937971,0.08097474658765225,0.3784210578553124,0.1644612750972082,-0.375,0.00038909755241770623,94.61635897000087,17.27521597899613,51.653175180006656
G9,hard-neighbor x 45U,ppo_privilege_gru_0722_long45_clip020_hard,40,39,40,0.18055555555555555,0.5972222222222222,0.0011162308113839003,0.0317041621041595,0.9288605623848384,0.9316685068973234,0.8980667382487846,0.1286904833416338,0.7953895330429077,0.062436522137431893,0.16124999523162842,16,16,False,15.60369473695755,48.757659912109375,0.44408217296004293,1.076795220375061,26,144,86,32,0.18134819990824794,-0.07614185211438965,0.48565462502591067,5.02307634979198,4.109856435723258,6.10233624823683,3.895384615384572,0.3649040375911396,0.45483494325965107,0.07250579965395297,0.38981097348328686,0.15231108467630566,-0.3611111111111111,0.00033725285976653863,95.03909158500028,17.28925750599592,51.61773067199101
G9,hard-neighbor x 45U,ppo_privilege_gru_0722_long45_clip020_hard,41,40,41,0.18439716312056736,0.5602836879432624,0.002644651161353928,0.04765289785395937,0.9127049077450986,0.900844433557648,0.9276524199675663,0.007838865620724389,0.017863374203443527,0.08600585725798737,0.19859375059604645,16,16,False,33.48940093815327,84.49906921386719,0.4963455267250538,1.0049169063568115,26,141,79,36,0.17118694990771574,-0.16093793306020676,0.559517582300979,4.99725283860416,4.785615069202823,5.244706230519569,4.118846153846107,0.38077846736602766,0.43934921269043664,0.0783036573129582,0.3881547305709985,0.15158806024360696,-0.36879432624113473,0.00023848533424503666,94.26462860198808,17.19021612999495,51.11982401700516
G9,hard-neighbor x 45U,ppo_privilege_gru_0722_long45_clip020_hard,42,41,42,0.2097902097902098,0.5594405594405595,-0.00016629220986974502,0.039646717243737604,0.9245242867255212,0.9096650228932206,0.9418335950748641,0.009629071363597176,0.10539832711219788,0.02899413983686827,0.07499999552965164,16,16,False,21.5682193338871,41.162803649902344,0.5611178759485483,1.3183561563491821,30,143,80,33,0.12021894174507375,-0.29194069405511436,0.6148105047052995,5.563453501639746,3.7434076154311513,7.747508565090057,3.5899999999999634,0.3205641701858542,0.42627033780927204,0.08362143502571456,0.37809604529252927,0.16217165481343562,-0.4195804195804196,-0.00046833878047169617,95.92345390999981,17.17147714199382,51.39303295400168
G9,hard-neighbor x 45U,ppo_privilege_gru_0722_long45_clip020_hard,43,42,43,0.1724137931034483,0.6068965517241379,0.001013113780468089,0.021936007099889333,0.9493989648319275,0.9510532693308059,0.9276277601185936,0.01831460514193168,0.11553116887807846,0.06415527238277718,0.1951562464237213,16,16,False,28.138693630695343,77.59791564941406,0.4229216042906046,1.2231035232543945,25,145,88,32,0.21051323388338608,-0.04709962881896025,0.5104207456861177,5.876531764028624,5.843914433253741,5.914504178960576,3.543199999999964,0.35717753818983183,0.4379759011373787,0.07215178211987251,0.39067998050905406,0.16469313330219465,-0.3448275862068966,-3.229372096614431e-05,95.68012832201202,17.266478802004713,51.78700103699521
G9,hard-neighbor x 45U,ppo_privilege_gru_0722_long45_clip020_hard,44,43,44,0.2361111111111111,0.5208333333333334,0.002717393453348649,0.027543360659037147,0.9487477389961178,0.9445802711962658,0.9478885297673932,0.0857364465784485,0.6390090584754944,0.08574706831132062,0.21156249940395355,16,16,False,107.5397974550724,852.1771240234375,0.3790728684514761,0.7984222173690796,34,144,75,35,0.05311427958750836,-0.31449609762513814,0.5126272511033164,5.249938189993942,5.405591700663469,5.055371301657033,3.711764705882315,0.35391203488475936,0.4462033670102077,0.0766170360689483,0.3687442933685296,0.156247098737423,-0.4722222222222222,0.0003451097037779558,96.33337088300323,17.27777137699013,51.44695020199288
G9,hard-neighbor x 45U,ppo_privilege_gru_0722_long45_clip020_hard,45,44,45,0.18571428571428572,0.5642857142857143,0.0007991268839396826,0.04389684244187292,0.929177078953282,0.9177201716285799,0.9389775947947203,0.11069240521668688,1.7165725231170654,0.03312988186371513,0.1159374937415123,16,16,False,27.44808466732502,76.30994415283203,0.582766893133521,1.4355309009552002,26,140,79,35,0.17307388119223024,-0.17232571041990144,0.5832358962316366,5.471284194147384,4.763391347496362,6.311906949545474,3.883846153846114,0.3892455946908293,0.462284922963019,0.06608420633960965,0.3865520916548297,0.15806108087667284,-0.37142857142857144,-0.00011071991070070324,96.9945887119975,17.03698702499969,51.03925007900398
