classification	bytes	path
historical_handoff	16276	docs/archive/handoffs/HANDOFF.md
historical_handoff	19820	docs/archive/handoffs/REMOTE_CONTINUATION_20260710.md
historical_handoff	10506	docs/archive/handoffs/d1b_local_failure_handoff_20260705.md
historical_handoff	52091	docs/archive/handoffs/ppo_audit_handoff_20260710.md
historical_handoff	14838	docs/archive/handoffs/ppo_handoff_20260705.md
index_or_other	1417	logs/README.md
index_or_other	10304	logs/archive/PATH_MIGRATION.tsv
index_or_other	484	logs/archive/README.md
archive_legacy_report	5460	logs/archive/legacy_reports/all_results_summary_remote.md
archive_legacy_report	3266	logs/archive/legacy_reports/anchor_baseline_summary_20260705_113917.md
archive_legacy_report	7227	logs/archive/legacy_reports/branch_b_canonlike_final_report_20260709.md
archive_legacy_report	4991	logs/archive/legacy_reports/branch_b_canonlike_summary_20260708_164416.md
archive_legacy_report	1910	logs/archive/legacy_reports/branch_b_monitor_20260708_164416.log
archive_legacy_report	2483	logs/archive/legacy_reports/d1b_local_failure_revised_20260705.md
archive_legacy_report	3225	logs/archive/legacy_reports/d1b_summary_20260705_092447.md
archive_legacy_report	6263	logs/archive/legacy_reports/d2_design_20260705.md
archive_legacy_report	4034	logs/archive/legacy_reports/d2_summary_20260705_164511.md
archive_legacy_report	3678	logs/archive/legacy_reports/d2b_summary_20260705_183533.md
archive_legacy_report	3306	logs/archive/legacy_reports/d2c_5seed_summary_20260706.md
archive_legacy_report	3694	logs/archive/legacy_reports/d2c_seed_compare_20260706_005425.md
archive_legacy_report	6600	logs/archive/legacy_reports/d2c_summary_20260705_201727.md
archive_legacy_report	5908	logs/archive/legacy_reports/d3_design_20260706.md
archive_legacy_report	3743	logs/archive/legacy_reports/d3_summary_20260706.md
archive_legacy_report	4333	logs/archive/legacy_reports/d4a_launch_summary_20260706_233314.md
archive_legacy_report	3976	logs/archive/legacy_reports/d4a_paired_summary_20260707.md
archive_legacy_report	2011	logs/archive/legacy_reports/d4b_margin004_launch_20260707.md
archive_legacy_report	3328	logs/archive/legacy_reports/d4b_margin004_summary_20260707.md
archive_legacy_report	181	logs/archive/legacy_reports/d4c_audit_local_canon.log
archive_legacy_report	18493	logs/archive/legacy_reports/d4c_external_review_package_20260708.md
archive_legacy_report	7201	logs/archive/legacy_reports/d4c_final_summary_20260708.md
archive_legacy_report	5765	logs/archive/legacy_reports/d4c_holdout_paired_audit_20260708.md
archive_legacy_report	3890	logs/archive/legacy_reports/d4c_launch_summary_20260707_220843.md
archive_legacy_report	6329	logs/archive/legacy_reports/d4c_next_round_plan_for_cc_20260708.md
archive_legacy_report	3781	logs/archive/legacy_reports/d4c_remote_migration_20260708.md
archive_legacy_report	9654	logs/archive/legacy_reports/full_sweep_progress_report_20260710.md
archive_legacy_report	20951	logs/archive/legacy_reports/ppo_external_review_prompt_20260706.md
archive_legacy_report	12697	logs/archive/legacy_reports/ppo_external_review_synthesis_20260707.md
archive_legacy_report	10564	logs/archive/legacy_reports/ppo_external_review_update_20260707.md
archive_legacy_report	7721	logs/archive/legacy_reports/ppo_pipeline_audit_20260704_182907.md
archive_legacy_report	16168	logs/archive/legacy_reports/ppo_post_external_review_report_20260707.md
archive_legacy_run	133	logs/archive/legacy_runs/aborted_runs/20260707_204639/local/ABORTED.txt
archive_legacy_run	8	logs/archive/legacy_runs/aborted_runs/20260707_204639/local/d4a_seed0_local_20260707_204639/cleanup_stale.log
archive_legacy_run	72	logs/archive/legacy_runs/aborted_runs/20260707_204639/local/d4a_seed0_local_20260707_204639/current_status.txt
archive_legacy_run	0	logs/archive/legacy_runs/aborted_runs/20260707_204639/local/d4a_seed0_local_20260707_204639/git_diff.patch
archive_legacy_run	1370	logs/archive/legacy_runs/aborted_runs/20260707_204639/local/d4a_seed0_local_20260707_204639/master.log
archive_legacy_run	580	logs/archive/legacy_runs/aborted_runs/20260707_204639/local/d4a_seed0_local_20260707_204639/nohup.out
archive_legacy_run	782	logs/archive/legacy_runs/aborted_runs/20260707_204639/local/d4a_seed0_local_20260707_204639/preflight.log
archive_legacy_run	250	logs/archive/legacy_runs/aborted_runs/20260707_204639/local/d4a_seed0_local_20260707_204639/status.tsv
archive_legacy_run	8235	logs/archive/legacy_runs/aborted_runs/20260707_204639/local/d4a_seed0_local_20260707_204639/train_300.log
archive_legacy_run	1841	logs/archive/legacy_runs/aborted_runs/20260707_204639/local/d4a_seed0_local_20260707_204639/train_gate.log
archive_legacy_run	46074333	logs/archive/legacy_runs/aborted_runs/20260707_204639/local/pretrained/end2race_ppo_d4a_seed0_local_20260707_204639.pth
archive_legacy_run	48036352	logs/archive/legacy_runs/aborted_runs/20260707_204639/local/pretrained/end2race_ppo_d4a_seed0_local_20260707_204639_full.pt
archive_legacy_run	46074577	logs/archive/legacy_runs/aborted_runs/20260707_204639/local/pretrained/end2race_ppo_d4a_seed0_local_20260707_204639_iter0010.pth
archive_legacy_run	1231	logs/archive/legacy_runs/anchor_baseline_local_seed0_20260705_113917/analyze_canonical.log
archive_legacy_run	1268	logs/archive/legacy_runs/anchor_baseline_local_seed0_20260705_113917/analyze_off21.log
archive_legacy_run	1263	logs/archive/legacy_runs/anchor_baseline_local_seed0_20260705_113917/analyze_off42.log
archive_legacy_run	0	logs/archive/legacy_runs/anchor_baseline_local_seed0_20260705_113917/cleanup_eval_dirs.log
archive_legacy_run	56	logs/archive/legacy_runs/anchor_baseline_local_seed0_20260705_113917/current_status.txt
archive_legacy_run	477	logs/archive/legacy_runs/anchor_baseline_local_seed0_20260705_113917/eval_canonical.log
archive_legacy_run	506	logs/archive/legacy_runs/anchor_baseline_local_seed0_20260705_113917/eval_off21.log
archive_legacy_run	506	logs/archive/legacy_runs/anchor_baseline_local_seed0_20260705_113917/eval_off42.log
archive_legacy_run	91	logs/archive/legacy_runs/anchor_baseline_local_seed0_20260705_113917/final_report.log
archive_legacy_run	91810	logs/archive/legacy_runs/anchor_baseline_local_seed0_20260705_113917/master.log
archive_legacy_run	582	logs/archive/legacy_runs/anchor_baseline_local_seed0_20260705_113917/preflight.log
archive_legacy_run	5937	logs/archive/legacy_runs/anchor_baseline_local_seed0_20260705_113917/report.md
archive_legacy_run	1080	logs/archive/legacy_runs/anchor_baseline_local_seed0_20260705_113917/status.tsv
archive_legacy_run	82157	logs/archive/legacy_runs/anchor_baseline_local_seed0_20260705_113917/train_300.log
archive_legacy_run	82157	logs/archive/legacy_runs/anchor_baseline_local_seed0_20260705_113917/train_anchor.log
archive_legacy_run	983	logs/archive/legacy_runs/anchor_baseline_local_seed0_20260705_113917/train_window_summary.log
archive_legacy_run	837	logs/archive/legacy_runs/anchor_baseline_remote_seed1_20260705_113917/analyze_canonical.log
archive_legacy_run	991	logs/archive/legacy_runs/anchor_baseline_remote_seed1_20260705_113917/analyze_off21.log
archive_legacy_run	818	logs/archive/legacy_runs/anchor_baseline_remote_seed1_20260705_113917/analyze_off42.log
archive_legacy_run	0	logs/archive/legacy_runs/anchor_baseline_remote_seed1_20260705_113917/cleanup_eval_dirs.log
archive_legacy_run	56	logs/archive/legacy_runs/anchor_baseline_remote_seed1_20260705_113917/current_status.txt
archive_legacy_run	479	logs/archive/legacy_runs/anchor_baseline_remote_seed1_20260705_113917/eval_canonical.log
archive_legacy_run	509	logs/archive/legacy_runs/anchor_baseline_remote_seed1_20260705_113917/eval_off21.log
archive_legacy_run	508	logs/archive/legacy_runs/anchor_baseline_remote_seed1_20260705_113917/eval_off42.log
archive_legacy_run	92	logs/archive/legacy_runs/anchor_baseline_remote_seed1_20260705_113917/final_report.log
archive_legacy_run	91268	logs/archive/legacy_runs/anchor_baseline_remote_seed1_20260705_113917/master.log
archive_legacy_run	602	logs/archive/legacy_runs/anchor_baseline_remote_seed1_20260705_113917/preflight.log
archive_legacy_run	4810	logs/archive/legacy_runs/anchor_baseline_remote_seed1_20260705_113917/report.md
archive_legacy_run	1080	logs/archive/legacy_runs/anchor_baseline_remote_seed1_20260705_113917/status.tsv
archive_legacy_run	82694	logs/archive/legacy_runs/anchor_baseline_remote_seed1_20260705_113917/train_300.log
archive_legacy_run	82694	logs/archive/legacy_runs/anchor_baseline_remote_seed1_20260705_113917/train_anchor.log
archive_legacy_run	978	logs/archive/legacy_runs/anchor_baseline_remote_seed1_20260705_113917/train_window_summary.log
archive_legacy_run	9906	logs/archive/legacy_runs/anchor_baseline_unattended/run_anchor_baseline.sh
archive_legacy_run	1666	logs/archive/legacy_runs/branch_b_remote_sync_20260708_164416/candidates.tsv
archive_legacy_run	2290	logs/archive/legacy_runs/branch_b_remote_sync_20260708_164416/paired_seed0_iter0080_canonical.md
archive_legacy_run	3712	logs/archive/legacy_runs/branch_b_remote_sync_20260708_164416/paired_seed0_iter0080_off21.md
archive_legacy_run	2843	logs/archive/legacy_runs/branch_b_remote_sync_20260708_164416/paired_seed0_iter0080_off42.md
archive_legacy_run	2667	logs/archive/legacy_runs/branch_b_remote_sync_20260708_164416/paired_seed0_iter0080_off63.md
archive_legacy_run	2495	logs/archive/legacy_runs/branch_b_remote_sync_20260708_164416/paired_seed0_iter0080_off84.md
archive_legacy_run	10776	logs/archive/legacy_runs/broader_eval_unattended/run_broader_eval.sh
archive_legacy_run	8	logs/archive/legacy_runs/d1a_seed1_confirmation_20260705_0846/cleanup_eval_dirs.log
archive_legacy_run	56	logs/archive/legacy_runs/d1a_seed1_confirmation_20260705_0846/current_status.txt
archive_legacy_run	460	logs/archive/legacy_runs/d1a_seed1_confirmation_20260705_0846/eval_off21.log
archive_legacy_run	460	logs/archive/legacy_runs/d1a_seed1_confirmation_20260705_0846/eval_off42.log
archive_legacy_run	145	logs/archive/legacy_runs/d1a_seed1_confirmation_20260705_0846/final_report.log
archive_legacy_run	7015	logs/archive/legacy_runs/d1a_seed1_confirmation_20260705_0846/master.log
archive_legacy_run	1653	logs/archive/legacy_runs/d1a_seed1_confirmation_20260705_0846/post_collision_analysis.log
archive_legacy_run	27	logs/archive/legacy_runs/d1a_seed1_confirmation_20260705_0846/preflight.log
archive_legacy_run	4345	logs/archive/legacy_runs/d1a_seed1_confirmation_20260705_0846/report.md
archive_legacy_run	14122	logs/archive/legacy_runs/d1a_seed1_confirmation_20260705_0846/run_unattended.sh
archive_legacy_run	724	logs/archive/legacy_runs/d1a_seed1_confirmation_20260705_0846/status.tsv
archive_legacy_run	741	logs/archive/legacy_runs/d1a_seed1_confirmation_20260705_0846/train_window_summary.log
archive_legacy_run	0	logs/archive/legacy_runs/d1b_seed0_20260705_092447/cleanup_eval_dirs.log
archive_legacy_run	70	logs/archive/legacy_runs/d1b_seed0_20260705_092447/current_status.txt
archive_legacy_run	3904	logs/archive/legacy_runs/d1b_seed0_20260705_092447/master.log
archive_legacy_run	557	logs/archive/legacy_runs/d1b_seed0_20260705_092447/preflight.log
archive_legacy_run	395	logs/archive/legacy_runs/d1b_seed0_20260705_092447/report.md
archive_legacy_run	359	logs/archive/legacy_runs/d1b_seed0_20260705_092447/status.tsv
archive_legacy_run	1093	logs/archive/legacy_runs/d1b_seed0_20260705_092447/train_300.log
archive_legacy_run	1309	logs/archive/legacy_runs/d1b_seed0_20260705_092447/train_gate.log
archive_legacy_run	640	logs/archive/legacy_runs/d1b_seed1_20260705_092447/analyze_canonical.log
archive_legacy_run	793	logs/archive/legacy_runs/d1b_seed1_20260705_092447/analyze_off21.log
archive_legacy_run	595	logs/archive/legacy_runs/d1b_seed1_20260705_092447/analyze_off42.log
archive_legacy_run	0	logs/archive/legacy_runs/d1b_seed1_20260705_092447/cleanup_eval_dirs.log
archive_legacy_run	56	logs/archive/legacy_runs/d1b_seed1_20260705_092447/current_status.txt
archive_legacy_run	463	logs/archive/legacy_runs/d1b_seed1_20260705_092447/eval_canonical.log
archive_legacy_run	492	logs/archive/legacy_runs/d1b_seed1_20260705_092447/eval_off21.log
archive_legacy_run	492	logs/archive/legacy_runs/d1b_seed1_20260705_092447/eval_off42.log
archive_legacy_run	73	logs/archive/legacy_runs/d1b_seed1_20260705_092447/final_report.log
archive_legacy_run	91354	logs/archive/legacy_runs/d1b_seed1_20260705_092447/master.log
archive_legacy_run	576	logs/archive/legacy_runs/d1b_seed1_20260705_092447/preflight.log
archive_legacy_run	4095	logs/archive/legacy_runs/d1b_seed1_20260705_092447/report.md
archive_legacy_run	1086	logs/archive/legacy_runs/d1b_seed1_20260705_092447/status.tsv
archive_legacy_run	79023	logs/archive/legacy_runs/d1b_seed1_20260705_092447/train_300.log
archive_legacy_run	4814	logs/archive/legacy_runs/d1b_seed1_20260705_092447/train_gate.log
archive_legacy_run	927	logs/archive/legacy_runs/d1b_seed1_20260705_092447/train_window_summary.log
archive_legacy_run	0	logs/archive/legacy_runs/d1b_seed2_20260705_092447/cleanup_eval_dirs.log
archive_legacy_run	71	logs/archive/legacy_runs/d1b_seed2_20260705_092447/current_status.txt
archive_legacy_run	3309	logs/archive/legacy_runs/d1b_seed2_20260705_092447/master.log
archive_legacy_run	557	logs/archive/legacy_runs/d1b_seed2_20260705_092447/preflight.log
archive_legacy_run	260	logs/archive/legacy_runs/d1b_seed2_20260705_092447/report.md
archive_legacy_run	309	logs/archive/legacy_runs/d1b_seed2_20260705_092447/status.tsv
archive_legacy_run	1093	logs/archive/legacy_runs/d1b_seed2_20260705_092447/train_300.log
archive_legacy_run	770	logs/archive/legacy_runs/d1b_seed2_20260705_092447/train_gate.log
archive_legacy_run	959	logs/archive/legacy_runs/d1b_seed2r_20260705_092447/analyze_canonical.log
archive_legacy_run	1262	logs/archive/legacy_runs/d1b_seed2r_20260705_092447/analyze_off21.log
archive_legacy_run	1115	logs/archive/legacy_runs/d1b_seed2r_20260705_092447/analyze_off42.log
archive_legacy_run	0	logs/archive/legacy_runs/d1b_seed2r_20260705_092447/cleanup_eval_dirs.log
archive_legacy_run	56	logs/archive/legacy_runs/d1b_seed2r_20260705_092447/current_status.txt
archive_legacy_run	467	logs/archive/legacy_runs/d1b_seed2r_20260705_092447/eval_canonical.log
archive_legacy_run	496	logs/archive/legacy_runs/d1b_seed2r_20260705_092447/eval_off21.log
archive_legacy_run	496	logs/archive/legacy_runs/d1b_seed2r_20260705_092447/eval_off42.log
archive_legacy_run	74	logs/archive/legacy_runs/d1b_seed2r_20260705_092447/final_report.log
archive_legacy_run	92207	logs/archive/legacy_runs/d1b_seed2r_20260705_092447/master.log
archive_legacy_run	577	logs/archive/legacy_runs/d1b_seed2r_20260705_092447/preflight.log
archive_legacy_run	5375	logs/archive/legacy_runs/d1b_seed2r_20260705_092447/report.md
archive_legacy_run	1088	logs/archive/legacy_runs/d1b_seed2r_20260705_092447/status.tsv
archive_legacy_run	78537	logs/archive/legacy_runs/d1b_seed2r_20260705_092447/train_300.log
archive_legacy_run	4814	logs/archive/legacy_runs/d1b_seed2r_20260705_092447/train_gate.log
archive_legacy_run	928	logs/archive/legacy_runs/d1b_seed2r_20260705_092447/train_window_summary.log
archive_legacy_run	14147	logs/archive/legacy_runs/d1b_unattended/run_d1b_pipeline.sh
archive_legacy_run	3314	logs/archive/legacy_runs/d2_b_seed0_local_20260705_183533/analyze_canonical.log
archive_legacy_run	3097	logs/archive/legacy_runs/d2_b_seed0_local_20260705_183533/analyze_off21.log
archive_legacy_run	3563	logs/archive/legacy_runs/d2_b_seed0_local_20260705_183533/analyze_off42.log
archive_legacy_run	8	logs/archive/legacy_runs/d2_b_seed0_local_20260705_183533/cleanup_stale.log
archive_legacy_run	56	logs/archive/legacy_runs/d2_b_seed0_local_20260705_183533/current_status.txt
archive_legacy_run	557	logs/archive/legacy_runs/d2_b_seed0_local_20260705_183533/double_bc_gate.log
archive_legacy_run	451	logs/archive/legacy_runs/d2_b_seed0_local_20260705_183533/eval_canonical.log
archive_legacy_run	480	logs/archive/legacy_runs/d2_b_seed0_local_20260705_183533/eval_off21.log
archive_legacy_run	480	logs/archive/legacy_runs/d2_b_seed0_local_20260705_183533/eval_off42.log
archive_legacy_run	80	logs/archive/legacy_runs/d2_b_seed0_local_20260705_183533/final_report.log
archive_legacy_run	28087	logs/archive/legacy_runs/d2_b_seed0_local_20260705_183533/git_diff.patch
archive_legacy_run	117839	logs/archive/legacy_runs/d2_b_seed0_local_20260705_183533/master.log
archive_legacy_run	2761	logs/archive/legacy_runs/d2_b_seed0_local_20260705_183533/nohup.out
archive_legacy_run	734	logs/archive/legacy_runs/d2_b_seed0_local_20260705_183533/preflight.log
archive_legacy_run	12817	logs/archive/legacy_runs/d2_b_seed0_local_20260705_183533/report.md
archive_legacy_run	1186	logs/archive/legacy_runs/d2_b_seed0_local_20260705_183533/status.tsv
archive_legacy_run	91439	logs/archive/legacy_runs/d2_b_seed0_local_20260705_183533/train_300.log
archive_legacy_run	9807	logs/archive/legacy_runs/d2_b_seed0_local_20260705_183533/train_gate.log
archive_legacy_run	1068	logs/archive/legacy_runs/d2_b_seed0_local_20260705_183533/train_window_summary.log
archive_legacy_run	672	logs/archive/legacy_runs/d2_c_seed0_local_20260705_201727/analyze_canonical.log
archive_legacy_run	983	logs/archive/legacy_runs/d2_c_seed0_local_20260705_201727/analyze_off21.log
archive_legacy_run	778	logs/archive/legacy_runs/d2_c_seed0_local_20260705_201727/analyze_off42.log
archive_legacy_run	8	logs/archive/legacy_runs/d2_c_seed0_local_20260705_201727/cleanup_stale.log
archive_legacy_run	56	logs/archive/legacy_runs/d2_c_seed0_local_20260705_201727/current_status.txt
archive_legacy_run	557	logs/archive/legacy_runs/d2_c_seed0_local_20260705_201727/double_bc_gate.log
archive_legacy_run	447	logs/archive/legacy_runs/d2_c_seed0_local_20260705_201727/eval_canonical.log
archive_legacy_run	477	logs/archive/legacy_runs/d2_c_seed0_local_20260705_201727/eval_off21.log
archive_legacy_run	476	logs/archive/legacy_runs/d2_c_seed0_local_20260705_201727/eval_off42.log
archive_legacy_run	80	logs/archive/legacy_runs/d2_c_seed0_local_20260705_201727/final_report.log
archive_legacy_run	34102	logs/archive/legacy_runs/d2_c_seed0_local_20260705_201727/git_diff.patch
archive_legacy_run	151928	logs/archive/legacy_runs/d2_c_seed0_local_20260705_201727/master.log
archive_legacy_run	2761	logs/archive/legacy_runs/d2_c_seed0_local_20260705_201727/nohup.out
archive_legacy_run	734	logs/archive/legacy_runs/d2_c_seed0_local_20260705_201727/preflight.log
archive_legacy_run	5374	logs/archive/legacy_runs/d2_c_seed0_local_20260705_201727/report.md
archive_legacy_run	1186	logs/archive/legacy_runs/d2_c_seed0_local_20260705_201727/status.tsv
archive_legacy_run	98337	logs/archive/legacy_runs/d2_c_seed0_local_20260705_201727/train_300.log
archive_legacy_run	44550	logs/archive/legacy_runs/d2_c_seed0_local_20260705_201727/train_gate.log
archive_legacy_run	1068	logs/archive/legacy_runs/d2_c_seed0_local_20260705_201727/train_window_summary.log
archive_legacy_run	745	logs/archive/legacy_runs/d2_c_seed2_local_20260706_005227/analyze_canonical.log
archive_legacy_run	846	logs/archive/legacy_runs/d2_c_seed2_local_20260706_005227/analyze_off21.log
archive_legacy_run	802	logs/archive/legacy_runs/d2_c_seed2_local_20260706_005227/analyze_off42.log
archive_legacy_run	8	logs/archive/legacy_runs/d2_c_seed2_local_20260706_005227/cleanup_stale.log
archive_legacy_run	56	logs/archive/legacy_runs/d2_c_seed2_local_20260706_005227/current_status.txt
archive_legacy_run	557	logs/archive/legacy_runs/d2_c_seed2_local_20260706_005227/double_bc_gate.log
archive_legacy_run	447	logs/archive/legacy_runs/d2_c_seed2_local_20260706_005227/eval_canonical.log
archive_legacy_run	476	logs/archive/legacy_runs/d2_c_seed2_local_20260706_005227/eval_off21.log
archive_legacy_run	476	logs/archive/legacy_runs/d2_c_seed2_local_20260706_005227/eval_off42.log
archive_legacy_run	80	logs/archive/legacy_runs/d2_c_seed2_local_20260706_005227/final_report.log
archive_legacy_run	34102	logs/archive/legacy_runs/d2_c_seed2_local_20260706_005227/git_diff.patch
archive_legacy_run	151891	logs/archive/legacy_runs/d2_c_seed2_local_20260706_005227/master.log
archive_legacy_run	2761	logs/archive/legacy_runs/d2_c_seed2_local_20260706_005227/nohup.out
archive_legacy_run	734	logs/archive/legacy_runs/d2_c_seed2_local_20260706_005227/preflight.log
archive_legacy_run	5329	logs/archive/legacy_runs/d2_c_seed2_local_20260706_005227/report.md
archive_legacy_run	1186	logs/archive/legacy_runs/d2_c_seed2_local_20260706_005227/status.tsv
archive_legacy_run	98843	logs/archive/legacy_runs/d2_c_seed2_local_20260706_005227/train_300.log
archive_legacy_run	44051	logs/archive/legacy_runs/d2_c_seed2_local_20260706_005227/train_gate.log
archive_legacy_run	1065	logs/archive/legacy_runs/d2_c_seed2_local_20260706_005227/train_window_summary.log
archive_legacy_run	770	logs/archive/legacy_runs/d2_cpot2_seed0_local_20260706_095335/analyze_canonical.log
archive_legacy_run	904	logs/archive/legacy_runs/d2_cpot2_seed0_local_20260706_095335/analyze_off21.log
archive_legacy_run	827	logs/archive/legacy_runs/d2_cpot2_seed0_local_20260706_095335/analyze_off42.log
archive_legacy_run	8	logs/archive/legacy_runs/d2_cpot2_seed0_local_20260706_095335/cleanup_stale.log
archive_legacy_run	56	logs/archive/legacy_runs/d2_cpot2_seed0_local_20260706_095335/current_status.txt
archive_legacy_run	565	logs/archive/legacy_runs/d2_cpot2_seed0_local_20260706_095335/double_bc_gate.log
archive_legacy_run	459	logs/archive/legacy_runs/d2_cpot2_seed0_local_20260706_095335/eval_canonical.log
archive_legacy_run	489	logs/archive/legacy_runs/d2_cpot2_seed0_local_20260706_095335/eval_off21.log
archive_legacy_run	488	logs/archive/legacy_runs/d2_cpot2_seed0_local_20260706_095335/eval_off42.log
archive_legacy_run	84	logs/archive/legacy_runs/d2_cpot2_seed0_local_20260706_095335/final_report.log
archive_legacy_run	40322	logs/archive/legacy_runs/d2_cpot2_seed0_local_20260706_095335/git_diff.patch
archive_legacy_run	159722	logs/archive/legacy_runs/d2_cpot2_seed0_local_20260706_095335/master.log
archive_legacy_run	2829	logs/archive/legacy_runs/d2_cpot2_seed0_local_20260706_095335/nohup.out
archive_legacy_run	738	logs/archive/legacy_runs/d2_cpot2_seed0_local_20260706_095335/preflight.log
archive_legacy_run	5482	logs/archive/legacy_runs/d2_cpot2_seed0_local_20260706_095335/report.md
archive_legacy_run	1194	logs/archive/legacy_runs/d2_cpot2_seed0_local_20260706_095335/status.tsv
archive_legacy_run	104567	logs/archive/legacy_runs/d2_cpot2_seed0_local_20260706_095335/train_300.log
archive_legacy_run	45930	logs/archive/legacy_runs/d2_cpot2_seed0_local_20260706_095335/train_gate.log
archive_legacy_run	1064	logs/archive/legacy_runs/d2_cpot2_seed0_local_20260706_095335/train_window_summary.log
archive_legacy_run	550	logs/archive/legacy_runs/d2_cpot_seed0_local_20260706_082506/KILLED_NOTE.md
archive_legacy_run	8	logs/archive/legacy_runs/d2_cpot_seed0_local_20260706_082506/cleanup_stale.log
archive_legacy_run	76	logs/archive/legacy_runs/d2_cpot_seed0_local_20260706_082506/current_status.txt
archive_legacy_run	40322	logs/archive/legacy_runs/d2_cpot_seed0_local_20260706_082506/git_diff.patch
archive_legacy_run	1602	logs/archive/legacy_runs/d2_cpot_seed0_local_20260706_082506/master.log
archive_legacy_run	857	logs/archive/legacy_runs/d2_cpot_seed0_local_20260706_082506/nohup.out
archive_legacy_run	737	logs/archive/legacy_runs/d2_cpot_seed0_local_20260706_082506/preflight.log
archive_legacy_run	254	logs/archive/legacy_runs/d2_cpot_seed0_local_20260706_082506/status.tsv
archive_legacy_run	37162	logs/archive/legacy_runs/d2_cpot_seed0_local_20260706_082506/train_300.log
archive_legacy_run	15027	logs/archive/legacy_runs/d2_cpot_seed0_local_20260706_082506/train_gate.log
archive_legacy_run	1564	logs/archive/legacy_runs/d2_cpot_seed0b_local_20260706_143443/analyze_canonical.log
archive_legacy_run	1674	logs/archive/legacy_runs/d2_cpot_seed0b_local_20260706_143443/analyze_off21.log
archive_legacy_run	1546	logs/archive/legacy_runs/d2_cpot_seed0b_local_20260706_143443/analyze_off42.log
archive_legacy_run	8	logs/archive/legacy_runs/d2_cpot_seed0b_local_20260706_143443/cleanup_stale.log
archive_legacy_run	56	logs/archive/legacy_runs/d2_cpot_seed0b_local_20260706_143443/current_status.txt
archive_legacy_run	565	logs/archive/legacy_runs/d2_cpot_seed0b_local_20260706_143443/double_bc_gate.log
archive_legacy_run	461	logs/archive/legacy_runs/d2_cpot_seed0b_local_20260706_143443/eval_canonical.log
archive_legacy_run	490	logs/archive/legacy_runs/d2_cpot_seed0b_local_20260706_143443/eval_off21.log
archive_legacy_run	490	logs/archive/legacy_runs/d2_cpot_seed0b_local_20260706_143443/eval_off42.log
archive_legacy_run	84	logs/archive/legacy_runs/d2_cpot_seed0b_local_20260706_143443/final_report.log
archive_legacy_run	40322	logs/archive/legacy_runs/d2_cpot_seed0b_local_20260706_143443/git_diff.patch
archive_legacy_run	164515	logs/archive/legacy_runs/d2_cpot_seed0b_local_20260706_143443/master.log
archive_legacy_run	2829	logs/archive/legacy_runs/d2_cpot_seed0b_local_20260706_143443/nohup.out
archive_legacy_run	738	logs/archive/legacy_runs/d2_cpot_seed0b_local_20260706_143443/preflight.log
archive_legacy_run	7736	logs/archive/legacy_runs/d2_cpot_seed0b_local_20260706_143443/report.md
archive_legacy_run	1194	logs/archive/legacy_runs/d2_cpot_seed0b_local_20260706_143443/status.tsv
archive_legacy_run	104873	logs/archive/legacy_runs/d2_cpot_seed0b_local_20260706_143443/train_300.log
archive_legacy_run	48127	logs/archive/legacy_runs/d2_cpot_seed0b_local_20260706_143443/train_gate.log
archive_legacy_run	1066	logs/archive/legacy_runs/d2_cpot_seed0b_local_20260706_143443/train_window_summary.log
archive_legacy_run	5801	logs/archive/legacy_runs/d2_remote_reports_20260705_201727/seed1_report.md
archive_legacy_run	5312	logs/archive/legacy_runs/d2_remote_reports_20260705_201727/seed42_report.md
archive_legacy_run	5219	logs/archive/legacy_runs/d2_remote_reports_20260706_005227/seed3_report.md
archive_legacy_run	1049	logs/archive/legacy_runs/d2_seed0_local_20260705_164511/analyze_canonical.log
archive_legacy_run	1053	logs/archive/legacy_runs/d2_seed0_local_20260705_164511/analyze_off21.log
archive_legacy_run	1080	logs/archive/legacy_runs/d2_seed0_local_20260705_164511/analyze_off42.log
archive_legacy_run	8	logs/archive/legacy_runs/d2_seed0_local_20260705_164511/cleanup_stale.log
archive_legacy_run	56	logs/archive/legacy_runs/d2_seed0_local_20260705_164511/current_status.txt
archive_legacy_run	553	logs/archive/legacy_runs/d2_seed0_local_20260705_164511/double_bc_gate.log
archive_legacy_run	442	logs/archive/legacy_runs/d2_seed0_local_20260705_164511/eval_canonical.log
archive_legacy_run	471	logs/archive/legacy_runs/d2_seed0_local_20260705_164511/eval_off21.log
archive_legacy_run	471	logs/archive/legacy_runs/d2_seed0_local_20260705_164511/eval_off42.log
archive_legacy_run	78	logs/archive/legacy_runs/d2_seed0_local_20260705_164511/final_report.log
archive_legacy_run	28087	logs/archive/legacy_runs/d2_seed0_local_20260705_164511/git_diff.patch
archive_legacy_run	114747	logs/archive/legacy_runs/d2_seed0_local_20260705_164511/master.log
archive_legacy_run	2727	logs/archive/legacy_runs/d2_seed0_local_20260705_164511/nohup.out
archive_legacy_run	6	logs/archive/legacy_runs/d2_seed0_local_20260705_164511/pid
archive_legacy_run	732	logs/archive/legacy_runs/d2_seed0_local_20260705_164511/preflight.log
archive_legacy_run	6003	logs/archive/legacy_runs/d2_seed0_local_20260705_164511/report.md
archive_legacy_run	1182	logs/archive/legacy_runs/d2_seed0_local_20260705_164511/status.tsv
archive_legacy_run	94953	logs/archive/legacy_runs/d2_seed0_local_20260705_164511/train_300.log
archive_legacy_run	10063	logs/archive/legacy_runs/d2_seed0_local_20260705_164511/train_gate.log
archive_legacy_run	1067	logs/archive/legacy_runs/d2_seed0_local_20260705_164511/train_window_summary.log
archive_legacy_run	17425	logs/archive/legacy_runs/d2_unattended/run_d2_pipeline.sh
archive_legacy_run	866	logs/archive/legacy_runs/d2c_seed0_extra_offsets_20260706/analyze_bc_off63.log
archive_legacy_run	798	logs/archive/legacy_runs/d2c_seed0_extra_offsets_20260706/analyze_bc_off84.log
archive_legacy_run	869	logs/archive/legacy_runs/d2c_seed0_extra_offsets_20260706/analyze_d2_off63.log
archive_legacy_run	750	logs/archive/legacy_runs/d2c_seed0_extra_offsets_20260706/analyze_d2_off84.log
archive_legacy_run	56	logs/archive/legacy_runs/d2c_seed0_extra_offsets_20260706/current_status.txt
archive_legacy_run	431	logs/archive/legacy_runs/d2c_seed0_extra_offsets_20260706/eval_bc_off63.log
archive_legacy_run	431	logs/archive/legacy_runs/d2c_seed0_extra_offsets_20260706/eval_bc_off84.log
archive_legacy_run	466	logs/archive/legacy_runs/d2c_seed0_extra_offsets_20260706/eval_d2_off63.log
archive_legacy_run	466	logs/archive/legacy_runs/d2c_seed0_extra_offsets_20260706/eval_d2_off84.log
archive_legacy_run	94	logs/archive/legacy_runs/d2c_seed0_extra_offsets_20260706/final_report.log
archive_legacy_run	0	logs/archive/legacy_runs/d2c_seed0_extra_offsets_20260706/launch.log
archive_legacy_run	6021	logs/archive/legacy_runs/d2c_seed0_extra_offsets_20260706/master.log
archive_legacy_run	814	logs/archive/legacy_runs/d2c_seed0_extra_offsets_20260706/report.md
archive_legacy_run	3733	logs/archive/legacy_runs/d2c_seed0_extra_offsets_20260706/run_extra_eval.sh
archive_legacy_run	962	logs/archive/legacy_runs/d2c_seed0_extra_offsets_20260706/status.tsv
archive_legacy_run	1066	logs/archive/legacy_runs/d4a_paired_analysis_20260707/d4b_seed1_iter.md
archive_legacy_run	1824	logs/archive/legacy_runs/d4a_paired_analysis_20260707/seed0_iter80.md
archive_legacy_run	1971	logs/archive/legacy_runs/d4a_paired_analysis_20260707/seed2_iter120.md
archive_legacy_run	1814	logs/archive/legacy_runs/d4a_paired_analysis_20260707/seed2_iter80.md
archive_legacy_run	0	logs/archive/legacy_runs/d4a_probe_20260706_233314/launch.out
archive_legacy_run	702	logs/archive/legacy_runs/d4a_probe_20260706_233314/probe.log
archive_legacy_run	542	logs/archive/legacy_runs/d4a_probe_20260706_233314/report.md
archive_legacy_run	152	logs/archive/legacy_runs/d4a_probe_20260706_233314/watcher.log
archive_legacy_run	8	logs/archive/legacy_runs/d4a_probe_20260706_233314/watcher.pid
archive_legacy_run	313	logs/archive/legacy_runs/d4a_remote_reports_20260706_233314/seed1_status.tsv
archive_legacy_run	313	logs/archive/legacy_runs/d4a_remote_reports_20260706_233314/seed2_status.tsv
archive_legacy_run	313	logs/archive/legacy_runs/d4a_remote_reports_20260706_233314/seed3_status.tsv
archive_legacy_run	1080	logs/archive/legacy_runs/d4a_remote_reports_20260706_233314/snapshot_report_remote_seed1_2_3.md
archive_legacy_run	8	logs/archive/legacy_runs/d4a_seed0_local_20260706_233314/cleanup_stale.log
archive_legacy_run	75	logs/archive/legacy_runs/d4a_seed0_local_20260706_233314/current_status.txt
archive_legacy_run	10943	logs/archive/legacy_runs/d4a_seed0_local_20260706_233314/git_diff.patch
archive_legacy_run	146549	logs/archive/legacy_runs/d4a_seed0_local_20260706_233314/master.log
archive_legacy_run	815	logs/archive/legacy_runs/d4a_seed0_local_20260706_233314/preflight.log
archive_legacy_run	311	logs/archive/legacy_runs/d4a_seed0_local_20260706_233314/status.tsv
archive_legacy_run	110262	logs/archive/legacy_runs/d4a_seed0_local_20260706_233314/train_300.log
archive_legacy_run	34777	logs/archive/legacy_runs/d4a_seed0_local_20260706_233314/train_gate.log
archive_legacy_run	8	logs/archive/legacy_runs/d4a_seed0_local_20260707_125155/cleanup_stale.log
archive_legacy_run	56	logs/archive/legacy_runs/d4a_seed0_local_20260707_125155/current_status.txt
archive_legacy_run	0	logs/archive/legacy_runs/d4a_seed0_local_20260707_125155/git_diff.patch
archive_legacy_run	160058	logs/archive/legacy_runs/d4a_seed0_local_20260707_125155/master.log
archive_legacy_run	1463	logs/archive/legacy_runs/d4a_seed0_local_20260707_125155/nohup.out
archive_legacy_run	782	logs/archive/legacy_runs/d4a_seed0_local_20260707_125155/preflight.log
archive_legacy_run	2903	logs/archive/legacy_runs/d4a_seed0_local_20260707_125155/report.md
archive_legacy_run	707	logs/archive/legacy_runs/d4a_seed0_local_20260707_125155/selection_report.log
archive_legacy_run	3995	logs/archive/legacy_runs/d4a_seed0_local_20260707_125155/snapshot_eval.log
archive_legacy_run	730	logs/archive/legacy_runs/d4a_seed0_local_20260707_125155/status.tsv
archive_legacy_run	110811	logs/archive/legacy_runs/d4a_seed0_local_20260707_125155/train_300.log
archive_legacy_run	41396	logs/archive/legacy_runs/d4a_seed0_local_20260707_125155/train_gate.log
archive_legacy_run	811	logs/archive/legacy_runs/d4a_seed0_local_20260707_125155/train_window_summary.log
archive_legacy_run	85	logs/archive/legacy_runs/d4a_seed0_local_20260707_125155/write_report.log
archive_legacy_run	469	logs/archive/legacy_runs/d4a_snapshot_eval_20260706_233314_seed0_local/eval_seed0_local_iter120.log
archive_legacy_run	469	logs/archive/legacy_runs/d4a_snapshot_eval_20260706_233314_seed0_local/eval_seed0_local_iter160.log
archive_legacy_run	469	logs/archive/legacy_runs/d4a_snapshot_eval_20260706_233314_seed0_local/eval_seed0_local_iter200.log
archive_legacy_run	469	logs/archive/legacy_runs/d4a_snapshot_eval_20260706_233314_seed0_local/eval_seed0_local_iter240.log
archive_legacy_run	469	logs/archive/legacy_runs/d4a_snapshot_eval_20260706_233314_seed0_local/eval_seed0_local_iter280.log
archive_legacy_run	469	logs/archive/legacy_runs/d4a_snapshot_eval_20260706_233314_seed0_local/eval_seed0_local_iter300.log
archive_legacy_run	467	logs/archive/legacy_runs/d4a_snapshot_eval_20260706_233314_seed0_local/eval_seed0_local_iter40.log
archive_legacy_run	467	logs/archive/legacy_runs/d4a_snapshot_eval_20260706_233314_seed0_local/eval_seed0_local_iter80.log
archive_legacy_run	5472	logs/archive/legacy_runs/d4a_snapshot_eval_20260706_233314_seed0_local/master.log
archive_legacy_run	883	logs/archive/legacy_runs/d4a_snapshot_eval_20260706_233314_seed0_local/report.md
archive_legacy_run	790	logs/archive/legacy_runs/d4a_snapshot_eval_20260706_233314_seed0_local/status.tsv
archive_legacy_run	1724	logs/archive/legacy_runs/d4a_unattended/eval_launch_seed0_local_20260706_233314.out
archive_legacy_run	5123	logs/archive/legacy_runs/d4a_unattended/eval_saved_snapshots.sh
archive_legacy_run	8	logs/archive/legacy_runs/d4a_unattended/eval_seed0_local_20260706_233314.pid
archive_legacy_run	16	logs/archive/legacy_runs/d4a_unattended/latest_run_id
archive_legacy_run	687	logs/archive/legacy_runs/d4a_unattended/launch_seed0_local_20260706_233314.out
archive_legacy_run	11792	logs/archive/legacy_runs/d4a_unattended/run_d4a_pipeline.sh
archive_legacy_run	8	logs/archive/legacy_runs/d4a_unattended/seed0_local_20260706_233314.pid
archive_legacy_run	277	logs/archive/legacy_runs/d4c_canon_seed0_local_20260707_220843/PAUSED_BY_USER.md
archive_legacy_run	67	logs/archive/legacy_runs/d4c_canon_seed0_local_20260707_220843/cleanup_stale.log
archive_legacy_run	67	logs/archive/legacy_runs/d4c_canon_seed0_local_20260707_220843/current_status.txt
archive_legacy_run	4134	logs/archive/legacy_runs/d4c_canon_seed0_local_20260707_220843/dry_run_scenarios.log
archive_legacy_run	41	logs/archive/legacy_runs/d4c_canon_seed0_local_20260707_220843/git_head.txt
archive_legacy_run	58	logs/archive/legacy_runs/d4c_canon_seed0_local_20260707_220843/git_status.txt
archive_legacy_run	5866	logs/archive/legacy_runs/d4c_canon_seed0_local_20260707_220843/master.log
archive_legacy_run	1034	logs/archive/legacy_runs/d4c_canon_seed0_local_20260707_220843/preflight.log
archive_legacy_run	8835	logs/archive/legacy_runs/d4c_canon_seed0_local_20260707_220843/source_diff.patch
archive_legacy_run	338	logs/archive/legacy_runs/d4c_canon_seed0_local_20260707_220843/status.tsv
archive_legacy_run	91771	logs/archive/legacy_runs/d4c_canon_seed0_local_20260707_220843/train_300.log
archive_legacy_run	10305	logs/archive/legacy_runs/d4c_canon_seed0_local_20260707_220843/train_ppo_help.txt
archive_legacy_run	16	logs/archive/legacy_runs/d4c_unattended/latest_run_id
archive_legacy_run	0	logs/archive/legacy_runs/d4c_unattended/local_seed0_20260707_220843.out
archive_legacy_run	7	logs/archive/legacy_runs/d4c_unattended/local_seed0_20260707_220843.pid
archive_legacy_run	378265	logs/archive/legacy_runs/d4c_unattended/monitor_20260707_220843.log
archive_legacy_run	7	logs/archive/legacy_runs/d4c_unattended/monitor_20260707_220843.pid
archive_legacy_run	2350	logs/archive/legacy_runs/d4c_unattended/monitor_d4c.sh
archive_legacy_run	12261	logs/archive/legacy_runs/d4c_unattended/postprocess_branchb.sh
archive_legacy_run	11626	logs/archive/legacy_runs/d4c_unattended/run_d4c_pipeline.sh
archive_legacy_run	961	logs/archive/legacy_runs/d4c_unattended/run_d4c_sequence.sh
archive_legacy_run	808	logs/archive/legacy_runs/d4c_unattended/sequence_canon_local_20260707_220843.log
archive_legacy_run	2144	logs/archive/legacy_runs/d4c_unattended/sequence_wide_local_20260707_220843.log
archive_legacy_run	66	logs/archive/legacy_runs/d4c_wide_seed0_local_20260707_220843/cleanup_stale.log
archive_legacy_run	60	logs/archive/legacy_runs/d4c_wide_seed0_local_20260707_220843/current_status.txt
archive_legacy_run	4021	logs/archive/legacy_runs/d4c_wide_seed0_local_20260707_220843/dry_run_scenarios.log
archive_legacy_run	4540	logs/archive/legacy_runs/d4c_wide_seed0_local_20260707_220843/eval_coarse.log
archive_legacy_run	18	logs/archive/legacy_runs/d4c_wide_seed0_local_20260707_220843/eval_fine.log
archive_legacy_run	18	logs/archive/legacy_runs/d4c_wide_seed0_local_20260707_220843/fine_iters.txt
archive_legacy_run	41	logs/archive/legacy_runs/d4c_wide_seed0_local_20260707_220843/git_head.txt
archive_legacy_run	58	logs/archive/legacy_runs/d4c_wide_seed0_local_20260707_220843/git_status.txt
archive_legacy_run	124183	logs/archive/legacy_runs/d4c_wide_seed0_local_20260707_220843/master.log
archive_legacy_run	1033	logs/archive/legacy_runs/d4c_wide_seed0_local_20260707_220843/preflight.log
archive_legacy_run	7130	logs/archive/legacy_runs/d4c_wide_seed0_local_20260707_220843/report.md
archive_legacy_run	957	logs/archive/legacy_runs/d4c_wide_seed0_local_20260707_220843/selection_report.log
archive_legacy_run	8835	logs/archive/legacy_runs/d4c_wide_seed0_local_20260707_220843/source_diff.patch
archive_legacy_run	882	logs/archive/legacy_runs/d4c_wide_seed0_local_20260707_220843/status.tsv
archive_legacy_run	110694	logs/archive/legacy_runs/d4c_wide_seed0_local_20260707_220843/train_300.log
archive_legacy_run	10305	logs/archive/legacy_runs/d4c_wide_seed0_local_20260707_220843/train_ppo_help.txt
archive_legacy_run	943	logs/archive/legacy_runs/d4c_wide_seed0_local_20260707_220843/train_window_summary.log
archive_legacy_run	90	logs/archive/legacy_runs/d4c_wide_seed0_local_20260707_220843/write_report.log
archive_legacy_run	14034	logs/archive/legacy_runs/full_sweep_unattended/run_austin_full_sweep.sh
archive_legacy_run	1024	logs/archive/legacy_runs/local_displayless_verify_20260705/d1b_seed0_no_display.log
archive_legacy_run	1025	logs/archive/legacy_runs/local_displayless_verify_20260705/d1b_seed2_display_1.log
archive_legacy_run	1025	logs/archive/legacy_runs/local_displayless_verify_20260705/d1b_seed2_no_display.log
archive_legacy_run	3335	logs/archive/legacy_runs/local_displayless_verify_20260705/d1b_seed2_no_display_10iter.log
archive_legacy_run	1537	logs/archive/legacy_runs/local_displayless_verify_20260705/d1b_seed2_no_display_flush_3iter.log
archive_legacy_run	1547	logs/archive/legacy_runs/local_displayless_verify_20260705/d1b_seed2_no_display_unbuffered_3iter.log
archive_legacy_run	2328	logs/archive/legacy_runs/p1_validation_unattended/README.md
archive_legacy_run	16437	logs/archive/legacy_runs/p1_validation_unattended/run_p1_validation.sh
archive_legacy_run	2416	logs/archive/legacy_runs/ppo_d1a_20260704_213800/analysis_report.log
archive_legacy_run	3042	logs/archive/legacy_runs/ppo_d1a_20260704_213800/analysis_report.md
archive_legacy_run	558	logs/archive/legacy_runs/ppo_d1a_20260704_213800/analyze_d1a_collisions.log
archive_legacy_run	546	logs/archive/legacy_runs/ppo_d1a_20260704_213800/analyze_gate_collisions.log
archive_legacy_run	8	logs/archive/legacy_runs/ppo_d1a_20260704_213800/cleanup_d1_stale.log
archive_legacy_run	74	logs/archive/legacy_runs/ppo_d1a_20260704_213800/current_status.txt
archive_legacy_run	471	logs/archive/legacy_runs/ppo_d1a_20260704_213800/eval_d1a_ol1.log
archive_legacy_run	669	logs/archive/legacy_runs/ppo_d1a_20260704_213800/gate_d1a_transition_compare.log
archive_legacy_run	320	logs/archive/legacy_runs/ppo_d1a_20260704_213800/gate_double_bc_check.log
archive_legacy_run	465	logs/archive/legacy_runs/ppo_d1a_20260704_213800/gate_double_bc_eval.log
archive_legacy_run	35605	logs/archive/legacy_runs/ppo_d1a_20260704_213800/git_diff.patch
archive_legacy_run	136	logs/archive/legacy_runs/ppo_d1a_20260704_213800/git_status.log
archive_legacy_run	2661	logs/archive/legacy_runs/ppo_d1a_20260704_213800/master.log
archive_legacy_run	466	logs/archive/legacy_runs/ppo_d1a_20260704_213800/metadata_python.log
archive_legacy_run	0	logs/archive/legacy_runs/ppo_d1a_20260704_213800/py_compile.log
archive_legacy_run	10045	logs/archive/legacy_runs/ppo_d1a_20260704_213800/run_unattended.sh
archive_legacy_run	948	logs/archive/legacy_runs/ppo_d1a_20260704_213800/status.tsv
archive_legacy_run	72129	logs/archive/legacy_runs/ppo_d1a_20260704_213800/train_300.log
archive_legacy_run	896	logs/archive/legacy_runs/ppo_ol1alpha_20260704_195702/README.md
archive_legacy_run	3690	logs/archive/legacy_runs/ppo_ol1alpha_20260704_195702/analysis_report.md
archive_legacy_run	2725	logs/archive/legacy_runs/ppo_ol1alpha_20260704_195702/analyze_ppo.log
archive_legacy_run	90	logs/archive/legacy_runs/ppo_ol1alpha_20260704_195702/current_status.txt
archive_legacy_run	927	logs/archive/legacy_runs/ppo_ol1alpha_20260704_195702/decision_criteria.md
archive_legacy_run	623	logs/archive/legacy_runs/ppo_ol1alpha_20260704_195702/early_stop_reason.md
archive_legacy_run	401	logs/archive/legacy_runs/ppo_ol1alpha_20260704_195702/eval_ppo_ol1.log
archive_legacy_run	990	logs/archive/legacy_runs/ppo_ol1alpha_20260704_195702/eval_summary.log
archive_legacy_run	25102	logs/archive/legacy_runs/ppo_ol1alpha_20260704_195702/git_diff.patch
archive_legacy_run	102	logs/archive/legacy_runs/ppo_ol1alpha_20260704_195702/git_status.log
archive_legacy_run	1236	logs/archive/legacy_runs/ppo_ol1alpha_20260704_195702/master.log
archive_legacy_run	466	logs/archive/legacy_runs/ppo_ol1alpha_20260704_195702/metadata_python.log
archive_legacy_run	0	logs/archive/legacy_runs/ppo_ol1alpha_20260704_195702/py_compile.log
archive_legacy_run	5403	logs/archive/legacy_runs/ppo_ol1alpha_20260704_195702/run_unattended.sh
archive_legacy_run	624	logs/archive/legacy_runs/ppo_ol1alpha_20260704_195702/status.tsv
archive_legacy_run	37891	logs/archive/legacy_runs/ppo_ol1alpha_20260704_195702/train_300.log
archive_legacy_run	634	logs/archive/legacy_runs/ppo_ol1anchor75_20260704_162033/README.md
archive_legacy_run	3216	logs/archive/legacy_runs/ppo_ol1anchor75_20260704_162033/analysis_report.md
archive_legacy_run	3225	logs/archive/legacy_runs/ppo_ol1anchor75_20260704_162033/analyze_ppo.log
archive_legacy_run	74	logs/archive/legacy_runs/ppo_ol1anchor75_20260704_162033/current_status.txt
archive_legacy_run	1412	logs/archive/legacy_runs/ppo_ol1anchor75_20260704_162033/decision_criteria.md
archive_legacy_run	408	logs/archive/legacy_runs/ppo_ol1anchor75_20260704_162033/eval_ppo_ol1.log
archive_legacy_run	842	logs/archive/legacy_runs/ppo_ol1anchor75_20260704_162033/eval_summary.log
archive_legacy_run	25102	logs/archive/legacy_runs/ppo_ol1anchor75_20260704_162033/git_diff.patch
archive_legacy_run	102	logs/archive/legacy_runs/ppo_ol1anchor75_20260704_162033/git_status.log
archive_legacy_run	1868	logs/archive/legacy_runs/ppo_ol1anchor75_20260704_162033/master.log
archive_legacy_run	419	logs/archive/legacy_runs/ppo_ol1anchor75_20260704_162033/metadata_python.log
archive_legacy_run	1868	logs/archive/legacy_runs/ppo_ol1anchor75_20260704_162033/nohup.out
archive_legacy_run	7	logs/archive/legacy_runs/ppo_ol1anchor75_20260704_162033/pid
archive_legacy_run	0	logs/archive/legacy_runs/ppo_ol1anchor75_20260704_162033/py_compile.log
archive_legacy_run	5878	logs/archive/legacy_runs/ppo_ol1anchor75_20260704_162033/run_unattended.sh
archive_legacy_run	678	logs/archive/legacy_runs/ppo_ol1anchor75_20260704_162033/status.tsv
archive_legacy_run	66924	logs/archive/legacy_runs/ppo_ol1anchor75_20260704_162033/train_300.log
archive_legacy_run	604	logs/archive/legacy_runs/ppo_ol1credit_20260704_104608/README.md
archive_legacy_run	2843	logs/archive/legacy_runs/ppo_ol1credit_20260704_104608/analyze_ppo.log
archive_legacy_run	74	logs/archive/legacy_runs/ppo_ol1credit_20260704_104608/current_status.txt
archive_legacy_run	405	logs/archive/legacy_runs/ppo_ol1credit_20260704_104608/eval_ppo_ol1.log
archive_legacy_run	338	logs/archive/legacy_runs/ppo_ol1credit_20260704_104608/eval_summary.log
archive_legacy_run	21584	logs/archive/legacy_runs/ppo_ol1credit_20260704_104608/git_diff.patch
archive_legacy_run	499	logs/archive/legacy_runs/ppo_ol1credit_20260704_104608/git_status.log
archive_legacy_run	1367	logs/archive/legacy_runs/ppo_ol1credit_20260704_104608/master.log
archive_legacy_run	419	logs/archive/legacy_runs/ppo_ol1credit_20260704_104608/metadata_python.log
archive_legacy_run	1367	logs/archive/legacy_runs/ppo_ol1credit_20260704_104608/nohup.out
archive_legacy_run	7	logs/archive/legacy_runs/ppo_ol1credit_20260704_104608/pid
archive_legacy_run	0	logs/archive/legacy_runs/ppo_ol1credit_20260704_104608/py_compile.log
archive_legacy_run	4050	logs/archive/legacy_runs/ppo_ol1credit_20260704_104608/run_unattended.sh
archive_legacy_run	678	logs/archive/legacy_runs/ppo_ol1credit_20260704_104608/status.tsv
archive_legacy_run	54979	logs/archive/legacy_runs/ppo_ol1credit_20260704_104608/train_300.log
archive_legacy_run	856	logs/archive/legacy_runs/ppo_ol1credit_resume600_20260704_130847/README.md
archive_legacy_run	1905	logs/archive/legacy_runs/ppo_ol1credit_resume600_20260704_130847/analysis_report.md
archive_legacy_run	4185	logs/archive/legacy_runs/ppo_ol1credit_resume600_20260704_130847/analyze_ppo.log
archive_legacy_run	74	logs/archive/legacy_runs/ppo_ol1credit_resume600_20260704_130847/current_status.txt
archive_legacy_run	1426	logs/archive/legacy_runs/ppo_ol1credit_resume600_20260704_130847/decision_criteria.md
archive_legacy_run	425	logs/archive/legacy_runs/ppo_ol1credit_resume600_20260704_130847/eval_ppo_ol1.log
archive_legacy_run	465	logs/archive/legacy_runs/ppo_ol1credit_resume600_20260704_130847/eval_summary.log
archive_legacy_run	21584	logs/archive/legacy_runs/ppo_ol1credit_resume600_20260704_130847/git_diff.patch
archive_legacy_run	617	logs/archive/legacy_runs/ppo_ol1credit_resume600_20260704_130847/git_status.log
archive_legacy_run	2081	logs/archive/legacy_runs/ppo_ol1credit_resume600_20260704_130847/master.log
archive_legacy_run	419	logs/archive/legacy_runs/ppo_ol1credit_resume600_20260704_130847/metadata_python.log
archive_legacy_run	7757	logs/archive/legacy_runs/ppo_ol1credit_resume600_20260704_130847/monitor.log
archive_legacy_run	7	logs/archive/legacy_runs/ppo_ol1credit_resume600_20260704_130847/monitor.pid
archive_legacy_run	1784	logs/archive/legacy_runs/ppo_ol1credit_resume600_20260704_130847/monitor_run.sh
archive_legacy_run	2081	logs/archive/legacy_runs/ppo_ol1credit_resume600_20260704_130847/nohup.out
archive_legacy_run	7	logs/archive/legacy_runs/ppo_ol1credit_resume600_20260704_130847/pid
archive_legacy_run	7	logs/archive/legacy_runs/ppo_ol1credit_resume600_20260704_130847/post_analyze.pid
archive_legacy_run	5255	logs/archive/legacy_runs/ppo_ol1credit_resume600_20260704_130847/post_analyze_when_done.sh
archive_legacy_run	0	logs/archive/legacy_runs/ppo_ol1credit_resume600_20260704_130847/py_compile.log
archive_legacy_run	5244	logs/archive/legacy_runs/ppo_ol1credit_resume600_20260704_130847/run_unattended.sh
archive_legacy_run	692	logs/archive/legacy_runs/ppo_ol1credit_resume600_20260704_130847/status.tsv
archive_legacy_run	56034	logs/archive/legacy_runs/ppo_ol1credit_resume600_20260704_130847/train_resume_600.log
archive_legacy_run	548	logs/archive/legacy_runs/ppo_ol1gate_20260704_090713/README.md
archive_legacy_run	6163	logs/archive/legacy_runs/ppo_ol1gate_20260704_090713/analyze_ppo.log
archive_legacy_run	74	logs/archive/legacy_runs/ppo_ol1gate_20260704_090713/current_status.txt
archive_legacy_run	400	logs/archive/legacy_runs/ppo_ol1gate_20260704_090713/eval_ppo_ol1.log
archive_legacy_run	343	logs/archive/legacy_runs/ppo_ol1gate_20260704_090713/eval_summary.log
archive_legacy_run	21584	logs/archive/legacy_runs/ppo_ol1gate_20260704_090713/git_diff.patch
archive_legacy_run	385	logs/archive/legacy_runs/ppo_ol1gate_20260704_090713/git_status.log
archive_legacy_run	1349	logs/archive/legacy_runs/ppo_ol1gate_20260704_090713/master.log
archive_legacy_run	419	logs/archive/legacy_runs/ppo_ol1gate_20260704_090713/metadata_python.log
archive_legacy_run	1349	logs/archive/legacy_runs/ppo_ol1gate_20260704_090713/nohup.out
archive_legacy_run	7	logs/archive/legacy_runs/ppo_ol1gate_20260704_090713/pid
archive_legacy_run	0	logs/archive/legacy_runs/ppo_ol1gate_20260704_090713/py_compile.log
archive_legacy_run	3947	logs/archive/legacy_runs/ppo_ol1gate_20260704_090713/run_unattended.sh
archive_legacy_run	678	logs/archive/legacy_runs/ppo_ol1gate_20260704_090713/status.tsv
archive_legacy_run	56161	logs/archive/legacy_runs/ppo_ol1gate_20260704_090713/train_300.log
archive_legacy_run	689	logs/archive/legacy_runs/ppo_ol1prebc10_20260704_144139/README.md
archive_legacy_run	1964	logs/archive/legacy_runs/ppo_ol1prebc10_20260704_144139/analysis_report.md
archive_legacy_run	2573	logs/archive/legacy_runs/ppo_ol1prebc10_20260704_144139/analyze_ppo.log
archive_legacy_run	74	logs/archive/legacy_runs/ppo_ol1prebc10_20260704_144139/current_status.txt
archive_legacy_run	1475	logs/archive/legacy_runs/ppo_ol1prebc10_20260704_144139/decision_criteria.md
archive_legacy_run	406	logs/archive/legacy_runs/ppo_ol1prebc10_20260704_144139/eval_ppo_ol1.log
archive_legacy_run	590	logs/archive/legacy_runs/ppo_ol1prebc10_20260704_144139/eval_summary.log
archive_legacy_run	24474	logs/archive/legacy_runs/ppo_ol1prebc10_20260704_144139/git_diff.patch
archive_legacy_run	755	logs/archive/legacy_runs/ppo_ol1prebc10_20260704_144139/git_status.log
archive_legacy_run	1857	logs/archive/legacy_runs/ppo_ol1prebc10_20260704_144139/master.log
archive_legacy_run	419	logs/archive/legacy_runs/ppo_ol1prebc10_20260704_144139/metadata_python.log
archive_legacy_run	7401	logs/archive/legacy_runs/ppo_ol1prebc10_20260704_144139/monitor.log
archive_legacy_run	7	logs/archive/legacy_runs/ppo_ol1prebc10_20260704_144139/monitor.pid
archive_legacy_run	1773	logs/archive/legacy_runs/ppo_ol1prebc10_20260704_144139/monitor_run.sh
archive_legacy_run	1857	logs/archive/legacy_runs/ppo_ol1prebc10_20260704_144139/nohup.out
archive_legacy_run	7	logs/archive/legacy_runs/ppo_ol1prebc10_20260704_144139/pid
archive_legacy_run	7	logs/archive/legacy_runs/ppo_ol1prebc10_20260704_144139/post_analyze.pid
archive_legacy_run	5215	logs/archive/legacy_runs/ppo_ol1prebc10_20260704_144139/post_analyze_when_done.sh
archive_legacy_run	0	logs/archive/legacy_runs/ppo_ol1prebc10_20260704_144139/py_compile.log
archive_legacy_run	5081	logs/archive/legacy_runs/ppo_ol1prebc10_20260704_144139/run_unattended.sh
archive_legacy_run	678	logs/archive/legacy_runs/ppo_ol1prebc10_20260704_144139/status.tsv
archive_legacy_run	63984	logs/archive/legacy_runs/ppo_ol1prebc10_20260704_144139/train_300.log
archive_legacy_run	464	logs/archive/legacy_runs/ppo_privcritic_20260703_235252/README.md
archive_legacy_run	84	logs/archive/legacy_runs/ppo_privcritic_20260703_235252/current_status.txt
archive_legacy_run	219	logs/archive/legacy_runs/ppo_privcritic_20260703_235252/master.log
archive_legacy_run	0	logs/archive/legacy_runs/ppo_privcritic_20260703_235252/metadata_python.log
archive_legacy_run	219	logs/archive/legacy_runs/ppo_privcritic_20260703_235252/nohup.out
archive_legacy_run	6	logs/archive/legacy_runs/ppo_privcritic_20260703_235252/pid
archive_legacy_run	4621	logs/archive/legacy_runs/ppo_privcritic_20260703_235252/run_unattended.sh
archive_legacy_run	63	logs/archive/legacy_runs/ppo_privcritic_20260703_235252/status.tsv
archive_legacy_run	492	logs/archive/legacy_runs/ppo_privcritic_20260703_235433/README.md
archive_legacy_run	1518	logs/archive/legacy_runs/ppo_privcritic_20260703_235433/analyze_bc.log
archive_legacy_run	5231	logs/archive/legacy_runs/ppo_privcritic_20260703_235433/analyze_ppo.log
archive_legacy_run	74	logs/archive/legacy_runs/ppo_privcritic_20260703_235433/current_status.txt
archive_legacy_run	384	logs/archive/legacy_runs/ppo_privcritic_20260703_235433/eval_bc.log
archive_legacy_run	409	logs/archive/legacy_runs/ppo_privcritic_20260703_235433/eval_ppo.log
archive_legacy_run	546	logs/archive/legacy_runs/ppo_privcritic_20260703_235433/eval_summary.log
archive_legacy_run	3859	logs/archive/legacy_runs/ppo_privcritic_20260703_235433/evaluate_bc.sh
archive_legacy_run	3871	logs/archive/legacy_runs/ppo_privcritic_20260703_235433/evaluate_ppo.sh
archive_legacy_run	19630	logs/archive/legacy_runs/ppo_privcritic_20260703_235433/git_diff.patch
archive_legacy_run	78	logs/archive/legacy_runs/ppo_privcritic_20260703_235433/git_status.log
archive_legacy_run	1959	logs/archive/legacy_runs/ppo_privcritic_20260703_235433/master.log
archive_legacy_run	419	logs/archive/legacy_runs/ppo_privcritic_20260703_235433/metadata_python.log
archive_legacy_run	1959	logs/archive/legacy_runs/ppo_privcritic_20260703_235433/nohup.out
archive_legacy_run	6	logs/archive/legacy_runs/ppo_privcritic_20260703_235433/pid
archive_legacy_run	0	logs/archive/legacy_runs/ppo_privcritic_20260703_235433/py_compile.log
archive_legacy_run	4709	logs/archive/legacy_runs/ppo_privcritic_20260703_235433/run_unattended.sh
archive_legacy_run	892	logs/archive/legacy_runs/ppo_privcritic_20260703_235433/status.tsv
archive_legacy_run	14880	logs/archive/legacy_runs/ppo_privcritic_20260703_235433/train_100.log
archive_legacy_run	147224	logs/archive/legacy_runs/ppo_privcritic_20260703_235433/train_1000.log
archive_legacy_run	563	logs/archive/legacy_runs/probe_smoke_d4a/report.md
archive_review	19525	logs/archive/reviews/CLAUDE_AUDITOR_BRIEF_20260710.md
archive_review	5233	logs/archive/reviews/CLAUDE_AUDIT_WARMSTART_GATE_20260712.md
archive_superseded_artifact	9	logs/archive/superseded_artifacts/bplus_v22/source_preflight_20260711_223400/COMPLETE
archive_superseded_artifact	820	logs/archive/superseded_artifacts/bplus_v22/source_preflight_20260711_223400/authority.json
archive_superseded_artifact	327	logs/archive/superseded_artifacts/bplus_v22/source_preflight_20260711_223400/environment.json
archive_superseded_artifact	419	logs/archive/superseded_artifacts/bplus_v22/source_preflight_20260711_223400/output_manifest.sha256
archive_superseded_artifact	1752	logs/archive/superseded_artifacts/bplus_v22/source_preflight_20260711_223400/pinned_inputs.json
archive_superseded_artifact	3223	logs/archive/superseded_artifacts/bplus_v22/source_preflight_20260711_223400/source_inventory.json
archive_superseded_artifact	141	logs/archive/superseded_artifacts/bplus_v22/source_preflight_20260711_223400/validation.json
archive_superseded_artifact	9	logs/archive/superseded_artifacts/bplus_v22/source_preflight_20260711_230358/COMPLETE
archive_superseded_artifact	1012	logs/archive/superseded_artifacts/bplus_v22/source_preflight_20260711_230358/authority.json
archive_superseded_artifact	327	logs/archive/superseded_artifacts/bplus_v22/source_preflight_20260711_230358/environment.json
archive_superseded_artifact	419	logs/archive/superseded_artifacts/bplus_v22/source_preflight_20260711_230358/output_manifest.sha256
archive_superseded_artifact	1752	logs/archive/superseded_artifacts/bplus_v22/source_preflight_20260711_230358/pinned_inputs.json
archive_superseded_artifact	4784	logs/archive/superseded_artifacts/bplus_v22/source_preflight_20260711_230358/source_inventory.json
archive_superseded_artifact	141	logs/archive/superseded_artifacts/bplus_v22/source_preflight_20260711_230358/validation.json
archive_superseded_artifact	9	logs/archive/superseded_artifacts/bplus_v22/source_preflight_20260712_091242/COMPLETE
archive_superseded_artifact	1012	logs/archive/superseded_artifacts/bplus_v22/source_preflight_20260712_091242/authority.json
archive_superseded_artifact	327	logs/archive/superseded_artifacts/bplus_v22/source_preflight_20260712_091242/environment.json
archive_superseded_artifact	419	logs/archive/superseded_artifacts/bplus_v22/source_preflight_20260712_091242/output_manifest.sha256
archive_superseded_artifact	1752	logs/archive/superseded_artifacts/bplus_v22/source_preflight_20260712_091242/pinned_inputs.json
archive_superseded_artifact	6504	logs/archive/superseded_artifacts/bplus_v22/source_preflight_20260712_091242/source_inventory.json
archive_superseded_artifact	141	logs/archive/superseded_artifacts/bplus_v22/source_preflight_20260712_091242/validation.json
archive_superseded_artifact	9	logs/archive/superseded_artifacts/bplus_v22/source_preflight_20260712_091617/COMPLETE
archive_superseded_artifact	1012	logs/archive/superseded_artifacts/bplus_v22/source_preflight_20260712_091617/authority.json
archive_superseded_artifact	327	logs/archive/superseded_artifacts/bplus_v22/source_preflight_20260712_091617/environment.json
archive_superseded_artifact	419	logs/archive/superseded_artifacts/bplus_v22/source_preflight_20260712_091617/output_manifest.sha256
archive_superseded_artifact	1752	logs/archive/superseded_artifacts/bplus_v22/source_preflight_20260712_091617/pinned_inputs.json
archive_superseded_artifact	6504	logs/archive/superseded_artifacts/bplus_v22/source_preflight_20260712_091617/source_inventory.json
archive_superseded_artifact	141	logs/archive/superseded_artifacts/bplus_v22/source_preflight_20260712_091617/validation.json
archive_superseded_artifact	9	logs/archive/superseded_artifacts/bplus_v22/source_preflight_20260712_103412/COMPLETE
archive_superseded_artifact	1012	logs/archive/superseded_artifacts/bplus_v22/source_preflight_20260712_103412/authority.json
archive_superseded_artifact	327	logs/archive/superseded_artifacts/bplus_v22/source_preflight_20260712_103412/environment.json
archive_superseded_artifact	419	logs/archive/superseded_artifacts/bplus_v22/source_preflight_20260712_103412/output_manifest.sha256
archive_superseded_artifact	1752	logs/archive/superseded_artifacts/bplus_v22/source_preflight_20260712_103412/pinned_inputs.json
archive_superseded_artifact	7009	logs/archive/superseded_artifacts/bplus_v22/source_preflight_20260712_103412/source_inventory.json
archive_superseded_artifact	141	logs/archive/superseded_artifacts/bplus_v22/source_preflight_20260712_103412/validation.json
archive_superseded_artifact	9	logs/archive/superseded_artifacts/bplus_v22/source_preflight_20260712_105723/COMPLETE
archive_superseded_artifact	1012	logs/archive/superseded_artifacts/bplus_v22/source_preflight_20260712_105723/authority.json
archive_superseded_artifact	327	logs/archive/superseded_artifacts/bplus_v22/source_preflight_20260712_105723/environment.json
archive_superseded_artifact	419	logs/archive/superseded_artifacts/bplus_v22/source_preflight_20260712_105723/output_manifest.sha256
archive_superseded_artifact	1752	logs/archive/superseded_artifacts/bplus_v22/source_preflight_20260712_105723/pinned_inputs.json
archive_superseded_artifact	7346	logs/archive/superseded_artifacts/bplus_v22/source_preflight_20260712_105723/source_inventory.json
archive_superseded_artifact	141	logs/archive/superseded_artifacts/bplus_v22/source_preflight_20260712_105723/validation.json
archive_superseded_artifact	9	logs/archive/superseded_artifacts/bplus_v22/task8_manifests_20260712_103419/COMPLETE
archive_superseded_artifact	2107	logs/archive/superseded_artifacts/bplus_v22/task8_manifests_20260712_103419/config.json
archive_superseded_artifact	32813	logs/archive/superseded_artifacts/bplus_v22/task8_manifests_20260712_103419/d25_witness_training.tsv
archive_superseded_artifact	156141	logs/archive/superseded_artifacts/bplus_v22/task8_manifests_20260712_103419/development_scenarios.tsv
archive_superseded_artifact	3067	logs/archive/superseded_artifacts/bplus_v22/task8_manifests_20260712_103419/evaluation_jobs.tsv
archive_superseded_artifact	102	logs/archive/superseded_artifacts/bplus_v22/task8_manifests_20260712_103419/l4_disjoint_recoverability.tsv
archive_superseded_artifact	3384	logs/archive/superseded_artifacts/bplus_v22/task8_manifests_20260712_103419/no_learning_smoke.tsv
archive_superseded_artifact	703	logs/archive/superseded_artifacts/bplus_v22/task8_manifests_20260712_103419/output_manifest.sha256
archive_superseded_artifact	804966	logs/archive/superseded_artifacts/bplus_v22/task8_manifests_20260712_103419/training_scenarios.tsv
archive_superseded_artifact	95	logs/archive/superseded_artifacts/bplus_v22/task8_manifests_20260712_103419/validation.json
archive_superseded_artifact	9	logs/archive/superseded_artifacts/bplus_v22/warmstart_manifest_20260712_091304/COMPLETE
archive_superseded_artifact	3608	logs/archive/superseded_artifacts/bplus_v22/warmstart_manifest_20260712_091304/config.json
archive_superseded_artifact	3620	logs/archive/superseded_artifacts/bplus_v22/warmstart_manifest_20260712_091304/diagnostic_indices.npy
archive_superseded_artifact	398343	logs/archive/superseded_artifacts/bplus_v22/warmstart_manifest_20260712_091304/episodes.tsv
archive_superseded_artifact	10619807	logs/archive/superseded_artifacts/bplus_v22/warmstart_manifest_20260712_091304/macro_examples.tsv
archive_superseded_artifact	774	logs/archive/superseded_artifacts/bplus_v22/warmstart_manifest_20260712_091304/output_manifest.sha256
archive_superseded_artifact	6603130	logs/archive/superseded_artifacts/bplus_v22/warmstart_manifest_20260712_091304/registry_after.expected.tsv
archive_superseded_artifact	6241142	logs/archive/superseded_artifacts/bplus_v22/warmstart_manifest_20260712_091304/registry_before.snapshot.tsv
archive_superseded_artifact	362158	logs/archive/superseded_artifacts/bplus_v22/warmstart_manifest_20260712_091304/registry_rows.tsv
archive_superseded_artifact	1048704	logs/archive/superseded_artifacts/bplus_v22/warmstart_manifest_20260712_091304/training_schedule.npy
archive_superseded_artifact	124	logs/archive/superseded_artifacts/bplus_v22/warmstart_manifest_20260712_091304/validation.json
archive_superseded_artifact	9	logs/archive/superseded_artifacts/d01/d01_full_20260710_235320/COMPLETE
archive_superseded_artifact	96	logs/archive/superseded_artifacts/d01/d01_full_20260710_235320/alignment_failures.tsv
archive_superseded_artifact	63893	logs/archive/superseded_artifacts/d01/d01_full_20260710_235320/blocks.tsv
archive_superseded_artifact	8051646	logs/archive/superseded_artifacts/d01/d01_full_20260710_235320/canonical_episodes.tsv
archive_superseded_artifact	150904	logs/archive/superseded_artifacts/d01/d01_full_20260710_235320/collision_events.tsv
archive_superseded_artifact	3506	logs/archive/superseded_artifacts/d01/d01_full_20260710_235320/d0_summary.json
archive_superseded_artifact	696	logs/archive/superseded_artifacts/d01/d01_full_20260710_235320/d0_summary.md
archive_superseded_artifact	2169	logs/archive/superseded_artifacts/d01/d01_full_20260710_235320/d0_validation.json
archive_superseded_artifact	5760	logs/archive/superseded_artifacts/d01/d01_full_20260710_235320/dev_overlap_cell_diag.tsv
archive_superseded_artifact	8541	logs/archive/superseded_artifacts/d01/d01_full_20260710_235320/dev_overlap_exact.tsv
archive_superseded_artifact	16083552	logs/archive/superseded_artifacts/d01/d01_full_20260710_235320/episode_occurrences.tsv
archive_superseded_artifact	10504	logs/archive/superseded_artifacts/d01/d01_full_20260710_235320/input_provenance.tsv
archive_superseded_artifact	1537018	logs/archive/superseded_artifacts/d01/d01_full_20260710_235320/opened_registry.snapshot.tsv
archive_superseded_artifact	206	logs/archive/superseded_artifacts/d01/d01_full_20260710_235320/outcome_corrections.tsv
archive_superseded_artifact	2381	logs/archive/superseded_artifacts/d01/d01_full_20260710_235320/output_manifest.sha256
archive_superseded_artifact	2470	logs/archive/superseded_artifacts/d01/d01_full_20260710_235320/runconfig.json
archive_superseded_artifact	919689	logs/archive/superseded_artifacts/d01/d01_full_20260710_235320/s0_manifest.json
archive_superseded_artifact	3511	logs/archive/superseded_artifacts/d01/d01_full_20260710_235320/sensitivityA_pairs.tsv
archive_superseded_artifact	64568	logs/archive/superseded_artifacts/d01/d01_full_20260710_235320/sensitivityB_excluded.tsv
archive_superseded_artifact	14169	logs/archive/superseded_artifacts/d01/d01_full_20260710_235320/stats_primary.json
archive_superseded_artifact	14096	logs/archive/superseded_artifacts/d01/d01_full_20260710_235320/stats_sensA.json
archive_superseded_artifact	14095	logs/archive/superseded_artifacts/d01/d01_full_20260710_235320/stats_sensB.json
archive_superseded_artifact	3182567	logs/archive/superseded_artifacts/d01/d01_full_20260710_235320/trajectory_metrics.tsv
archive_superseded_artifact	2624	logs/archive/superseded_artifacts/d01/d01_full_20260710_235320/transition_matrix_primary.md
archive_superseded_artifact	77926	logs/archive/superseded_artifacts/d01/d01_full_20260710_235320/transition_matrix_primary.tsv
archive_superseded_artifact	2520	logs/archive/superseded_artifacts/d01/d01_full_20260710_235320/transition_matrix_sensA.md
archive_superseded_artifact	74662	logs/archive/superseded_artifacts/d01/d01_full_20260710_235320/transition_matrix_sensA.tsv
archive_superseded_artifact	2502	logs/archive/superseded_artifacts/d01/d01_full_20260710_235320/transition_matrix_sensB.md
archive_superseded_artifact	74360	logs/archive/superseded_artifacts/d01/d01_full_20260710_235320/transition_matrix_sensB.tsv
archive_superseded_artifact	9	logs/archive/superseded_artifacts/d01/d01_full_reconcile_20260711_170200_b/COMPLETE
archive_superseded_artifact	96	logs/archive/superseded_artifacts/d01/d01_full_reconcile_20260711_170200_b/alignment_failures.tsv
archive_superseded_artifact	63893	logs/archive/superseded_artifacts/d01/d01_full_reconcile_20260711_170200_b/blocks.tsv
archive_superseded_artifact	8051646	logs/archive/superseded_artifacts/d01/d01_full_reconcile_20260711_170200_b/canonical_episodes.tsv
archive_superseded_artifact	150904	logs/archive/superseded_artifacts/d01/d01_full_reconcile_20260711_170200_b/collision_events.tsv
archive_superseded_artifact	36079	logs/archive/superseded_artifacts/d01/d01_full_reconcile_20260711_170200_b/d0_summary.json
archive_superseded_artifact	33654	logs/archive/superseded_artifacts/d01/d01_full_reconcile_20260711_170200_b/d0_summary.md
archive_superseded_artifact	2235	logs/archive/superseded_artifacts/d01/d01_full_reconcile_20260711_170200_b/d0_validation.json
archive_superseded_artifact	5760	logs/archive/superseded_artifacts/d01/d01_full_reconcile_20260711_170200_b/dev_overlap_cell_diag.tsv
archive_superseded_artifact	8541	logs/archive/superseded_artifacts/d01/d01_full_reconcile_20260711_170200_b/dev_overlap_exact.tsv
archive_superseded_artifact	16083552	logs/archive/superseded_artifacts/d01/d01_full_reconcile_20260711_170200_b/episode_occurrences.tsv
archive_superseded_artifact	10504	logs/archive/superseded_artifacts/d01/d01_full_reconcile_20260711_170200_b/input_provenance.tsv
archive_superseded_artifact	3073866	logs/archive/superseded_artifacts/d01/d01_full_reconcile_20260711_170200_b/opened_registry.snapshot.tsv
archive_superseded_artifact	206	logs/archive/superseded_artifacts/d01/d01_full_reconcile_20260711_170200_b/outcome_corrections.tsv
archive_superseded_artifact	2381	logs/archive/superseded_artifacts/d01/d01_full_reconcile_20260711_170200_b/output_manifest.sha256
archive_superseded_artifact	5494	logs/archive/superseded_artifacts/d01/d01_full_reconcile_20260711_170200_b/runconfig.json
archive_superseded_artifact	919689	logs/archive/superseded_artifacts/d01/d01_full_reconcile_20260711_170200_b/s0_manifest.json
archive_superseded_artifact	3511	logs/archive/superseded_artifacts/d01/d01_full_reconcile_20260711_170200_b/sensitivityA_pairs.tsv
archive_superseded_artifact	64568	logs/archive/superseded_artifacts/d01/d01_full_reconcile_20260711_170200_b/sensitivityB_excluded.tsv
archive_superseded_artifact	14169	logs/archive/superseded_artifacts/d01/d01_full_reconcile_20260711_170200_b/stats_primary.json
archive_superseded_artifact	14096	logs/archive/superseded_artifacts/d01/d01_full_reconcile_20260711_170200_b/stats_sensA.json
archive_superseded_artifact	14095	logs/archive/superseded_artifacts/d01/d01_full_reconcile_20260711_170200_b/stats_sensB.json
archive_superseded_artifact	3182567	logs/archive/superseded_artifacts/d01/d01_full_reconcile_20260711_170200_b/trajectory_metrics.tsv
archive_superseded_artifact	2624	logs/archive/superseded_artifacts/d01/d01_full_reconcile_20260711_170200_b/transition_matrix_primary.md
archive_superseded_artifact	77926	logs/archive/superseded_artifacts/d01/d01_full_reconcile_20260711_170200_b/transition_matrix_primary.tsv
archive_superseded_artifact	2520	logs/archive/superseded_artifacts/d01/d01_full_reconcile_20260711_170200_b/transition_matrix_sensA.md
archive_superseded_artifact	74662	logs/archive/superseded_artifacts/d01/d01_full_reconcile_20260711_170200_b/transition_matrix_sensA.tsv
archive_superseded_artifact	2502	logs/archive/superseded_artifacts/d01/d01_full_reconcile_20260711_170200_b/transition_matrix_sensB.md
archive_superseded_artifact	74360	logs/archive/superseded_artifacts/d01/d01_full_reconcile_20260711_170200_b/transition_matrix_sensB.tsv
archive_superseded_artifact	634	logs/archive/superseded_artifacts/d01/d01_geometry_20260710_235034.partial/FAILED
archive_superseded_artifact	9	logs/archive/superseded_artifacts/d01/d01_geometry_20260710_235124/COMPLETE
archive_superseded_artifact	63893	logs/archive/superseded_artifacts/d01/d01_geometry_20260710_235124/blocks.tsv
archive_superseded_artifact	5760	logs/archive/superseded_artifacts/d01/d01_geometry_20260710_235124/dev_overlap_cell_diag.tsv
archive_superseded_artifact	8541	logs/archive/superseded_artifacts/d01/d01_geometry_20260710_235124/dev_overlap_exact.tsv
archive_superseded_artifact	602	logs/archive/superseded_artifacts/d01/d01_geometry_20260710_235124/output_manifest.sha256
archive_superseded_artifact	2470	logs/archive/superseded_artifacts/d01/d01_geometry_20260710_235124/runconfig.json
archive_superseded_artifact	919689	logs/archive/superseded_artifacts/d01/d01_geometry_20260710_235124/s0_manifest.json
archive_superseded_artifact	3511	logs/archive/superseded_artifacts/d01/d01_geometry_20260710_235124/sensitivityA_pairs.tsv
archive_superseded_artifact	64568	logs/archive/superseded_artifacts/d01/d01_geometry_20260710_235124/sensitivityB_excluded.tsv
archive_superseded_artifact	9	logs/archive/superseded_artifacts/d01/d01_geometry_rerun_20260710_235146/COMPLETE
archive_superseded_artifact	63893	logs/archive/superseded_artifacts/d01/d01_geometry_rerun_20260710_235146/blocks.tsv
archive_superseded_artifact	5760	logs/archive/superseded_artifacts/d01/d01_geometry_rerun_20260710_235146/dev_overlap_cell_diag.tsv
archive_superseded_artifact	8541	logs/archive/superseded_artifacts/d01/d01_geometry_rerun_20260710_235146/dev_overlap_exact.tsv
archive_superseded_artifact	602	logs/archive/superseded_artifacts/d01/d01_geometry_rerun_20260710_235146/output_manifest.sha256
archive_superseded_artifact	2470	logs/archive/superseded_artifacts/d01/d01_geometry_rerun_20260710_235146/runconfig.json
archive_superseded_artifact	919689	logs/archive/superseded_artifacts/d01/d01_geometry_rerun_20260710_235146/s0_manifest.json
archive_superseded_artifact	3511	logs/archive/superseded_artifacts/d01/d01_geometry_rerun_20260710_235146/sensitivityA_pairs.tsv
archive_superseded_artifact	64568	logs/archive/superseded_artifacts/d01/d01_geometry_rerun_20260710_235146/sensitivityB_excluded.tsv
archive_superseded_artifact	9	logs/archive/superseded_artifacts/d01/d01_smoke_20260710_235214/COMPLETE
archive_superseded_artifact	96	logs/archive/superseded_artifacts/d01/d01_smoke_20260710_235214/alignment_failures.tsv
archive_superseded_artifact	63893	logs/archive/superseded_artifacts/d01/d01_smoke_20260710_235214/blocks.tsv
archive_superseded_artifact	751560	logs/archive/superseded_artifacts/d01/d01_smoke_20260710_235214/canonical_episodes.tsv
archive_superseded_artifact	12259	logs/archive/superseded_artifacts/d01/d01_smoke_20260710_235214/collision_events.tsv
archive_superseded_artifact	2099	logs/archive/superseded_artifacts/d01/d01_smoke_20260710_235214/d0_summary.json
archive_superseded_artifact	693	logs/archive/superseded_artifacts/d01/d01_smoke_20260710_235214/d0_summary.md
archive_superseded_artifact	2125	logs/archive/superseded_artifacts/d01/d01_smoke_20260710_235214/d0_validation.json
archive_superseded_artifact	5760	logs/archive/superseded_artifacts/d01/d01_smoke_20260710_235214/dev_overlap_cell_diag.tsv
archive_superseded_artifact	8541	logs/archive/superseded_artifacts/d01/d01_smoke_20260710_235214/dev_overlap_exact.tsv
archive_superseded_artifact	1126226	logs/archive/superseded_artifacts/d01/d01_smoke_20260710_235214/episode_occurrences.tsv
archive_superseded_artifact	832	logs/archive/superseded_artifacts/d01/d01_smoke_20260710_235214/input_provenance.tsv
archive_superseded_artifact	170	logs/archive/superseded_artifacts/d01/d01_smoke_20260710_235214/opened_registry.snapshot.tsv
archive_superseded_artifact	206	logs/archive/superseded_artifacts/d01/d01_smoke_20260710_235214/outcome_corrections.tsv
archive_superseded_artifact	2381	logs/archive/superseded_artifacts/d01/d01_smoke_20260710_235214/output_manifest.sha256
archive_superseded_artifact	2470	logs/archive/superseded_artifacts/d01/d01_smoke_20260710_235214/runconfig.json
archive_superseded_artifact	919689	logs/archive/superseded_artifacts/d01/d01_smoke_20260710_235214/s0_manifest.json
archive_superseded_artifact	3511	logs/archive/superseded_artifacts/d01/d01_smoke_20260710_235214/sensitivityA_pairs.tsv
archive_superseded_artifact	64568	logs/archive/superseded_artifacts/d01/d01_smoke_20260710_235214/sensitivityB_excluded.tsv
archive_superseded_artifact	4316	logs/archive/superseded_artifacts/d01/d01_smoke_20260710_235214/stats_primary.json
archive_superseded_artifact	4297	logs/archive/superseded_artifacts/d01/d01_smoke_20260710_235214/stats_sensA.json
archive_superseded_artifact	4301	logs/archive/superseded_artifacts/d01/d01_smoke_20260710_235214/stats_sensB.json
archive_superseded_artifact	309628	logs/archive/superseded_artifacts/d01/d01_smoke_20260710_235214/trajectory_metrics.tsv
archive_superseded_artifact	725	logs/archive/superseded_artifacts/d01/d01_smoke_20260710_235214/transition_matrix_primary.md
archive_superseded_artifact	20911	logs/archive/superseded_artifacts/d01/d01_smoke_20260710_235214/transition_matrix_primary.tsv
archive_superseded_artifact	695	logs/archive/superseded_artifacts/d01/d01_smoke_20260710_235214/transition_matrix_sensA.md
archive_superseded_artifact	20015	logs/archive/superseded_artifacts/d01/d01_smoke_20260710_235214/transition_matrix_sensA.tsv
archive_superseded_artifact	695	logs/archive/superseded_artifacts/d01/d01_smoke_20260710_235214/transition_matrix_sensB.md
archive_superseded_artifact	20012	logs/archive/superseded_artifacts/d01/d01_smoke_20260710_235214/transition_matrix_sensB.tsv
archive_superseded_artifact	9	logs/archive/superseded_artifacts/d01/d01_smoke_rerun_20260710_235242/COMPLETE
archive_superseded_artifact	96	logs/archive/superseded_artifacts/d01/d01_smoke_rerun_20260710_235242/alignment_failures.tsv
archive_superseded_artifact	63893	logs/archive/superseded_artifacts/d01/d01_smoke_rerun_20260710_235242/blocks.tsv
archive_superseded_artifact	751560	logs/archive/superseded_artifacts/d01/d01_smoke_rerun_20260710_235242/canonical_episodes.tsv
archive_superseded_artifact	12259	logs/archive/superseded_artifacts/d01/d01_smoke_rerun_20260710_235242/collision_events.tsv
archive_superseded_artifact	2099	logs/archive/superseded_artifacts/d01/d01_smoke_rerun_20260710_235242/d0_summary.json
archive_superseded_artifact	693	logs/archive/superseded_artifacts/d01/d01_smoke_rerun_20260710_235242/d0_summary.md
archive_superseded_artifact	2125	logs/archive/superseded_artifacts/d01/d01_smoke_rerun_20260710_235242/d0_validation.json
archive_superseded_artifact	5760	logs/archive/superseded_artifacts/d01/d01_smoke_rerun_20260710_235242/dev_overlap_cell_diag.tsv
archive_superseded_artifact	8541	logs/archive/superseded_artifacts/d01/d01_smoke_rerun_20260710_235242/dev_overlap_exact.tsv
archive_superseded_artifact	1126226	logs/archive/superseded_artifacts/d01/d01_smoke_rerun_20260710_235242/episode_occurrences.tsv
archive_superseded_artifact	832	logs/archive/superseded_artifacts/d01/d01_smoke_rerun_20260710_235242/input_provenance.tsv
archive_superseded_artifact	170	logs/archive/superseded_artifacts/d01/d01_smoke_rerun_20260710_235242/opened_registry.snapshot.tsv
archive_superseded_artifact	206	logs/archive/superseded_artifacts/d01/d01_smoke_rerun_20260710_235242/outcome_corrections.tsv
archive_superseded_artifact	2381	logs/archive/superseded_artifacts/d01/d01_smoke_rerun_20260710_235242/output_manifest.sha256
archive_superseded_artifact	2470	logs/archive/superseded_artifacts/d01/d01_smoke_rerun_20260710_235242/runconfig.json
archive_superseded_artifact	919689	logs/archive/superseded_artifacts/d01/d01_smoke_rerun_20260710_235242/s0_manifest.json
archive_superseded_artifact	3511	logs/archive/superseded_artifacts/d01/d01_smoke_rerun_20260710_235242/sensitivityA_pairs.tsv
archive_superseded_artifact	64568	logs/archive/superseded_artifacts/d01/d01_smoke_rerun_20260710_235242/sensitivityB_excluded.tsv
archive_superseded_artifact	4316	logs/archive/superseded_artifacts/d01/d01_smoke_rerun_20260710_235242/stats_primary.json
archive_superseded_artifact	4297	logs/archive/superseded_artifacts/d01/d01_smoke_rerun_20260710_235242/stats_sensA.json
archive_superseded_artifact	4301	logs/archive/superseded_artifacts/d01/d01_smoke_rerun_20260710_235242/stats_sensB.json
archive_superseded_artifact	309628	logs/archive/superseded_artifacts/d01/d01_smoke_rerun_20260710_235242/trajectory_metrics.tsv
archive_superseded_artifact	725	logs/archive/superseded_artifacts/d01/d01_smoke_rerun_20260710_235242/transition_matrix_primary.md
archive_superseded_artifact	20911	logs/archive/superseded_artifacts/d01/d01_smoke_rerun_20260710_235242/transition_matrix_primary.tsv
archive_superseded_artifact	695	logs/archive/superseded_artifacts/d01/d01_smoke_rerun_20260710_235242/transition_matrix_sensA.md
archive_superseded_artifact	20015	logs/archive/superseded_artifacts/d01/d01_smoke_rerun_20260710_235242/transition_matrix_sensA.tsv
archive_superseded_artifact	695	logs/archive/superseded_artifacts/d01/d01_smoke_rerun_20260710_235242/transition_matrix_sensB.md
archive_superseded_artifact	20012	logs/archive/superseded_artifacts/d01/d01_smoke_rerun_20260710_235242/transition_matrix_sensB.tsv
canonical	18043	logs/bplus_v22_d3r2_20260711/DECISIONS.md
canonical	19986	logs/bplus_v22_d3r2_20260711/EXPERIMENTS.md
canonical	12426	logs/bplus_v22_d3r2_20260711/STATUS.md
canonical	9	logs/bplus_v22_d3r2_20260711/artifacts/hierarchical_warmstart_20260712_160212/COMPLETE
canonical	48839138	logs/bplus_v22_d3r2_20260711/artifacts/hierarchical_warmstart_20260712_160212/checkpoints/BC_FROZEN.pt
canonical	48839783	logs/bplus_v22_d3r2_20260711/artifacts/hierarchical_warmstart_20260712_160212/checkpoints/SIDECAR_FINETUNE.pt
canonical	48839553	logs/bplus_v22_d3r2_20260711/artifacts/hierarchical_warmstart_20260712_160212/checkpoints/SIDECAR_FROZEN.pt
canonical	3816	logs/bplus_v22_d3r2_20260711/artifacts/hierarchical_warmstart_20260712_160212/config.json
canonical	50730	logs/bplus_v22_d3r2_20260711/artifacts/hierarchical_warmstart_20260712_160212/curves/BC_FROZEN.npz
canonical	50730	logs/bplus_v22_d3r2_20260711/artifacts/hierarchical_warmstart_20260712_160212/curves/SIDECAR_FINETUNE.npz
canonical	50730	logs/bplus_v22_d3r2_20260711/artifacts/hierarchical_warmstart_20260712_160212/curves/SIDECAR_FROZEN.npz
canonical	6644347	logs/bplus_v22_d3r2_20260711/artifacts/hierarchical_warmstart_20260712_160212/opened_registry.snapshot.tsv
canonical	1668	logs/bplus_v22_d3r2_20260711/artifacts/hierarchical_warmstart_20260712_160212/output_manifest.sha256
canonical	6957	logs/bplus_v22_d3r2_20260711/artifacts/hierarchical_warmstart_20260712_160212/reports/BC_FROZEN.json
canonical	20723	logs/bplus_v22_d3r2_20260711/artifacts/hierarchical_warmstart_20260712_160212/reports/BC_FROZEN_episodes.tsv
canonical	6956	logs/bplus_v22_d3r2_20260711/artifacts/hierarchical_warmstart_20260712_160212/reports/SIDECAR_FINETUNE.json
canonical	21286	logs/bplus_v22_d3r2_20260711/artifacts/hierarchical_warmstart_20260712_160212/reports/SIDECAR_FINETUNE_episodes.tsv
canonical	6961	logs/bplus_v22_d3r2_20260711/artifacts/hierarchical_warmstart_20260712_160212/reports/SIDECAR_FROZEN.json
canonical	21118	logs/bplus_v22_d3r2_20260711/artifacts/hierarchical_warmstart_20260712_160212/reports/SIDECAR_FROZEN_episodes.tsv
canonical	25490	logs/bplus_v22_d3r2_20260711/artifacts/hierarchical_warmstart_20260712_160212/scores/BC_FROZEN.npz
canonical	25490	logs/bplus_v22_d3r2_20260711/artifacts/hierarchical_warmstart_20260712_160212/scores/SIDECAR_FINETUNE.npz
canonical	25490	logs/bplus_v22_d3r2_20260711/artifacts/hierarchical_warmstart_20260712_160212/scores/SIDECAR_FROZEN.npz
canonical	211	logs/bplus_v22_d3r2_20260711/artifacts/hierarchical_warmstart_20260712_160212/validation.json
canonical	9	logs/bplus_v22_d3r2_20260711/artifacts/hierarchical_warmstart_manifest_20260712_160123/COMPLETE
canonical	24988	logs/bplus_v22_d3r2_20260711/artifacts/hierarchical_warmstart_manifest_20260712_160123/calibration_indices.npz
canonical	5578	logs/bplus_v22_d3r2_20260711/artifacts/hierarchical_warmstart_manifest_20260712_160123/config.json
canonical	378853	logs/bplus_v22_d3r2_20260711/artifacts/hierarchical_warmstart_manifest_20260712_160123/episodes.tsv
canonical	175736	logs/bplus_v22_d3r2_20260711/artifacts/hierarchical_warmstart_manifest_20260712_160123/fit_indices.npy
canonical	10252737	logs/bplus_v22_d3r2_20260711/artifacts/hierarchical_warmstart_manifest_20260712_160123/macro_examples.tsv
canonical	857	logs/bplus_v22_d3r2_20260711/artifacts/hierarchical_warmstart_manifest_20260712_160123/output_manifest.sha256
canonical	6644347	logs/bplus_v22_d3r2_20260711/artifacts/hierarchical_warmstart_manifest_20260712_160123/registry_after.expected.tsv
canonical	6603130	logs/bplus_v22_d3r2_20260711/artifacts/hierarchical_warmstart_manifest_20260712_160123/registry_before.snapshot.tsv
canonical	41387	logs/bplus_v22_d3r2_20260711/artifacts/hierarchical_warmstart_manifest_20260712_160123/registry_rows.tsv
canonical	1048704	logs/bplus_v22_d3r2_20260711/artifacts/hierarchical_warmstart_manifest_20260712_160123/training_schedule.npy
canonical	179	logs/bplus_v22_d3r2_20260711/artifacts/hierarchical_warmstart_manifest_20260712_160123/validation.json
canonical	9	logs/bplus_v22_d3r2_20260711/artifacts/hierarchical_zero_identity_20260712_155938/COMPLETE
canonical	1033	logs/bplus_v22_d3r2_20260711/artifacts/hierarchical_zero_identity_20260712_155938/case_manifest.tsv
canonical	2010	logs/bplus_v22_d3r2_20260711/artifacts/hierarchical_zero_identity_20260712_155938/config.json
canonical	10332	logs/bplus_v22_d3r2_20260711/artifacts/hierarchical_zero_identity_20260712_155938/identity_results.tsv
canonical	2304	logs/bplus_v22_d3r2_20260711/artifacts/hierarchical_zero_identity_20260712_155938/model_initializations.json
canonical	2988	logs/bplus_v22_d3r2_20260711/artifacts/hierarchical_zero_identity_20260712_155938/output_manifest.sha256
canonical	588680	logs/bplus_v22_d3r2_20260711/artifacts/hierarchical_zero_identity_20260712_155938/trajectories/0803445034a83bca37ce5f6e911d0f0985192619637d9cfcf7014c76165815d9__BC.npz
canonical	588680	logs/bplus_v22_d3r2_20260711/artifacts/hierarchical_zero_identity_20260712_155938/trajectories/0803445034a83bca37ce5f6e911d0f0985192619637d9cfcf7014c76165815d9__BC_FROZEN.npz
canonical	588680	logs/bplus_v22_d3r2_20260711/artifacts/hierarchical_zero_identity_20260712_155938/trajectories/0803445034a83bca37ce5f6e911d0f0985192619637d9cfcf7014c76165815d9__SIDECAR_FINETUNE.npz
canonical	588680	logs/bplus_v22_d3r2_20260711/artifacts/hierarchical_zero_identity_20260712_155938/trajectories/0803445034a83bca37ce5f6e911d0f0985192619637d9cfcf7014c76165815d9__SIDECAR_FROZEN.npz
canonical	720813	logs/bplus_v22_d3r2_20260711/artifacts/hierarchical_zero_identity_20260712_155938/trajectories/08ccfa18a0cef9b38a01a375f016f4dbb37aab25b60a50d0027a75caeb8dc0c7__BC.npz
canonical	720813	logs/bplus_v22_d3r2_20260711/artifacts/hierarchical_zero_identity_20260712_155938/trajectories/08ccfa18a0cef9b38a01a375f016f4dbb37aab25b60a50d0027a75caeb8dc0c7__BC_FROZEN.npz
canonical	720813	logs/bplus_v22_d3r2_20260711/artifacts/hierarchical_zero_identity_20260712_155938/trajectories/08ccfa18a0cef9b38a01a375f016f4dbb37aab25b60a50d0027a75caeb8dc0c7__SIDECAR_FINETUNE.npz
canonical	720813	logs/bplus_v22_d3r2_20260711/artifacts/hierarchical_zero_identity_20260712_155938/trajectories/08ccfa18a0cef9b38a01a375f016f4dbb37aab25b60a50d0027a75caeb8dc0c7__SIDECAR_FROZEN.npz
canonical	699779	logs/bplus_v22_d3r2_20260711/artifacts/hierarchical_zero_identity_20260712_155938/trajectories/0cbadb764822112508eecf60d210d28e0678a95c13f05c0b3fc615c45ee5cab3__BC.npz
canonical	699779	logs/bplus_v22_d3r2_20260711/artifacts/hierarchical_zero_identity_20260712_155938/trajectories/0cbadb764822112508eecf60d210d28e0678a95c13f05c0b3fc615c45ee5cab3__BC_FROZEN.npz
canonical	699779	logs/bplus_v22_d3r2_20260711/artifacts/hierarchical_zero_identity_20260712_155938/trajectories/0cbadb764822112508eecf60d210d28e0678a95c13f05c0b3fc615c45ee5cab3__SIDECAR_FINETUNE.npz
canonical	699779	logs/bplus_v22_d3r2_20260711/artifacts/hierarchical_zero_identity_20260712_155938/trajectories/0cbadb764822112508eecf60d210d28e0678a95c13f05c0b3fc615c45ee5cab3__SIDECAR_FROZEN.npz
canonical	677336	logs/bplus_v22_d3r2_20260711/artifacts/hierarchical_zero_identity_20260712_155938/trajectories/1d38ae4f073573321f8b2c8ba4b83b14f6d2da56d6baa1012de7dc0856e7b5ab__BC.npz
canonical	677336	logs/bplus_v22_d3r2_20260711/artifacts/hierarchical_zero_identity_20260712_155938/trajectories/1d38ae4f073573321f8b2c8ba4b83b14f6d2da56d6baa1012de7dc0856e7b5ab__BC_FROZEN.npz
canonical	677336	logs/bplus_v22_d3r2_20260711/artifacts/hierarchical_zero_identity_20260712_155938/trajectories/1d38ae4f073573321f8b2c8ba4b83b14f6d2da56d6baa1012de7dc0856e7b5ab__SIDECAR_FINETUNE.npz
canonical	677336	logs/bplus_v22_d3r2_20260711/artifacts/hierarchical_zero_identity_20260712_155938/trajectories/1d38ae4f073573321f8b2c8ba4b83b14f6d2da56d6baa1012de7dc0856e7b5ab__SIDECAR_FROZEN.npz
canonical	145	logs/bplus_v22_d3r2_20260711/artifacts/hierarchical_zero_identity_20260712_155938/validation.json
canonical	9	logs/bplus_v22_d3r2_20260711/artifacts/registry_plan_20260712_075931/COMPLETE
canonical	1410	logs/bplus_v22_d3r2_20260711/artifacts/registry_plan_20260712_075931/config.json
canonical	433	logs/bplus_v22_d3r2_20260711/artifacts/registry_plan_20260712_075931/output_manifest.sha256
canonical	6241142	logs/bplus_v22_d3r2_20260711/artifacts/registry_plan_20260712_075931/registry_after.expected.tsv
canonical	5180158	logs/bplus_v22_d3r2_20260711/artifacts/registry_plan_20260712_075931/registry_before.snapshot.tsv
canonical	1061154	logs/bplus_v22_d3r2_20260711/artifacts/registry_plan_20260712_075931/registry_rows.tsv
canonical	143	logs/bplus_v22_d3r2_20260711/artifacts/registry_plan_20260712_075931/validation.json
canonical	9	logs/bplus_v22_d3r2_20260711/artifacts/sidecar_init_20260712_080012/COMPLETE
canonical	3776	logs/bplus_v22_d3r2_20260711/artifacts/sidecar_init_20260712_080012/config.json
canonical	6241142	logs/bplus_v22_d3r2_20260711/artifacts/sidecar_init_20260712_080012/opened_registry.snapshot.tsv
canonical	611	logs/bplus_v22_d3r2_20260711/artifacts/sidecar_init_20260712_080012/output_manifest.sha256
canonical	1361637	logs/bplus_v22_d3r2_20260711/artifacts/sidecar_init_20260712_080012/sidecar_bundle.pt
canonical	3048	logs/bplus_v22_d3r2_20260711/artifacts/sidecar_init_20260712_080012/train_report.json
canonical	375	logs/bplus_v22_d3r2_20260711/artifacts/sidecar_init_20260712_080012/validation.json
canonical	4224	logs/bplus_v22_d3r2_20260711/artifacts/sidecar_init_20260712_080012/validation_frame_indices.npy
canonical	20608	logs/bplus_v22_d3r2_20260711/artifacts/sidecar_init_20260712_080012/validation_predictions.npy
canonical	9	logs/bplus_v22_d3r2_20260711/artifacts/source_preflight_20260711_230535/COMPLETE
canonical	1012	logs/bplus_v22_d3r2_20260711/artifacts/source_preflight_20260711_230535/authority.json
canonical	327	logs/bplus_v22_d3r2_20260711/artifacts/source_preflight_20260711_230535/environment.json
canonical	419	logs/bplus_v22_d3r2_20260711/artifacts/source_preflight_20260711_230535/output_manifest.sha256
canonical	1752	logs/bplus_v22_d3r2_20260711/artifacts/source_preflight_20260711_230535/pinned_inputs.json
canonical	4784	logs/bplus_v22_d3r2_20260711/artifacts/source_preflight_20260711_230535/source_inventory.json
canonical	141	logs/bplus_v22_d3r2_20260711/artifacts/source_preflight_20260711_230535/validation.json
canonical	9	logs/bplus_v22_d3r2_20260711/artifacts/source_preflight_20260712_075911/COMPLETE
canonical	1012	logs/bplus_v22_d3r2_20260711/artifacts/source_preflight_20260712_075911/authority.json
canonical	327	logs/bplus_v22_d3r2_20260711/artifacts/source_preflight_20260712_075911/environment.json
canonical	419	logs/bplus_v22_d3r2_20260711/artifacts/source_preflight_20260712_075911/output_manifest.sha256
canonical	1752	logs/bplus_v22_d3r2_20260711/artifacts/source_preflight_20260712_075911/pinned_inputs.json
canonical	6022	logs/bplus_v22_d3r2_20260711/artifacts/source_preflight_20260712_075911/source_inventory.json
canonical	141	logs/bplus_v22_d3r2_20260711/artifacts/source_preflight_20260712_075911/validation.json
canonical	9	logs/bplus_v22_d3r2_20260711/artifacts/source_preflight_20260712_091836/COMPLETE
canonical	1012	logs/bplus_v22_d3r2_20260711/artifacts/source_preflight_20260712_091836/authority.json
canonical	327	logs/bplus_v22_d3r2_20260711/artifacts/source_preflight_20260712_091836/environment.json
canonical	419	logs/bplus_v22_d3r2_20260711/artifacts/source_preflight_20260712_091836/output_manifest.sha256
canonical	1752	logs/bplus_v22_d3r2_20260711/artifacts/source_preflight_20260712_091836/pinned_inputs.json
canonical	6504	logs/bplus_v22_d3r2_20260711/artifacts/source_preflight_20260712_091836/source_inventory.json
canonical	141	logs/bplus_v22_d3r2_20260711/artifacts/source_preflight_20260712_091836/validation.json
canonical	9	logs/bplus_v22_d3r2_20260711/artifacts/source_preflight_20260712_100006/COMPLETE
canonical	1012	logs/bplus_v22_d3r2_20260711/artifacts/source_preflight_20260712_100006/authority.json
canonical	327	logs/bplus_v22_d3r2_20260711/artifacts/source_preflight_20260712_100006/environment.json
canonical	419	logs/bplus_v22_d3r2_20260711/artifacts/source_preflight_20260712_100006/output_manifest.sha256
canonical	1752	logs/bplus_v22_d3r2_20260711/artifacts/source_preflight_20260712_100006/pinned_inputs.json
canonical	6504	logs/bplus_v22_d3r2_20260711/artifacts/source_preflight_20260712_100006/source_inventory.json
canonical	141	logs/bplus_v22_d3r2_20260711/artifacts/source_preflight_20260712_100006/validation.json
canonical	9	logs/bplus_v22_d3r2_20260711/artifacts/source_preflight_20260712_103501/COMPLETE
canonical	1012	logs/bplus_v22_d3r2_20260711/artifacts/source_preflight_20260712_103501/authority.json
canonical	327	logs/bplus_v22_d3r2_20260711/artifacts/source_preflight_20260712_103501/environment.json
canonical	419	logs/bplus_v22_d3r2_20260711/artifacts/source_preflight_20260712_103501/output_manifest.sha256
canonical	1752	logs/bplus_v22_d3r2_20260711/artifacts/source_preflight_20260712_103501/pinned_inputs.json
canonical	7009	logs/bplus_v22_d3r2_20260711/artifacts/source_preflight_20260712_103501/source_inventory.json
canonical	141	logs/bplus_v22_d3r2_20260711/artifacts/source_preflight_20260712_103501/validation.json
canonical	9	logs/bplus_v22_d3r2_20260711/artifacts/source_preflight_20260712_113240/COMPLETE
canonical	1012	logs/bplus_v22_d3r2_20260711/artifacts/source_preflight_20260712_113240/authority.json
canonical	327	logs/bplus_v22_d3r2_20260711/artifacts/source_preflight_20260712_113240/environment.json
canonical	419	logs/bplus_v22_d3r2_20260711/artifacts/source_preflight_20260712_113240/output_manifest.sha256
canonical	1752	logs/bplus_v22_d3r2_20260711/artifacts/source_preflight_20260712_113240/pinned_inputs.json
canonical	7346	logs/bplus_v22_d3r2_20260711/artifacts/source_preflight_20260712_113240/source_inventory.json
canonical	141	logs/bplus_v22_d3r2_20260711/artifacts/source_preflight_20260712_113240/validation.json
canonical	9	logs/bplus_v22_d3r2_20260711/artifacts/source_preflight_20260712_155907/COMPLETE
canonical	1012	logs/bplus_v22_d3r2_20260711/artifacts/source_preflight_20260712_155907/authority.json
canonical	327	logs/bplus_v22_d3r2_20260711/artifacts/source_preflight_20260712_155907/environment.json
canonical	419	logs/bplus_v22_d3r2_20260711/artifacts/source_preflight_20260712_155907/output_manifest.sha256
canonical	1752	logs/bplus_v22_d3r2_20260711/artifacts/source_preflight_20260712_155907/pinned_inputs.json
canonical	8948	logs/bplus_v22_d3r2_20260711/artifacts/source_preflight_20260712_155907/source_inventory.json
canonical	141	logs/bplus_v22_d3r2_20260711/artifacts/source_preflight_20260712_155907/validation.json
canonical	9	logs/bplus_v22_d3r2_20260711/artifacts/task10_warmstart_20260712_105740/COMPLETE
canonical	2380	logs/bplus_v22_d3r2_20260711/artifacts/task10_warmstart_20260712_105740/config.json
canonical	667223	logs/bplus_v22_d3r2_20260711/artifacts/task10_warmstart_20260712_105740/episode_results.tsv
canonical	21935859	logs/bplus_v22_d3r2_20260711/artifacts/task10_warmstart_20260712_105740/macro_decisions.tsv
canonical	418	logs/bplus_v22_d3r2_20260711/artifacts/task10_warmstart_20260712_105740/output_manifest.sha256
canonical	8041	logs/bplus_v22_d3r2_20260711/artifacts/task10_warmstart_20260712_105740/task10_summary.json
canonical	250	logs/bplus_v22_d3r2_20260711/artifacts/task10_warmstart_20260712_105740/validation.json
canonical	9	logs/bplus_v22_d3r2_20260711/artifacts/task8_manifests_20260712_103509/COMPLETE
canonical	2107	logs/bplus_v22_d3r2_20260711/artifacts/task8_manifests_20260712_103509/config.json
canonical	32813	logs/bplus_v22_d3r2_20260711/artifacts/task8_manifests_20260712_103509/d25_witness_training.tsv
canonical	156141	logs/bplus_v22_d3r2_20260711/artifacts/task8_manifests_20260712_103509/development_scenarios.tsv
canonical	3067	logs/bplus_v22_d3r2_20260711/artifacts/task8_manifests_20260712_103509/evaluation_jobs.tsv
canonical	102	logs/bplus_v22_d3r2_20260711/artifacts/task8_manifests_20260712_103509/l4_disjoint_recoverability.tsv
canonical	3716	logs/bplus_v22_d3r2_20260711/artifacts/task8_manifests_20260712_103509/no_learning_smoke.tsv
canonical	703	logs/bplus_v22_d3r2_20260711/artifacts/task8_manifests_20260712_103509/output_manifest.sha256
canonical	804966	logs/bplus_v22_d3r2_20260711/artifacts/task8_manifests_20260712_103509/training_scenarios.tsv
canonical	95	logs/bplus_v22_d3r2_20260711/artifacts/task8_manifests_20260712_103509/validation.json
canonical	9	logs/bplus_v22_d3r2_20260711/artifacts/task8_manifests_20260712_113241/COMPLETE
canonical	2107	logs/bplus_v22_d3r2_20260711/artifacts/task8_manifests_20260712_113241/config.json
canonical	32813	logs/bplus_v22_d3r2_20260711/artifacts/task8_manifests_20260712_113241/d25_witness_training.tsv
canonical	156088	logs/bplus_v22_d3r2_20260711/artifacts/task8_manifests_20260712_113241/development_scenarios.tsv
canonical	3067	logs/bplus_v22_d3r2_20260711/artifacts/task8_manifests_20260712_113241/evaluation_jobs.tsv
canonical	102	logs/bplus_v22_d3r2_20260711/artifacts/task8_manifests_20260712_113241/l4_disjoint_recoverability.tsv
canonical	3716	logs/bplus_v22_d3r2_20260711/artifacts/task8_manifests_20260712_113241/no_learning_smoke.tsv
canonical	703	logs/bplus_v22_d3r2_20260711/artifacts/task8_manifests_20260712_113241/output_manifest.sha256
canonical	804966	logs/bplus_v22_d3r2_20260711/artifacts/task8_manifests_20260712_113241/training_scenarios.tsv
canonical	95	logs/bplus_v22_d3r2_20260711/artifacts/task8_manifests_20260712_113241/validation.json
canonical	9	logs/bplus_v22_d3r2_20260711/artifacts/task9_checkpoint_preflight_20260712_103517/COMPLETE
canonical	1819	logs/bplus_v22_d3r2_20260711/artifacts/task9_checkpoint_preflight_20260712_103517/config.json
canonical	5459	logs/bplus_v22_d3r2_20260711/artifacts/task9_checkpoint_preflight_20260712_103517/output_manifest.sha256
canonical	437	logs/bplus_v22_d3r2_20260711/artifacts/task9_checkpoint_preflight_20260712_103517/p0_completeness.json
canonical	27469	logs/bplus_v22_d3r2_20260711/artifacts/task9_checkpoint_preflight_20260712_103517/task9_results.tsv
canonical	2084364	logs/bplus_v22_d3r2_20260711/artifacts/task9_checkpoint_preflight_20260712_103517/trajectories/0373370140f214008182e6645cd990c725f0931987a10d2399144d2b21de10b7__BC.npz
canonical	2084364	logs/bplus_v22_d3r2_20260711/artifacts/task9_checkpoint_preflight_20260712_103517/trajectories/0373370140f214008182e6645cd990c725f0931987a10d2399144d2b21de10b7__BC_FROZEN.npz
canonical	2084364	logs/bplus_v22_d3r2_20260711/artifacts/task9_checkpoint_preflight_20260712_103517/trajectories/0373370140f214008182e6645cd990c725f0931987a10d2399144d2b21de10b7__SIDECAR_FINETUNE.npz
canonical	2084364	logs/bplus_v22_d3r2_20260711/artifacts/task9_checkpoint_preflight_20260712_103517/trajectories/0373370140f214008182e6645cd990c725f0931987a10d2399144d2b21de10b7__SIDECAR_FROZEN.npz
canonical	2081513	logs/bplus_v22_d3r2_20260711/artifacts/task9_checkpoint_preflight_20260712_103517/trajectories/3d65829366d92e4b86d024a806fabed574902aebead77299a453fdc279dcc20f__BC.npz
canonical	2081513	logs/bplus_v22_d3r2_20260711/artifacts/task9_checkpoint_preflight_20260712_103517/trajectories/3d65829366d92e4b86d024a806fabed574902aebead77299a453fdc279dcc20f__BC_FROZEN.npz
canonical	2081513	logs/bplus_v22_d3r2_20260711/artifacts/task9_checkpoint_preflight_20260712_103517/trajectories/3d65829366d92e4b86d024a806fabed574902aebead77299a453fdc279dcc20f__SIDECAR_FINETUNE.npz
canonical	2081513	logs/bplus_v22_d3r2_20260711/artifacts/task9_checkpoint_preflight_20260712_103517/trajectories/3d65829366d92e4b86d024a806fabed574902aebead77299a453fdc279dcc20f__SIDECAR_FROZEN.npz
canonical	2090654	logs/bplus_v22_d3r2_20260711/artifacts/task9_checkpoint_preflight_20260712_103517/trajectories/50fe4295d36995966bb082202df5bdfcbf5855fc8217f5dc1d60cc8cf7ac5f58__BC.npz
canonical	2090654	logs/bplus_v22_d3r2_20260711/artifacts/task9_checkpoint_preflight_20260712_103517/trajectories/50fe4295d36995966bb082202df5bdfcbf5855fc8217f5dc1d60cc8cf7ac5f58__BC_FROZEN.npz
canonical	2090654	logs/bplus_v22_d3r2_20260711/artifacts/task9_checkpoint_preflight_20260712_103517/trajectories/50fe4295d36995966bb082202df5bdfcbf5855fc8217f5dc1d60cc8cf7ac5f58__SIDECAR_FINETUNE.npz
canonical	2090654	logs/bplus_v22_d3r2_20260711/artifacts/task9_checkpoint_preflight_20260712_103517/trajectories/50fe4295d36995966bb082202df5bdfcbf5855fc8217f5dc1d60cc8cf7ac5f58__SIDECAR_FROZEN.npz
canonical	2084427	logs/bplus_v22_d3r2_20260711/artifacts/task9_checkpoint_preflight_20260712_103517/trajectories/6897870f390a0b6651826a41fb9d7072a3d7627eed4851a38c4b25c82f1fbf24__BC.npz
canonical	2084427	logs/bplus_v22_d3r2_20260711/artifacts/task9_checkpoint_preflight_20260712_103517/trajectories/6897870f390a0b6651826a41fb9d7072a3d7627eed4851a38c4b25c82f1fbf24__BC_FROZEN.npz
canonical	2084427	logs/bplus_v22_d3r2_20260711/artifacts/task9_checkpoint_preflight_20260712_103517/trajectories/6897870f390a0b6651826a41fb9d7072a3d7627eed4851a38c4b25c82f1fbf24__SIDECAR_FINETUNE.npz
canonical	2084427	logs/bplus_v22_d3r2_20260711/artifacts/task9_checkpoint_preflight_20260712_103517/trajectories/6897870f390a0b6651826a41fb9d7072a3d7627eed4851a38c4b25c82f1fbf24__SIDECAR_FROZEN.npz
canonical	2091339	logs/bplus_v22_d3r2_20260711/artifacts/task9_checkpoint_preflight_20260712_103517/trajectories/8f2e2f1d496a06a0b7f6f1c4a3aad9f8f2e6bb94729679a72e5aee2530ae2cc4__BC.npz
canonical	2091339	logs/bplus_v22_d3r2_20260711/artifacts/task9_checkpoint_preflight_20260712_103517/trajectories/8f2e2f1d496a06a0b7f6f1c4a3aad9f8f2e6bb94729679a72e5aee2530ae2cc4__BC_FROZEN.npz
canonical	2091339	logs/bplus_v22_d3r2_20260711/artifacts/task9_checkpoint_preflight_20260712_103517/trajectories/8f2e2f1d496a06a0b7f6f1c4a3aad9f8f2e6bb94729679a72e5aee2530ae2cc4__SIDECAR_FINETUNE.npz
canonical	2091339	logs/bplus_v22_d3r2_20260711/artifacts/task9_checkpoint_preflight_20260712_103517/trajectories/8f2e2f1d496a06a0b7f6f1c4a3aad9f8f2e6bb94729679a72e5aee2530ae2cc4__SIDECAR_FROZEN.npz
canonical	2090263	logs/bplus_v22_d3r2_20260711/artifacts/task9_checkpoint_preflight_20260712_103517/trajectories/ad194ead3198d70dddd3fe92d920748f709c8f365a4714124adeece3dff7e0bb__BC.npz
canonical	2090263	logs/bplus_v22_d3r2_20260711/artifacts/task9_checkpoint_preflight_20260712_103517/trajectories/ad194ead3198d70dddd3fe92d920748f709c8f365a4714124adeece3dff7e0bb__BC_FROZEN.npz
canonical	2090263	logs/bplus_v22_d3r2_20260711/artifacts/task9_checkpoint_preflight_20260712_103517/trajectories/ad194ead3198d70dddd3fe92d920748f709c8f365a4714124adeece3dff7e0bb__SIDECAR_FINETUNE.npz
canonical	2090263	logs/bplus_v22_d3r2_20260711/artifacts/task9_checkpoint_preflight_20260712_103517/trajectories/ad194ead3198d70dddd3fe92d920748f709c8f365a4714124adeece3dff7e0bb__SIDECAR_FROZEN.npz
canonical	2092963	logs/bplus_v22_d3r2_20260711/artifacts/task9_checkpoint_preflight_20260712_103517/trajectories/c0412b53eb73630a6b3719587a3a1e457b29a8c35b2f5a35d8ab2e6d9b2c5a7b__BC.npz
canonical	2092963	logs/bplus_v22_d3r2_20260711/artifacts/task9_checkpoint_preflight_20260712_103517/trajectories/c0412b53eb73630a6b3719587a3a1e457b29a8c35b2f5a35d8ab2e6d9b2c5a7b__BC_FROZEN.npz
canonical	2092963	logs/bplus_v22_d3r2_20260711/artifacts/task9_checkpoint_preflight_20260712_103517/trajectories/c0412b53eb73630a6b3719587a3a1e457b29a8c35b2f5a35d8ab2e6d9b2c5a7b__SIDECAR_FINETUNE.npz
canonical	2092963	logs/bplus_v22_d3r2_20260711/artifacts/task9_checkpoint_preflight_20260712_103517/trajectories/c0412b53eb73630a6b3719587a3a1e457b29a8c35b2f5a35d8ab2e6d9b2c5a7b__SIDECAR_FROZEN.npz
canonical	2096409	logs/bplus_v22_d3r2_20260711/artifacts/task9_checkpoint_preflight_20260712_103517/trajectories/f0ea391fc8b42bf3ac0ad6327716afcd49383606f3780e09a8347b381a8fcc35__BC.npz
canonical	2096409	logs/bplus_v22_d3r2_20260711/artifacts/task9_checkpoint_preflight_20260712_103517/trajectories/f0ea391fc8b42bf3ac0ad6327716afcd49383606f3780e09a8347b381a8fcc35__BC_FROZEN.npz
canonical	2096409	logs/bplus_v22_d3r2_20260711/artifacts/task9_checkpoint_preflight_20260712_103517/trajectories/f0ea391fc8b42bf3ac0ad6327716afcd49383606f3780e09a8347b381a8fcc35__SIDECAR_FINETUNE.npz
canonical	2096409	logs/bplus_v22_d3r2_20260711/artifacts/task9_checkpoint_preflight_20260712_103517/trajectories/f0ea391fc8b42bf3ac0ad6327716afcd49383606f3780e09a8347b381a8fcc35__SIDECAR_FROZEN.npz
canonical	109	logs/bplus_v22_d3r2_20260711/artifacts/task9_checkpoint_preflight_20260712_103517/validation.json
canonical	9	logs/bplus_v22_d3r2_20260711/artifacts/warmstart_manifest_20260712_091851/COMPLETE
canonical	3608	logs/bplus_v22_d3r2_20260711/artifacts/warmstart_manifest_20260712_091851/config.json
canonical	3620	logs/bplus_v22_d3r2_20260711/artifacts/warmstart_manifest_20260712_091851/diagnostic_indices.npy
canonical	398343	logs/bplus_v22_d3r2_20260711/artifacts/warmstart_manifest_20260712_091851/episodes.tsv
canonical	10619807	logs/bplus_v22_d3r2_20260711/artifacts/warmstart_manifest_20260712_091851/macro_examples.tsv
canonical	774	logs/bplus_v22_d3r2_20260711/artifacts/warmstart_manifest_20260712_091851/output_manifest.sha256
canonical	6603130	logs/bplus_v22_d3r2_20260711/artifacts/warmstart_manifest_20260712_091851/registry_after.expected.tsv
canonical	6241142	logs/bplus_v22_d3r2_20260711/artifacts/warmstart_manifest_20260712_091851/registry_before.snapshot.tsv
canonical	362158	logs/bplus_v22_d3r2_20260711/artifacts/warmstart_manifest_20260712_091851/registry_rows.tsv
canonical	1048704	logs/bplus_v22_d3r2_20260711/artifacts/warmstart_manifest_20260712_091851/training_schedule.npy
canonical	124	logs/bplus_v22_d3r2_20260711/artifacts/warmstart_manifest_20260712_091851/validation.json
canonical	9	logs/bplus_v22_d3r2_20260711/artifacts/warmstart_remediation_20260712_100124/COMPLETE
canonical	48841893	logs/bplus_v22_d3r2_20260711/artifacts/warmstart_remediation_20260712_100124/checkpoints/BC_FROZEN.pt
canonical	48842453	logs/bplus_v22_d3r2_20260711/artifacts/warmstart_remediation_20260712_100124/checkpoints/SIDECAR_FINETUNE.pt
canonical	48842293	logs/bplus_v22_d3r2_20260711/artifacts/warmstart_remediation_20260712_100124/checkpoints/SIDECAR_FROZEN.pt
canonical	7964	logs/bplus_v22_d3r2_20260711/artifacts/warmstart_remediation_20260712_100124/config.json
canonical	42246	logs/bplus_v22_d3r2_20260711/artifacts/warmstart_remediation_20260712_100124/curves/BC_FROZEN.npz
canonical	42246	logs/bplus_v22_d3r2_20260711/artifacts/warmstart_remediation_20260712_100124/curves/SIDECAR_FINETUNE.npz
canonical	42246	logs/bplus_v22_d3r2_20260711/artifacts/warmstart_remediation_20260712_100124/curves/SIDECAR_FROZEN.npz
canonical	6603130	logs/bplus_v22_d3r2_20260711/artifacts/warmstart_remediation_20260712_100124/opened_registry.snapshot.tsv
canonical	1092	logs/bplus_v22_d3r2_20260711/artifacts/warmstart_remediation_20260712_100124/output_manifest.sha256
canonical	5286	logs/bplus_v22_d3r2_20260711/artifacts/warmstart_remediation_20260712_100124/reports/BC_FROZEN.json
canonical	5273	logs/bplus_v22_d3r2_20260711/artifacts/warmstart_remediation_20260712_100124/reports/SIDECAR_FINETUNE.json
canonical	5286	logs/bplus_v22_d3r2_20260711/artifacts/warmstart_remediation_20260712_100124/reports/SIDECAR_FROZEN.json
canonical	259	logs/bplus_v22_d3r2_20260711/artifacts/warmstart_remediation_20260712_100124/validation.json
canonical	9	logs/bplus_v22_d3r2_20260711/artifacts/warmstart_remediation_manifest_20260712_100032/COMPLETE
canonical	5498	logs/bplus_v22_d3r2_20260711/artifacts/warmstart_remediation_manifest_20260712_100032/config.json
canonical	3620	logs/bplus_v22_d3r2_20260711/artifacts/warmstart_remediation_manifest_20260712_100032/diagnostic_indices.npy
canonical	398343	logs/bplus_v22_d3r2_20260711/artifacts/warmstart_remediation_manifest_20260712_100032/episodes.tsv
canonical	10619807	logs/bplus_v22_d3r2_20260711/artifacts/warmstart_remediation_manifest_20260712_100032/macro_examples.tsv
canonical	774	logs/bplus_v22_d3r2_20260711/artifacts/warmstart_remediation_manifest_20260712_100032/output_manifest.sha256
canonical	6603130	logs/bplus_v22_d3r2_20260711/artifacts/warmstart_remediation_manifest_20260712_100032/registry_after.expected.tsv
canonical	6241142	logs/bplus_v22_d3r2_20260711/artifacts/warmstart_remediation_manifest_20260712_100032/registry_before.snapshot.tsv
canonical	362158	logs/bplus_v22_d3r2_20260711/artifacts/warmstart_remediation_manifest_20260712_100032/registry_rows.tsv
canonical	1048704	logs/bplus_v22_d3r2_20260711/artifacts/warmstart_remediation_manifest_20260712_100032/training_schedule.npy
canonical	147	logs/bplus_v22_d3r2_20260711/artifacts/warmstart_remediation_manifest_20260712_100032/validation.json
canonical	9	logs/bplus_v22_d3r2_20260711/artifacts/warmstart_smoke_20260712_091950/COMPLETE
canonical	48839717	logs/bplus_v22_d3r2_20260711/artifacts/warmstart_smoke_20260712_091950/checkpoints/BC_FROZEN.pt
canonical	48840277	logs/bplus_v22_d3r2_20260711/artifacts/warmstart_smoke_20260712_091950/checkpoints/SIDECAR_FINETUNE.pt
canonical	48840117	logs/bplus_v22_d3r2_20260711/artifacts/warmstart_smoke_20260712_091950/checkpoints/SIDECAR_FROZEN.pt
canonical	3535	logs/bplus_v22_d3r2_20260711/artifacts/warmstart_smoke_20260712_091950/config.json
canonical	42246	logs/bplus_v22_d3r2_20260711/artifacts/warmstart_smoke_20260712_091950/curves/BC_FROZEN.npz
canonical	42246	logs/bplus_v22_d3r2_20260711/artifacts/warmstart_smoke_20260712_091950/curves/SIDECAR_FINETUNE.npz
canonical	42246	logs/bplus_v22_d3r2_20260711/artifacts/warmstart_smoke_20260712_091950/curves/SIDECAR_FROZEN.npz
canonical	6603130	logs/bplus_v22_d3r2_20260711/artifacts/warmstart_smoke_20260712_091950/opened_registry.snapshot.tsv
canonical	1092	logs/bplus_v22_d3r2_20260711/artifacts/warmstart_smoke_20260712_091950/output_manifest.sha256
canonical	2679	logs/bplus_v22_d3r2_20260711/artifacts/warmstart_smoke_20260712_091950/reports/BC_FROZEN.json
canonical	2686	logs/bplus_v22_d3r2_20260711/artifacts/warmstart_smoke_20260712_091950/reports/SIDECAR_FINETUNE.json
canonical	2679	logs/bplus_v22_d3r2_20260711/artifacts/warmstart_smoke_20260712_091950/reports/SIDECAR_FROZEN.json
canonical	190	logs/bplus_v22_d3r2_20260711/artifacts/warmstart_smoke_20260712_091950/validation.json
canonical	9	logs/bplus_v22_d3r2_20260711/artifacts/zero_identity_20260711_230554/COMPLETE
canonical	1033	logs/bplus_v22_d3r2_20260711/artifacts/zero_identity_20260711_230554/case_manifest.tsv
canonical	1156	logs/bplus_v22_d3r2_20260711/artifacts/zero_identity_20260711_230554/config.json
canonical	9207	logs/bplus_v22_d3r2_20260711/artifacts/zero_identity_20260711_230554/identity_results.tsv
canonical	1063	logs/bplus_v22_d3r2_20260711/artifacts/zero_identity_20260711_230554/model_initializations.json
canonical	2988	logs/bplus_v22_d3r2_20260711/artifacts/zero_identity_20260711_230554/output_manifest.sha256
canonical	588680	logs/bplus_v22_d3r2_20260711/artifacts/zero_identity_20260711_230554/trajectories/0803445034a83bca37ce5f6e911d0f0985192619637d9cfcf7014c76165815d9__BC.npz
canonical	588680	logs/bplus_v22_d3r2_20260711/artifacts/zero_identity_20260711_230554/trajectories/0803445034a83bca37ce5f6e911d0f0985192619637d9cfcf7014c76165815d9__BC_FROZEN.npz
canonical	588680	logs/bplus_v22_d3r2_20260711/artifacts/zero_identity_20260711_230554/trajectories/0803445034a83bca37ce5f6e911d0f0985192619637d9cfcf7014c76165815d9__SIDECAR_FINETUNE.npz
canonical	588680	logs/bplus_v22_d3r2_20260711/artifacts/zero_identity_20260711_230554/trajectories/0803445034a83bca37ce5f6e911d0f0985192619637d9cfcf7014c76165815d9__SIDECAR_FROZEN.npz
canonical	720813	logs/bplus_v22_d3r2_20260711/artifacts/zero_identity_20260711_230554/trajectories/08ccfa18a0cef9b38a01a375f016f4dbb37aab25b60a50d0027a75caeb8dc0c7__BC.npz
canonical	720813	logs/bplus_v22_d3r2_20260711/artifacts/zero_identity_20260711_230554/trajectories/08ccfa18a0cef9b38a01a375f016f4dbb37aab25b60a50d0027a75caeb8dc0c7__BC_FROZEN.npz
canonical	720813	logs/bplus_v22_d3r2_20260711/artifacts/zero_identity_20260711_230554/trajectories/08ccfa18a0cef9b38a01a375f016f4dbb37aab25b60a50d0027a75caeb8dc0c7__SIDECAR_FINETUNE.npz
canonical	720813	logs/bplus_v22_d3r2_20260711/artifacts/zero_identity_20260711_230554/trajectories/08ccfa18a0cef9b38a01a375f016f4dbb37aab25b60a50d0027a75caeb8dc0c7__SIDECAR_FROZEN.npz
canonical	699779	logs/bplus_v22_d3r2_20260711/artifacts/zero_identity_20260711_230554/trajectories/0cbadb764822112508eecf60d210d28e0678a95c13f05c0b3fc615c45ee5cab3__BC.npz
canonical	699779	logs/bplus_v22_d3r2_20260711/artifacts/zero_identity_20260711_230554/trajectories/0cbadb764822112508eecf60d210d28e0678a95c13f05c0b3fc615c45ee5cab3__BC_FROZEN.npz
canonical	699779	logs/bplus_v22_d3r2_20260711/artifacts/zero_identity_20260711_230554/trajectories/0cbadb764822112508eecf60d210d28e0678a95c13f05c0b3fc615c45ee5cab3__SIDECAR_FINETUNE.npz
canonical	699779	logs/bplus_v22_d3r2_20260711/artifacts/zero_identity_20260711_230554/trajectories/0cbadb764822112508eecf60d210d28e0678a95c13f05c0b3fc615c45ee5cab3__SIDECAR_FROZEN.npz
canonical	677336	logs/bplus_v22_d3r2_20260711/artifacts/zero_identity_20260711_230554/trajectories/1d38ae4f073573321f8b2c8ba4b83b14f6d2da56d6baa1012de7dc0856e7b5ab__BC.npz
canonical	677336	logs/bplus_v22_d3r2_20260711/artifacts/zero_identity_20260711_230554/trajectories/1d38ae4f073573321f8b2c8ba4b83b14f6d2da56d6baa1012de7dc0856e7b5ab__BC_FROZEN.npz
canonical	677336	logs/bplus_v22_d3r2_20260711/artifacts/zero_identity_20260711_230554/trajectories/1d38ae4f073573321f8b2c8ba4b83b14f6d2da56d6baa1012de7dc0856e7b5ab__SIDECAR_FINETUNE.npz
canonical	677336	logs/bplus_v22_d3r2_20260711/artifacts/zero_identity_20260711_230554/trajectories/1d38ae4f073573321f8b2c8ba4b83b14f6d2da56d6baa1012de7dc0856e7b5ab__SIDECAR_FROZEN.npz
canonical	148	logs/bplus_v22_d3r2_20260711/artifacts/zero_identity_20260711_230554/validation.json
canonical	9	logs/bplus_v22_d3r2_20260711/artifacts/zero_identity_20260712_080201/COMPLETE
canonical	1033	logs/bplus_v22_d3r2_20260711/artifacts/zero_identity_20260712_080201/case_manifest.tsv
canonical	1373	logs/bplus_v22_d3r2_20260711/artifacts/zero_identity_20260712_080201/config.json
canonical	9207	logs/bplus_v22_d3r2_20260711/artifacts/zero_identity_20260712_080201/identity_results.tsv
canonical	1264	logs/bplus_v22_d3r2_20260711/artifacts/zero_identity_20260712_080201/model_initializations.json
canonical	2988	logs/bplus_v22_d3r2_20260711/artifacts/zero_identity_20260712_080201/output_manifest.sha256
canonical	588680	logs/bplus_v22_d3r2_20260711/artifacts/zero_identity_20260712_080201/trajectories/0803445034a83bca37ce5f6e911d0f0985192619637d9cfcf7014c76165815d9__BC.npz
canonical	588680	logs/bplus_v22_d3r2_20260711/artifacts/zero_identity_20260712_080201/trajectories/0803445034a83bca37ce5f6e911d0f0985192619637d9cfcf7014c76165815d9__BC_FROZEN.npz
canonical	588680	logs/bplus_v22_d3r2_20260711/artifacts/zero_identity_20260712_080201/trajectories/0803445034a83bca37ce5f6e911d0f0985192619637d9cfcf7014c76165815d9__SIDECAR_FINETUNE.npz
canonical	588680	logs/bplus_v22_d3r2_20260711/artifacts/zero_identity_20260712_080201/trajectories/0803445034a83bca37ce5f6e911d0f0985192619637d9cfcf7014c76165815d9__SIDECAR_FROZEN.npz
canonical	720813	logs/bplus_v22_d3r2_20260711/artifacts/zero_identity_20260712_080201/trajectories/08ccfa18a0cef9b38a01a375f016f4dbb37aab25b60a50d0027a75caeb8dc0c7__BC.npz
canonical	720813	logs/bplus_v22_d3r2_20260711/artifacts/zero_identity_20260712_080201/trajectories/08ccfa18a0cef9b38a01a375f016f4dbb37aab25b60a50d0027a75caeb8dc0c7__BC_FROZEN.npz
canonical	720813	logs/bplus_v22_d3r2_20260711/artifacts/zero_identity_20260712_080201/trajectories/08ccfa18a0cef9b38a01a375f016f4dbb37aab25b60a50d0027a75caeb8dc0c7__SIDECAR_FINETUNE.npz
canonical	720813	logs/bplus_v22_d3r2_20260711/artifacts/zero_identity_20260712_080201/trajectories/08ccfa18a0cef9b38a01a375f016f4dbb37aab25b60a50d0027a75caeb8dc0c7__SIDECAR_FROZEN.npz
canonical	699779	logs/bplus_v22_d3r2_20260711/artifacts/zero_identity_20260712_080201/trajectories/0cbadb764822112508eecf60d210d28e0678a95c13f05c0b3fc615c45ee5cab3__BC.npz
canonical	699779	logs/bplus_v22_d3r2_20260711/artifacts/zero_identity_20260712_080201/trajectories/0cbadb764822112508eecf60d210d28e0678a95c13f05c0b3fc615c45ee5cab3__BC_FROZEN.npz
canonical	699779	logs/bplus_v22_d3r2_20260711/artifacts/zero_identity_20260712_080201/trajectories/0cbadb764822112508eecf60d210d28e0678a95c13f05c0b3fc615c45ee5cab3__SIDECAR_FINETUNE.npz
canonical	699779	logs/bplus_v22_d3r2_20260711/artifacts/zero_identity_20260712_080201/trajectories/0cbadb764822112508eecf60d210d28e0678a95c13f05c0b3fc615c45ee5cab3__SIDECAR_FROZEN.npz
canonical	677336	logs/bplus_v22_d3r2_20260711/artifacts/zero_identity_20260712_080201/trajectories/1d38ae4f073573321f8b2c8ba4b83b14f6d2da56d6baa1012de7dc0856e7b5ab__BC.npz
canonical	677336	logs/bplus_v22_d3r2_20260711/artifacts/zero_identity_20260712_080201/trajectories/1d38ae4f073573321f8b2c8ba4b83b14f6d2da56d6baa1012de7dc0856e7b5ab__BC_FROZEN.npz
canonical	677336	logs/bplus_v22_d3r2_20260711/artifacts/zero_identity_20260712_080201/trajectories/1d38ae4f073573321f8b2c8ba4b83b14f6d2da56d6baa1012de7dc0856e7b5ab__SIDECAR_FINETUNE.npz
canonical	677336	logs/bplus_v22_d3r2_20260711/artifacts/zero_identity_20260712_080201/trajectories/1d38ae4f073573321f8b2c8ba4b83b14f6d2da56d6baa1012de7dc0856e7b5ab__SIDECAR_FROZEN.npz
canonical	148	logs/bplus_v22_d3r2_20260711/artifacts/zero_identity_20260712_080201/validation.json
canonical	2	logs/bplus_v22_d3r2_20260711/runs/fitted_identity_20260712_080201/exit_code
canonical	26	logs/bplus_v22_d3r2_20260711/runs/fitted_identity_20260712_080201/finished_at
canonical	56	logs/bplus_v22_d3r2_20260711/runs/fitted_identity_20260712_080201/numba_cache_dir
canonical	69	logs/bplus_v22_d3r2_20260711/runs/fitted_identity_20260712_080201/output_dir
canonical	7	logs/bplus_v22_d3r2_20260711/runs/fitted_identity_20260712_080201/pid
canonical	26	logs/bplus_v22_d3r2_20260711/runs/fitted_identity_20260712_080201/started_at
canonical	1190	logs/bplus_v22_d3r2_20260711/runs/fitted_identity_20260712_080201/stdout.log
canonical	2	logs/bplus_v22_d3r2_20260711/runs/sidecar_init_20260712_080012/exit_code
canonical	26	logs/bplus_v22_d3r2_20260711/runs/sidecar_init_20260712_080012/finished_at
canonical	48	logs/bplus_v22_d3r2_20260711/runs/sidecar_init_20260712_080012/numba_cache_dir
canonical	68	logs/bplus_v22_d3r2_20260711/runs/sidecar_init_20260712_080012/output_dir
canonical	7	logs/bplus_v22_d3r2_20260711/runs/sidecar_init_20260712_080012/pid
canonical	26	logs/bplus_v22_d3r2_20260711/runs/sidecar_init_20260712_080012/started_at
canonical	759	logs/bplus_v22_d3r2_20260711/runs/sidecar_init_20260712_080012/stdout.log
canonical	2	logs/bplus_v22_d3r2_20260711/runs/validate_warmstart_20260712_092202/exit_code
canonical	26	logs/bplus_v22_d3r2_20260711/runs/validate_warmstart_20260712_092202/finished_at
canonical	26	logs/bplus_v22_d3r2_20260711/runs/validate_warmstart_20260712_092202/started_at
canonical	553	logs/bplus_v22_d3r2_20260711/runs/validate_warmstart_20260712_092202/stdout.log
canonical	2	logs/bplus_v22_d3r2_20260711/runs/validate_warmstart_remediation_20260712_100259/exit_code
canonical	26	logs/bplus_v22_d3r2_20260711/runs/validate_warmstart_remediation_20260712_100259/finished_at
canonical	26	logs/bplus_v22_d3r2_20260711/runs/validate_warmstart_remediation_20260712_100259/started_at
canonical	622	logs/bplus_v22_d3r2_20260711/runs/validate_warmstart_remediation_20260712_100259/stdout.log
canonical	2	logs/bplus_v22_d3r2_20260711/runs/warmstart_remediation_20260712_100124/exit_code
canonical	26	logs/bplus_v22_d3r2_20260711/runs/warmstart_remediation_20260712_100124/finished_at
canonical	7	logs/bplus_v22_d3r2_20260711/runs/warmstart_remediation_20260712_100124/pid
canonical	26	logs/bplus_v22_d3r2_20260711/runs/warmstart_remediation_20260712_100124/started_at
canonical	798	logs/bplus_v22_d3r2_20260711/runs/warmstart_remediation_20260712_100124/stdout.log
canonical	2	logs/bplus_v22_d3r2_20260711/runs/warmstart_smoke_20260712_091950/exit_code
canonical	26	logs/bplus_v22_d3r2_20260711/runs/warmstart_smoke_20260712_091950/finished_at
canonical	7	logs/bplus_v22_d3r2_20260711/runs/warmstart_smoke_20260712_091950/pid
canonical	26	logs/bplus_v22_d3r2_20260711/runs/warmstart_smoke_20260712_091950/started_at
canonical	734	logs/bplus_v22_d3r2_20260711/runs/warmstart_smoke_20260712_091950/stdout.log
canonical	7	logs/bplus_v22_d3r2_20260711/runs/warmstart_smoke_20260712_091950/worker_pid
canonical	319059	logs/d0_canonical_audit_20260710_121955/canonical_episodes.tsv
canonical	59501	logs/d0_canonical_audit_20260710_121955/collision_events.tsv
canonical	4592	logs/d0_canonical_audit_20260710_121955/d0_summary.json
canonical	2942	logs/d0_canonical_audit_20260710_121955/d0_summary.md
canonical	2521	logs/d0_canonical_audit_20260710_121955/d0_validation.json
canonical	3681194	logs/d0_canonical_audit_20260710_121955/episode_occurrences.tsv
canonical	5566	logs/d0_canonical_audit_20260710_121955/input_provenance.tsv
canonical	5660	logs/d25_counterfactual_20260711/D25_EVIDENCE_REPORT_20260711.md
canonical	1651	logs/d25_counterfactual_20260711/DECISIONS.md
canonical	1045	logs/d25_counterfactual_20260711/EXPERIMENTS.md
canonical	847	logs/d25_counterfactual_20260711/SOURCE_SHA256.txt
canonical	1127	logs/d25_counterfactual_20260711/STATUS.md
canonical	9	logs/d25_counterfactual_20260711/artifacts/baseline_smoke_20260711_184500/COMPLETE
canonical	1511	logs/d25_counterfactual_20260711/artifacts/baseline_smoke_20260711_184500/baseline_replay.tsv
canonical	41612	logs/d25_counterfactual_20260711/artifacts/baseline_smoke_20260711_184500/case_manifest.tsv
canonical	2159	logs/d25_counterfactual_20260711/artifacts/baseline_smoke_20260711_184500/config.json
canonical	182	logs/d25_counterfactual_20260711/artifacts/baseline_smoke_20260711_184500/d25_summary.json
canonical	4163518	logs/d25_counterfactual_20260711/artifacts/baseline_smoke_20260711_184500/opened_registry.snapshot.tsv
canonical	508	logs/d25_counterfactual_20260711/artifacts/baseline_smoke_20260711_184500/output_manifest.sha256
canonical	207	logs/d25_counterfactual_20260711/artifacts/baseline_smoke_20260711_184500/validation.json
canonical	9	logs/d25_counterfactual_20260711/artifacts/branch_smoke_20260711_185000/COMPLETE
canonical	1511	logs/d25_counterfactual_20260711/artifacts/branch_smoke_20260711_185000/baseline_replay.tsv
canonical	11141	logs/d25_counterfactual_20260711/artifacts/branch_smoke_20260711_185000/branch_results.tsv
canonical	41612	logs/d25_counterfactual_20260711/artifacts/branch_smoke_20260711_185000/case_manifest.tsv
canonical	2211	logs/d25_counterfactual_20260711/artifacts/branch_smoke_20260711_185000/case_results.tsv
canonical	2157	logs/d25_counterfactual_20260711/artifacts/branch_smoke_20260711_185000/config.json
canonical	339	logs/d25_counterfactual_20260711/artifacts/branch_smoke_20260711_185000/d25_summary.json
canonical	4163518	logs/d25_counterfactual_20260711/artifacts/branch_smoke_20260711_185000/opened_registry.snapshot.tsv
canonical	676	logs/d25_counterfactual_20260711/artifacts/branch_smoke_20260711_185000/output_manifest.sha256
canonical	205	logs/d25_counterfactual_20260711/artifacts/branch_smoke_20260711_185000/validation.json
canonical	9	logs/d25_counterfactual_20260711/artifacts/full_oracle_20260711_185500/COMPLETE
canonical	15865	logs/d25_counterfactual_20260711/artifacts/full_oracle_20260711_185500/baseline_replay.tsv
canonical	1303510	logs/d25_counterfactual_20260711/artifacts/full_oracle_20260711_185500/branch_results.tsv
canonical	41612	logs/d25_counterfactual_20260711/artifacts/full_oracle_20260711_185500/case_manifest.tsv
canonical	26105	logs/d25_counterfactual_20260711/artifacts/full_oracle_20260711_185500/case_results.tsv
canonical	2150	logs/d25_counterfactual_20260711/artifacts/full_oracle_20260711_185500/config.json
canonical	996	logs/d25_counterfactual_20260711/artifacts/full_oracle_20260711_185500/d25_summary.json
canonical	4163518	logs/d25_counterfactual_20260711/artifacts/full_oracle_20260711_185500/opened_registry.snapshot.tsv
canonical	13200	logs/d25_counterfactual_20260711/artifacts/full_oracle_20260711_185500/output_manifest.sha256
canonical	204	logs/d25_counterfactual_20260711/artifacts/full_oracle_20260711_185500/validation.json
canonical	2091392	logs/d25_counterfactual_20260711/artifacts/full_oracle_20260711_185500/witnesses/0803445034a83bca37ce5f6e911d0f0985192619637d9cfcf7014c76165815d9__lead100_start0120_dur050_steer_p010.npz
canonical	2090967	logs/d25_counterfactual_20260711/artifacts/full_oracle_20260711_185500/witnesses/08acdd481f7758d1496a37b07b3b883f4fd391c68008e45a4edf33497b41d87a__lead300_start0030_dur050_brake100_steer_m010.npz
canonical	2095305	logs/d25_counterfactual_20260711/artifacts/full_oracle_20260711_185500/witnesses/08ccfa18a0cef9b38a01a375f016f4dbb37aab25b60a50d0027a75caeb8dc0c7__lead200_start0070_dur050_steer_m020.npz
canonical	2086956	logs/d25_counterfactual_20260711/artifacts/full_oracle_20260711_185500/witnesses/0cbadb764822112508eecf60d210d28e0678a95c13f05c0b3fc615c45ee5cab3__lead100_start0160_dur050_brake050.npz
canonical	2095811	logs/d25_counterfactual_20260711/artifacts/full_oracle_20260711_185500/witnesses/1589ef52a9c2b8197ecac9f83ef698ab8704fb8571f648c795c35d07ac1e2198__lead300_start0230_dur050_brake100_steer_p010.npz
canonical	2091584	logs/d25_counterfactual_20260711/artifacts/full_oracle_20260711_185500/witnesses/185b3be709fdaf3ea10543fac54deedc19cd54b9ad967f468af8db3225e5c17b__lead200_start0060_dur050_brake100_steer_m010.npz
canonical	2095123	logs/d25_counterfactual_20260711/artifacts/full_oracle_20260711_185500/witnesses/187df20998670c062c52f52a520daf296749f96a37fafc28adf50965a23c5cc0__lead300_start0050_dur050_brake100_steer_p010.npz
canonical	2094225	logs/d25_counterfactual_20260711/artifacts/full_oracle_20260711_185500/witnesses/1ac3efe81f76a43cd0b545047bbebf1235b2f34df8d2147a7f3fad605ed6be88__lead300_start0270_dur050_brake050_steer_m010.npz
canonical	2092520	logs/d25_counterfactual_20260711/artifacts/full_oracle_20260711_185500/witnesses/1d38ae4f073573321f8b2c8ba4b83b14f6d2da56d6baa1012de7dc0856e7b5ab__lead200_start0050_dur050_brake100_steer_m010.npz
canonical	2089648	logs/d25_counterfactual_20260711/artifacts/full_oracle_20260711_185500/witnesses/23e7a9a65050f05009c9c70885eb2c2e4bb3f7dada71c41fdf3070b01c85cfaf__lead300_start0150_dur050_brake100_steer_m010.npz
canonical	2095712	logs/d25_counterfactual_20260711/artifacts/full_oracle_20260711_185500/witnesses/272da7fe3b9d5d3f26eaeeaf78032db2e5e6e1a86c881092f6c8678ce81bb09a__lead300_start0300_dur050_steer_m010.npz
canonical	2084484	logs/d25_counterfactual_20260711/artifacts/full_oracle_20260711_185500/witnesses/29ab42f185d86bbb64e383b8a14b78b7d7e62973782a36f177b9fc91c85f52eb__lead200_start0190_dur050_brake100_steer_m010.npz
canonical	2085462	logs/d25_counterfactual_20260711/artifacts/full_oracle_20260711_185500/witnesses/33efa35c7ac5653282251326f019669131d42280c5003bd6d883907686bc315a__lead300_start0320_dur050_brake100.npz
canonical	2092642	logs/d25_counterfactual_20260711/artifacts/full_oracle_20260711_185500/witnesses/3fb693bba310c8eb3641848b2e47341baf182f17dada01056d609a247435bac6__lead300_start0020_dur050_brake100_steer_p010.npz
canonical	2095900	logs/d25_counterfactual_20260711/artifacts/full_oracle_20260711_185500/witnesses/40ff5f02c185cc2b6b740988b7053131ed97071eade8e596f43ba083558e29b8__lead300_start0280_dur050_brake100_steer_p010.npz
canonical	2091473	logs/d25_counterfactual_20260711/artifacts/full_oracle_20260711_185500/witnesses/4395d262bac00bd2d370331a27d863820a53b5045f0b42fac93afdf7ac276f4d__lead100_start0250_dur050_brake050_steer_m010.npz
canonical	2088396	logs/d25_counterfactual_20260711/artifacts/full_oracle_20260711_185500/witnesses/45f109a802e95ea2c3af0eacd79a9733da05e9e5634920113aac2e84293ae602__lead100_start0130_dur050_steer_p020.npz
canonical	2089277	logs/d25_counterfactual_20260711/artifacts/full_oracle_20260711_185500/witnesses/4b783868d20e63ced405d9a5065779d6f16efe8890914ba94787e0e191217878__lead300_start0000_dur030_brake050.npz
canonical	2091001	logs/d25_counterfactual_20260711/artifacts/full_oracle_20260711_185500/witnesses/5337b37c93c4c18d0488e1729d5b767dcba0451d9be253132e3f3976b23eed6a__lead300_start0020_dur050_brake100_steer_m010.npz
canonical	2090432	logs/d25_counterfactual_20260711/artifacts/full_oracle_20260711_185500/witnesses/56a7351e686fe5728454f0017215244fa619cf3f752babe8c76d63f5c56255e0__lead300_start0270_dur050_brake050_steer_m010.npz
canonical	2095356	logs/d25_counterfactual_20260711/artifacts/full_oracle_20260711_185500/witnesses/5b7db5c058a7a1afd9eba9cd8035357b992611d06f5397a5f4000c4f3ad4cb4a__lead300_start0190_dur050_brake050_steer_m010.npz
canonical	2097102	logs/d25_counterfactual_20260711/artifacts/full_oracle_20260711_185500/witnesses/5fc5fb8ddc0734cc047d02f52c333b13dde00f2aa2f3bc93089f967c0758ddc5__lead300_start0080_dur030_steer_p020.npz
canonical	2091095	logs/d25_counterfactual_20260711/artifacts/full_oracle_20260711_185500/witnesses/62c1330ca925efee2728895702e6a9ea5680693d110720c0fedcf29ced5041ba__lead200_start0080_dur050_brake100_steer_m010.npz
canonical	2094094	logs/d25_counterfactual_20260711/artifacts/full_oracle_20260711_185500/witnesses/6418f20c9a273d942d79aa2eb03ab433995ad6585ec9ad21ee054c2162970922__lead100_start0060_dur050_brake100_steer_m010.npz
canonical	2092639	logs/d25_counterfactual_20260711/artifacts/full_oracle_20260711_185500/witnesses/6556b862c4532ce92d1f1e21e7ac2b4420d0227adf10edb69236c8323a0f8b9a__lead300_start0120_dur050_brake050_steer_p010.npz
canonical	2094323	logs/d25_counterfactual_20260711/artifacts/full_oracle_20260711_185500/witnesses/658e12ea020e2a74ff775db09f09e213e76568ec06fda17706244fdf00e0c487__lead200_start0210_dur030_brake050_steer_m010.npz
canonical	2091062	logs/d25_counterfactual_20260711/artifacts/full_oracle_20260711_185500/witnesses/698cf4d1d7b00312d9babce705b66cb9f6138f12487d6046da4a5b809c92d041__lead200_start0310_dur010_steer_p010.npz
canonical	2089266	logs/d25_counterfactual_20260711/artifacts/full_oracle_20260711_185500/witnesses/6fb2963f63cb664bc4171dd7e8bda3a6c47941559925992605481c896d939c9f__lead200_start0050_dur050_brake100.npz
canonical	2087067	logs/d25_counterfactual_20260711/artifacts/full_oracle_20260711_185500/witnesses/70c942e895d5a4e7f58043057d5733bd2e04095a3797d3ce0b4f7ec331dd3928__lead300_start0120_dur050_brake100_steer_m010.npz
canonical	2094769	logs/d25_counterfactual_20260711/artifacts/full_oracle_20260711_185500/witnesses/732874565dde6d56c098e63f6fb2a11469910c4959ea51c1919480176319fcc5__lead200_start0430_dur010_steer_m020.npz
canonical	2086400	logs/d25_counterfactual_20260711/artifacts/full_oracle_20260711_185500/witnesses/7dd3b921744dc47c057475b4aefd519a84c8ceaba05a801a0fb7db618fe371b3__lead200_start0020_dur050_brake100_steer_p010.npz
canonical	2087670	logs/d25_counterfactual_20260711/artifacts/full_oracle_20260711_185500/witnesses/81a5743e35bcefc6c21a5be9084073c410061157cd544646375ab74faa77d147__lead100_start0240_dur030_brake100_steer_p010.npz
canonical	2093930	logs/d25_counterfactual_20260711/artifacts/full_oracle_20260711_185500/witnesses/841f940350fdedb2a61445dcda3e7e524cac9b6c06a7d7ccd0b386f3f245a4c6__lead300_start0000_dur050_brake100_steer_m010.npz
canonical	2093489	logs/d25_counterfactual_20260711/artifacts/full_oracle_20260711_185500/witnesses/866d0426627427904e2c08e44c4f135c2cb2662776de308792e8ae8cd739eef3__lead300_start0350_dur030_steer_m010.npz
canonical	2090836	logs/d25_counterfactual_20260711/artifacts/full_oracle_20260711_185500/witnesses/8f57d902d35e6b47f631ada9667c8b7371aaa55b12bc732012f5952a2e4381df__lead300_start0010_dur050_brake100_steer_m010.npz
canonical	2093244	logs/d25_counterfactual_20260711/artifacts/full_oracle_20260711_185500/witnesses/962b6dd69103c38485b55b66c803f4e2efd64b2b1daa2fb30ef20e90ce1474f3__lead100_start0070_dur050_brake100_steer_m010.npz
canonical	2093375	logs/d25_counterfactual_20260711/artifacts/full_oracle_20260711_185500/witnesses/97574f9b4b7e86cd97cde7a77831c583ea770675f95c755290d95be26b233e03__lead200_start0370_dur050_brake050_steer_m010.npz
canonical	2091141	logs/d25_counterfactual_20260711/artifacts/full_oracle_20260711_185500/witnesses/995063b32d5c08dc0440bda1d1aabce4dd3433e3cc2c461132790c685b1a494a__lead300_start0170_dur050_brake100_steer_p010.npz
canonical	2090509	logs/d25_counterfactual_20260711/artifacts/full_oracle_20260711_185500/witnesses/9bb256d98fe634823f77d539012dcdb72b8704fb72f31b72ecd84e9d2380c057__lead300_start0040_dur050_steer_m010.npz
canonical	2086044	logs/d25_counterfactual_20260711/artifacts/full_oracle_20260711_185500/witnesses/a0e57f1f7892c34f52e47d298b11699253966c93415dd971610eee8247e9b523__lead100_start0220_dur050_steer_p020.npz
canonical	2090779	logs/d25_counterfactual_20260711/artifacts/full_oracle_20260711_185500/witnesses/a33d4c8c4fdf26d5b3171229bf8fe05ba9428a0b31446f3e0097efc8d7f8f7f2__lead100_start0310_dur050_steer_m020.npz
canonical	2086059	logs/d25_counterfactual_20260711/artifacts/full_oracle_20260711_185500/witnesses/a3d0cc8dbbe3a138efea7742e9625dbdd3c2a5f361ea5648a31bd4b3c1054815__lead300_start0280_dur030_steer_p010.npz
canonical	2086405	logs/d25_counterfactual_20260711/artifacts/full_oracle_20260711_185500/witnesses/a66c9570ca447b61d7658939df931a240765a94ad2bbce49b5c2373b4ad37ddb__lead300_start0130_dur050_brake100_steer_p010.npz
canonical	2088920	logs/d25_counterfactual_20260711/artifacts/full_oracle_20260711_185500/witnesses/ad0228821340445114bc9658d629872a557ea10f96afdd8b753e78267905a1a8__lead300_start0030_dur050_brake100_steer_p010.npz
canonical	2091121	logs/d25_counterfactual_20260711/artifacts/full_oracle_20260711_185500/witnesses/b2ea6ad07b14a27e16efe92ac0611f98bb5648fd0bdd0e60f99bf01a90360f38__lead200_start0050_dur050_brake100_steer_m010.npz
canonical	2093679	logs/d25_counterfactual_20260711/artifacts/full_oracle_20260711_185500/witnesses/b4ab709ba1ed684a2a560197852438e4bc9719b0e34b6295cfcb7a6fe976e206__lead300_start0140_dur050_steer_m010.npz
canonical	2095604	logs/d25_counterfactual_20260711/artifacts/full_oracle_20260711_185500/witnesses/b503939b6d45b1d410118ab54839d33e73fcdfb844299674167a9cb58daaca8d__lead300_start0290_dur030_brake050_steer_m010.npz
canonical	2087244	logs/d25_counterfactual_20260711/artifacts/full_oracle_20260711_185500/witnesses/b81ea5c9a879dc79f881a15c3e71ef10c43ed268577c57250fd09addf2bdd1e8__lead200_start0150_dur050_steer_p010.npz
canonical	2091070	logs/d25_counterfactual_20260711/artifacts/full_oracle_20260711_185500/witnesses/c8d05d89233e22b779d7f0345d603750e73910487eb15828cf798e10037e495c__lead300_start0080_dur050_steer_p020.npz
canonical	2087989	logs/d25_counterfactual_20260711/artifacts/full_oracle_20260711_185500/witnesses/cb5c5aac7acbc98357e67d389168cb585a3c95272df14ebaf0195582c4c25f9a__lead300_start0030_dur050_brake100_steer_m010.npz
canonical	2087149	logs/d25_counterfactual_20260711/artifacts/full_oracle_20260711_185500/witnesses/cd37c656b7da6cf755cd458c40427434c6330d0f316cd24aeb52723411d91478__lead300_start0140_dur050_brake050.npz
canonical	2091490	logs/d25_counterfactual_20260711/artifacts/full_oracle_20260711_185500/witnesses/ce4b85f0ea91114d40f68ced60911ad4b38f67f0574071f287eb4ee9e62f5241__lead300_start0410_dur050_steer_p010.npz
canonical	2092002	logs/d25_counterfactual_20260711/artifacts/full_oracle_20260711_185500/witnesses/d1b5e9bfea560b1fcdf9439a29a5d5e819107f116fa77d26e1664eecb3beb1ec__lead300_start0370_dur010_brake100_steer_m010.npz
canonical	2097703	logs/d25_counterfactual_20260711/artifacts/full_oracle_20260711_185500/witnesses/d4152a91894523da5f7e1e37e1b8ab1bef27c54de1b02fb431298ae2ea5ae73b__lead300_start0270_dur010_steer_p010.npz
canonical	2091567	logs/d25_counterfactual_20260711/artifacts/full_oracle_20260711_185500/witnesses/d714d47ffac3e503f50ed688c2fd001a3cba8a55c08ec11a07af6a96b1f46406__lead100_start0070_dur050_brake100_steer_m010.npz
canonical	2086103	logs/d25_counterfactual_20260711/artifacts/full_oracle_20260711_185500/witnesses/d9e7969aacc70c2cdd69ecb635a747f18946c92bbf8f0b6dcff7c9a9a311492b__lead100_start0210_dur050_steer_p020.npz
canonical	2088742	logs/d25_counterfactual_20260711/artifacts/full_oracle_20260711_185500/witnesses/e14f82b257a1060492c2bb0936d7c08bae049381c5c4a26e02f3a5f2b50a2677__lead200_start0020_dur010_steer_m020.npz
canonical	2094103	logs/d25_counterfactual_20260711/artifacts/full_oracle_20260711_185500/witnesses/e3a87bb534923b14f10bc4c3716c703631ff6550306bb83671dae0218259c816__lead200_start0370_dur010_brake100_steer_m010.npz
canonical	2091294	logs/d25_counterfactual_20260711/artifacts/full_oracle_20260711_185500/witnesses/e400a83639726b5e801264f3e2c59bae3dee074ee6cb1d8748ec49cb4841a686__lead200_start0060_dur050_brake100_steer_m010.npz
canonical	2084528	logs/d25_counterfactual_20260711/artifacts/full_oracle_20260711_185500/witnesses/ebbe0e50ff8475afe38d3cff3caef36ff08aca2438e42d65e5e47b460078e37b__lead100_start0540_dur050_steer_m020.npz
canonical	2096932	logs/d25_counterfactual_20260711/artifacts/full_oracle_20260711_185500/witnesses/ed4d3330aa3a1f5044262ae8cfc0a51a215abb199fd4f91a7417d7dd016c1e67__lead300_start0220_dur010_brake100_steer_m010.npz
canonical	2089236	logs/d25_counterfactual_20260711/artifacts/full_oracle_20260711_185500/witnesses/f2f402b18fb2747d42220a69157f45e1edcdae6033c2a3cca3ca8d2e73139d26__lead200_start0030_dur050_brake100_steer_m010.npz
canonical	2090149	logs/d25_counterfactual_20260711/artifacts/full_oracle_20260711_185500/witnesses/f6dee34e45853683f557e4074898c927bfaff4121510a36c25fa54daa7adb3e5__lead300_start0060_dur050_brake100_steer_m010.npz
canonical	2089446	logs/d25_counterfactual_20260711/artifacts/full_oracle_20260711_185500/witnesses/fb6ecad864d26d80feba8f463870d5d125213fe6e3645656b01f44ec381bae34__lead200_start0100_dur050_steer_m020.npz
canonical	2091875	logs/d25_counterfactual_20260711/artifacts/full_oracle_20260711_185500/witnesses/fcdd631f8e14182a6904059b2390d4593726eeee3068e0d7f33d3e2b4c64f940__lead300_start0020_dur050_brake100.npz
canonical	2087558	logs/d25_counterfactual_20260711/artifacts/full_oracle_20260711_185500/witnesses/fd8ebb8d13132b4d22b57f667cd275332fccefe7a7f6df81674cc4026bda7038__lead300_start0100_dur030_steer_p020.npz
canonical	2086078	logs/d25_counterfactual_20260711/artifacts/full_oracle_20260711_185500/witnesses/ff34b5d3176a4127000c0797797da2d18655d4e30bb8fd0ae8e834c2e831c940__lead100_start0200_dur050_steer_m010.npz
canonical	2	logs/d25_counterfactual_20260711/runs/branch_smoke_20260711_185000/exit_code
canonical	26	logs/d25_counterfactual_20260711/runs/branch_smoke_20260711_185000/finished_at
canonical	0	logs/d25_counterfactual_20260711/runs/branch_smoke_20260711_185000/launcher.log
canonical	7	logs/d25_counterfactual_20260711/runs/branch_smoke_20260711_185000/pid
canonical	26	logs/d25_counterfactual_20260711/runs/branch_smoke_20260711_185000/started_at
canonical	2004	logs/d25_counterfactual_20260711/runs/branch_smoke_20260711_185000/stdout.log
canonical	2	logs/d25_counterfactual_20260711/runs/full_oracle_20260711_185500/exit_code
canonical	26	logs/d25_counterfactual_20260711/runs/full_oracle_20260711_185500/finished_at
canonical	0	logs/d25_counterfactual_20260711/runs/full_oracle_20260711_185500/launcher.log
canonical	7	logs/d25_counterfactual_20260711/runs/full_oracle_20260711_185500/pid
canonical	26	logs/d25_counterfactual_20260711/runs/full_oracle_20260711_185500/started_at
canonical	13536	logs/d25_counterfactual_20260711/runs/full_oracle_20260711_185500/stdout.log
canonical	3512	logs/d2_representation_20260711_174039/D2_EVIDENCE_REPORT_20260711.md
canonical	3315	logs/d2_representation_20260711_174039/DECISIONS.md
canonical	1204	logs/d2_representation_20260711_174039/SOURCE_SHA256.txt
canonical	2544	logs/d2_representation_20260711_174039/STATUS.md
canonical	9	logs/d2_representation_20260711_174039/artifacts/d2_evidence_20260711_182700/COMPLETE
canonical	53435	logs/d2_representation_20260711_174039/artifacts/d2_evidence_20260711_182700/d2_summary.json
canonical	882	logs/d2_representation_20260711_174039/artifacts/d2_evidence_20260711_182700/d2_summary.md
canonical	162	logs/d2_representation_20260711_174039/artifacts/d2_evidence_20260711_182700/output_manifest.sha256
canonical	703	logs/d2_representation_20260711_174039/artifacts/deployable_signals_20260711_182229/REMOTE_ARRAYS.md
canonical	506	logs/d2_representation_20260711_174039/artifacts/deployable_signals_20260711_182229/config.json
canonical	4115570	logs/d2_representation_20260711_174039/artifacts/deployable_signals_20260711_182229/opened_registry.snapshot.tsv
canonical	642	logs/d2_representation_20260711_174039/artifacts/deployable_signals_20260711_182229/output_manifest.sha256
canonical	1154	logs/d2_representation_20260711_174039/artifacts/deployable_signals_20260711_182229/signals_manifest.json
canonical	9	logs/d2_representation_20260711_174039/artifacts/linear_oof_locked_20260711_181204/COMPLETE
canonical	689	logs/d2_representation_20260711_174039/artifacts/linear_oof_locked_20260711_181204/config.json
canonical	77013	logs/d2_representation_20260711_174039/artifacts/linear_oof_locked_20260711_181204/models/outer0_inner0.pt
canonical	76885	logs/d2_representation_20260711_174039/artifacts/linear_oof_locked_20260711_181204/models/outer0_inner1.pt
canonical	76949	logs/d2_representation_20260711_174039/artifacts/linear_oof_locked_20260711_181204/models/outer0_inner2.pt
canonical	76941	logs/d2_representation_20260711_174039/artifacts/linear_oof_locked_20260711_181204/models/outer0_refit.pt
canonical	77013	logs/d2_representation_20260711_174039/artifacts/linear_oof_locked_20260711_181204/models/outer1_inner0.pt
canonical	77013	logs/d2_representation_20260711_174039/artifacts/linear_oof_locked_20260711_181204/models/outer1_inner1.pt
canonical	77013	logs/d2_representation_20260711_174039/artifacts/linear_oof_locked_20260711_181204/models/outer1_inner2.pt
canonical	76877	logs/d2_representation_20260711_174039/artifacts/linear_oof_locked_20260711_181204/models/outer1_refit.pt
canonical	77013	logs/d2_representation_20260711_174039/artifacts/linear_oof_locked_20260711_181204/models/outer2_inner0.pt
canonical	77013	logs/d2_representation_20260711_174039/artifacts/linear_oof_locked_20260711_181204/models/outer2_inner1.pt
canonical	76949	logs/d2_representation_20260711_174039/artifacts/linear_oof_locked_20260711_181204/models/outer2_inner2.pt
canonical	77005	logs/d2_representation_20260711_174039/artifacts/linear_oof_locked_20260711_181204/models/outer2_refit.pt
canonical	76949	logs/d2_representation_20260711_174039/artifacts/linear_oof_locked_20260711_181204/models/outer3_inner0.pt
canonical	76949	logs/d2_representation_20260711_174039/artifacts/linear_oof_locked_20260711_181204/models/outer3_inner1.pt
canonical	77013	logs/d2_representation_20260711_174039/artifacts/linear_oof_locked_20260711_181204/models/outer3_inner2.pt
canonical	76941	logs/d2_representation_20260711_174039/artifacts/linear_oof_locked_20260711_181204/models/outer3_refit.pt
canonical	76885	logs/d2_representation_20260711_174039/artifacts/linear_oof_locked_20260711_181204/models/outer4_inner0.pt
canonical	76885	logs/d2_representation_20260711_174039/artifacts/linear_oof_locked_20260711_181204/models/outer4_inner1.pt
canonical	76949	logs/d2_representation_20260711_174039/artifacts/linear_oof_locked_20260711_181204/models/outer4_inner2.pt
canonical	76941	logs/d2_representation_20260711_174039/artifacts/linear_oof_locked_20260711_181204/models/outer4_refit.pt
canonical	48187264	logs/d2_representation_20260711_174039/artifacts/linear_oof_locked_20260711_181204/oof_predictions.npy
canonical	34854	logs/d2_representation_20260711_174039/artifacts/linear_oof_locked_20260711_181204/oof_report.json
canonical	49845	logs/d2_representation_20260711_174039/artifacts/linear_oof_locked_20260711_181204/outer0_report.json
canonical	50378	logs/d2_representation_20260711_174039/artifacts/linear_oof_locked_20260711_181204/outer1_report.json
canonical	49258	logs/d2_representation_20260711_174039/artifacts/linear_oof_locked_20260711_181204/outer2_report.json
canonical	49348	logs/d2_representation_20260711_174039/artifacts/linear_oof_locked_20260711_181204/outer3_report.json
canonical	49574	logs/d2_representation_20260711_174039/artifacts/linear_oof_locked_20260711_181204/outer4_report.json
canonical	2556	logs/d2_representation_20260711_174039/artifacts/linear_oof_locked_20260711_181204/output_manifest.sha256
canonical	48187264	logs/d2_representation_20260711_174039/artifacts/linear_oof_locked_20260711_181204/raw_oof_predictions.npy
canonical	9	logs/d2_representation_20260711_174039/artifacts/mlp_oof_locked_20260711_181339/COMPLETE
canonical	683	logs/d2_representation_20260711_174039/artifacts/mlp_oof_locked_20260711_181339/config.json
canonical	888665	logs/d2_representation_20260711_174039/artifacts/mlp_oof_locked_20260711_181339/models/outer0_inner0.pt
canonical	888537	logs/d2_representation_20260711_174039/artifacts/mlp_oof_locked_20260711_181339/models/outer0_inner1.pt
canonical	888601	logs/d2_representation_20260711_174039/artifacts/mlp_oof_locked_20260711_181339/models/outer0_inner2.pt
canonical	888591	logs/d2_representation_20260711_174039/artifacts/mlp_oof_locked_20260711_181339/models/outer0_refit.pt
canonical	888601	logs/d2_representation_20260711_174039/artifacts/mlp_oof_locked_20260711_181339/models/outer1_inner0.pt
canonical	888601	logs/d2_representation_20260711_174039/artifacts/mlp_oof_locked_20260711_181339/models/outer1_inner1.pt
canonical	888601	logs/d2_representation_20260711_174039/artifacts/mlp_oof_locked_20260711_181339/models/outer1_inner2.pt
canonical	888527	logs/d2_representation_20260711_174039/artifacts/mlp_oof_locked_20260711_181339/models/outer1_refit.pt
canonical	888601	logs/d2_representation_20260711_174039/artifacts/mlp_oof_locked_20260711_181339/models/outer2_inner0.pt
canonical	888601	logs/d2_representation_20260711_174039/artifacts/mlp_oof_locked_20260711_181339/models/outer2_inner1.pt
canonical	888537	logs/d2_representation_20260711_174039/artifacts/mlp_oof_locked_20260711_181339/models/outer2_inner2.pt
canonical	888591	logs/d2_representation_20260711_174039/artifacts/mlp_oof_locked_20260711_181339/models/outer2_refit.pt
canonical	888601	logs/d2_representation_20260711_174039/artifacts/mlp_oof_locked_20260711_181339/models/outer3_inner0.pt
canonical	888601	logs/d2_representation_20260711_174039/artifacts/mlp_oof_locked_20260711_181339/models/outer3_inner1.pt
canonical	888665	logs/d2_representation_20260711_174039/artifacts/mlp_oof_locked_20260711_181339/models/outer3_inner2.pt
canonical	888591	logs/d2_representation_20260711_174039/artifacts/mlp_oof_locked_20260711_181339/models/outer3_refit.pt
canonical	888537	logs/d2_representation_20260711_174039/artifacts/mlp_oof_locked_20260711_181339/models/outer4_inner0.pt
canonical	888473	logs/d2_representation_20260711_174039/artifacts/mlp_oof_locked_20260711_181339/models/outer4_inner1.pt
canonical	888601	logs/d2_representation_20260711_174039/artifacts/mlp_oof_locked_20260711_181339/models/outer4_inner2.pt
canonical	888591	logs/d2_representation_20260711_174039/artifacts/mlp_oof_locked_20260711_181339/models/outer4_refit.pt
canonical	48187264	logs/d2_representation_20260711_174039/artifacts/mlp_oof_locked_20260711_181339/oof_predictions.npy
canonical	34875	logs/d2_representation_20260711_174039/artifacts/mlp_oof_locked_20260711_181339/oof_report.json
canonical	49627	logs/d2_representation_20260711_174039/artifacts/mlp_oof_locked_20260711_181339/outer0_report.json
canonical	50384	logs/d2_representation_20260711_174039/artifacts/mlp_oof_locked_20260711_181339/outer1_report.json
canonical	48281	logs/d2_representation_20260711_174039/artifacts/mlp_oof_locked_20260711_181339/outer2_report.json
canonical	49178	logs/d2_representation_20260711_174039/artifacts/mlp_oof_locked_20260711_181339/outer3_report.json
canonical	49662	logs/d2_representation_20260711_174039/artifacts/mlp_oof_locked_20260711_181339/outer4_report.json
canonical	2556	logs/d2_representation_20260711_174039/artifacts/mlp_oof_locked_20260711_181339/output_manifest.sha256
canonical	48187264	logs/d2_representation_20260711_174039/artifacts/mlp_oof_locked_20260711_181339/raw_oof_predictions.npy
canonical	870	logs/d2_representation_20260711_174039/artifacts/non_test_full_20260711_175713/REMOTE_ARRAYS.md
canonical	1353	logs/d2_representation_20260711_174039/artifacts/non_test_full_20260711_175713/config.json
canonical	5063	logs/d2_representation_20260711_174039/artifacts/non_test_full_20260711_175713/dataset_manifest.json
canonical	1046123	logs/d2_representation_20260711_174039/artifacts/non_test_full_20260711_175713/episode_metadata.tsv
canonical	4115570	logs/d2_representation_20260711_174039/artifacts/non_test_full_20260711_175713/opened_registry.after_partition.tsv
canonical	2410	logs/d2_representation_20260711_174039/artifacts/non_test_full_20260711_175713/output_manifest.sha256
canonical	942	logs/d2_representation_20260711_174039/artifacts/non_test_full_20260711_175713/replay_validation.json
canonical	463699	logs/d2_representation_20260711_174039/artifacts/non_test_full_20260711_175713/source_inventory.tsv
canonical	9	logs/d2_representation_20260711_174039/artifacts/non_test_smoke_20260711_175611/COMPLETE
canonical	6536	logs/d2_representation_20260711_174039/artifacts/non_test_smoke_20260711_175611/arrays/any_target_050.npy
canonical	6536	logs/d2_representation_20260711_174039/artifacts/non_test_smoke_20260711_175611/arrays/any_target_100.npy
canonical	6536	logs/d2_representation_20260711_174039/artifacts/non_test_smoke_20260711_175611/arrays/any_target_200.npy
canonical	6536	logs/d2_representation_20260711_174039/artifacts/non_test_smoke_20260711_175611/arrays/any_valid_050.npy
canonical	6536	logs/d2_representation_20260711_174039/artifacts/non_test_smoke_20260711_175611/arrays/any_valid_100.npy
canonical	6536	logs/d2_representation_20260711_174039/artifacts/non_test_smoke_20260711_175611/arrays/any_valid_200.npy
canonical	25760	logs/d2_representation_20260711_174039/artifacts/non_test_smoke_20260711_175611/arrays/closing_rate.npy
canonical	25760	logs/d2_representation_20260711_174039/artifacts/non_test_smoke_20260711_175611/arrays/corridor_ttc.npy
canonical	6536	logs/d2_representation_20260711_174039/artifacts/non_test_smoke_20260711_175611/arrays/ego_target_050.npy
canonical	6536	logs/d2_representation_20260711_174039/artifacts/non_test_smoke_20260711_175611/arrays/ego_target_100.npy
canonical	6536	logs/d2_representation_20260711_174039/artifacts/non_test_smoke_20260711_175611/arrays/ego_target_200.npy
canonical	25760	logs/d2_representation_20260711_174039/artifacts/non_test_smoke_20260711_175611/arrays/ego_v_s.npy
canonical	6536	logs/d2_representation_20260711_174039/artifacts/non_test_smoke_20260711_175611/arrays/ego_valid_050.npy
canonical	6536	logs/d2_representation_20260711_174039/artifacts/non_test_smoke_20260711_175611/arrays/ego_valid_100.npy
canonical	6536	logs/d2_representation_20260711_174039/artifacts/non_test_smoke_20260711_175611/arrays/ego_valid_200.npy
canonical	25760	logs/d2_representation_20260711_174039/artifacts/non_test_smoke_20260711_175611/arrays/episode_index.npy
canonical	43061888	logs/d2_representation_20260711_174039/artifacts/non_test_smoke_20260711_175611/arrays/features.npy
canonical	25760	logs/d2_representation_20260711_174039/artifacts/non_test_smoke_20260711_175611/arrays/lateral_gap.npy
canonical	25760	logs/d2_representation_20260711_174039/artifacts/non_test_smoke_20260711_175611/arrays/opp_v_s.npy
canonical	25760	logs/d2_representation_20260711_174039/artifacts/non_test_smoke_20260711_175611/arrays/rel_s.npy
canonical	25760	logs/d2_representation_20260711_174039/artifacts/non_test_smoke_20260711_175611/arrays/time.npy
canonical	1347	logs/d2_representation_20260711_174039/artifacts/non_test_smoke_20260711_175611/config.json
canonical	4994	logs/d2_representation_20260711_174039/artifacts/non_test_smoke_20260711_175611/dataset_manifest.json
canonical	4557	logs/d2_representation_20260711_174039/artifacts/non_test_smoke_20260711_175611/episode_metadata.tsv
canonical	3078196	logs/d2_representation_20260711_174039/artifacts/non_test_smoke_20260711_175611/opened_registry.after_partition.tsv
canonical	2410	logs/d2_representation_20260711_174039/artifacts/non_test_smoke_20260711_175611/output_manifest.sha256
canonical	888	logs/d2_representation_20260711_174039/artifacts/non_test_smoke_20260711_175611/replay_validation.json
canonical	1971	logs/d2_representation_20260711_174039/artifacts/non_test_smoke_20260711_175611/source_inventory.tsv
canonical	9	logs/d2_representation_20260711_174039/artifacts/split_lock/COMPLETE
canonical	729	logs/d2_representation_20260711_174039/artifacts/split_lock/config.json
canonical	1579	logs/d2_representation_20260711_174039/artifacts/split_lock/fold_accounting.json
canonical	622136	logs/d2_representation_20260711_174039/artifacts/split_lock/non_test_sources.tsv
canonical	500	logs/d2_representation_20260711_174039/artifacts/split_lock/output_manifest.sha256
canonical	1096321	logs/d2_representation_20260711_174039/artifacts/split_lock/scenario_split.tsv
canonical	664	logs/d2_representation_20260711_174039/artifacts/split_lock/test_seal.json
canonical	519	logs/d2_representation_20260711_174039/artifacts/split_lock/validation.json
canonical	9	logs/d2_representation_20260711_174039/artifacts/temporal_deployable_oof_locked_20260711_182332/COMPLETE
canonical	857	logs/d2_representation_20260711_174039/artifacts/temporal_deployable_oof_locked_20260711_182332/config.json
canonical	893145	logs/d2_representation_20260711_174039/artifacts/temporal_deployable_oof_locked_20260711_182332/models/outer0_inner0.pt
canonical	892889	logs/d2_representation_20260711_174039/artifacts/temporal_deployable_oof_locked_20260711_182332/models/outer0_inner1.pt
canonical	892953	logs/d2_representation_20260711_174039/artifacts/temporal_deployable_oof_locked_20260711_182332/models/outer0_inner2.pt
canonical	893071	logs/d2_representation_20260711_174039/artifacts/temporal_deployable_oof_locked_20260711_182332/models/outer0_refit.pt
canonical	893017	logs/d2_representation_20260711_174039/artifacts/temporal_deployable_oof_locked_20260711_182332/models/outer1_inner0.pt
canonical	893081	logs/d2_representation_20260711_174039/artifacts/temporal_deployable_oof_locked_20260711_182332/models/outer1_inner1.pt
canonical	893081	logs/d2_representation_20260711_174039/artifacts/temporal_deployable_oof_locked_20260711_182332/models/outer1_inner2.pt
canonical	893071	logs/d2_representation_20260711_174039/artifacts/temporal_deployable_oof_locked_20260711_182332/models/outer1_refit.pt
canonical	893081	logs/d2_representation_20260711_174039/artifacts/temporal_deployable_oof_locked_20260711_182332/models/outer2_inner0.pt
canonical	893081	logs/d2_representation_20260711_174039/artifacts/temporal_deployable_oof_locked_20260711_182332/models/outer2_inner1.pt
canonical	893081	logs/d2_representation_20260711_174039/artifacts/temporal_deployable_oof_locked_20260711_182332/models/outer2_inner2.pt
canonical	893199	logs/d2_representation_20260711_174039/artifacts/temporal_deployable_oof_locked_20260711_182332/models/outer2_refit.pt
canonical	892953	logs/d2_representation_20260711_174039/artifacts/temporal_deployable_oof_locked_20260711_182332/models/outer3_inner0.pt
canonical	893145	logs/d2_representation_20260711_174039/artifacts/temporal_deployable_oof_locked_20260711_182332/models/outer3_inner1.pt
canonical	893145	logs/d2_representation_20260711_174039/artifacts/temporal_deployable_oof_locked_20260711_182332/models/outer3_inner2.pt
canonical	893071	logs/d2_representation_20260711_174039/artifacts/temporal_deployable_oof_locked_20260711_182332/models/outer3_refit.pt
canonical	893081	logs/d2_representation_20260711_174039/artifacts/temporal_deployable_oof_locked_20260711_182332/models/outer4_inner0.pt
canonical	892953	logs/d2_representation_20260711_174039/artifacts/temporal_deployable_oof_locked_20260711_182332/models/outer4_inner1.pt
canonical	893081	logs/d2_representation_20260711_174039/artifacts/temporal_deployable_oof_locked_20260711_182332/models/outer4_inner2.pt
canonical	893135	logs/d2_representation_20260711_174039/artifacts/temporal_deployable_oof_locked_20260711_182332/models/outer4_refit.pt
canonical	48187264	logs/d2_representation_20260711_174039/artifacts/temporal_deployable_oof_locked_20260711_182332/oof_predictions.npy
canonical	34915	logs/d2_representation_20260711_174039/artifacts/temporal_deployable_oof_locked_20260711_182332/oof_report.json
canonical	50411	logs/d2_representation_20260711_174039/artifacts/temporal_deployable_oof_locked_20260711_182332/outer0_report.json
canonical	49980	logs/d2_representation_20260711_174039/artifacts/temporal_deployable_oof_locked_20260711_182332/outer1_report.json
canonical	48474	logs/d2_representation_20260711_174039/artifacts/temporal_deployable_oof_locked_20260711_182332/outer2_report.json
canonical	49713	logs/d2_representation_20260711_174039/artifacts/temporal_deployable_oof_locked_20260711_182332/outer3_report.json
canonical	50410	logs/d2_representation_20260711_174039/artifacts/temporal_deployable_oof_locked_20260711_182332/outer4_report.json
canonical	2556	logs/d2_representation_20260711_174039/artifacts/temporal_deployable_oof_locked_20260711_182332/output_manifest.sha256
canonical	48187264	logs/d2_representation_20260711_174039/artifacts/temporal_deployable_oof_locked_20260711_182332/raw_oof_predictions.npy
canonical	9	logs/d2_representation_20260711_174039/artifacts/temporal_oof_locked_20260711_181705/COMPLETE
canonical	758	logs/d2_representation_20260711_174039/artifacts/temporal_oof_locked_20260711_181705/config.json
canonical	943129	logs/d2_representation_20260711_174039/artifacts/temporal_oof_locked_20260711_181705/models/outer0_inner0.pt
canonical	942873	logs/d2_representation_20260711_174039/artifacts/temporal_oof_locked_20260711_181705/models/outer0_inner1.pt
canonical	943065	logs/d2_representation_20260711_174039/artifacts/temporal_oof_locked_20260711_181705/models/outer0_inner2.pt
canonical	942927	logs/d2_representation_20260711_174039/artifacts/temporal_oof_locked_20260711_181705/models/outer0_refit.pt
canonical	943129	logs/d2_representation_20260711_174039/artifacts/temporal_oof_locked_20260711_181705/models/outer1_inner0.pt
canonical	943257	logs/d2_representation_20260711_174039/artifacts/temporal_oof_locked_20260711_181705/models/outer1_inner1.pt
canonical	943065	logs/d2_representation_20260711_174039/artifacts/temporal_oof_locked_20260711_181705/models/outer1_inner2.pt
canonical	942863	logs/d2_representation_20260711_174039/artifacts/temporal_oof_locked_20260711_181705/models/outer1_refit.pt
canonical	943193	logs/d2_representation_20260711_174039/artifacts/temporal_oof_locked_20260711_181705/models/outer2_inner0.pt
canonical	943257	logs/d2_representation_20260711_174039/artifacts/temporal_oof_locked_20260711_181705/models/outer2_inner1.pt
canonical	943129	logs/d2_representation_20260711_174039/artifacts/temporal_oof_locked_20260711_181705/models/outer2_inner2.pt
canonical	943055	logs/d2_representation_20260711_174039/artifacts/temporal_oof_locked_20260711_181705/models/outer2_refit.pt
canonical	943065	logs/d2_representation_20260711_174039/artifacts/temporal_oof_locked_20260711_181705/models/outer3_inner0.pt
canonical	943065	logs/d2_representation_20260711_174039/artifacts/temporal_oof_locked_20260711_181705/models/outer3_inner1.pt
canonical	943257	logs/d2_representation_20260711_174039/artifacts/temporal_oof_locked_20260711_181705/models/outer3_inner2.pt
canonical	943055	logs/d2_representation_20260711_174039/artifacts/temporal_oof_locked_20260711_181705/models/outer3_refit.pt
canonical	943001	logs/d2_representation_20260711_174039/artifacts/temporal_oof_locked_20260711_181705/models/outer4_inner0.pt
canonical	942937	logs/d2_representation_20260711_174039/artifacts/temporal_oof_locked_20260711_181705/models/outer4_inner1.pt
canonical	943129	logs/d2_representation_20260711_174039/artifacts/temporal_oof_locked_20260711_181705/models/outer4_inner2.pt
canonical	942927	logs/d2_representation_20260711_174039/artifacts/temporal_oof_locked_20260711_181705/models/outer4_refit.pt
canonical	48187264	logs/d2_representation_20260711_174039/artifacts/temporal_oof_locked_20260711_181705/oof_predictions.npy
canonical	33436	logs/d2_representation_20260711_174039/artifacts/temporal_oof_locked_20260711_181705/oof_report.json
canonical	46639	logs/d2_representation_20260711_174039/artifacts/temporal_oof_locked_20260711_181705/outer0_report.json
canonical	48490	logs/d2_representation_20260711_174039/artifacts/temporal_oof_locked_20260711_181705/outer1_report.json
canonical	47022	logs/d2_representation_20260711_174039/artifacts/temporal_oof_locked_20260711_181705/outer2_report.json
canonical	47276	logs/d2_representation_20260711_174039/artifacts/temporal_oof_locked_20260711_181705/outer3_report.json
canonical	49043	logs/d2_representation_20260711_174039/artifacts/temporal_oof_locked_20260711_181705/outer4_report.json
canonical	2556	logs/d2_representation_20260711_174039/artifacts/temporal_oof_locked_20260711_181705/output_manifest.sha256
canonical	48187264	logs/d2_representation_20260711_174039/artifacts/temporal_oof_locked_20260711_181705/raw_oof_predictions.npy
canonical	2	logs/d2_representation_20260711_174039/commands/deployable_signals_20260711_182229.exit
canonical	1303	logs/d2_representation_20260711_174039/commands/deployable_signals_20260711_182229.log
canonical	6	logs/d2_representation_20260711_174039/commands/deployable_signals_20260711_182229.pid
canonical	35	logs/d2_representation_20260711_174039/commands/deployable_signals_20260711_182229.status
canonical	2	logs/d2_representation_20260711_174039/commands/linear_oof_20260711_180548.exit
canonical	1008	logs/d2_representation_20260711_174039/commands/linear_oof_20260711_180548.log
canonical	6	logs/d2_representation_20260711_174039/commands/linear_oof_20260711_180548.pid
canonical	35	logs/d2_representation_20260711_174039/commands/linear_oof_20260711_180548.status
canonical	2	logs/d2_representation_20260711_174039/commands/linear_oof_calibrated_20260711_180813.exit
canonical	1005	logs/d2_representation_20260711_174039/commands/linear_oof_calibrated_20260711_180813.log
canonical	6	logs/d2_representation_20260711_174039/commands/linear_oof_calibrated_20260711_180813.pid
canonical	35	logs/d2_representation_20260711_174039/commands/linear_oof_calibrated_20260711_180813.status
canonical	2	logs/d2_representation_20260711_174039/commands/linear_oof_locked_20260711_181204.exit
canonical	1007	logs/d2_representation_20260711_174039/commands/linear_oof_locked_20260711_181204.log
canonical	6	logs/d2_representation_20260711_174039/commands/linear_oof_locked_20260711_181204.pid
canonical	35	logs/d2_representation_20260711_174039/commands/linear_oof_locked_20260711_181204.status
canonical	2	logs/d2_representation_20260711_174039/commands/mlp_oof_locked_20260711_181339.exit
canonical	990	logs/d2_representation_20260711_174039/commands/mlp_oof_locked_20260711_181339.log
canonical	6	logs/d2_representation_20260711_174039/commands/mlp_oof_locked_20260711_181339.pid
canonical	35	logs/d2_representation_20260711_174039/commands/mlp_oof_locked_20260711_181339.status
canonical	2	logs/d2_representation_20260711_174039/commands/non_test_full_20260711_175713.exit
canonical	4376	logs/d2_representation_20260711_174039/commands/non_test_full_20260711_175713.log
canonical	6	logs/d2_representation_20260711_174039/commands/non_test_full_20260711_175713.pid
canonical	35	logs/d2_representation_20260711_174039/commands/non_test_full_20260711_175713.status
canonical	2	logs/d2_representation_20260711_174039/commands/non_test_smoke_20260711_175456.exit
canonical	755	logs/d2_representation_20260711_174039/commands/non_test_smoke_20260711_175456.log
canonical	6	logs/d2_representation_20260711_174039/commands/non_test_smoke_20260711_175456.pid
canonical	38	logs/d2_representation_20260711_174039/commands/non_test_smoke_20260711_175456.status
canonical	2	logs/d2_representation_20260711_174039/commands/non_test_smoke_20260711_175611.exit
canonical	372	logs/d2_representation_20260711_174039/commands/non_test_smoke_20260711_175611.log
canonical	6	logs/d2_representation_20260711_174039/commands/non_test_smoke_20260711_175611.pid
canonical	35	logs/d2_representation_20260711_174039/commands/non_test_smoke_20260711_175611.status
canonical	1101	logs/d2_representation_20260711_174039/commands/run_deployable_signals_20260711_182229.sh
canonical	1066	logs/d2_representation_20260711_174039/commands/run_linear_oof_20260711_180548.sh
canonical	1077	logs/d2_representation_20260711_174039/commands/run_linear_oof_calibrated_20260711_180813.sh
canonical	1073	logs/d2_representation_20260711_174039/commands/run_linear_oof_locked_20260711_181204.sh
canonical	1067	logs/d2_representation_20260711_174039/commands/run_mlp_oof_locked_20260711_181339.sh
canonical	1197	logs/d2_representation_20260711_174039/commands/run_non_test_full_20260711_175713.sh
canonical	1227	logs/d2_representation_20260711_174039/commands/run_non_test_smoke_20260711_175456.sh
canonical	1227	logs/d2_representation_20260711_174039/commands/run_non_test_smoke_20260711_175611.sh
canonical	1170	logs/d2_representation_20260711_174039/commands/run_temporal_deployable_oof_locked_20260711_182332.sh
canonical	1077	logs/d2_representation_20260711_174039/commands/run_temporal_oof_locked_20260711_181705.sh
canonical	2	logs/d2_representation_20260711_174039/commands/temporal_deployable_oof_locked_20260711_182332.exit
canonical	1085	logs/d2_representation_20260711_174039/commands/temporal_deployable_oof_locked_20260711_182332.log
canonical	6	logs/d2_representation_20260711_174039/commands/temporal_deployable_oof_locked_20260711_182332.pid
canonical	35	logs/d2_representation_20260711_174039/commands/temporal_deployable_oof_locked_20260711_182332.status
canonical	2	logs/d2_representation_20260711_174039/commands/temporal_oof_locked_20260711_181705.exit
canonical	1018	logs/d2_representation_20260711_174039/commands/temporal_oof_locked_20260711_181705.log
canonical	6	logs/d2_representation_20260711_174039/commands/temporal_oof_locked_20260711_181705.pid
canonical	35	logs/d2_representation_20260711_174039/commands/temporal_oof_locked_20260711_181705.status
canonical	2060	logs/d2_representation_20260711_174039/experiments.tsv
canonical	216	logs/d2_representation_20260711_174039/status.tsv
canonical	8630	logs/d2r_geometry_20260711/D2R_EVIDENCE_REPORT_20260711.md
canonical	2432	logs/d2r_geometry_20260711/DECISIONS.md
canonical	2412	logs/d2r_geometry_20260711/EXPERIMENTS.md
canonical	1448	logs/d2r_geometry_20260711/SOURCE_SHA256.txt
canonical	1704	logs/d2r_geometry_20260711/STATUS.md
canonical	9	logs/d2r_geometry_20260711/artifacts/evidence_20260711_211000/COMPLETE
canonical	73515	logs/d2r_geometry_20260711/artifacts/evidence_20260711_211000/d2r_summary.json
canonical	575	logs/d2r_geometry_20260711/artifacts/evidence_20260711_211000/d2r_summary.md
canonical	164	logs/d2r_geometry_20260711/artifacts/evidence_20260711_211000/output_manifest.sha256
canonical	9	logs/d2r_geometry_20260711/artifacts/full_oof_20260711_210200/COMPLETE
canonical	1838	logs/d2r_geometry_20260711/artifacts/full_oof_20260711_210200/config.json
canonical	1362505	logs/d2r_geometry_20260711/artifacts/full_oof_20260711_210200/models/outer0_inner0.pt
canonical	1362505	logs/d2r_geometry_20260711/artifacts/full_oof_20260711_210200/models/outer0_inner1.pt
canonical	1362569	logs/d2r_geometry_20260711/artifacts/full_oof_20260711_210200/models/outer0_inner2.pt
canonical	1362477	logs/d2r_geometry_20260711/artifacts/full_oof_20260711_210200/models/outer0_refit.pt
canonical	1362633	logs/d2r_geometry_20260711/artifacts/full_oof_20260711_210200/models/outer1_inner0.pt
canonical	1362505	logs/d2r_geometry_20260711/artifacts/full_oof_20260711_210200/models/outer1_inner1.pt
canonical	1362633	logs/d2r_geometry_20260711/artifacts/full_oof_20260711_210200/models/outer1_inner2.pt
canonical	1362477	logs/d2r_geometry_20260711/artifacts/full_oof_20260711_210200/models/outer1_refit.pt
canonical	1362505	logs/d2r_geometry_20260711/artifacts/full_oof_20260711_210200/models/outer2_inner0.pt
canonical	1362505	logs/d2r_geometry_20260711/artifacts/full_oof_20260711_210200/models/outer2_inner1.pt
canonical	1362505	logs/d2r_geometry_20260711/artifacts/full_oof_20260711_210200/models/outer2_inner2.pt
canonical	1362605	logs/d2r_geometry_20260711/artifacts/full_oof_20260711_210200/models/outer2_refit.pt
canonical	1362441	logs/d2r_geometry_20260711/artifacts/full_oof_20260711_210200/models/outer3_inner0.pt
canonical	1362505	logs/d2r_geometry_20260711/artifacts/full_oof_20260711_210200/models/outer3_inner1.pt
canonical	1362441	logs/d2r_geometry_20260711/artifacts/full_oof_20260711_210200/models/outer3_inner2.pt
canonical	1362541	logs/d2r_geometry_20260711/artifacts/full_oof_20260711_210200/models/outer3_refit.pt
canonical	1362441	logs/d2r_geometry_20260711/artifacts/full_oof_20260711_210200/models/outer4_inner0.pt
canonical	1362569	logs/d2r_geometry_20260711/artifacts/full_oof_20260711_210200/models/outer4_inner1.pt
canonical	1362569	logs/d2r_geometry_20260711/artifacts/full_oof_20260711_210200/models/outer4_inner2.pt
canonical	1362413	logs/d2r_geometry_20260711/artifacts/full_oof_20260711_210200/models/outer4_refit.pt
canonical	60234048	logs/d2r_geometry_20260711/artifacts/full_oof_20260711_210200/oof_predictions.npy
canonical	18414	logs/d2r_geometry_20260711/artifacts/full_oof_20260711_210200/oof_report.json
canonical	5180158	logs/d2r_geometry_20260711/artifacts/full_oof_20260711_210200/opened_registry.snapshot.tsv
canonical	52001	logs/d2r_geometry_20260711/artifacts/full_oof_20260711_210200/outer0_report.json
canonical	52712	logs/d2r_geometry_20260711/artifacts/full_oof_20260711_210200/outer1_report.json
canonical	50753	logs/d2r_geometry_20260711/artifacts/full_oof_20260711_210200/outer2_report.json
canonical	51064	logs/d2r_geometry_20260711/artifacts/full_oof_20260711_210200/outer3_report.json
canonical	51415	logs/d2r_geometry_20260711/artifacts/full_oof_20260711_210200/outer4_report.json
canonical	2643	logs/d2r_geometry_20260711/artifacts/full_oof_20260711_210200/output_manifest.sha256
canonical	302	logs/d2r_geometry_20260711/artifacts/full_oof_20260711_210200/validation.json
canonical	9	logs/d2r_geometry_20260711/artifacts/outer0_smoke_20260711_210000/COMPLETE
canonical	1810	logs/d2r_geometry_20260711/artifacts/outer0_smoke_20260711_210000/config.json
canonical	1362505	logs/d2r_geometry_20260711/artifacts/outer0_smoke_20260711_210000/models/outer0_inner0.pt
canonical	1362505	logs/d2r_geometry_20260711/artifacts/outer0_smoke_20260711_210000/models/outer0_inner1.pt
canonical	1362569	logs/d2r_geometry_20260711/artifacts/outer0_smoke_20260711_210000/models/outer0_inner2.pt
canonical	1362477	logs/d2r_geometry_20260711/artifacts/outer0_smoke_20260711_210000/models/outer0_refit.pt
canonical	60234048	logs/d2r_geometry_20260711/artifacts/outer0_smoke_20260711_210000/oof_predictions.npy
canonical	24879	logs/d2r_geometry_20260711/artifacts/outer0_smoke_20260711_210000/oof_report.json
canonical	5180158	logs/d2r_geometry_20260711/artifacts/outer0_smoke_20260711_210000/opened_registry.snapshot.tsv
canonical	52001	logs/d2r_geometry_20260711/artifacts/outer0_smoke_20260711_210000/outer0_report.json
canonical	867	logs/d2r_geometry_20260711/artifacts/outer0_smoke_20260711_210000/output_manifest.sha256
canonical	273	logs/d2r_geometry_20260711/artifacts/outer0_smoke_20260711_210000/validation.json
canonical	2	logs/d2r_geometry_20260711/runs/full_oof_20260711_210200/exit_code
canonical	26	logs/d2r_geometry_20260711/runs/full_oof_20260711_210200/finished_at
canonical	0	logs/d2r_geometry_20260711/runs/full_oof_20260711_210200/launcher.log
canonical	7	logs/d2r_geometry_20260711/runs/full_oof_20260711_210200/pid
canonical	26	logs/d2r_geometry_20260711/runs/full_oof_20260711_210200/started_at
canonical	1265	logs/d2r_geometry_20260711/runs/full_oof_20260711_210200/stdout.log
canonical	2	logs/d2r_geometry_20260711/runs/outer0_smoke_20260711_210000/exit_code
canonical	26	logs/d2r_geometry_20260711/runs/outer0_smoke_20260711_210000/finished_at
canonical	0	logs/d2r_geometry_20260711/runs/outer0_smoke_20260711_210000/launcher.log
canonical	7	logs/d2r_geometry_20260711/runs/outer0_smoke_20260711_210000/pid
canonical	26	logs/d2r_geometry_20260711/runs/outer0_smoke_20260711_210000/started_at
canonical	998	logs/d2r_geometry_20260711/runs/outer0_smoke_20260711_210000/stdout.log
canonical	9506	logs/final_model_report_20260710.md
canonical	9404	logs/p1_final_report_20260710.md
canonical	56	logs/p1_validation_20260710_121955/current_status.txt
canonical	59	logs/p1_validation_20260710_121955/eval_p1v_20260710_121955_bc_Austin_off21.tsv
canonical	59	logs/p1_validation_20260710_121955/eval_p1v_20260710_121955_bc_Austin_off42.tsv
canonical	59	logs/p1_validation_20260710_121955/eval_p1v_20260710_121955_bc_Austin_off63.tsv
canonical	59	logs/p1_validation_20260710_121955/eval_p1v_20260710_121955_bc_Austin_off84.tsv
canonical	65	logs/p1_validation_20260710_121955/eval_p1v_20260710_121955_bc_Hockenheim_off0.tsv
canonical	71	logs/p1_validation_20260710_121955/eval_p1v_20260710_121955_bc_MoscowRaceway_off0.tsv
canonical	69	logs/p1_validation_20260710_121955/eval_p1v_20260710_121955_bc_Nuerburgring_off0.tsv
canonical	64	logs/p1_validation_20260710_121955/eval_p1v_20260710_121955_cand040_Austin_off21.tsv
canonical	64	logs/p1_validation_20260710_121955/eval_p1v_20260710_121955_cand040_Austin_off42.tsv
canonical	64	logs/p1_validation_20260710_121955/eval_p1v_20260710_121955_cand040_Austin_off63.tsv
canonical	64	logs/p1_validation_20260710_121955/eval_p1v_20260710_121955_cand040_Austin_off84.tsv
canonical	70	logs/p1_validation_20260710_121955/eval_p1v_20260710_121955_cand040_Hockenheim_off0.tsv
canonical	76	logs/p1_validation_20260710_121955/eval_p1v_20260710_121955_cand040_MoscowRaceway_off0.tsv
canonical	74	logs/p1_validation_20260710_121955/eval_p1v_20260710_121955_cand040_Nuerburgring_off0.tsv
canonical	64	logs/p1_validation_20260710_121955/eval_p1v_20260710_121955_cand120_Austin_off21.tsv
canonical	64	logs/p1_validation_20260710_121955/eval_p1v_20260710_121955_cand120_Austin_off42.tsv
canonical	64	logs/p1_validation_20260710_121955/eval_p1v_20260710_121955_cand120_Austin_off63.tsv
canonical	64	logs/p1_validation_20260710_121955/eval_p1v_20260710_121955_cand120_Austin_off84.tsv
canonical	70	logs/p1_validation_20260710_121955/eval_p1v_20260710_121955_cand120_Hockenheim_off0.tsv
canonical	76	logs/p1_validation_20260710_121955/eval_p1v_20260710_121955_cand120_MoscowRaceway_off0.tsv
canonical	74	logs/p1_validation_20260710_121955/eval_p1v_20260710_121955_cand120_Nuerburgring_off0.tsv
canonical	64	logs/p1_validation_20260710_121955/eval_p1v_20260710_121955_cand160_Austin_off21.tsv
canonical	64	logs/p1_validation_20260710_121955/eval_p1v_20260710_121955_cand160_Austin_off42.tsv
canonical	64	logs/p1_validation_20260710_121955/eval_p1v_20260710_121955_cand160_Austin_off63.tsv
canonical	64	logs/p1_validation_20260710_121955/eval_p1v_20260710_121955_cand160_Austin_off84.tsv
canonical	70	logs/p1_validation_20260710_121955/eval_p1v_20260710_121955_cand160_Hockenheim_off0.tsv
canonical	76	logs/p1_validation_20260710_121955/eval_p1v_20260710_121955_cand160_MoscowRaceway_off0.tsv
canonical	74	logs/p1_validation_20260710_121955/eval_p1v_20260710_121955_cand160_Nuerburgring_off0.tsv
canonical	4511	logs/p1_validation_20260710_121955/final_summary.md
canonical	3900	logs/p1_validation_20260710_121955/manifest.tsv
canonical	140728	logs/p1_validation_20260710_121955/master.log
canonical	5583	logs/p1_validation_20260710_121955/paired_cand040_Austin_off21.md
canonical	4513	logs/p1_validation_20260710_121955/paired_cand040_Austin_off42.md
canonical	5411	logs/p1_validation_20260710_121955/paired_cand040_Austin_off63.md
canonical	4663	logs/p1_validation_20260710_121955/paired_cand040_Austin_off84.md
canonical	4833	logs/p1_validation_20260710_121955/paired_cand040_Hockenheim_off0.md
canonical	6314	logs/p1_validation_20260710_121955/paired_cand040_MoscowRaceway_off0.md
canonical	4371	logs/p1_validation_20260710_121955/paired_cand040_Nuerburgring_off0.md
canonical	6106	logs/p1_validation_20260710_121955/paired_cand120_Austin_off21.md
canonical	7184	logs/p1_validation_20260710_121955/paired_cand120_Austin_off42.md
canonical	6106	logs/p1_validation_20260710_121955/paired_cand120_Austin_off63.md
canonical	7360	logs/p1_validation_20260710_121955/paired_cand120_Austin_off84.md
canonical	5940	logs/p1_validation_20260710_121955/paired_cand120_Hockenheim_off0.md
canonical	6988	logs/p1_validation_20260710_121955/paired_cand120_MoscowRaceway_off0.md
canonical	6693	logs/p1_validation_20260710_121955/paired_cand120_Nuerburgring_off0.md
canonical	6878	logs/p1_validation_20260710_121955/paired_cand160_Austin_off21.md
canonical	7341	logs/p1_validation_20260710_121955/paired_cand160_Austin_off42.md
canonical	6513	logs/p1_validation_20260710_121955/paired_cand160_Austin_off63.md
canonical	7535	logs/p1_validation_20260710_121955/paired_cand160_Austin_off84.md
canonical	4120	logs/p1_validation_20260710_121955/paired_cand160_Hockenheim_off0.md
canonical	7897	logs/p1_validation_20260710_121955/paired_cand160_MoscowRaceway_off0.md
canonical	5228	logs/p1_validation_20260710_121955/paired_cand160_Nuerburgring_off0.md
canonical	5905	logs/p1_validation_20260710_121955/source_archive/aggregate_eval.py
canonical	11873	logs/p1_validation_20260710_121955/source_archive/analyze_paired_eval.py
canonical	513	logs/p1_validation_20260710_121955/source_archive/checkpoint_sha256.txt
canonical	566	logs/p1_validation_20260710_121955/source_archive/core_sha256.txt
canonical	20923	logs/p1_validation_20260710_121955/source_archive/eval_multiagent.py
canonical	80011	logs/p1_validation_20260710_121955/source_archive/git_diff_head.patch
canonical	41	logs/p1_validation_20260710_121955/source_archive/git_head.txt
canonical	392	logs/p1_validation_20260710_121955/source_archive/git_status.txt
canonical	12168	logs/p1_validation_20260710_121955/source_archive/model.py
canonical	1968	logs/p1_validation_20260710_121955/source_archive/pip_freeze.txt
canonical	29483	logs/p1_validation_20260710_121955/source_archive/ppo_utils.py
canonical	16437	logs/p1_validation_20260710_121955/source_archive/run_p1_validation.sh
canonical	7252	logs/p1_validation_20260710_121955/source_archive/test_eval_aggregation.py
canonical	56296	logs/p1_validation_20260710_121955/source_archive/train_ppo.py
canonical	24236	logs/p1_validation_20260710_121955/source_archive/utils.py
canonical	6241	logs/p1_validation_20260710_121955/status.tsv
canonical	835	logs/p1_validation_20260710_121955/warmup.json
canonical	753	logs/p1_validation_20260710_121955/warmup.log
canonical	1350	logs/ppo_next_unattended_20260710_230212/AUTHORITY_UPDATE_20260711.md
canonical	5555	logs/ppo_next_unattended_20260710_230212/D01_EVIDENCE_REPORT_20260711.md
canonical	3166	logs/ppo_next_unattended_20260710_230212/DECISIONS.md
canonical	509	logs/ppo_next_unattended_20260710_230212/FINAL_REPORT.md
canonical	1767	logs/ppo_next_unattended_20260710_230212/GOAL_OBJECTIVE.md
canonical	1643	logs/ppo_next_unattended_20260710_230212/RUNBOOK.md
canonical	2342	logs/ppo_next_unattended_20260710_230212/STATUS.md
canonical	9	logs/ppo_next_unattended_20260710_230212/artifacts/d01_full_reconcile_20260711_170200_a/COMPLETE
canonical	96	logs/ppo_next_unattended_20260710_230212/artifacts/d01_full_reconcile_20260711_170200_a/alignment_failures.tsv
canonical	63893	logs/ppo_next_unattended_20260710_230212/artifacts/d01_full_reconcile_20260711_170200_a/blocks.tsv
canonical	8051646	logs/ppo_next_unattended_20260710_230212/artifacts/d01_full_reconcile_20260711_170200_a/canonical_episodes.tsv
canonical	150904	logs/ppo_next_unattended_20260710_230212/artifacts/d01_full_reconcile_20260711_170200_a/collision_events.tsv
canonical	36079	logs/ppo_next_unattended_20260710_230212/artifacts/d01_full_reconcile_20260711_170200_a/d0_summary.json
canonical	33654	logs/ppo_next_unattended_20260710_230212/artifacts/d01_full_reconcile_20260711_170200_a/d0_summary.md
canonical	2235	logs/ppo_next_unattended_20260710_230212/artifacts/d01_full_reconcile_20260711_170200_a/d0_validation.json
canonical	5760	logs/ppo_next_unattended_20260710_230212/artifacts/d01_full_reconcile_20260711_170200_a/dev_overlap_cell_diag.tsv
canonical	8541	logs/ppo_next_unattended_20260710_230212/artifacts/d01_full_reconcile_20260711_170200_a/dev_overlap_exact.tsv
canonical	16083552	logs/ppo_next_unattended_20260710_230212/artifacts/d01_full_reconcile_20260711_170200_a/episode_occurrences.tsv
canonical	10504	logs/ppo_next_unattended_20260710_230212/artifacts/d01_full_reconcile_20260711_170200_a/input_provenance.tsv
canonical	3073866	logs/ppo_next_unattended_20260710_230212/artifacts/d01_full_reconcile_20260711_170200_a/opened_registry.snapshot.tsv
canonical	206	logs/ppo_next_unattended_20260710_230212/artifacts/d01_full_reconcile_20260711_170200_a/outcome_corrections.tsv
canonical	2381	logs/ppo_next_unattended_20260710_230212/artifacts/d01_full_reconcile_20260711_170200_a/output_manifest.sha256
canonical	5494	logs/ppo_next_unattended_20260710_230212/artifacts/d01_full_reconcile_20260711_170200_a/runconfig.json
canonical	919689	logs/ppo_next_unattended_20260710_230212/artifacts/d01_full_reconcile_20260711_170200_a/s0_manifest.json
canonical	3511	logs/ppo_next_unattended_20260710_230212/artifacts/d01_full_reconcile_20260711_170200_a/sensitivityA_pairs.tsv
canonical	64568	logs/ppo_next_unattended_20260710_230212/artifacts/d01_full_reconcile_20260711_170200_a/sensitivityB_excluded.tsv
canonical	14169	logs/ppo_next_unattended_20260710_230212/artifacts/d01_full_reconcile_20260711_170200_a/stats_primary.json
canonical	14096	logs/ppo_next_unattended_20260710_230212/artifacts/d01_full_reconcile_20260711_170200_a/stats_sensA.json
canonical	14095	logs/ppo_next_unattended_20260710_230212/artifacts/d01_full_reconcile_20260711_170200_a/stats_sensB.json
canonical	3182567	logs/ppo_next_unattended_20260710_230212/artifacts/d01_full_reconcile_20260711_170200_a/trajectory_metrics.tsv
canonical	2624	logs/ppo_next_unattended_20260710_230212/artifacts/d01_full_reconcile_20260711_170200_a/transition_matrix_primary.md
canonical	77926	logs/ppo_next_unattended_20260710_230212/artifacts/d01_full_reconcile_20260711_170200_a/transition_matrix_primary.tsv
canonical	2520	logs/ppo_next_unattended_20260710_230212/artifacts/d01_full_reconcile_20260711_170200_a/transition_matrix_sensA.md
canonical	74662	logs/ppo_next_unattended_20260710_230212/artifacts/d01_full_reconcile_20260711_170200_a/transition_matrix_sensA.tsv
canonical	2502	logs/ppo_next_unattended_20260710_230212/artifacts/d01_full_reconcile_20260711_170200_a/transition_matrix_sensB.md
canonical	74360	logs/ppo_next_unattended_20260710_230212/artifacts/d01_full_reconcile_20260711_170200_a/transition_matrix_sensB.tsv
canonical	2888	logs/ppo_next_unattended_20260710_230212/artifacts/d01_v22/REVIEW_CHECKLIST.md
canonical	3887	logs/ppo_next_unattended_20260710_230212/artifacts/stage0/TRANSCRIPT.md
canonical	844	logs/ppo_next_unattended_20260710_230212/artifacts/stage0/git_status_after.txt
canonical	596	logs/ppo_next_unattended_20260710_230212/artifacts/stage0/git_status_before.txt
canonical	248	logs/ppo_next_unattended_20260710_230212/artifacts/stage0/git_status_delta.txt
canonical	1004	logs/ppo_next_unattended_20260710_230212/artifacts/stage0/source_sha256.txt
canonical	2	logs/ppo_next_unattended_20260710_230212/commands/d01_full_20260710_235320.exit
canonical	0	logs/ppo_next_unattended_20260710_230212/commands/d01_full_20260710_235320.log
canonical	6	logs/ppo_next_unattended_20260710_230212/commands/d01_full_20260710_235320.pid
canonical	150	logs/ppo_next_unattended_20260710_230212/commands/d01_full_20260710_235320.status
canonical	2	logs/ppo_next_unattended_20260710_230212/commands/d01_full_reconcile_20260711_170200.exit
canonical	256	logs/ppo_next_unattended_20260710_230212/commands/d01_full_reconcile_20260711_170200.log
canonical	6	logs/ppo_next_unattended_20260710_230212/commands/d01_full_reconcile_20260711_170200.pid
canonical	282	logs/ppo_next_unattended_20260710_230212/commands/d01_full_reconcile_20260711_170200.status
canonical	982	logs/ppo_next_unattended_20260710_230212/commands/run_d01_full_20260710_235320.sh
canonical	2370	logs/ppo_next_unattended_20260710_230212/commands/run_d01_full_reconcile_20260711_170200.sh
canonical	3637	logs/ppo_next_unattended_20260710_230212/experiments.tsv
canonical	779	logs/ppo_next_unattended_20260710_230212/manifests/authority_sha256.txt
canonical	513	logs/ppo_next_unattended_20260710_230212/manifests/checkpoint_sha256.txt
canonical	1263	logs/ppo_next_unattended_20260710_230212/manifests/d01_full_reconcile_source_sha256_20260711_170200.txt
canonical	1004	logs/ppo_next_unattended_20260710_230212/manifests/d01_full_source_sha256_20260710_235320.txt
canonical	259	logs/ppo_next_unattended_20260710_230212/manifests/d01_v22_sha256.txt
canonical	6644347	logs/ppo_next_unattended_20260710_230212/opened_registry.tsv
canonical	41	logs/ppo_next_unattended_20260710_230212/snapshots/git_head_initial.txt
canonical	596	logs/ppo_next_unattended_20260710_230212/snapshots/git_status_initial.txt
canonical	2861	logs/ppo_next_unattended_20260710_230212/status.tsv
