run,run_label,update,feature,mean,std,exact_low_fraction,exact_high_fraction,fraction_ge_0_95,fraction_ge_0_99
privilege_mlp,privilege_mlp,1,delta_s,-0.03858690708875656,0.3831804692745209,0.0,0.05279296875,0.0578125,0.05373046875
privilege_mlp,privilege_mlp,1,relative_lateral,-0.011733190156519413,0.43202710151672363,0.042119140625,0.03470703125,0.037197265625,0.0351953125
privilege_mlp,privilege_mlp,1,relative_long_velocity,-0.1257549226284027,0.1815650314092636,3.90625e-05,0.0,0.0,0.0
privilege_mlp,privilege_mlp,1,relative_lat_velocity,0.015296664088964462,0.2464214414358139,0.0,0.0,0.0,0.0
privilege_mlp,privilege_mlp,1,sin_relative_heading,0.01985001564025879,0.3481878340244293,1.953125e-05,9.765625e-06,0.0091796875,0.002314453125
privilege_mlp,privilege_mlp,1,cos_relative_heading,0.8845710754394531,0.31002676486968994,9.765625e-06,0.01578125,0.71490234375,0.55138671875
privilege_mlp,privilege_mlp,1,ego_speed,0.5024722814559937,0.15550093352794647,0.0,0.0,0.0,0.0
privilege_mlp,privilege_mlp,1,ego_yaw_rate,-0.01501957792788744,0.18244846165180206,0.00080078125,0.000185546875,0.0002734375,0.000205078125
privilege_mlp,privilege_mlp,1,relative_yaw_rate,0.003104428295046091,0.17121689021587372,0.000107421875,0.0005078125,0.00078125,0.00052734375
privilege_mlp,privilege_mlp,1,obb_longitudinal_clearance,0.6390272974967957,0.27460232377052307,0.0567578125,0.0,0.0205859375,0.0
privilege_mlp,privilege_mlp,1,obb_lateral_clearance,0.516420304775238,0.29515355825424194,0.099853515625,0.0,0.036357421875,0.0
privilege_mlp,privilege_mlp,1,wall_clearance,0.7681918144226074,0.05248052999377251,3.90625e-05,0.0,0.0,0.0
privilege_mlp,privilege_mlp,1,ego_steering_angle,-0.018090801313519478,0.20928266644477844,0.00216796875,0.000107421875,0.00013671875,0.000126953125
privilege_mlp,privilege_mlp,1,ego_slip_angle,0.002247783588245511,0.08951404690742493,0.0,0.0,0.0,0.0
privilege_mlp,privilege_mlp,1,left_body_margin,0.9063897728919983,0.17899273335933685,0.0,0.531328125,0.648369140625,0.556201171875
privilege_mlp,privilege_mlp,1,right_body_margin,0.8758354187011719,0.18756459653377533,0.0,0.468681640625,0.5808984375,0.4928125
privilege_mlp,privilege_mlp,1,sin_track_heading_error,0.017795654013752937,0.33275288343429565,0.0,0.0,0.0,0.0
privilege_mlp,privilege_mlp,1,cos_track_heading_error,0.9404789805412292,0.06720450520515442,0.0,0.00166015625,0.59552734375,0.275830078125
privilege_mlp,privilege_mlp,1,current_curvature,-0.014011365361511707,0.39347463846206665,0.049921875,0.02037109375,0.02294921875,0.020859375
privilege_mlp,privilege_mlp,1,lookahead_mean_curvature,-0.019495807588100433,0.3980698585510254,0.05484375,0.01916015625,0.021279296875,0.019638671875
privilege_mlp,privilege_mlp,2,delta_s,-0.056372612714767456,0.3726273775100708,0.0,0.05193359375,0.0562109375,0.052763671875
privilege_mlp,privilege_mlp,2,relative_lateral,0.005644242744892836,0.39171797037124634,0.02947265625,0.028525390625,0.029912109375,0.028779296875
privilege_mlp,privilege_mlp,2,relative_long_velocity,-0.11082994192838669,0.17159540951251984,0.001396484375,0.0,0.0,0.0
privilege_mlp,privilege_mlp,2,relative_lat_velocity,0.005762385670095682,0.2464786022901535,0.0,0.000166015625,0.00025390625,0.000185546875
privilege_mlp,privilege_mlp,2,sin_relative_heading,0.008758162148296833,0.34796610474586487,2.9296875e-05,9.765625e-06,0.012607421875,0.003720703125
privilege_mlp,privilege_mlp,2,cos_relative_heading,0.901563823223114,0.2573873698711395,0.0,0.01876953125,0.725537109375,0.584189453125
privilege_mlp,privilege_mlp,2,ego_speed,0.49646419286727905,0.1583859771490097,0.0,0.0,0.0,0.0
privilege_mlp,privilege_mlp,2,ego_yaw_rate,-0.009691198356449604,0.1791771799325943,0.000283203125,0.0002734375,0.00037109375,0.000302734375
privilege_mlp,privilege_mlp,2,relative_yaw_rate,0.004068752285093069,0.16685159504413605,4.8828125e-05,2.9296875e-05,0.000166015625,4.8828125e-05
privilege_mlp,privilege_mlp,2,obb_longitudinal_clearance,0.6524896025657654,0.2584923207759857,0.044453125,0.0,0.025830078125,0.0
privilege_mlp,privilege_mlp,2,obb_lateral_clearance,0.4627746343612671,0.30249181389808655,0.114921875,0.0,0.0274609375,0.0
privilege_mlp,privilege_mlp,2,wall_clearance,0.7700198292732239,0.049084194004535675,1.953125e-05,0.0,0.0,0.0
privilege_mlp,privilege_mlp,2,ego_steering_angle,-0.012575077824294567,0.2086464911699295,0.002294921875,0.000107421875,0.0002734375,0.000263671875
privilege_mlp,privilege_mlp,2,ego_slip_angle,-0.0010899513727054,0.08663549274206161,0.0,0.0,0.0,0.0
privilege_mlp,privilege_mlp,2,left_body_margin,0.9110260605812073,0.17652542889118195,0.0,0.54267578125,0.671689453125,0.5710546875
privilege_mlp,privilege_mlp,2,right_body_margin,0.8745222687721252,0.19316595792770386,0.0,0.45732421875,0.57998046875,0.484482421875
privilege_mlp,privilege_mlp,2,sin_track_heading_error,0.021774601191282272,0.33357498049736023,0.0,0.0,0.0,0.0
privilege_mlp,privilege_mlp,2,cos_track_heading_error,0.9399027824401855,0.07019703835248947,0.0,0.00138671875,0.604462890625,0.299482421875
privilege_mlp,privilege_mlp,2,current_curvature,-0.004801297560334206,0.38692277669906616,0.048583984375,0.024482421875,0.027255859375,0.025
privilege_mlp,privilege_mlp,2,lookahead_mean_curvature,-0.010975662618875504,0.3924790620803833,0.05365234375,0.02345703125,0.025927734375,0.0239453125
privilege_mlp,privilege_mlp,3,delta_s,-0.009693551808595657,0.40700459480285645,0.0,0.06787109375,0.074267578125,0.068984375
privilege_mlp,privilege_mlp,3,relative_lateral,0.007206307724118233,0.41863030195236206,0.037646484375,0.031806640625,0.033076171875,0.032041015625
privilege_mlp,privilege_mlp,3,relative_long_velocity,-0.13495899736881256,0.18072280287742615,0.00142578125,0.0,0.0,0.0
privilege_mlp,privilege_mlp,3,relative_lat_velocity,0.02269531972706318,0.2550794780254364,0.0,0.0,0.0,0.0
privilege_mlp,privilege_mlp,3,sin_relative_heading,0.024564720690250397,0.3592098355293274,8.7890625e-05,3.90625e-05,0.01125,0.0050390625
privilege_mlp,privilege_mlp,3,cos_relative_heading,0.8900737166404724,0.2799569070339203,9.765625e-06,0.014287109375,0.69669921875,0.54212890625
privilege_mlp,privilege_mlp,3,ego_speed,0.5121212601661682,0.16058921813964844,0.0,0.0,0.0,0.0
privilege_mlp,privilege_mlp,3,ego_yaw_rate,-0.018095677718520164,0.18270382285118103,0.000546875,9.765625e-05,0.00013671875,9.765625e-05
privilege_mlp,privilege_mlp,3,relative_yaw_rate,0.002706386148929596,0.17307302355766296,1.953125e-05,6.8359375e-05,0.0003125,8.7890625e-05
privilege_mlp,privilege_mlp,3,obb_longitudinal_clearance,0.6445073485374451,0.2796917259693146,0.058115234375,0.0,0.030732421875,0.0
privilege_mlp,privilege_mlp,3,obb_lateral_clearance,0.5072605013847351,0.2954826056957245,0.106123046875,0.0,0.04064453125,0.0
privilege_mlp,privilege_mlp,3,wall_clearance,0.7694040536880493,0.051309484988451004,7.8125e-05,0.0,0.0,0.0
privilege_mlp,privilege_mlp,3,ego_steering_angle,-0.022899175062775612,0.209564208984375,0.002275390625,2.9296875e-05,0.00013671875,0.000126953125
privilege_mlp,privilege_mlp,3,ego_slip_angle,0.001292103435844183,0.09214664995670319,0.0,0.0,0.0,0.0
privilege_mlp,privilege_mlp,3,left_body_margin,0.9057881832122803,0.18081794679164886,0.0,0.541142578125,0.6562890625,0.564052734375
privilege_mlp,privilege_mlp,3,right_body_margin,0.8672305941581726,0.1948823630809784,0.0,0.4588671875,0.559921875,0.481962890625
privilege_mlp,privilege_mlp,3,sin_track_heading_error,0.020375097170472145,0.3352113664150238,0.0,0.0,0.0,0.0
privilege_mlp,privilege_mlp,3,cos_track_heading_error,0.9394853711128235,0.06829460710287094,0.0,0.00173828125,0.59466796875,0.281474609375
privilege_mlp,privilege_mlp,3,current_curvature,-0.027860362082719803,0.3879488706588745,0.05369140625,0.016806640625,0.018759765625,0.0171484375
privilege_mlp,privilege_mlp,3,lookahead_mean_curvature,-0.03276781737804413,0.39312463998794556,0.058408203125,0.016455078125,0.0182421875,0.016884765625
privilege_mlp,privilege_mlp,4,delta_s,-0.04838863015174866,0.38051798939704895,0.0,0.05703125,0.06099609375,0.057822265625
privilege_mlp,privilege_mlp,4,relative_lateral,-0.05414162203669548,0.41840264201164246,0.0405859375,0.02939453125,0.0312109375,0.029697265625
privilege_mlp,privilege_mlp,4,relative_long_velocity,-0.1238207221031189,0.18013624846935272,0.000654296875,0.0,0.0,0.0
privilege_mlp,privilege_mlp,4,relative_lat_velocity,0.00894210021942854,0.25499752163887024,0.000390625,0.0,0.0,0.0
privilege_mlp,privilege_mlp,4,sin_relative_heading,0.01854734495282173,0.3579191267490387,8.7890625e-05,3.90625e-05,0.01142578125,0.00373046875
privilege_mlp,privilege_mlp,4,cos_relative_heading,0.891438364982605,0.2776855230331421,0.0,0.017763671875,0.71537109375,0.55712890625
privilege_mlp,privilege_mlp,4,ego_speed,0.5082099437713623,0.16127319633960724,0.0,0.0,0.0,0.0
privilege_mlp,privilege_mlp,4,ego_yaw_rate,-0.014647597447037697,0.17453062534332275,0.00048828125,5.859375e-05,9.765625e-05,5.859375e-05
privilege_mlp,privilege_mlp,4,relative_yaw_rate,0.0037886113859713078,0.16584447026252747,1.953125e-05,0.000146484375,0.00033203125,0.00015625
privilege_mlp,privilege_mlp,4,obb_longitudinal_clearance,0.6483303904533386,0.2685416340827942,0.0498046875,0.0,0.024599609375,0.0
privilege_mlp,privilege_mlp,4,obb_lateral_clearance,0.5032139420509338,0.299466073513031,0.1086328125,0.0,0.034755859375,0.0
privilege_mlp,privilege_mlp,4,wall_clearance,0.773515522480011,0.04113436117768288,0.0,0.0,0.0,0.0
privilege_mlp,privilege_mlp,4,ego_steering_angle,-0.0178969819098711,0.20099329948425293,0.00150390625,0.0,9.765625e-06,9.765625e-06
privilege_mlp,privilege_mlp,4,ego_slip_angle,0.0014297429006546736,0.08825098723173141,0.0,0.0,0.0,0.0
privilege_mlp,privilege_mlp,4,left_body_margin,0.9139226675033569,0.15536881983280182,0.0,0.54072265625,0.65876953125,0.565634765625
privilege_mlp,privilege_mlp,4,right_body_margin,0.8810549378395081,0.18222394585609436,0.0,0.459287109375,0.57505859375,0.48326171875
privilege_mlp,privilege_mlp,4,sin_track_heading_error,0.01547865942120552,0.3312549889087677,0.0,0.0,0.0,0.0
privilege_mlp,privilege_mlp,4,cos_track_heading_error,0.941047728061676,0.0672527551651001,0.0,0.001865234375,0.604482421875,0.277294921875
privilege_mlp,privilege_mlp,4,current_curvature,-0.01613985374569893,0.38588207960128784,0.050732421875,0.015634765625,0.017822265625,0.015927734375
privilege_mlp,privilege_mlp,4,lookahead_mean_curvature,-0.02306853048503399,0.3893222212791443,0.05474609375,0.01326171875,0.015,0.013671875
privilege_mlp,privilege_mlp,5,delta_s,-0.05584624409675598,0.3757590055465698,0.0,0.05556640625,0.059638671875,0.0563671875
privilege_mlp,privilege_mlp,5,relative_lateral,0.058576297014951706,0.4035378396511078,0.02404296875,0.02712890625,0.029013671875,0.02755859375
privilege_mlp,privilege_mlp,5,relative_long_velocity,-0.11785485595464706,0.17052994668483734,0.0003515625,0.0,0.0,0.0
privilege_mlp,privilege_mlp,5,relative_lat_velocity,0.006857689470052719,0.2543739378452301,0.000595703125,0.0,0.000263671875,0.0
privilege_mlp,privilege_mlp,5,sin_relative_heading,0.01075116079300642,0.35266757011413574,8.7890625e-05,2.9296875e-05,0.01138671875,0.005576171875
privilege_mlp,privilege_mlp,5,cos_relative_heading,0.9000667333602905,0.2560955882072449,0.0,0.017294921875,0.7109765625,0.549765625
privilege_mlp,privilege_mlp,5,ego_speed,0.5065689086914062,0.16001401841640472,0.0,0.0,0.0,0.0
privilege_mlp,privilege_mlp,5,ego_yaw_rate,-0.018069567158818245,0.18152104318141937,0.000634765625,9.765625e-05,9.765625e-05,9.765625e-05
privilege_mlp,privilege_mlp,5,relative_yaw_rate,0.003205162240192294,0.16779914498329163,0.0,5.859375e-05,0.00033203125,0.000107421875
privilege_mlp,privilege_mlp,5,obb_longitudinal_clearance,0.638292670249939,0.2776801288127899,0.055478515625,0.0,0.029814453125,0.0
privilege_mlp,privilege_mlp,5,obb_lateral_clearance,0.5116171836853027,0.2917003333568573,0.10109375,0.0,0.024384765625,0.0
privilege_mlp,privilege_mlp,5,wall_clearance,0.7676559686660767,0.04845055192708969,1.953125e-05,0.0,0.0,0.0
privilege_mlp,privilege_mlp,5,ego_steering_angle,-0.021766001358628273,0.20863156020641327,0.00283203125,3.90625e-05,8.7890625e-05,6.8359375e-05
privilege_mlp,privilege_mlp,5,ego_slip_angle,0.0018933527171611786,0.0900297611951828,0.0,7.8125e-05,0.0001171875,9.765625e-05
privilege_mlp,privilege_mlp,5,left_body_margin,0.9346550107002258,0.1514626443386078,0.0,0.635751953125,0.748916015625,0.660537109375
privilege_mlp,privilege_mlp,5,right_body_margin,0.8344393372535706,0.21095484495162964,0.0,0.364267578125,0.47390625,0.3885546875
privilege_mlp,privilege_mlp,5,sin_track_heading_error,0.04734605923295021,0.32476648688316345,0.0,0.0,0.0,0.0
privilege_mlp,privilege_mlp,5,cos_track_heading_error,0.9420623779296875,0.06970412284135818,0.0,0.001845703125,0.61634765625,0.322001953125
privilege_mlp,privilege_mlp,5,current_curvature,-0.0218566432595253,0.38747674226760864,0.051943359375,0.014365234375,0.01640625,0.014638671875
privilege_mlp,privilege_mlp,5,lookahead_mean_curvature,-0.02759259007871151,0.3922690749168396,0.056025390625,0.0135546875,0.015166015625,0.013876953125
privilege_mlp,privilege_mlp,6,delta_s,-0.04837248846888542,0.39497917890548706,0.0,0.06767578125,0.07232421875,0.068623046875
privilege_mlp,privilege_mlp,6,relative_lateral,-0.009138593450188637,0.4093952476978302,0.035126953125,0.025908203125,0.027822265625,0.02625
privilege_mlp,privilege_mlp,6,relative_long_velocity,-0.12489233911037445,0.17932456731796265,0.000234375,0.0,0.0,0.0
privilege_mlp,privilege_mlp,6,relative_lat_velocity,0.02356431446969509,0.24059545993804932,0.0,0.0,0.0,0.0
privilege_mlp,privilege_mlp,6,sin_relative_heading,0.0356401763856411,0.34828346967697144,7.8125e-05,4.8828125e-05,0.0108984375,0.004033203125
privilege_mlp,privilege_mlp,6,cos_relative_heading,0.8964596390724182,0.2720097303390503,0.0,0.017431640625,0.725869140625,0.55572265625
privilege_mlp,privilege_mlp,6,ego_speed,0.5037843585014343,0.1605524867773056,0.0,0.0,0.0,0.0
privilege_mlp,privilege_mlp,6,ego_yaw_rate,-0.01389308087527752,0.1778835505247116,0.00078125,0.0002734375,0.000322265625,0.000283203125
privilege_mlp,privilege_mlp,6,relative_yaw_rate,0.0018108156509697437,0.1678876131772995,0.0001953125,0.000390625,0.000703125,0.000439453125
privilege_mlp,privilege_mlp,6,obb_longitudinal_clearance,0.659006655216217,0.2685064375400543,0.0569140625,0.0,0.03458984375,0.0
privilege_mlp,privilege_mlp,6,obb_lateral_clearance,0.4858529567718506,0.29840582609176636,0.109765625,0.0,0.029111328125,0.0
privilege_mlp,privilege_mlp,6,wall_clearance,0.7705159783363342,0.04939163848757744,0.000439453125,0.0,0.0,0.0
privilege_mlp,privilege_mlp,6,ego_steering_angle,-0.01572699099779129,0.20353083312511444,0.002265625,0.00021484375,0.00029296875,0.0002734375
privilege_mlp,privilege_mlp,6,ego_slip_angle,0.003361822571605444,0.08711512386798859,0.0,0.0,0.0,0.0
privilege_mlp,privilege_mlp,6,left_body_margin,0.9367201924324036,0.13985829055309296,0.0,0.6196484375,0.736748046875,0.64552734375
privilege_mlp,privilege_mlp,6,right_body_margin,0.8477298021316528,0.20867633819580078,0.0,0.3803515625,0.505419921875,0.40646484375
privilege_mlp,privilege_mlp,6,sin_track_heading_error,0.03758800029754639,0.3250635266304016,0.0,0.0,0.00015625,1.953125e-05
privilege_mlp,privilege_mlp,6,cos_track_heading_error,0.9424375295639038,0.06928136944770813,0.0,0.001796875,0.625126953125,0.30919921875
privilege_mlp,privilege_mlp,6,current_curvature,-0.009362077340483665,0.3788861930370331,0.045859375,0.01923828125,0.02162109375,0.0196875
privilege_mlp,privilege_mlp,6,lookahead_mean_curvature,-0.014984656125307083,0.3829419016838074,0.049970703125,0.017919921875,0.01990234375,0.018330078125
privilege_mlp,privilege_mlp,7,delta_s,-0.016981404274702072,0.4075395464897156,0.0,0.06591796875,0.07232421875,0.067236328125
privilege_mlp,privilege_mlp,7,relative_lateral,-0.01390006858855486,0.4236891269683838,0.04962890625,0.02796875,0.0298828125,0.028544921875
privilege_mlp,privilege_mlp,7,relative_long_velocity,-0.13390561938285828,0.1902320384979248,0.00232421875,0.0,0.0,0.0
privilege_mlp,privilege_mlp,7,relative_lat_velocity,0.028802193701267242,0.2449890375137329,0.000263671875,0.00029296875,0.00033203125,0.00029296875
privilege_mlp,privilege_mlp,7,sin_relative_heading,0.04422631859779358,0.3623324930667877,6.8359375e-05,5.859375e-05,0.02021484375,0.007978515625
privilege_mlp,privilege_mlp,7,cos_relative_heading,0.8775478601455688,0.3112618327140808,1.953125e-05,0.015615234375,0.710263671875,0.552333984375
privilege_mlp,privilege_mlp,7,ego_speed,0.5134769678115845,0.1619616001844406,0.0,0.0,0.0,0.0
privilege_mlp,privilege_mlp,7,ego_yaw_rate,-0.019956696778535843,0.18186421692371368,0.000771484375,9.765625e-06,1.953125e-05,9.765625e-06
privilege_mlp,privilege_mlp,7,relative_yaw_rate,0.004147449508309364,0.17468705773353577,0.000146484375,0.00033203125,0.00064453125,0.00041015625
privilege_mlp,privilege_mlp,7,obb_longitudinal_clearance,0.6471058130264282,0.2768903076648712,0.057578125,0.0,0.029296875,0.0
privilege_mlp,privilege_mlp,7,obb_lateral_clearance,0.4940234124660492,0.3021344542503357,0.1164453125,0.0,0.039033203125,0.0
privilege_mlp,privilege_mlp,7,wall_clearance,0.7671080231666565,0.050699714571237564,0.000126953125,0.0,0.0,0.0
privilege_mlp,privilege_mlp,7,ego_steering_angle,-0.024668116122484207,0.20961202681064606,0.002333984375,0.0,0.0,0.0
privilege_mlp,privilege_mlp,7,ego_slip_angle,0.003123616334050894,0.09002628922462463,0.0,0.0,0.0,0.0
privilege_mlp,privilege_mlp,7,left_body_margin,0.9310289025306702,0.15725736320018768,0.0,0.63453125,0.7389453125,0.65728515625
privilege_mlp,privilege_mlp,7,right_body_margin,0.8307235836982727,0.2166106253862381,0.0,0.36546875,0.4724609375,0.388212890625
privilege_mlp,privilege_mlp,7,sin_track_heading_error,0.04062003642320633,0.3241437077522278,0.0,0.0,0.0,0.0
privilege_mlp,privilege_mlp,7,cos_track_heading_error,0.9426537156105042,0.06903436034917831,0.0,0.00173828125,0.626005859375,0.313134765625
privilege_mlp,privilege_mlp,7,current_curvature,-0.026907838881015778,0.38490375876426697,0.054296875,0.016416015625,0.018310546875,0.01671875
privilege_mlp,privilege_mlp,7,lookahead_mean_curvature,-0.03210482746362686,0.3904108703136444,0.05888671875,0.015927734375,0.017568359375,0.016279296875
privilege_mlp,privilege_mlp,8,delta_s,-0.042636409401893616,0.38868457078933716,0.0,0.062958984375,0.067607421875,0.063896484375
privilege_mlp,privilege_mlp,8,relative_lateral,0.022416148334741592,0.4095269739627838,0.0339453125,0.035146484375,0.03642578125,0.035400390625
privilege_mlp,privilege_mlp,8,relative_long_velocity,-0.12065009772777557,0.1807878166437149,0.0019140625,0.0,0.0,0.0
privilege_mlp,privilege_mlp,8,relative_lat_velocity,-0.004822446033358574,0.24850746989250183,0.000166015625,0.0,0.0,0.0
privilege_mlp,privilege_mlp,8,sin_relative_heading,-0.009259833954274654,0.3408730626106262,4.8828125e-05,1.953125e-05,0.009267578125,0.0029296875
privilege_mlp,privilege_mlp,8,cos_relative_heading,0.8881745934486389,0.308420866727829,1.953125e-05,0.01978515625,0.726650390625,0.588916015625
privilege_mlp,privilege_mlp,8,ego_speed,0.5117438435554504,0.1581762731075287,0.0,0.0,0.0,0.0
privilege_mlp,privilege_mlp,8,ego_yaw_rate,-0.02049356885254383,0.17763741314411163,0.00091796875,9.765625e-06,0.000107421875,1.953125e-05
privilege_mlp,privilege_mlp,8,relative_yaw_rate,0.0024788929149508476,0.16794423758983612,0.0,0.000615234375,0.00091796875,0.00064453125
privilege_mlp,privilege_mlp,8,obb_longitudinal_clearance,0.6498262882232666,0.2720593214035034,0.055302734375,0.0,0.023779296875,0.0
privilege_mlp,privilege_mlp,8,obb_lateral_clearance,0.48825737833976746,0.3046373724937439,0.11392578125,0.0,0.04083984375,0.0
privilege_mlp,privilege_mlp,8,wall_clearance,0.7698299884796143,0.051833443343639374,0.00037109375,0.0,0.0,0.0
privilege_mlp,privilege_mlp,8,ego_steering_angle,-0.02602437511086464,0.206472709774971,0.00447265625,0.0,0.0,0.0
privilege_mlp,privilege_mlp,8,ego_slip_angle,0.0018676884938031435,0.08838175237178802,0.0,0.0,0.0,0.0
privilege_mlp,privilege_mlp,8,left_body_margin,0.9256788492202759,0.15744169056415558,0.0,0.605966796875,0.719404296875,0.63076171875
privilege_mlp,privilege_mlp,8,right_body_margin,0.8558604717254639,0.1966845989227295,0.0,0.394033203125,0.514296875,0.419423828125
privilege_mlp,privilege_mlp,8,sin_track_heading_error,0.03007538616657257,0.3244721293449402,0.0,0.0,0.0,0.0
privilege_mlp,privilege_mlp,8,cos_track_heading_error,0.9429887533187866,0.06826552748680115,0.0,0.001376953125,0.632861328125,0.30234375
privilege_mlp,privilege_mlp,8,current_curvature,-0.032889898866415024,0.3734431266784668,0.05373046875,0.0176953125,0.019501953125,0.017958984375
privilege_mlp,privilege_mlp,8,lookahead_mean_curvature,-0.03857892379164696,0.3764086365699768,0.057431640625,0.01587890625,0.017490234375,0.016201171875
privilege_mlp,privilege_mlp,9,delta_s,-0.04609484225511551,0.38927432894706726,0.0,0.0589453125,0.0635546875,0.059873046875
privilege_mlp,privilege_mlp,9,relative_lateral,-0.007389846257865429,0.42050620913505554,0.036396484375,0.03279296875,0.03375,0.032958984375
privilege_mlp,privilege_mlp,9,relative_long_velocity,-0.12235791981220245,0.17519423365592957,0.001103515625,0.0,0.0,0.0
privilege_mlp,privilege_mlp,9,relative_lat_velocity,0.023952672258019447,0.25334540009498596,0.000244140625,0.0,0.0,0.0
privilege_mlp,privilege_mlp,9,sin_relative_heading,0.034564726054668427,0.34805020689964294,9.765625e-05,2.9296875e-05,0.010224609375,0.00455078125
privilege_mlp,privilege_mlp,9,cos_relative_heading,0.8961225152015686,0.27360615134239197,9.765625e-06,0.014716796875,0.70353515625,0.530234375
privilege_mlp,privilege_mlp,9,ego_speed,0.5128387212753296,0.15933416783809662,0.0,0.0,0.0,0.0
privilege_mlp,privilege_mlp,9,ego_yaw_rate,-0.006331733427941799,0.17773906886577606,0.00060546875,0.000185546875,0.0003125,0.0001953125
privilege_mlp,privilege_mlp,9,relative_yaw_rate,-0.00017903033585753292,0.16633793711662292,7.8125e-05,0.00017578125,0.0003125,0.000185546875
privilege_mlp,privilege_mlp,9,obb_longitudinal_clearance,0.6580806970596313,0.2642461061477661,0.04583984375,0.0,0.02564453125,0.0
privilege_mlp,privilege_mlp,9,obb_lateral_clearance,0.5029522776603699,0.2965315282344818,0.10623046875,0.0,0.032001953125,0.0
privilege_mlp,privilege_mlp,9,wall_clearance,0.7677977681159973,0.04796197637915611,7.8125e-05,0.0,0.0,0.0
privilege_mlp,privilege_mlp,9,ego_steering_angle,-0.008121627382934093,0.201837420463562,0.00248046875,2.9296875e-05,0.00017578125,0.000166015625
privilege_mlp,privilege_mlp,9,ego_slip_angle,-0.0013705488527193666,0.09104588627815247,0.0,0.0,0.0,0.0
privilege_mlp,privilege_mlp,9,left_body_margin,0.9264950752258301,0.1588176041841507,0.0,0.616669921875,0.72474609375,0.6408984375
privilege_mlp,privilege_mlp,9,right_body_margin,0.8483429551124573,0.20351597666740417,0.0,0.383330078125,0.49314453125,0.405966796875
privilege_mlp,privilege_mlp,9,sin_track_heading_error,0.03850682079792023,0.3270677626132965,0.0,0.0,0.0,0.0
privilege_mlp,privilege_mlp,9,cos_track_heading_error,0.9417951107025146,0.06801578402519226,0.0,0.002001953125,0.6076953125,0.30087890625
privilege_mlp,privilege_mlp,9,current_curvature,0.005491340067237616,0.3860089182853699,0.04189453125,0.021259765625,0.0237109375,0.021689453125
privilege_mlp,privilege_mlp,9,lookahead_mean_curvature,0.0019488513935357332,0.3902552127838135,0.045595703125,0.0201171875,0.022275390625,0.02060546875
privilege_mlp,privilege_mlp,10,delta_s,-0.026931151747703552,0.4099785089492798,0.0,0.07181640625,0.076982421875,0.0728515625
privilege_mlp,privilege_mlp,10,relative_lateral,0.03873399645090103,0.43232059478759766,0.034326171875,0.0289453125,0.031005859375,0.02923828125
privilege_mlp,privilege_mlp,10,relative_long_velocity,-0.1292266696691513,0.17530179023742676,0.001728515625,0.0,0.0,0.0
privilege_mlp,privilege_mlp,10,relative_lat_velocity,0.004813728854060173,0.2539381980895996,3.90625e-05,0.0,0.0,0.0
privilege_mlp,privilege_mlp,10,sin_relative_heading,0.010058862157166004,0.3511594831943512,6.8359375e-05,1.953125e-05,0.0103515625,0.00375
privilege_mlp,privilege_mlp,10,cos_relative_heading,0.9012359380722046,0.2541995942592621,0.0,0.01833984375,0.724599609375,0.586044921875
privilege_mlp,privilege_mlp,10,ego_speed,0.5267912745475769,0.15632490813732147,0.0,0.0,0.0,0.0
privilege_mlp,privilege_mlp,10,ego_yaw_rate,-0.01720293238759041,0.1837027221918106,0.00068359375,3.90625e-05,6.8359375e-05,4.8828125e-05
privilege_mlp,privilege_mlp,10,relative_yaw_rate,0.0030212083365768194,0.1719527393579483,0.0,0.00029296875,0.00072265625,0.00041015625
privilege_mlp,privilege_mlp,10,obb_longitudinal_clearance,0.6540802121162415,0.28183528780937195,0.057060546875,0.0,0.036259765625,0.0
privilege_mlp,privilege_mlp,10,obb_lateral_clearance,0.5321792364120483,0.2936195135116577,0.1059375,0.0,0.030654296875,0.0
privilege_mlp,privilege_mlp,10,wall_clearance,0.76475989818573,0.05318756401538849,3.90625e-05,0.0,0.0,0.0
privilege_mlp,privilege_mlp,10,ego_steering_angle,-0.020490100607275963,0.20679354667663574,0.0030859375,0.0,0.0,0.0
privilege_mlp,privilege_mlp,10,ego_slip_angle,0.0031641314271837473,0.0914333313703537,0.0,0.0,0.0,0.0
privilege_mlp,privilege_mlp,10,left_body_margin,0.9357101321220398,0.1566234827041626,0.0,0.67548828125,0.767001953125,0.696796875
privilege_mlp,privilege_mlp,10,right_body_margin,0.8119556307792664,0.2261243462562561,0.0,0.32451171875,0.43193359375,0.3462109375
privilege_mlp,privilege_mlp,10,sin_track_heading_error,0.058682169765233994,0.32200026512145996,0.0,0.0,0.0,0.0
privilege_mlp,privilege_mlp,10,cos_track_heading_error,0.942493736743927,0.06799396872520447,0.0,0.0016796875,0.63390625,0.3003125
privilege_mlp,privilege_mlp,10,current_curvature,-0.01891946606338024,0.37622952461242676,0.049501953125,0.01640625,0.018544921875,0.016806640625
privilege_mlp,privilege_mlp,10,lookahead_mean_curvature,-0.024952035397291183,0.3802773952484131,0.052900390625,0.015830078125,0.017548828125,0.0162109375
privilege_mlp,privilege_mlp,11,delta_s,-0.04969853535294533,0.3733174204826355,0.0,0.050625,0.0553125,0.0515234375
privilege_mlp,privilege_mlp,11,relative_lateral,0.020238487049937248,0.4084288477897644,0.031708984375,0.03048828125,0.032939453125,0.030986328125
privilege_mlp,privilege_mlp,11,relative_long_velocity,-0.11744596809148788,0.16631144285202026,0.0013671875,0.0,0.0,0.0
privilege_mlp,privilege_mlp,11,relative_lat_velocity,0.008362408727407455,0.24225448071956635,0.0,0.0,0.00015625,0.0
privilege_mlp,privilege_mlp,11,sin_relative_heading,0.01325481291860342,0.34510600566864014,6.8359375e-05,3.90625e-05,0.007734375,0.00421875
privilege_mlp,privilege_mlp,11,cos_relative_heading,0.9030373096466064,0.2558344304561615,0.0,0.01724609375,0.728349609375,0.560546875
privilege_mlp,privilege_mlp,11,ego_speed,0.5007001161575317,0.15912826359272003,0.0,0.0,0.0,0.0
privilege_mlp,privilege_mlp,11,ego_yaw_rate,-0.014798343181610107,0.18018464744091034,0.000625,0.000146484375,0.00025390625,0.00015625
privilege_mlp,privilege_mlp,11,relative_yaw_rate,0.003388158045709133,0.16344982385635376,4.8828125e-05,0.00025390625,0.000478515625,0.000283203125
privilege_mlp,privilege_mlp,11,obb_longitudinal_clearance,0.6461083889007568,0.26878058910369873,0.05353515625,0.0,0.018564453125,0.0
privilege_mlp,privilege_mlp,11,obb_lateral_clearance,0.48216941952705383,0.30745431780815125,0.1175390625,0.0,0.02978515625,0.0
privilege_mlp,privilege_mlp,11,wall_clearance,0.7662057280540466,0.054162029176950455,7.8125e-05,0.0,0.0,0.0
privilege_mlp,privilege_mlp,11,ego_steering_angle,-0.018814975395798683,0.21176666021347046,0.00333984375,0.0,8.7890625e-05,8.7890625e-05
privilege_mlp,privilege_mlp,11,ego_slip_angle,0.0013672468485310674,0.08700503408908844,0.0,0.0,0.0,0.0
privilege_mlp,privilege_mlp,11,left_body_margin,0.9318315386772156,0.14989598095417023,0.0,0.6180078125,0.7271484375,0.642431640625
privilege_mlp,privilege_mlp,11,right_body_margin,0.8365182280540466,0.2214825600385666,0.0,0.3819921875,0.499326171875,0.406806640625
privilege_mlp,privilege_mlp,11,sin_track_heading_error,0.040846820920705795,0.32673659920692444,0.0,0.0,0.0,0.0
privilege_mlp,privilege_mlp,11,cos_track_heading_error,0.9417939782142639,0.06840638071298599,0.0,0.001865234375,0.619365234375,0.286015625
privilege_mlp,privilege_mlp,11,current_curvature,-0.013212169520556927,0.39230120182037354,0.051728515625,0.0224609375,0.024990234375,0.022890625
privilege_mlp,privilege_mlp,11,lookahead_mean_curvature,-0.017409037798643112,0.3971989154815674,0.056259765625,0.021484375,0.02384765625,0.02205078125
privilege_mlp,privilege_mlp,12,delta_s,-0.03534417226910591,0.40123090147972107,0.0,0.067392578125,0.0730078125,0.06845703125
privilege_mlp,privilege_mlp,12,relative_lateral,0.00956076942384243,0.40377816557884216,0.039814453125,0.031923828125,0.032705078125,0.032080078125
privilege_mlp,privilege_mlp,12,relative_long_velocity,-0.12409491837024689,0.18984930217266083,0.00076171875,0.0,0.0,0.0
privilege_mlp,privilege_mlp,12,relative_lat_velocity,0.02078043483197689,0.23721595108509064,0.0,0.00029296875,0.00033203125,0.000302734375
privilege_mlp,privilege_mlp,12,sin_relative_heading,0.030721377581357956,0.35338306427001953,9.765625e-06,7.8125e-05,0.016552734375,0.0065625
privilege_mlp,privilege_mlp,12,cos_relative_heading,0.8849650025367737,0.3020668029785156,9.765625e-06,0.0189453125,0.723388671875,0.574609375
privilege_mlp,privilege_mlp,12,ego_speed,0.5011653304100037,0.1628430336713791,0.0,0.0,0.0,0.0
privilege_mlp,privilege_mlp,12,ego_yaw_rate,-0.017033079639077187,0.17539037764072418,0.00064453125,0.000185546875,0.00029296875,0.000205078125
privilege_mlp,privilege_mlp,12,relative_yaw_rate,3.314624700578861e-05,0.1648685336112976,0.000107421875,0.0001171875,0.000224609375,0.000126953125
privilege_mlp,privilege_mlp,12,obb_longitudinal_clearance,0.6630377173423767,0.2580673098564148,0.0451171875,0.0,0.026318359375,0.0
privilege_mlp,privilege_mlp,12,obb_lateral_clearance,0.4746836721897125,0.3021804392337799,0.118486328125,0.0,0.04224609375,0.0
privilege_mlp,privilege_mlp,12,wall_clearance,0.7697345018386841,0.0493551641702652,0.000146484375,0.0,0.0,0.0
privilege_mlp,privilege_mlp,12,ego_steering_angle,-0.02134612761437893,0.20357252657413483,0.002392578125,3.90625e-05,7.8125e-05,6.8359375e-05
privilege_mlp,privilege_mlp,12,ego_slip_angle,0.0019313439261168242,0.08524994552135468,0.0,0.0,0.0,0.0
privilege_mlp,privilege_mlp,12,left_body_margin,0.9338589310646057,0.14902248978614807,0.0,0.62451171875,0.73564453125,0.64822265625
privilege_mlp,privilege_mlp,12,right_body_margin,0.8435437679290771,0.2019723355770111,0.0,0.375498046875,0.484501953125,0.39900390625
privilege_mlp,privilege_mlp,12,sin_track_heading_error,0.04247197508811951,0.323945552110672,0.0,0.0,0.0,0.0
privilege_mlp,privilege_mlp,12,cos_track_heading_error,0.9426460862159729,0.06879091262817383,0.0,0.00177734375,0.621611328125,0.30353515625
privilege_mlp,privilege_mlp,12,current_curvature,-0.022082101553678513,0.37663304805755615,0.050283203125,0.018330078125,0.020400390625,0.0187109375
privilege_mlp,privilege_mlp,12,lookahead_mean_curvature,-0.028201717883348465,0.3810232877731323,0.054150390625,0.01693359375,0.01873046875,0.0173046875
privilege_mlp,privilege_mlp,13,delta_s,-0.047413259744644165,0.3688325881958008,0.0,0.046416015625,0.051875,0.04736328125
privilege_mlp,privilege_mlp,13,relative_lateral,-0.055373769253492355,0.40139254927635193,0.035537109375,0.020439453125,0.0221484375,0.020693359375
privilege_mlp,privilege_mlp,13,relative_long_velocity,-0.12168992310762405,0.17481255531311035,0.00140625,0.0,0.0,0.0
privilege_mlp,privilege_mlp,13,relative_lat_velocity,0.013677699491381645,0.23871254920959473,0.00015625,0.0,0.0,0.0
privilege_mlp,privilege_mlp,13,sin_relative_heading,0.024328887462615967,0.3328332304954529,6.8359375e-05,2.9296875e-05,0.012333984375,0.002880859375
privilege_mlp,privilege_mlp,13,cos_relative_heading,0.8977764844894409,0.2877848744392395,9.765625e-06,0.01896484375,0.746494140625,0.58287109375
privilege_mlp,privilege_mlp,13,ego_speed,0.5122658610343933,0.15610326826572418,0.0,0.0,0.0,0.0
privilege_mlp,privilege_mlp,13,ego_yaw_rate,-0.016540784388780594,0.18023480474948883,0.00080078125,0.0,9.765625e-06,0.0
privilege_mlp,privilege_mlp,13,relative_yaw_rate,0.0029624050948768854,0.16993342339992523,0.0001171875,0.000166015625,0.000400390625,0.000205078125
privilege_mlp,privilege_mlp,13,obb_longitudinal_clearance,0.6288228631019592,0.28194719552993774,0.066630859375,0.0,0.017470703125,0.0
privilege_mlp,privilege_mlp,13,obb_lateral_clearance,0.5030546188354492,0.2904275059700012,0.100517578125,0.0,0.0297265625,0.0
privilege_mlp,privilege_mlp,13,wall_clearance,0.7698171138763428,0.04934230074286461,0.0,0.0,0.0,0.0
privilege_mlp,privilege_mlp,13,ego_steering_angle,-0.01957016810774803,0.20424631237983704,0.002333984375,0.0,5.859375e-05,5.859375e-05
privilege_mlp,privilege_mlp,13,ego_slip_angle,0.002933492651209235,0.08924643695354462,0.0,0.0,0.0,0.0
privilege_mlp,privilege_mlp,13,left_body_margin,0.9107142686843872,0.18008339405059814,0.0,0.563388671875,0.67681640625,0.58796875
privilege_mlp,privilege_mlp,13,right_body_margin,0.8663336038589478,0.19329524040222168,0.0,0.436611328125,0.545927734375,0.4598046875
privilege_mlp,privilege_mlp,13,sin_track_heading_error,0.02220146358013153,0.3298105001449585,0.0,0.0,0.0,0.0
privilege_mlp,privilege_mlp,13,cos_track_heading_error,0.9413244128227234,0.06835639476776123,0.0,0.001650390625,0.617314453125,0.293505859375
privilege_mlp,privilege_mlp,13,current_curvature,-0.020606322214007378,0.3825094997882843,0.052197265625,0.015810546875,0.017734375,0.016123046875
privilege_mlp,privilege_mlp,13,lookahead_mean_curvature,-0.02626703307032585,0.3872680962085724,0.05634765625,0.01541015625,0.017001953125,0.015771484375
privilege_mlp,privilege_mlp,14,delta_s,-0.055418699979782104,0.3596705496311188,0.0,0.0476171875,0.050703125,0.048203125
privilege_mlp,privilege_mlp,14,relative_lateral,0.029247600585222244,0.41280797123908997,0.0349609375,0.026513671875,0.028095703125,0.026796875
privilege_mlp,privilege_mlp,14,relative_long_velocity,-0.11515157669782639,0.170170396566391,0.00134765625,0.0,0.0,0.0
privilege_mlp,privilege_mlp,14,relative_lat_velocity,0.01543925330042839,0.2695021629333496,2.9296875e-05,0.0,0.0,0.0
privilege_mlp,privilege_mlp,14,sin_relative_heading,0.014459673315286636,0.36230748891830444,3.90625e-05,1.953125e-05,0.009921875,0.00369140625
privilege_mlp,privilege_mlp,14,cos_relative_heading,0.8952339291572571,0.259380578994751,0.0,0.017529296875,0.691650390625,0.526572265625
privilege_mlp,privilege_mlp,14,ego_speed,0.5077217221260071,0.15721364319324493,0.0,0.0,0.0,0.0
privilege_mlp,privilege_mlp,14,ego_yaw_rate,-0.01541517861187458,0.18620023131370544,0.00078125,9.765625e-05,0.00017578125,0.000107421875
privilege_mlp,privilege_mlp,14,relative_yaw_rate,0.005338357295840979,0.17905007302761078,0.00013671875,0.000439453125,0.000830078125,0.00052734375
privilege_mlp,privilege_mlp,14,obb_longitudinal_clearance,0.6366052031517029,0.27037423849105835,0.051806640625,0.0,0.021201171875,0.0
privilege_mlp,privilege_mlp,14,obb_lateral_clearance,0.49241355061531067,0.30595195293426514,0.118583984375,0.0,0.02560546875,0.0
privilege_mlp,privilege_mlp,14,wall_clearance,0.7665764689445496,0.04895810782909393,6.8359375e-05,0.0,0.0,0.0
privilege_mlp,privilege_mlp,14,ego_steering_angle,-0.020338308066129684,0.21605250239372253,0.00412109375,2.9296875e-05,0.0001171875,8.7890625e-05
privilege_mlp,privilege_mlp,14,ego_slip_angle,0.00024476126418448985,0.09532750397920609,0.0,0.0,0.0,0.0
privilege_mlp,privilege_mlp,14,left_body_margin,0.9250242114067078,0.1571882963180542,0.0,0.596669921875,0.712392578125,0.62216796875
privilege_mlp,privilege_mlp,14,right_body_margin,0.8504827618598938,0.2086217999458313,0.0,0.403330078125,0.525751953125,0.430166015625
privilege_mlp,privilege_mlp,14,sin_track_heading_error,0.032887328416109085,0.3305419981479645,0.0,0.0,0.0,0.0
privilege_mlp,privilege_mlp,14,cos_track_heading_error,0.9407089352607727,0.06907720863819122,0.0,0.00205078125,0.602099609375,0.30431640625
privilege_mlp,privilege_mlp,14,current_curvature,-0.018314307555556297,0.3977716863155365,0.047919921875,0.01830078125,0.0208203125,0.01875
privilege_mlp,privilege_mlp,14,lookahead_mean_curvature,-0.023603109642863274,0.4021545350551605,0.0523046875,0.01810546875,0.02005859375,0.018544921875
privilege_mlp,privilege_mlp,15,delta_s,-0.05965016409754753,0.3643679618835449,0.0,0.045498046875,0.049033203125,0.046318359375
privilege_mlp,privilege_mlp,15,relative_lateral,0.023272763937711716,0.4031827747821808,0.0322265625,0.02544921875,0.02712890625,0.025859375
privilege_mlp,privilege_mlp,15,relative_long_velocity,-0.11759544163942337,0.17745910584926605,0.0009375,0.0,0.0,0.0
privilege_mlp,privilege_mlp,15,relative_lat_velocity,0.010285185649991035,0.2524572014808655,0.000185546875,0.00015625,0.00025390625,0.00017578125
privilege_mlp,privilege_mlp,15,sin_relative_heading,0.015706611797213554,0.35234683752059937,3.90625e-05,6.8359375e-05,0.012919921875,0.00521484375
privilege_mlp,privilege_mlp,15,cos_relative_heading,0.889405369758606,0.29112327098846436,0.0,0.015986328125,0.706181640625,0.542314453125
privilege_mlp,privilege_mlp,15,ego_speed,0.5049433708190918,0.15973752737045288,0.0,0.0,0.0,0.0
privilege_mlp,privilege_mlp,15,ego_yaw_rate,-0.01831500604748726,0.1873311996459961,0.000849609375,0.000263671875,0.0004296875,0.000322265625
privilege_mlp,privilege_mlp,15,relative_yaw_rate,0.005887864623218775,0.1768033355474472,0.000146484375,0.000458984375,0.000947265625,0.000546875
privilege_mlp,privilege_mlp,15,obb_longitudinal_clearance,0.6412350535392761,0.2714236080646515,0.05359375,0.0,0.02548828125,0.0
privilege_mlp,privilege_mlp,15,obb_lateral_clearance,0.48508763313293457,0.2982743978500366,0.112421875,0.0,0.023349609375,0.0
privilege_mlp,privilege_mlp,15,wall_clearance,0.7688516974449158,0.0491616427898407,0.000107421875,0.0,0.0,0.0
privilege_mlp,privilege_mlp,15,ego_steering_angle,-0.021605176851153374,0.21481120586395264,0.003408203125,5.859375e-05,0.000205078125,0.000185546875
privilege_mlp,privilege_mlp,15,ego_slip_angle,0.0038734260015189648,0.09162281453609467,0.0,0.0,0.0,0.0
privilege_mlp,privilege_mlp,15,left_body_margin,0.9365629553794861,0.1364523321390152,0.0,0.621904296875,0.734677734375,0.647001953125
privilege_mlp,privilege_mlp,15,right_body_margin,0.8397758603096008,0.21038798987865448,0.0,0.37810546875,0.49390625,0.402666015625
privilege_mlp,privilege_mlp,15,sin_track_heading_error,0.039320848882198334,0.32541587948799133,0.0,0.0,0.0,0.0
privilege_mlp,privilege_mlp,15,cos_track_heading_error,0.9423071146011353,0.06858018040657043,0.0,0.002294921875,0.622421875,0.311005859375
privilege_mlp,privilege_mlp,15,current_curvature,-0.018233347684144974,0.39845097064971924,0.050615234375,0.022783203125,0.025341796875,0.023193359375
privilege_mlp,privilege_mlp,15,lookahead_mean_curvature,-0.024508953094482422,0.40261197090148926,0.055654296875,0.0209765625,0.02333984375,0.02146484375
privilege_mlp,privilege_mlp,16,delta_s,-0.006055912468582392,0.43466469645500183,0.0,0.087587890625,0.0933984375,0.088818359375
privilege_mlp,privilege_mlp,16,relative_lateral,0.010235283523797989,0.4361966550350189,0.04353515625,0.042470703125,0.0461328125,0.04302734375
privilege_mlp,privilege_mlp,16,relative_long_velocity,-0.1429109275341034,0.18970780074596405,0.00080078125,0.0,0.0,0.0
privilege_mlp,privilege_mlp,16,relative_lat_velocity,0.011476870626211166,0.26572757959365845,0.00052734375,0.0,2.9296875e-05,0.0
privilege_mlp,privilege_mlp,16,sin_relative_heading,0.018862787634134293,0.3723590672016144,9.765625e-05,2.9296875e-05,0.01390625,0.00240234375
privilege_mlp,privilege_mlp,16,cos_relative_heading,0.8832570910453796,0.28471386432647705,1.953125e-05,0.017568359375,0.690224609375,0.542626953125
privilege_mlp,privilege_mlp,16,ego_speed,0.5190824866294861,0.1641029417514801,0.0,0.0,0.0,0.0
privilege_mlp,privilege_mlp,16,ego_yaw_rate,-0.01369552407413721,0.17279472947120667,0.00060546875,2.9296875e-05,6.8359375e-05,2.9296875e-05
privilege_mlp,privilege_mlp,16,relative_yaw_rate,-0.001730544026941061,0.16849491000175476,2.9296875e-05,0.000205078125,0.000439453125,0.000244140625
privilege_mlp,privilege_mlp,16,obb_longitudinal_clearance,0.6820058226585388,0.2563828229904175,0.04390625,0.0,0.046064453125,0.0
privilege_mlp,privilege_mlp,16,obb_lateral_clearance,0.49565234780311584,0.31123828887939453,0.12416015625,0.0,0.045810546875,0.0
privilege_mlp,privilege_mlp,16,wall_clearance,0.773345410823822,0.04735427722334862,0.0,0.0,0.0,0.0
privilege_mlp,privilege_mlp,16,ego_steering_angle,-0.016778333112597466,0.19911301136016846,0.002333984375,0.0,2.9296875e-05,2.9296875e-05
privilege_mlp,privilege_mlp,16,ego_slip_angle,0.0014699450694024563,0.08979400992393494,0.0,0.0,0.0,0.0
privilege_mlp,privilege_mlp,16,left_body_margin,0.9232267141342163,0.1579001545906067,0.0,0.56056640625,0.6843359375,0.586591796875
privilege_mlp,privilege_mlp,16,right_body_margin,0.8714090585708618,0.18835033476352692,0.0,0.43943359375,0.552958984375,0.4640625
privilege_mlp,privilege_mlp,16,sin_track_heading_error,0.02771696075797081,0.3273451328277588,0.0,0.0,0.0,0.0
privilege_mlp,privilege_mlp,16,cos_track_heading_error,0.9420831203460693,0.06830695271492004,0.0,0.00169921875,0.621318359375,0.300390625
privilege_mlp,privilege_mlp,16,current_curvature,-0.01411839947104454,0.37384510040283203,0.0443359375,0.01369140625,0.015625,0.013916015625
privilege_mlp,privilege_mlp,16,lookahead_mean_curvature,-0.019318193197250366,0.37812066078186035,0.048349609375,0.0129296875,0.014287109375,0.013173828125
privilege_mlp,privilege_mlp,17,delta_s,0.008076462894678116,0.41374459862709045,0.0,0.07501953125,0.0803125,0.076005859375
privilege_mlp,privilege_mlp,17,relative_lateral,-0.0007132997852750123,0.4282166659832001,0.040576171875,0.0341796875,0.0354296875,0.034482421875
privilege_mlp,privilege_mlp,17,relative_long_velocity,-0.1432233303785324,0.185507670044899,0.001328125,0.0,0.0,0.0
privilege_mlp,privilege_mlp,17,relative_lat_velocity,0.009477946907281876,0.24704307317733765,0.0,0.0,0.0,0.0
privilege_mlp,privilege_mlp,17,sin_relative_heading,0.011887889355421066,0.3587155342102051,2.9296875e-05,1.953125e-05,0.011611328125,0.005302734375
privilege_mlp,privilege_mlp,17,cos_relative_heading,0.882357120513916,0.30466362833976746,9.765625e-06,0.017919921875,0.72033203125,0.580625
privilege_mlp,privilege_mlp,17,ego_speed,0.5268393158912659,0.1597965657711029,0.0,0.0,0.0,0.0
privilege_mlp,privilege_mlp,17,ego_yaw_rate,-0.021567242220044136,0.18186074495315552,0.00056640625,0.000126953125,0.000205078125,0.000126953125
privilege_mlp,privilege_mlp,17,relative_yaw_rate,0.00618779007345438,0.17197713255882263,7.8125e-05,0.00068359375,0.001220703125,0.000771484375
privilege_mlp,privilege_mlp,17,obb_longitudinal_clearance,0.6471331119537354,0.28141775727272034,0.0614453125,0.0,0.041259765625,0.0
privilege_mlp,privilege_mlp,17,obb_lateral_clearance,0.5163524150848389,0.2929517328739166,0.097685546875,0.0,0.036396484375,0.0
privilege_mlp,privilege_mlp,17,wall_clearance,0.7708460092544556,0.045318879187107086,0.0,0.0,0.0,0.0
privilege_mlp,privilege_mlp,17,ego_steering_angle,-0.028789913281798363,0.21088749170303345,0.003095703125,8.7890625e-05,0.000107421875,9.765625e-05
privilege_mlp,privilege_mlp,17,ego_slip_angle,0.002064803149551153,0.09143324941396713,0.0,0.0,0.0,0.0
privilege_mlp,privilege_mlp,17,left_body_margin,0.9283409714698792,0.15016809105873108,0.0,0.6045703125,0.716669921875,0.6294921875
privilege_mlp,privilege_mlp,17,right_body_margin,0.8516145944595337,0.20676787197589874,0.0,0.395439453125,0.517021484375,0.420517578125
privilege_mlp,privilege_mlp,17,sin_track_heading_error,0.035875480622053146,0.3286398947238922,0.0,0.0,0.0,0.0
privilege_mlp,privilege_mlp,17,cos_track_heading_error,0.9413427114486694,0.06838811933994293,0.0,0.001787109375,0.61453125,0.304736328125
privilege_mlp,privilege_mlp,17,current_curvature,-0.03550131991505623,0.37690696120262146,0.054375,0.017158203125,0.019052734375,0.017529296875
privilege_mlp,privilege_mlp,17,lookahead_mean_curvature,-0.04070546478033066,0.3810862600803375,0.05828125,0.016083984375,0.017861328125,0.01646484375
privilege_mlp,privilege_mlp,18,delta_s,0.04485587030649185,0.4269888997077942,0.0,0.092685546875,0.09880859375,0.093876953125
privilege_mlp,privilege_mlp,18,relative_lateral,-0.024500779807567596,0.44967642426490784,0.057978515625,0.047412109375,0.048271484375,0.047626953125
privilege_mlp,privilege_mlp,18,relative_long_velocity,-0.1622360199689865,0.21288707852363586,0.001064453125,0.0,0.0,0.0
privilege_mlp,privilege_mlp,18,relative_lat_velocity,0.026487436145544052,0.24232546985149384,0.0,0.00029296875,0.000341796875,0.000302734375
privilege_mlp,privilege_mlp,18,sin_relative_heading,0.04872521758079529,0.3743666112422943,1.953125e-05,0.00013671875,0.019052734375,0.00771484375
privilege_mlp,privilege_mlp,18,cos_relative_heading,0.845468282699585,0.3778556287288666,2.9296875e-05,0.016259765625,0.681630859375,0.52982421875
privilege_mlp,privilege_mlp,18,ego_speed,0.5098707675933838,0.1663954257965088,0.0,0.0,0.0,0.0
privilege_mlp,privilege_mlp,18,ego_yaw_rate,-0.019526762887835503,0.18982820212841034,0.00091796875,9.765625e-05,0.00021484375,0.000107421875
privilege_mlp,privilege_mlp,18,relative_yaw_rate,0.002220614580437541,0.18265403807163239,4.8828125e-05,0.000673828125,0.0012109375,0.000751953125
privilege_mlp,privilege_mlp,18,obb_longitudinal_clearance,0.6473498344421387,0.2715347409248352,0.052587890625,0.0,0.04060546875,0.0
privilege_mlp,privilege_mlp,18,obb_lateral_clearance,0.5051605105400085,0.3093266189098358,0.110146484375,0.0,0.05568359375,0.0
privilege_mlp,privilege_mlp,18,wall_clearance,0.7687177062034607,0.04991785064339638,0.0001953125,0.0,0.0,0.0
privilege_mlp,privilege_mlp,18,ego_steering_angle,-0.02464422956109047,0.21590279042720795,0.003271484375,0.0,0.0,0.0
privilege_mlp,privilege_mlp,18,ego_slip_angle,0.0027272829320281744,0.09804505854845047,0.0,0.0,0.0,0.0
privilege_mlp,privilege_mlp,18,left_body_margin,0.9230324625968933,0.15370021760463715,0.0,0.58697265625,0.6948828125,0.61103515625
privilege_mlp,privilege_mlp,18,right_body_margin,0.8583770990371704,0.201125830411911,0.0,0.41302734375,0.52671875,0.437451171875
privilege_mlp,privilege_mlp,18,sin_track_heading_error,0.02485966496169567,0.32915258407592773,0.0,0.0,0.0,0.0
privilege_mlp,privilege_mlp,18,cos_track_heading_error,0.9414761066436768,0.06878391653299332,0.0,0.001982421875,0.60970703125,0.306533203125
privilege_mlp,privilege_mlp,18,current_curvature,-0.023667113855481148,0.40271809697151184,0.0535546875,0.0221484375,0.024560546875,0.022587890625
privilege_mlp,privilege_mlp,18,lookahead_mean_curvature,-0.029534712433815002,0.40549248456954956,0.0578125,0.020166015625,0.0223828125,0.02060546875
privilege_mlp,privilege_mlp,19,delta_s,-0.016311468556523323,0.40679731965065,0.0,0.067109375,0.072958984375,0.0682421875
privilege_mlp,privilege_mlp,19,relative_lateral,-0.0038466656114906073,0.41973137855529785,0.03314453125,0.033818359375,0.03552734375,0.03427734375
privilege_mlp,privilege_mlp,19,relative_long_velocity,-0.1337621510028839,0.18282048404216766,0.000322265625,0.0,0.0,0.0
privilege_mlp,privilege_mlp,19,relative_lat_velocity,0.012239784933626652,0.25645267963409424,0.0,0.000146484375,0.00025390625,0.000166015625
privilege_mlp,privilege_mlp,19,sin_relative_heading,0.021479547023773193,0.35759681463241577,3.90625e-05,2.9296875e-05,0.0148828125,0.005869140625
privilege_mlp,privilege_mlp,19,cos_relative_heading,0.8872413635253906,0.291012167930603,0.0,0.017314453125,0.716357421875,0.56255859375
privilege_mlp,privilege_mlp,19,ego_speed,0.522016704082489,0.16189777851104736,0.0,0.0,0.0,0.0
privilege_mlp,privilege_mlp,19,ego_yaw_rate,-0.016700152307748795,0.1863085776567459,0.000556640625,0.0003125,0.000439453125,0.00033203125
privilege_mlp,privilege_mlp,19,relative_yaw_rate,0.0005512046627700329,0.17212463915348053,0.000126953125,0.000146484375,0.00037109375,0.000185546875
privilege_mlp,privilege_mlp,19,obb_longitudinal_clearance,0.6540974974632263,0.27455949783325195,0.0561328125,0.0,0.030830078125,0.0
privilege_mlp,privilege_mlp,19,obb_lateral_clearance,0.5077555179595947,0.29574063420295715,0.10701171875,0.0,0.03490234375,0.0
privilege_mlp,privilege_mlp,19,wall_clearance,0.7715528011322021,0.04563773795962334,8.7890625e-05,0.0,0.0,0.0
privilege_mlp,privilege_mlp,19,ego_steering_angle,-0.020726095885038376,0.21087196469306946,0.00259765625,9.765625e-05,0.000244140625,0.000224609375
privilege_mlp,privilege_mlp,19,ego_slip_angle,0.0019609772134572268,0.093465156853199,0.0,0.0,0.0,0.0
privilege_mlp,privilege_mlp,19,left_body_margin,0.9204925298690796,0.1564733386039734,0.0,0.574853515625,0.68474609375,0.5981640625
privilege_mlp,privilege_mlp,19,right_body_margin,0.8626048564910889,0.19318139553070068,0.0,0.42515625,0.534580078125,0.44830078125
privilege_mlp,privilege_mlp,19,sin_track_heading_error,0.028644338250160217,0.32881689071655273,0.0,0.0,0.0,0.0
privilege_mlp,privilege_mlp,19,cos_track_heading_error,0.9415231347084045,0.06829660385847092,0.0,0.001904296875,0.609658203125,0.289736328125
privilege_mlp,privilege_mlp,19,current_curvature,-0.023000743240118027,0.385256826877594,0.050625,0.0199609375,0.022255859375,0.0203515625
privilege_mlp,privilege_mlp,19,lookahead_mean_curvature,-0.028834722936153412,0.390300452709198,0.05564453125,0.01873046875,0.020771484375,0.01908203125
privilege_mlp,privilege_mlp,20,delta_s,-0.023041624575853348,0.39115601778030396,0.0,0.061435546875,0.06609375,0.062353515625
privilege_mlp,privilege_mlp,20,relative_lateral,0.01884225197136402,0.4100222885608673,0.043623046875,0.023662109375,0.02486328125,0.023896484375
privilege_mlp,privilege_mlp,20,relative_long_velocity,-0.1280786693096161,0.1855473518371582,0.001611328125,0.0,0.0,0.0
privilege_mlp,privilege_mlp,20,relative_lat_velocity,0.02840997278690338,0.2435225248336792,0.0,0.0,0.0,0.0
privilege_mlp,privilege_mlp,20,sin_relative_heading,0.04164895415306091,0.34092751145362854,1.953125e-05,7.8125e-05,0.016416015625,0.005615234375
privilege_mlp,privilege_mlp,20,cos_relative_heading,0.8947702050209045,0.2857358157634735,0.0,0.01966796875,0.732412109375,0.586591796875
privilege_mlp,privilege_mlp,20,ego_speed,0.520531177520752,0.16541461646556854,0.0,0.0,0.0,0.0
privilege_mlp,privilege_mlp,20,ego_yaw_rate,-0.01533374935388565,0.18087860941886902,0.001181640625,0.000126953125,0.000205078125,0.000126953125
privilege_mlp,privilege_mlp,20,relative_yaw_rate,0.007197303231805563,0.16917434334754944,0.0,0.00017578125,0.0009765625,0.000302734375
privilege_mlp,privilege_mlp,20,obb_longitudinal_clearance,0.6661746501922607,0.24932265281677246,0.038798828125,0.0,0.02875,0.0
privilege_mlp,privilege_mlp,20,obb_lateral_clearance,0.4861040413379669,0.30922189354896545,0.11974609375,0.0,0.03447265625,0.0
privilege_mlp,privilege_mlp,20,wall_clearance,0.7701644897460938,0.042223505675792694,0.0,0.0,0.0,0.0
privilege_mlp,privilege_mlp,20,ego_steering_angle,-0.018437813967466354,0.20441459119319916,0.003779296875,0.0,7.8125e-05,7.8125e-05
privilege_mlp,privilege_mlp,20,ego_slip_angle,0.0027091000229120255,0.09403253346681595,0.0,0.0,0.0,0.0
privilege_mlp,privilege_mlp,20,left_body_margin,0.9245133996009827,0.15426713228225708,0.0,0.600029296875,0.71458984375,0.625068359375
privilege_mlp,privilege_mlp,20,right_body_margin,0.846575140953064,0.20947277545928955,0.0,0.399970703125,0.516103515625,0.425400390625
privilege_mlp,privilege_mlp,20,sin_track_heading_error,0.03714548423886299,0.32491177320480347,0.0,0.0,0.0,0.0
privilege_mlp,privilege_mlp,20,cos_track_heading_error,0.9425373673439026,0.06888126581907272,0.0,0.001650390625,0.627294921875,0.32009765625
privilege_mlp,privilege_mlp,20,current_curvature,-0.01342014316469431,0.3747313320636749,0.048115234375,0.015556640625,0.017587890625,0.01583984375
privilege_mlp,privilege_mlp,20,lookahead_mean_curvature,-0.018779955804347992,0.3796955943107605,0.052255859375,0.014921875,0.01654296875,0.0153125
privilege_gru,privilege_gru / bs12800 / clip0.15,1,delta_s,-0.03858690708875656,0.3831804692745209,0.0,0.05279296875,0.0578125,0.05373046875
privilege_gru,privilege_gru / bs12800 / clip0.15,1,relative_lateral,-0.011733190156519413,0.43202710151672363,0.042119140625,0.03470703125,0.037197265625,0.0351953125
privilege_gru,privilege_gru / bs12800 / clip0.15,1,relative_long_velocity,-0.1257549226284027,0.1815650314092636,3.90625e-05,0.0,0.0,0.0
privilege_gru,privilege_gru / bs12800 / clip0.15,1,relative_lat_velocity,0.015296664088964462,0.2464214414358139,0.0,0.0,0.0,0.0
privilege_gru,privilege_gru / bs12800 / clip0.15,1,sin_relative_heading,0.01985001564025879,0.3481878340244293,1.953125e-05,9.765625e-06,0.0091796875,0.002314453125
privilege_gru,privilege_gru / bs12800 / clip0.15,1,cos_relative_heading,0.8845710754394531,0.31002676486968994,9.765625e-06,0.01578125,0.71490234375,0.55138671875
privilege_gru,privilege_gru / bs12800 / clip0.15,1,ego_speed,0.5024722814559937,0.15550093352794647,0.0,0.0,0.0,0.0
privilege_gru,privilege_gru / bs12800 / clip0.15,1,ego_yaw_rate,-0.01501957792788744,0.18244846165180206,0.00080078125,0.000185546875,0.0002734375,0.000205078125
privilege_gru,privilege_gru / bs12800 / clip0.15,1,relative_yaw_rate,0.003104428295046091,0.17121689021587372,0.000107421875,0.0005078125,0.00078125,0.00052734375
privilege_gru,privilege_gru / bs12800 / clip0.15,1,obb_longitudinal_clearance,0.6390272974967957,0.27460232377052307,0.0567578125,0.0,0.0205859375,0.0
privilege_gru,privilege_gru / bs12800 / clip0.15,1,obb_lateral_clearance,0.516420304775238,0.29515355825424194,0.099853515625,0.0,0.036357421875,0.0
privilege_gru,privilege_gru / bs12800 / clip0.15,1,wall_clearance,0.7681918144226074,0.05248052999377251,3.90625e-05,0.0,0.0,0.0
privilege_gru,privilege_gru / bs12800 / clip0.15,1,ego_steering_angle,-0.018090801313519478,0.20928266644477844,0.00216796875,0.000107421875,0.00013671875,0.000126953125
privilege_gru,privilege_gru / bs12800 / clip0.15,1,ego_slip_angle,0.002247783588245511,0.08951404690742493,0.0,0.0,0.0,0.0
privilege_gru,privilege_gru / bs12800 / clip0.15,1,left_body_margin,0.9063897728919983,0.17899273335933685,0.0,0.531328125,0.648369140625,0.556201171875
privilege_gru,privilege_gru / bs12800 / clip0.15,1,right_body_margin,0.8758354187011719,0.18756459653377533,0.0,0.468681640625,0.5808984375,0.4928125
privilege_gru,privilege_gru / bs12800 / clip0.15,1,sin_track_heading_error,0.017795654013752937,0.33275288343429565,0.0,0.0,0.0,0.0
privilege_gru,privilege_gru / bs12800 / clip0.15,1,cos_track_heading_error,0.9404789805412292,0.06720450520515442,0.0,0.00166015625,0.59552734375,0.275830078125
privilege_gru,privilege_gru / bs12800 / clip0.15,1,current_curvature,-0.014011365361511707,0.39347463846206665,0.049921875,0.02037109375,0.02294921875,0.020859375
privilege_gru,privilege_gru / bs12800 / clip0.15,1,lookahead_mean_curvature,-0.019495807588100433,0.3980698585510254,0.05484375,0.01916015625,0.021279296875,0.019638671875
privilege_gru,privilege_gru / bs12800 / clip0.15,2,delta_s,-0.043686043471097946,0.37967509031295776,0.0,0.05732421875,0.0618359375,0.05828125
privilege_gru,privilege_gru / bs12800 / clip0.15,2,relative_lateral,-0.002042172010987997,0.39056235551834106,0.02806640625,0.0305859375,0.032001953125,0.030849609375
privilege_gru,privilege_gru / bs12800 / clip0.15,2,relative_long_velocity,-0.11346334218978882,0.17004257440567017,0.001884765625,0.0,0.0,0.0
privilege_gru,privilege_gru / bs12800 / clip0.15,2,relative_lat_velocity,0.0050975908525288105,0.24587562680244446,0.0,0.00017578125,0.00025390625,0.000185546875
privilege_gru,privilege_gru / bs12800 / clip0.15,2,sin_relative_heading,0.0095395902171731,0.3487526774406433,6.8359375e-05,1.953125e-05,0.0125390625,0.003486328125
privilege_gru,privilege_gru / bs12800 / clip0.15,2,cos_relative_heading,0.9025782942771912,0.25269150733947754,0.0,0.01873046875,0.724697265625,0.588232421875
privilege_gru,privilege_gru / bs12800 / clip0.15,2,ego_speed,0.5031721591949463,0.15836624801158905,0.0,0.0,0.0,0.0
privilege_gru,privilege_gru / bs12800 / clip0.15,2,ego_yaw_rate,-0.009973273612558842,0.17805807292461395,0.000361328125,0.000283203125,0.000419921875,0.000302734375
privilege_gru,privilege_gru / bs12800 / clip0.15,2,relative_yaw_rate,0.004127282649278641,0.16788488626480103,0.0,0.000146484375,0.000283203125,0.000166015625
privilege_gru,privilege_gru / bs12800 / clip0.15,2,obb_longitudinal_clearance,0.6482464671134949,0.2648390531539917,0.045107421875,0.0,0.027548828125,0.0
privilege_gru,privilege_gru / bs12800 / clip0.15,2,obb_lateral_clearance,0.46348315477371216,0.3032180070877075,0.11568359375,0.0,0.028916015625,0.0
privilege_gru,privilege_gru / bs12800 / clip0.15,2,wall_clearance,0.7703770399093628,0.0489448681473732,9.765625e-06,0.0,0.0,0.0
privilege_gru,privilege_gru / bs12800 / clip0.15,2,ego_steering_angle,-0.012604551389813423,0.20759472250938416,0.002060546875,0.000185546875,0.0003515625,0.000322265625
privilege_gru,privilege_gru / bs12800 / clip0.15,2,ego_slip_angle,-0.0006976831937208772,0.08633336424827576,0.0,0.0,0.0,0.0
privilege_gru,privilege_gru / bs12800 / clip0.15,2,left_body_margin,0.8964784741401672,0.18771418929100037,0.0,0.499072265625,0.627724609375,0.526591796875
privilege_gru,privilege_gru / bs12800 / clip0.15,2,right_body_margin,0.8886720538139343,0.18072770535945892,0.0,0.5009375,0.612431640625,0.526650390625
privilege_gru,privilege_gru / bs12800 / clip0.15,2,sin_track_heading_error,0.010495418682694435,0.3348025977611542,0.0,0.0,0.0,0.0
privilege_gru,privilege_gru / bs12800 / clip0.15,2,cos_track_heading_error,0.939647912979126,0.07051807641983032,0.0,0.001591796875,0.6058203125,0.2921484375
privilege_gru,privilege_gru / bs12800 / clip0.15,2,current_curvature,-0.0069406479597091675,0.3857704699039459,0.04884765625,0.0232421875,0.0259765625,0.023701171875
privilege_gru,privilege_gru / bs12800 / clip0.15,2,lookahead_mean_curvature,-0.012403838336467743,0.3906327486038208,0.053408203125,0.022470703125,0.02484375,0.022998046875
privilege_gru,privilege_gru / bs12800 / clip0.15,3,delta_s,-0.003711773082613945,0.41157132387161255,0.0,0.06966796875,0.076240234375,0.07087890625
privilege_gru,privilege_gru / bs12800 / clip0.15,3,relative_lateral,-0.005626032128930092,0.4248802959918976,0.040185546875,0.031669921875,0.033955078125,0.032119140625
privilege_gru,privilege_gru / bs12800 / clip0.15,3,relative_long_velocity,-0.13811148703098297,0.18461868166923523,0.001640625,0.0,0.0,0.0
privilege_gru,privilege_gru / bs12800 / clip0.15,3,relative_lat_velocity,0.020973455160856247,0.2573646008968353,2.9296875e-05,0.0,0.0,0.0
privilege_gru,privilege_gru / bs12800 / clip0.15,3,sin_relative_heading,0.022261423990130424,0.36104816198349,0.00013671875,6.8359375e-05,0.010771484375,0.004462890625
privilege_gru,privilege_gru / bs12800 / clip0.15,3,cos_relative_heading,0.8867689371109009,0.2880897521972656,9.765625e-06,0.01560546875,0.6937109375,0.542822265625
privilege_gru,privilege_gru / bs12800 / clip0.15,3,ego_speed,0.5147976279258728,0.16175051033496857,0.0,0.0,0.0,0.0
privilege_gru,privilege_gru / bs12800 / clip0.15,3,ego_yaw_rate,-0.019211530685424805,0.18481992185115814,0.000458984375,7.8125e-05,0.000166015625,9.765625e-05
privilege_gru,privilege_gru / bs12800 / clip0.15,3,relative_yaw_rate,0.003732973011210561,0.17449279129505157,0.0,0.0003515625,0.000517578125,0.00037109375
privilege_gru,privilege_gru / bs12800 / clip0.15,3,obb_longitudinal_clearance,0.6481075286865234,0.2776692807674408,0.059091796875,0.0,0.0323828125,0.0
privilege_gru,privilege_gru / bs12800 / clip0.15,3,obb_lateral_clearance,0.5127409100532532,0.29594239592552185,0.104013671875,0.0,0.042724609375,0.0
privilege_gru,privilege_gru / bs12800 / clip0.15,3,wall_clearance,0.7696270942687988,0.05244501307606697,5.859375e-05,0.0,0.0,0.0
privilege_gru,privilege_gru / bs12800 / clip0.15,3,ego_steering_angle,-0.02318700961768627,0.21098360419273376,0.00173828125,7.8125e-05,0.000185546875,0.000166015625
privilege_gru,privilege_gru / bs12800 / clip0.15,3,ego_slip_angle,0.0022705448791384697,0.09445078670978546,0.0,0.0,0.0,0.0
privilege_gru,privilege_gru / bs12800 / clip0.15,3,left_body_margin,0.8885751962661743,0.19484299421310425,0.0,0.4900390625,0.60275390625,0.5123828125
privilege_gru,privilege_gru / bs12800 / clip0.15,3,right_body_margin,0.8860605359077454,0.17899389564990997,0.0,0.5099609375,0.604912109375,0.531806640625
privilege_gru,privilege_gru / bs12800 / clip0.15,3,sin_track_heading_error,0.006247035693377256,0.33593806624412537,0.0,0.0,0.0,0.0
privilege_gru,privilege_gru / bs12800 / clip0.15,3,cos_track_heading_error,0.9394302368164062,0.06806783378124237,0.0,0.001748046875,0.59001953125,0.277265625
privilege_gru,privilege_gru / bs12800 / clip0.15,3,current_curvature,-0.029650550335645676,0.38935336470603943,0.053740234375,0.01583984375,0.0177734375,0.016142578125
privilege_gru,privilege_gru / bs12800 / clip0.15,3,lookahead_mean_curvature,-0.0343942753970623,0.3940693438053131,0.05875,0.0153515625,0.01703125,0.015751953125
privilege_gru,privilege_gru / bs12800 / clip0.15,4,delta_s,-0.055714406073093414,0.3619222640991211,0.0,0.0463671875,0.049912109375,0.0470703125
privilege_gru,privilege_gru / bs12800 / clip0.15,4,relative_lateral,-0.06509438902139664,0.4121599495410919,0.03451171875,0.0298828125,0.031083984375,0.030126953125
privilege_gru,privilege_gru / bs12800 / clip0.15,4,relative_long_velocity,-0.1199527159333229,0.1719508171081543,0.0003515625,0.0,0.0,0.0
privilege_gru,privilege_gru / bs12800 / clip0.15,4,relative_lat_velocity,0.002978719538077712,0.2502952814102173,0.0001953125,0.0,0.0,0.0
privilege_gru,privilege_gru / bs12800 / clip0.15,4,sin_relative_heading,0.00847491342574358,0.348922461271286,4.8828125e-05,5.859375e-05,0.00791015625,0.00359375
privilege_gru,privilege_gru / bs12800 / clip0.15,4,cos_relative_heading,0.8962867856025696,0.2740439474582672,0.0,0.01625,0.718564453125,0.559072265625
privilege_gru,privilege_gru / bs12800 / clip0.15,4,ego_speed,0.507891058921814,0.16054783761501312,0.0,0.0,0.0,0.0
privilege_gru,privilege_gru / bs12800 / clip0.15,4,ego_yaw_rate,-0.013045907020568848,0.17498235404491425,0.00029296875,4.8828125e-05,9.765625e-05,4.8828125e-05
privilege_gru,privilege_gru / bs12800 / clip0.15,4,relative_yaw_rate,0.004022086970508099,0.1650080382823944,1.953125e-05,9.765625e-05,0.000166015625,0.000126953125
privilege_gru,privilege_gru / bs12800 / clip0.15,4,obb_longitudinal_clearance,0.6360476016998291,0.2752475440502167,0.05861328125,0.0,0.015830078125,0.0
privilege_gru,privilege_gru / bs12800 / clip0.15,4,obb_lateral_clearance,0.5069511532783508,0.2938768267631531,0.100166015625,0.0,0.029541015625,0.0
privilege_gru,privilege_gru / bs12800 / clip0.15,4,wall_clearance,0.7725464701652527,0.04573468491435051,0.0,0.0,0.0,0.0
privilege_gru,privilege_gru / bs12800 / clip0.15,4,ego_steering_angle,-0.01573488861322403,0.20245419442653656,0.0016015625,0.0,0.0,0.0
privilege_gru,privilege_gru / bs12800 / clip0.15,4,ego_slip_angle,0.0008533476502634585,0.08919519931077957,0.0,0.0,0.0,0.0
privilege_gru,privilege_gru / bs12800 / clip0.15,4,left_body_margin,0.8954502940177917,0.17825138568878174,0.0,0.493798828125,0.608115234375,0.5182421875
privilege_gru,privilege_gru / bs12800 / clip0.15,4,right_body_margin,0.8948987722396851,0.17130616307258606,0.0,0.5062109375,0.616748046875,0.529931640625
privilege_gru,privilege_gru / bs12800 / clip0.15,4,sin_track_heading_error,0.002974676201120019,0.33245038986206055,0.0,0.0,0.0,0.0
privilege_gru,privilege_gru / bs12800 / clip0.15,4,cos_track_heading_error,0.9407727718353271,0.06716831028461456,0.0,0.001591796875,0.599423828125,0.2712109375
privilege_gru,privilege_gru / bs12800 / clip0.15,4,current_curvature,-0.013412504456937313,0.3901093006134033,0.049609375,0.0172265625,0.019541015625,0.017568359375
privilege_gru,privilege_gru / bs12800 / clip0.15,4,lookahead_mean_curvature,-0.019633106887340546,0.39356014132499695,0.053125,0.015185546875,0.017041015625,0.0155078125
privilege_gru,privilege_gru / bs12800 / clip0.15,5,delta_s,-0.057260990142822266,0.3771374225616455,0.0,0.05421875,0.059306640625,0.055244140625
privilege_gru,privilege_gru / bs12800 / clip0.15,5,relative_lateral,0.050848111510276794,0.4072261452674866,0.023466796875,0.03287109375,0.034873046875,0.03330078125
privilege_gru,privilege_gru / bs12800 / clip0.15,5,relative_long_velocity,-0.11652126908302307,0.165810689330101,0.000126953125,0.0,0.0,0.0
privilege_gru,privilege_gru / bs12800 / clip0.15,5,relative_lat_velocity,-0.0001868920517154038,0.25585705041885376,0.000322265625,0.0,0.0,0.0
privilege_gru,privilege_gru / bs12800 / clip0.15,5,sin_relative_heading,0.002375807845965028,0.35147616267204285,2.9296875e-05,9.765625e-06,0.0101171875,0.003369140625
privilege_gru,privilege_gru / bs12800 / clip0.15,5,cos_relative_heading,0.9048090577125549,0.24081562459468842,0.0,0.0171875,0.71533203125,0.555517578125
privilege_gru,privilege_gru / bs12800 / clip0.15,5,ego_speed,0.5082585215568542,0.16101214289665222,0.0,0.0,0.0,0.0
privilege_gru,privilege_gru / bs12800 / clip0.15,5,ego_yaw_rate,-0.016462579369544983,0.17758214473724365,0.000390625,3.90625e-05,6.8359375e-05,4.8828125e-05
privilege_gru,privilege_gru / bs12800 / clip0.15,5,relative_yaw_rate,0.002333951648324728,0.16426678001880646,1.953125e-05,9.765625e-06,9.765625e-05,1.953125e-05
privilege_gru,privilege_gru / bs12800 / clip0.15,5,obb_longitudinal_clearance,0.6414077877998352,0.27888306975364685,0.05892578125,0.0,0.026875,0.0
privilege_gru,privilege_gru / bs12800 / clip0.15,5,obb_lateral_clearance,0.5169625282287598,0.29066202044487,0.1041796875,0.0,0.0291796875,0.0
privilege_gru,privilege_gru / bs12800 / clip0.15,5,wall_clearance,0.7701026201248169,0.0516846589744091,5.859375e-05,0.0,0.0,0.0
privilege_gru,privilege_gru / bs12800 / clip0.15,5,ego_steering_angle,-0.019498931244015694,0.20500098168849945,0.001435546875,9.765625e-06,4.8828125e-05,4.8828125e-05
privilege_gru,privilege_gru / bs12800 / clip0.15,5,ego_slip_angle,0.0015915196854621172,0.08793654292821884,0.0,2.9296875e-05,7.8125e-05,3.90625e-05
privilege_gru,privilege_gru / bs12800 / clip0.15,5,left_body_margin,0.9142058491706848,0.1740165650844574,0.0,0.554072265625,0.669765625,0.577763671875
privilege_gru,privilege_gru / bs12800 / clip0.15,5,right_body_margin,0.8650920391082764,0.19030806422233582,0.0,0.445947265625,0.54533203125,0.469453125
privilege_gru,privilege_gru / bs12800 / clip0.15,5,sin_track_heading_error,0.02642066404223442,0.32984068989753723,0.0,0.0,0.0,0.0
privilege_gru,privilege_gru / bs12800 / clip0.15,5,cos_track_heading_error,0.9410914778709412,0.0701582133769989,0.0,0.002001953125,0.611044921875,0.30744140625
privilege_gru,privilege_gru / bs12800 / clip0.15,5,current_curvature,-0.0187099426984787,0.38591039180755615,0.050224609375,0.015888671875,0.01798828125,0.01623046875
privilege_gru,privilege_gru / bs12800 / clip0.15,5,lookahead_mean_curvature,-0.024578185752034187,0.39062708616256714,0.05443359375,0.0148046875,0.016572265625,0.015146484375
privilege_gru,privilege_gru / bs12800 / clip0.15,6,delta_s,-0.04882979393005371,0.38802507519721985,0.0,0.061884765625,0.066328125,0.06271484375
privilege_gru,privilege_gru / bs12800 / clip0.15,6,relative_lateral,-0.0219139214605093,0.4055880308151245,0.034921875,0.02310546875,0.025048828125,0.0234765625
privilege_gru,privilege_gru / bs12800 / clip0.15,6,relative_long_velocity,-0.12093044072389603,0.17824195325374603,0.0,0.0,0.0,0.0
privilege_gru,privilege_gru / bs12800 / clip0.15,6,relative_lat_velocity,0.02503899298608303,0.23906102776527405,0.0,0.0,0.0,0.0
privilege_gru,privilege_gru / bs12800 / clip0.15,6,sin_relative_heading,0.03965733200311661,0.3484022915363312,4.8828125e-05,3.90625e-05,0.013779296875,0.005556640625
privilege_gru,privilege_gru / bs12800 / clip0.15,6,cos_relative_heading,0.8959435820579529,0.27300363779067993,0.0,0.01650390625,0.724365234375,0.55654296875
privilege_gru,privilege_gru / bs12800 / clip0.15,6,ego_speed,0.4987344741821289,0.16063843667507172,0.0,0.0,0.0,0.0
privilege_gru,privilege_gru / bs12800 / clip0.15,6,ego_yaw_rate,-0.015032441355288029,0.17528191208839417,0.00046875,0.000341796875,0.000400390625,0.0003515625
privilege_gru,privilege_gru / bs12800 / clip0.15,6,relative_yaw_rate,0.0029664377216249704,0.16664986312389374,0.00017578125,0.000263671875,0.000478515625,0.0003125
privilege_gru,privilege_gru / bs12800 / clip0.15,6,obb_longitudinal_clearance,0.6503609418869019,0.273917019367218,0.057587890625,0.0,0.033154296875,0.0
privilege_gru,privilege_gru / bs12800 / clip0.15,6,obb_lateral_clearance,0.48509854078292847,0.2995297908782959,0.10837890625,0.0,0.025791015625,0.0
privilege_gru,privilege_gru / bs12800 / clip0.15,6,wall_clearance,0.774512767791748,0.042361512780189514,3.90625e-05,0.0,0.0,0.0
privilege_gru,privilege_gru / bs12800 / clip0.15,6,ego_steering_angle,-0.016646485775709152,0.20299427211284637,0.001875,4.8828125e-05,0.00017578125,0.00015625
privilege_gru,privilege_gru / bs12800 / clip0.15,6,ego_slip_angle,0.004548346623778343,0.08426526188850403,0.0,0.0,0.0,0.0
privilege_gru,privilege_gru / bs12800 / clip0.15,6,left_body_margin,0.9219488501548767,0.1491270214319229,0.0,0.53791015625,0.668486328125,0.5649609375
privilege_gru,privilege_gru / bs12800 / clip0.15,6,right_body_margin,0.8798321485519409,0.18574412167072296,0.0,0.46208984375,0.580322265625,0.4887890625
privilege_gru,privilege_gru / bs12800 / clip0.15,6,sin_track_heading_error,0.02085491642355919,0.3279927670955658,0.0,0.0,0.0,0.0
privilege_gru,privilege_gru / bs12800 / clip0.15,6,cos_track_heading_error,0.9420823454856873,0.06752008944749832,0.0,0.001650390625,0.61826171875,0.30185546875
privilege_gru,privilege_gru / bs12800 / clip0.15,6,current_curvature,-0.010569407604634762,0.37895435094833374,0.047197265625,0.018701171875,0.02091796875,0.01904296875
privilege_gru,privilege_gru / bs12800 / clip0.15,6,lookahead_mean_curvature,-0.015796523541212082,0.38272640109062195,0.051123046875,0.01765625,0.019521484375,0.018017578125
privilege_gru,privilege_gru / bs12800 / clip0.15,7,delta_s,-0.04547791928052902,0.3888523578643799,0.0,0.05083984375,0.056728515625,0.051884765625
privilege_gru,privilege_gru / bs12800 / clip0.15,7,relative_lateral,-0.040385227650403976,0.39936619997024536,0.041005859375,0.0215625,0.02298828125,0.02185546875
privilege_gru,privilege_gru / bs12800 / clip0.15,7,relative_long_velocity,-0.11863698810338974,0.17452256381511688,0.000810546875,0.0,0.0,0.0
privilege_gru,privilege_gru / bs12800 / clip0.15,7,relative_lat_velocity,0.02444337122142315,0.24312278628349304,0.000234375,0.000283203125,0.000322265625,0.00029296875
privilege_gru,privilege_gru / bs12800 / clip0.15,7,sin_relative_heading,0.03896978497505188,0.3486167788505554,2.9296875e-05,8.7890625e-05,0.016455078125,0.00650390625
privilege_gru,privilege_gru / bs12800 / clip0.15,7,cos_relative_heading,0.8948260545730591,0.2765342891216278,0.0,0.016728515625,0.72126953125,0.56287109375
privilege_gru,privilege_gru / bs12800 / clip0.15,7,ego_speed,0.5073708891868591,0.1611354500055313,0.0,0.0,0.0,0.0
privilege_gru,privilege_gru / bs12800 / clip0.15,7,ego_yaw_rate,-0.01704307645559311,0.1739882081747055,0.000234375,9.765625e-05,0.000166015625,0.000107421875
privilege_gru,privilege_gru / bs12800 / clip0.15,7,relative_yaw_rate,0.00253179669380188,0.16838715970516205,0.00015625,3.90625e-05,0.00013671875,5.859375e-05
privilege_gru,privilege_gru / bs12800 / clip0.15,7,obb_longitudinal_clearance,0.6526591777801514,0.26836466789245605,0.053984375,0.0,0.02400390625,0.0
privilege_gru,privilege_gru / bs12800 / clip0.15,7,obb_lateral_clearance,0.4805273711681366,0.2966690957546234,0.118125,0.0,0.027080078125,0.0
privilege_gru,privilege_gru / bs12800 / clip0.15,7,wall_clearance,0.7709593772888184,0.04849415645003319,6.8359375e-05,0.0,0.0,0.0
privilege_gru,privilege_gru / bs12800 / clip0.15,7,ego_steering_angle,-0.020501310005784035,0.2028326839208603,0.001728515625,0.0,0.0,0.0
privilege_gru,privilege_gru / bs12800 / clip0.15,7,ego_slip_angle,0.0029691094532608986,0.08463705331087112,0.0,0.0,0.0,0.0
privilege_gru,privilege_gru / bs12800 / clip0.15,7,left_body_margin,0.9132401943206787,0.16753000020980835,0.0,0.554599609375,0.664326171875,0.57833984375
privilege_gru,privilege_gru / bs12800 / clip0.15,7,right_body_margin,0.873020350933075,0.1857251077890396,0.0,0.445400390625,0.551474609375,0.468115234375
privilege_gru,privilege_gru / bs12800 / clip0.15,7,sin_track_heading_error,0.016058873385190964,0.3247111141681671,0.0,0.0,0.0,0.0
privilege_gru,privilege_gru / bs12800 / clip0.15,7,cos_track_heading_error,0.9431549310684204,0.069184809923172,0.0,0.00169921875,0.62587890625,0.315380859375
privilege_gru,privilege_gru / bs12800 / clip0.15,7,current_curvature,-0.022415341809391975,0.3798637390136719,0.05060546875,0.016357421875,0.018349609375,0.016689453125
privilege_gru,privilege_gru / bs12800 / clip0.15,7,lookahead_mean_curvature,-0.0271760206669569,0.38522475957870483,0.054755859375,0.016005859375,0.0176953125,0.016328125
privilege_gru,privilege_gru / bs12800 / clip0.15,8,delta_s,-0.05413318797945976,0.38315892219543457,0.0,0.059638671875,0.064892578125,0.06060546875
privilege_gru,privilege_gru / bs12800 / clip0.15,8,relative_lateral,0.015644995495676994,0.4180351197719574,0.037001953125,0.037353515625,0.038251953125,0.037490234375
privilege_gru,privilege_gru / bs12800 / clip0.15,8,relative_long_velocity,-0.11616934835910797,0.17796555161476135,0.001845703125,0.0,0.0,0.0
privilege_gru,privilege_gru / bs12800 / clip0.15,8,relative_lat_velocity,-0.010780323296785355,0.24927200376987457,0.00017578125,0.0,0.0,0.0
privilege_gru,privilege_gru / bs12800 / clip0.15,8,sin_relative_heading,-0.01688116043806076,0.3478756546974182,6.8359375e-05,1.953125e-05,0.008310546875,0.002333984375
privilege_gru,privilege_gru / bs12800 / clip0.15,8,cos_relative_heading,0.8868103623390198,0.30408698320388794,1.953125e-05,0.020947265625,0.716162109375,0.582333984375
privilege_gru,privilege_gru / bs12800 / clip0.15,8,ego_speed,0.5031018257141113,0.1564628779888153,0.0,0.0,0.0,0.0
privilege_gru,privilege_gru / bs12800 / clip0.15,8,ego_yaw_rate,-0.024428000673651695,0.1756405234336853,0.000546875,3.90625e-05,8.7890625e-05,3.90625e-05
privilege_gru,privilege_gru / bs12800 / clip0.15,8,relative_yaw_rate,0.002425801707431674,0.1668606400489807,7.8125e-05,0.000283203125,0.00056640625,0.000361328125
privilege_gru,privilege_gru / bs12800 / clip0.15,8,obb_longitudinal_clearance,0.6446683406829834,0.2743743062019348,0.058115234375,0.0,0.017978515625,0.0
privilege_gru,privilege_gru / bs12800 / clip0.15,8,obb_lateral_clearance,0.49952536821365356,0.30434948205947876,0.109052734375,0.0,0.04583984375,0.0
privilege_gru,privilege_gru / bs12800 / clip0.15,8,wall_clearance,0.7729113698005676,0.04406147450208664,4.8828125e-05,0.0,0.0,0.0
privilege_gru,privilege_gru / bs12800 / clip0.15,8,ego_steering_angle,-0.030501713976264,0.2071503847837448,0.0037109375,0.0,1.953125e-05,1.953125e-05
privilege_gru,privilege_gru / bs12800 / clip0.15,8,ego_slip_angle,0.003400457790121436,0.08509279787540436,0.0,0.0,0.0,0.0
privilege_gru,privilege_gru / bs12800 / clip0.15,8,left_body_margin,0.9208821058273315,0.15748809278011322,0.0,0.568193359375,0.69009765625,0.594296875
privilege_gru,privilege_gru / bs12800 / clip0.15,8,right_body_margin,0.8741717338562012,0.17878921329975128,0.0,0.43181640625,0.55015625,0.458046875
privilege_gru,privilege_gru / bs12800 / clip0.15,8,sin_track_heading_error,0.020721692591905594,0.32654809951782227,0.0,0.0,0.0,0.0
privilege_gru,privilege_gru / bs12800 / clip0.15,8,cos_track_heading_error,0.942551851272583,0.06785453110933304,0.0,0.00162109375,0.623212890625,0.29658203125
privilege_gru,privilege_gru / bs12800 / clip0.15,8,current_curvature,-0.042743802070617676,0.3746294677257538,0.0559375,0.01482421875,0.016513671875,0.015078125
privilege_gru,privilege_gru / bs12800 / clip0.15,8,lookahead_mean_curvature,-0.049584679305553436,0.37820664048194885,0.059990234375,0.013173828125,0.014677734375,0.013515625
privilege_gru,privilege_gru / bs12800 / clip0.15,9,delta_s,-0.06920410692691803,0.3793167173862457,0.0,0.052333984375,0.056494140625,0.05314453125
privilege_gru,privilege_gru / bs12800 / clip0.15,9,relative_lateral,-0.03258326277136803,0.41112807393074036,0.037138671875,0.022841796875,0.0237890625,0.0230078125
privilege_gru,privilege_gru / bs12800 / clip0.15,9,relative_long_velocity,-0.11188162118196487,0.17072269320487976,0.000556640625,0.0,0.0,0.0
privilege_gru,privilege_gru / bs12800 / clip0.15,9,relative_lat_velocity,0.026466351002454758,0.25312724709510803,0.000263671875,0.0,0.000146484375,0.0
privilege_gru,privilege_gru / bs12800 / clip0.15,9,sin_relative_heading,0.038719914853572845,0.33989882469177246,7.8125e-05,1.953125e-05,0.00912109375,0.004091796875
privilege_gru,privilege_gru / bs12800 / clip0.15,9,cos_relative_heading,0.9030274748802185,0.260245680809021,0.0,0.016103515625,0.7182421875,0.5524609375
privilege_gru,privilege_gru / bs12800 / clip0.15,9,ego_speed,0.5124698877334595,0.15313492715358734,0.0,0.0,0.0,0.0
privilege_gru,privilege_gru / bs12800 / clip0.15,9,ego_yaw_rate,-0.006211461964994669,0.17169061303138733,0.000380859375,0.00015625,0.000302734375,0.000185546875
privilege_gru,privilege_gru / bs12800 / clip0.15,9,relative_yaw_rate,0.00131452817004174,0.16323865950107574,1.953125e-05,0.000244140625,0.000380859375,0.00025390625
privilege_gru,privilege_gru / bs12800 / clip0.15,9,obb_longitudinal_clearance,0.6485276818275452,0.27862125635147095,0.057646484375,0.0,0.024638671875,0.0
privilege_gru,privilege_gru / bs12800 / clip0.15,9,obb_lateral_clearance,0.5167100429534912,0.28327879309654236,0.095966796875,0.0,0.025556640625,0.0
privilege_gru,privilege_gru / bs12800 / clip0.15,9,wall_clearance,0.7702553272247314,0.047271303832530975,0.0001171875,0.0,0.0,0.0
privilege_gru,privilege_gru / bs12800 / clip0.15,9,ego_steering_angle,-0.006935562938451767,0.19634471833705902,0.001904296875,0.00017578125,0.0003515625,0.00033203125
privilege_gru,privilege_gru / bs12800 / clip0.15,9,ego_slip_angle,-0.00041737203719094396,0.08579685539007187,0.0,0.0,0.0,0.0
privilege_gru,privilege_gru / bs12800 / clip0.15,9,left_body_margin,0.9064213633537292,0.17340870201587677,0.0,0.540859375,0.657626953125,0.56669921875
privilege_gru,privilege_gru / bs12800 / clip0.15,9,right_body_margin,0.8754364848136902,0.18838509917259216,0.0,0.459140625,0.5653515625,0.482177734375
privilege_gru,privilege_gru / bs12800 / clip0.15,9,sin_track_heading_error,0.01800120435655117,0.3278976380825043,0.0,0.0,0.0,0.0
privilege_gru,privilege_gru / bs12800 / clip0.15,9,cos_track_heading_error,0.9421376585960388,0.06771180778741837,0.0,0.00173828125,0.613642578125,0.3091015625
privilege_gru,privilege_gru / bs12800 / clip0.15,9,current_curvature,0.005885803606361151,0.37925082445144653,0.042109375,0.020234375,0.02248046875,0.02060546875
privilege_gru,privilege_gru / bs12800 / clip0.15,9,lookahead_mean_curvature,0.003386907046660781,0.3816199004650116,0.04490234375,0.018837890625,0.02076171875,0.0192578125
privilege_gru,privilege_gru / bs12800 / clip0.15,10,delta_s,-0.05246301740407944,0.3923368752002716,0.0,0.05978515625,0.064716796875,0.0607421875
privilege_gru,privilege_gru / bs12800 / clip0.15,10,relative_lateral,0.010775319300591946,0.4157569706439972,0.032373046875,0.025888671875,0.02701171875,0.0260546875
privilege_gru,privilege_gru / bs12800 / clip0.15,10,relative_long_velocity,-0.11757180839776993,0.16899392008781433,0.001005859375,0.0,0.0,0.0
privilege_gru,privilege_gru / bs12800 / clip0.15,10,relative_lat_velocity,0.004158657044172287,0.25493887066841125,0.0,0.0,7.8125e-05,0.0
privilege_gru,privilege_gru / bs12800 / clip0.15,10,sin_relative_heading,0.0077453674748539925,0.35025113821029663,0.000107421875,0.0,0.009716796875,0.003603515625
privilege_gru,privilege_gru / bs12800 / clip0.15,10,cos_relative_heading,0.9043717980384827,0.24415168166160583,0.0,0.017705078125,0.724326171875,0.575498046875
privilege_gru,privilege_gru / bs12800 / clip0.15,10,ego_speed,0.5111832618713379,0.15392573177814484,0.0,0.0,0.0,0.0
privilege_gru,privilege_gru / bs12800 / clip0.15,10,ego_yaw_rate,-0.015066422522068024,0.1805717647075653,0.00056640625,6.8359375e-05,9.765625e-05,7.8125e-05
privilege_gru,privilege_gru / bs12800 / clip0.15,10,relative_yaw_rate,0.001398035092279315,0.1699485331773758,0.0,0.00013671875,0.00033203125,0.000146484375
privilege_gru,privilege_gru / bs12800 / clip0.15,10,obb_longitudinal_clearance,0.6459715366363525,0.28303447365760803,0.05916015625,0.0,0.027861328125,0.0
privilege_gru,privilege_gru / bs12800 / clip0.15,10,obb_lateral_clearance,0.5137847661972046,0.29144033789634705,0.10123046875,0.0,0.028017578125,0.0
privilege_gru,privilege_gru / bs12800 / clip0.15,10,wall_clearance,0.7723772525787354,0.046919677406549454,1.953125e-05,0.0,0.0,0.0
privilege_gru,privilege_gru / bs12800 / clip0.15,10,ego_steering_angle,-0.017499305307865143,0.20674142241477966,0.002158203125,4.8828125e-05,0.00013671875,0.000126953125
privilege_gru,privilege_gru / bs12800 / clip0.15,10,ego_slip_angle,0.0026127954479306936,0.08737967908382416,0.0,0.0,0.0,0.0
privilege_gru,privilege_gru / bs12800 / clip0.15,10,left_body_margin,0.9233552813529968,0.15798206627368927,0.0,0.58197265625,0.697890625,0.606953125
privilege_gru,privilege_gru / bs12800 / clip0.15,10,right_body_margin,0.8622934818267822,0.1910235583782196,0.0,0.41802734375,0.52505859375,0.44322265625
privilege_gru,privilege_gru / bs12800 / clip0.15,10,sin_track_heading_error,0.03185424953699112,0.32632023096084595,0.0,0.0,0.0,0.0
privilege_gru,privilege_gru / bs12800 / clip0.15,10,cos_track_heading_error,0.9423252940177917,0.06767066568136215,0.0,0.0019921875,0.63048828125,0.2960546875
privilege_gru,privilege_gru / bs12800 / clip0.15,10,current_curvature,-0.016272759065032005,0.3835943043231964,0.0495703125,0.019453125,0.0218359375,0.019814453125
privilege_gru,privilege_gru / bs12800 / clip0.15,10,lookahead_mean_curvature,-0.02252349816262722,0.38882318139076233,0.05328125,0.018984375,0.02111328125,0.019423828125
privilege_gru,privilege_gru / bs12800 / clip0.15,11,delta_s,-0.05751170963048935,0.3661351203918457,0.0,0.0433203125,0.04763671875,0.04419921875
privilege_gru,privilege_gru / bs12800 / clip0.15,11,relative_lateral,0.0015850524650886655,0.41082435846328735,0.03119140625,0.031142578125,0.033046875,0.031552734375
privilege_gru,privilege_gru / bs12800 / clip0.15,11,relative_long_velocity,-0.11155159026384354,0.16335414350032806,0.00087890625,0.0,0.0,0.0
privilege_gru,privilege_gru / bs12800 / clip0.15,11,relative_lat_velocity,-0.0044815419241786,0.24822767078876495,4.8828125e-05,0.0,0.0,0.0
privilege_gru,privilege_gru / bs12800 / clip0.15,11,sin_relative_heading,-0.007839847356081009,0.3462466895580292,7.8125e-05,3.90625e-05,0.0063671875,0.00283203125
privilege_gru,privilege_gru / bs12800 / clip0.15,11,cos_relative_heading,0.9035453200340271,0.25271621346473694,0.0,0.017353515625,0.72126953125,0.55990234375
privilege_gru,privilege_gru / bs12800 / clip0.15,11,ego_speed,0.5025901794433594,0.1563374549150467,0.0,0.0,0.0,0.0
privilege_gru,privilege_gru / bs12800 / clip0.15,11,ego_yaw_rate,-0.013589246198534966,0.17701579630374908,0.000439453125,0.000302734375,0.0004296875,0.000302734375
privilege_gru,privilege_gru / bs12800 / clip0.15,11,relative_yaw_rate,0.003979220520704985,0.16675585508346558,0.000107421875,0.00029296875,0.0005078125,0.000361328125
privilege_gru,privilege_gru / bs12800 / clip0.15,11,obb_longitudinal_clearance,0.6493710279464722,0.26776063442230225,0.052099609375,0.0,0.01591796875,0.0
privilege_gru,privilege_gru / bs12800 / clip0.15,11,obb_lateral_clearance,0.49173298478126526,0.3039851486682892,0.115859375,0.0,0.02591796875,0.0
privilege_gru,privilege_gru / bs12800 / clip0.15,11,wall_clearance,0.7717258930206299,0.044663138687610626,2.9296875e-05,0.0,0.0,0.0
privilege_gru,privilege_gru / bs12800 / clip0.15,11,ego_steering_angle,-0.018568862229585648,0.20726099610328674,0.003212890625,8.7890625e-05,0.000185546875,0.00017578125
privilege_gru,privilege_gru / bs12800 / clip0.15,11,ego_slip_angle,-0.0007719672285020351,0.08783255517482758,0.0,0.0,0.0,0.0
privilege_gru,privilege_gru / bs12800 / clip0.15,11,left_body_margin,0.92206871509552,0.15298746526241302,0.0,0.556552734375,0.6843359375,0.583212890625
privilege_gru,privilege_gru / bs12800 / clip0.15,11,right_body_margin,0.8742179870605469,0.18538206815719604,0.0,0.443466796875,0.56072265625,0.4694140625
privilege_gru,privilege_gru / bs12800 / clip0.15,11,sin_track_heading_error,0.02006206288933754,0.3257947266101837,0.0,0.0,0.0,0.0
privilege_gru,privilege_gru / bs12800 / clip0.15,11,cos_track_heading_error,0.942871630191803,0.06732530146837234,0.0,0.00169921875,0.62765625,0.292978515625
privilege_gru,privilege_gru / bs12800 / clip0.15,11,current_curvature,-0.015977321192622185,0.38571158051490784,0.047607421875,0.019736328125,0.0220703125,0.020087890625
privilege_gru,privilege_gru / bs12800 / clip0.15,11,lookahead_mean_curvature,-0.019636070355772972,0.38983985781669617,0.05123046875,0.01919921875,0.021298828125,0.0196875
privilege_gru,privilege_gru / bs12800 / clip0.15,12,delta_s,-0.04881678894162178,0.3908883333206177,0.0,0.06123046875,0.066240234375,0.062177734375
privilege_gru,privilege_gru / bs12800 / clip0.15,12,relative_lateral,0.02344181016087532,0.39588463306427,0.03580078125,0.026376953125,0.0275390625,0.026513671875
privilege_gru,privilege_gru / bs12800 / clip0.15,12,relative_long_velocity,-0.1163376048207283,0.17740516364574432,0.00046875,0.0,0.0,0.0
privilege_gru,privilege_gru / bs12800 / clip0.15,12,relative_lat_velocity,0.011202624998986721,0.22839055955410004,0.0,0.000283203125,0.000322265625,0.00029296875
privilege_gru,privilege_gru / bs12800 / clip0.15,12,sin_relative_heading,0.021691180765628815,0.34047389030456543,5.859375e-05,0.0001171875,0.01130859375,0.005673828125
privilege_gru,privilege_gru / bs12800 / clip0.15,12,cos_relative_heading,0.8947754502296448,0.28847232460975647,0.0,0.020068359375,0.7384765625,0.59865234375
privilege_gru,privilege_gru / bs12800 / clip0.15,12,ego_speed,0.4949868321418762,0.16169075667858124,0.0,0.0,0.0,0.0
privilege_gru,privilege_gru / bs12800 / clip0.15,12,ego_yaw_rate,-0.020781051367521286,0.17185865342617035,0.00064453125,5.859375e-05,8.7890625e-05,5.859375e-05
privilege_gru,privilege_gru / bs12800 / clip0.15,12,relative_yaw_rate,0.0011518470710143447,0.160648912191391,0.0,0.0001953125,0.00041015625,0.000244140625
privilege_gru,privilege_gru / bs12800 / clip0.15,12,obb_longitudinal_clearance,0.6533557176589966,0.26608338952064514,0.0464453125,0.0,0.027236328125,0.0
privilege_gru,privilege_gru / bs12800 / clip0.15,12,obb_lateral_clearance,0.4779261648654938,0.2972698509693146,0.113486328125,0.0,0.03232421875,0.0
privilege_gru,privilege_gru / bs12800 / clip0.15,12,wall_clearance,0.772828221321106,0.046100810170173645,1.953125e-05,0.0,0.0,0.0
privilege_gru,privilege_gru / bs12800 / clip0.15,12,ego_steering_angle,-0.024301083758473396,0.2020396739244461,0.00189453125,1.953125e-05,6.8359375e-05,5.859375e-05
privilege_gru,privilege_gru / bs12800 / clip0.15,12,ego_slip_angle,0.005099650472402573,0.07866114377975464,0.0,0.0,0.0,0.0
privilege_gru,privilege_gru / bs12800 / clip0.15,12,left_body_margin,0.9312397837638855,0.1408262401819229,0.0,0.580419921875,0.70181640625,0.605537109375
privilege_gru,privilege_gru / bs12800 / clip0.15,12,right_body_margin,0.8587602972984314,0.19445514678955078,0.0,0.41958984375,0.5276171875,0.4442578125
privilege_gru,privilege_gru / bs12800 / clip0.15,12,sin_track_heading_error,0.03473159670829773,0.3253471255302429,0.0,0.0,0.0,0.0
privilege_gru,privilege_gru / bs12800 / clip0.15,12,cos_track_heading_error,0.9425707459449768,0.06743520498275757,0.0,0.001513671875,0.61775390625,0.301748046875
privilege_gru,privilege_gru / bs12800 / clip0.15,12,current_curvature,-0.028782110661268234,0.3734540641307831,0.053984375,0.017900390625,0.019990234375,0.018291015625
privilege_gru,privilege_gru / bs12800 / clip0.15,12,lookahead_mean_curvature,-0.034568484872579575,0.3792062997817993,0.05798828125,0.016962890625,0.018798828125,0.01734375
privilege_gru,privilege_gru / bs12800 / clip0.15,13,delta_s,-0.07587727904319763,0.3474826514720917,0.0,0.037939453125,0.04234375,0.038759765625
privilege_gru,privilege_gru / bs12800 / clip0.15,13,relative_lateral,-0.05881567299365997,0.3930234909057617,0.0355078125,0.016171875,0.01728515625,0.01626953125
privilege_gru,privilege_gru / bs12800 / clip0.15,13,relative_long_velocity,-0.10810477286577225,0.16755886375904083,0.00091796875,0.0,0.0,0.0
privilege_gru,privilege_gru / bs12800 / clip0.15,13,relative_lat_velocity,0.02253137156367302,0.23754417896270752,0.000166015625,0.0,0.0,0.0
privilege_gru,privilege_gru / bs12800 / clip0.15,13,sin_relative_heading,0.03589434549212456,0.32695651054382324,2.9296875e-05,2.9296875e-05,0.0134375,0.002294921875
privilege_gru,privilege_gru / bs12800 / clip0.15,13,cos_relative_heading,0.9051659107208252,0.26962968707084656,1.953125e-05,0.01720703125,0.746201171875,0.5845703125
privilege_gru,privilege_gru / bs12800 / clip0.15,13,ego_speed,0.5057339668273926,0.15232619643211365,0.0,0.0,0.0,0.0
privilege_gru,privilege_gru / bs12800 / clip0.15,13,ego_yaw_rate,-0.014043106697499752,0.17454743385314941,0.000302734375,7.8125e-05,0.00013671875,9.765625e-05
privilege_gru,privilege_gru / bs12800 / clip0.15,13,relative_yaw_rate,0.004188509192317724,0.16195984184741974,2.9296875e-05,0.0,0.000146484375,0.0
privilege_gru,privilege_gru / bs12800 / clip0.15,13,obb_longitudinal_clearance,0.6198297142982483,0.28589364886283875,0.066943359375,0.0,0.0119921875,0.0
privilege_gru,privilege_gru / bs12800 / clip0.15,13,obb_lateral_clearance,0.5035360455513,0.2837764024734497,0.09251953125,0.0,0.029228515625,0.0
privilege_gru,privilege_gru / bs12800 / clip0.15,13,wall_clearance,0.771078884601593,0.05044994503259659,9.765625e-05,0.0,0.0,0.0
privilege_gru,privilege_gru / bs12800 / clip0.15,13,ego_steering_angle,-0.01571951061487198,0.19924014806747437,0.001220703125,0.0,2.9296875e-05,2.9296875e-05
privilege_gru,privilege_gru / bs12800 / clip0.15,13,ego_slip_angle,0.0029572579078376293,0.0852055549621582,0.0,0.0,0.0,0.0
privilege_gru,privilege_gru / bs12800 / clip0.15,13,left_body_margin,0.9052993655204773,0.17537084221839905,0.0,0.531904296875,0.64681640625,0.5569140625
privilege_gru,privilege_gru / bs12800 / clip0.15,13,right_body_margin,0.880871593952179,0.18234431743621826,0.0,0.468125,0.5778515625,0.4923828125
privilege_gru,privilege_gru / bs12800 / clip0.15,13,sin_track_heading_error,0.0139205576851964,0.33126401901245117,0.0,0.0,0.0,0.0
privilege_gru,privilege_gru / bs12800 / clip0.15,13,cos_track_heading_error,0.9409926533699036,0.06846985965967178,0.0,0.0016015625,0.615234375,0.28787109375
privilege_gru,privilege_gru / bs12800 / clip0.15,13,current_curvature,-0.012074042111635208,0.37748220562934875,0.048037109375,0.01630859375,0.018271484375,0.01666015625
privilege_gru,privilege_gru / bs12800 / clip0.15,13,lookahead_mean_curvature,-0.01862255670130253,0.3813876807689667,0.051875,0.014970703125,0.0166796875,0.015380859375
privilege_gru,privilege_gru / bs12800 / clip0.15,14,delta_s,-0.08437316119670868,0.335470050573349,0.0,0.03361328125,0.03689453125,0.03427734375
privilege_gru,privilege_gru / bs12800 / clip0.15,14,relative_lateral,-0.008426337502896786,0.39730697870254517,0.024951171875,0.023935546875,0.025595703125,0.0241796875
privilege_gru,privilege_gru / bs12800 / clip0.15,14,relative_long_velocity,-0.10203181207180023,0.15738271176815033,0.001083984375,0.0,0.0,0.0
privilege_gru,privilege_gru / bs12800 / clip0.15,14,relative_lat_velocity,-2.5451243345742114e-05,0.26167210936546326,0.0,0.0,0.0,0.0
privilege_gru,privilege_gru / bs12800 / clip0.15,14,sin_relative_heading,-0.006915680132806301,0.35044747591018677,3.90625e-05,6.8359375e-05,0.009072265625,0.004130859375
privilege_gru,privilege_gru / bs12800 / clip0.15,14,cos_relative_heading,0.9074771404266357,0.23199602961540222,0.0,0.01728515625,0.708134765625,0.536953125
privilege_gru,privilege_gru / bs12800 / clip0.15,14,ego_speed,0.498890221118927,0.15509991347789764,0.0,0.0,0.0,0.0
privilege_gru,privilege_gru / bs12800 / clip0.15,14,ego_yaw_rate,-0.019314274191856384,0.18067003786563873,0.00037109375,0.0003125,0.000380859375,0.00033203125
privilege_gru,privilege_gru / bs12800 / clip0.15,14,relative_yaw_rate,0.00387495756149292,0.17245252430438995,0.000234375,8.7890625e-05,0.000234375,8.7890625e-05
privilege_gru,privilege_gru / bs12800 / clip0.15,14,obb_longitudinal_clearance,0.632411003112793,0.2713259756565094,0.05412109375,0.0,0.009755859375,0.0
privilege_gru,privilege_gru / bs12800 / clip0.15,14,obb_lateral_clearance,0.48592185974121094,0.30182141065597534,0.118994140625,0.0,0.019560546875,0.0
privilege_gru,privilege_gru / bs12800 / clip0.15,14,wall_clearance,0.7700837850570679,0.04610252380371094,0.0,0.0,0.0,0.0
privilege_gru,privilege_gru / bs12800 / clip0.15,14,ego_steering_angle,-0.02508307248353958,0.21335433423519135,0.0028515625,9.765625e-05,0.000224609375,0.000185546875
privilege_gru,privilege_gru / bs12800 / clip0.15,14,ego_slip_angle,0.0010618452215567231,0.09019371122121811,0.0,0.0,0.0,0.0
privilege_gru,privilege_gru / bs12800 / clip0.15,14,left_body_margin,0.9030551314353943,0.18373069167137146,0.0,0.5233203125,0.652158203125,0.55076171875
privilege_gru,privilege_gru / bs12800 / clip0.15,14,right_body_margin,0.8873701691627502,0.17411741614341736,0.0,0.476689453125,0.5919921875,0.50337890625
privilege_gru,privilege_gru / bs12800 / clip0.15,14,sin_track_heading_error,0.009320317767560482,0.3312607407569885,0.0,0.0,0.0,0.0
privilege_gru,privilege_gru / bs12800 / clip0.15,14,cos_track_heading_error,0.9409825205802917,0.06931659579277039,0.0,0.00171875,0.6053125,0.298271484375
privilege_gru,privilege_gru / bs12800 / clip0.15,14,current_curvature,-0.033417195081710815,0.39375704526901245,0.05296875,0.013212890625,0.015244140625,0.0134765625
privilege_gru,privilege_gru / bs12800 / clip0.15,14,lookahead_mean_curvature,-0.03948031738400459,0.39944255352020264,0.058134765625,0.013740234375,0.0151953125,0.0140625
privilege_gru,privilege_gru / bs12800 / clip0.15,15,delta_s,-0.05467826500535011,0.37014394998550415,0.0,0.04962890625,0.05462890625,0.05056640625
privilege_gru,privilege_gru / bs12800 / clip0.15,15,relative_lateral,0.0083511583507061,0.404901921749115,0.0365625,0.025166015625,0.0276171875,0.02560546875
privilege_gru,privilege_gru / bs12800 / clip0.15,15,relative_long_velocity,-0.11523652821779251,0.1769847720861435,0.000693359375,0.0,0.0,0.0
privilege_gru,privilege_gru / bs12800 / clip0.15,15,relative_lat_velocity,0.013668891973793507,0.26211661100387573,0.0001171875,0.000166015625,0.000244140625,0.000185546875
privilege_gru,privilege_gru / bs12800 / clip0.15,15,sin_relative_heading,0.018163485452532768,0.3539338707923889,2.9296875e-05,4.8828125e-05,0.01224609375,0.005283203125
privilege_gru,privilege_gru / bs12800 / clip0.15,15,cos_relative_heading,0.8917238116264343,0.28184974193573,0.0,0.016376953125,0.706533203125,0.53669921875
privilege_gru,privilege_gru / bs12800 / clip0.15,15,ego_speed,0.5051756501197815,0.15775300562381744,0.0,0.0,0.0,0.0
privilege_gru,privilege_gru / bs12800 / clip0.15,15,ego_yaw_rate,-0.013107415288686752,0.17863470315933228,0.000341796875,9.765625e-05,0.000244140625,0.000146484375
privilege_gru,privilege_gru / bs12800 / clip0.15,15,relative_yaw_rate,0.0059682647697627544,0.17079678177833557,2.9296875e-05,0.00017578125,0.000634765625,0.0002734375
privilege_gru,privilege_gru / bs12800 / clip0.15,15,obb_longitudinal_clearance,0.6376546621322632,0.2731018364429474,0.05427734375,0.0,0.029365234375,0.0
privilege_gru,privilege_gru / bs12800 / clip0.15,15,obb_lateral_clearance,0.48337244987487793,0.2985215187072754,0.11224609375,0.0,0.024072265625,0.0
privilege_gru,privilege_gru / bs12800 / clip0.15,15,wall_clearance,0.771879255771637,0.04474417120218277,0.000146484375,0.0,0.0,0.0
privilege_gru,privilege_gru / bs12800 / clip0.15,15,ego_steering_angle,-0.015925122424960136,0.2053794264793396,0.001796875,4.8828125e-05,0.00013671875,0.0001171875
privilege_gru,privilege_gru / bs12800 / clip0.15,15,ego_slip_angle,0.0015333436895161867,0.0908740907907486,0.0,0.0,0.0,0.0
privilege_gru,privilege_gru / bs12800 / clip0.15,15,left_body_margin,0.9145172238349915,0.154765784740448,0.0,0.54115234375,0.655068359375,0.56623046875
privilege_gru,privilege_gru / bs12800 / clip0.15,15,right_body_margin,0.8744310140609741,0.19176296889781952,0.0,0.45884765625,0.571279296875,0.484140625
privilege_gru,privilege_gru / bs12800 / clip0.15,15,sin_track_heading_error,0.017797941341996193,0.33064013719558716,0.0,0.0,0.0,0.0
privilege_gru,privilege_gru / bs12800 / clip0.15,15,cos_track_heading_error,0.9411097764968872,0.06862715631723404,0.0,0.00197265625,0.610625,0.30033203125
privilege_gru,privilege_gru / bs12800 / clip0.15,15,current_curvature,-0.012148493900895119,0.3927564322948456,0.042568359375,0.022734375,0.025458984375,0.023212890625
privilege_gru,privilege_gru / bs12800 / clip0.15,15,lookahead_mean_curvature,-0.016774103045463562,0.39680391550064087,0.047685546875,0.021376953125,0.0237109375,0.021865234375
privilege_gru,privilege_gru / bs12800 / clip0.15,16,delta_s,-0.033032383769750595,0.4028608202934265,0.0,0.064306640625,0.069599609375,0.06537109375
privilege_gru,privilege_gru / bs12800 / clip0.15,16,relative_lateral,0.021533358842134476,0.4192739725112915,0.032080078125,0.040400390625,0.042802734375,0.040791015625
privilege_gru,privilege_gru / bs12800 / clip0.15,16,relative_long_velocity,-0.12421038746833801,0.1658593714237213,0.0004296875,0.0,0.0,0.0
privilege_gru,privilege_gru / bs12800 / clip0.15,16,relative_lat_velocity,0.00103710126131773,0.2552175521850586,0.000361328125,0.0,0.0,0.0
privilege_gru,privilege_gru / bs12800 / clip0.15,16,sin_relative_heading,0.0018687406554818153,0.3572576642036438,0.00017578125,1.953125e-05,0.009287109375,0.00220703125
privilege_gru,privilege_gru / bs12800 / clip0.15,16,cos_relative_heading,0.9070637226104736,0.22321292757987976,0.0,0.018583984375,0.70888671875,0.5605859375
privilege_gru,privilege_gru / bs12800 / clip0.15,16,ego_speed,0.5103044509887695,0.16282030940055847,0.0,0.0,0.0,0.0
privilege_gru,privilege_gru / bs12800 / clip0.15,16,ego_yaw_rate,-0.01396707072854042,0.17336925864219666,0.000439453125,0.0001171875,0.000185546875,0.00013671875
privilege_gru,privilege_gru / bs12800 / clip0.15,16,relative_yaw_rate,-0.001394663006067276,0.16654729843139648,0.000107421875,6.8359375e-05,0.000244140625,9.765625e-05
privilege_gru,privilege_gru / bs12800 / clip0.15,16,obb_longitudinal_clearance,0.6638426780700684,0.2655460834503174,0.051552734375,0.0,0.034765625,0.0
privilege_gru,privilege_gru / bs12800 / clip0.15,16,obb_lateral_clearance,0.4920670986175537,0.3022952377796173,0.11390625,0.0,0.03494140625,0.0
privilege_gru,privilege_gru / bs12800 / clip0.15,16,wall_clearance,0.7732164263725281,0.0491439551115036,0.00015625,0.0,0.0,0.0
privilege_gru,privilege_gru / bs12800 / clip0.15,16,ego_steering_angle,-0.016275441274046898,0.2015220820903778,0.00177734375,7.8125e-05,0.000224609375,0.0001953125
privilege_gru,privilege_gru / bs12800 / clip0.15,16,ego_slip_angle,0.002069381531327963,0.0867738276720047,0.0,0.0,0.0,0.0
privilege_gru,privilege_gru / bs12800 / clip0.15,16,left_body_margin,0.9203994274139404,0.15937486290931702,0.0,0.56326171875,0.6848828125,0.588701171875
privilege_gru,privilege_gru / bs12800 / clip0.15,16,right_body_margin,0.8747375011444092,0.18273228406906128,0.0,0.436748046875,0.551083984375,0.46134765625
privilege_gru,privilege_gru / bs12800 / clip0.15,16,sin_track_heading_error,0.022081246599555016,0.32624563574790955,0.0,0.0,0.0,0.0
privilege_gru,privilege_gru / bs12800 / clip0.15,16,cos_track_heading_error,0.9425607919692993,0.06861211359500885,0.0,0.001865234375,0.627265625,0.3040234375
privilege_gru,privilege_gru / bs12800 / clip0.15,16,current_curvature,-0.014574429951608181,0.38296017050743103,0.047890625,0.0177734375,0.020078125,0.018173828125
privilege_gru,privilege_gru / bs12800 / clip0.15,16,lookahead_mean_curvature,-0.020457088947296143,0.38688021898269653,0.05193359375,0.01642578125,0.018134765625,0.016796875
privilege_gru,privilege_gru / bs12800 / clip0.15,17,delta_s,-0.01671142503619194,0.3925330638885498,0.0,0.06001953125,0.064892578125,0.060947265625
privilege_gru,privilege_gru / bs12800 / clip0.15,17,relative_lateral,0.014530186541378498,0.4133600890636444,0.035419921875,0.0305078125,0.032861328125,0.030947265625
privilege_gru,privilege_gru / bs12800 / clip0.15,17,relative_long_velocity,-0.13034018874168396,0.17657499015331268,0.0,0.0,0.0,0.0
privilege_gru,privilege_gru / bs12800 / clip0.15,17,relative_lat_velocity,0.00320665561594069,0.2506423592567444,0.0,0.0,0.0,0.0
privilege_gru,privilege_gru / bs12800 / clip0.15,17,sin_relative_heading,0.0035562715493142605,0.3518030047416687,2.9296875e-05,4.8828125e-05,0.01095703125,0.003662109375
privilege_gru,privilege_gru / bs12800 / clip0.15,17,cos_relative_heading,0.8908339142799377,0.2878269553184509,9.765625e-06,0.018486328125,0.72583984375,0.583583984375
privilege_gru,privilege_gru / bs12800 / clip0.15,17,ego_speed,0.5227403044700623,0.15703028440475464,0.0,0.0,0.0,0.0
privilege_gru,privilege_gru / bs12800 / clip0.15,17,ego_yaw_rate,-0.0169204194098711,0.17897643148899078,0.00037109375,7.8125e-05,9.765625e-05,7.8125e-05
privilege_gru,privilege_gru / bs12800 / clip0.15,17,relative_yaw_rate,0.0031139464117586613,0.16931910812854767,0.0,0.0006640625,0.00107421875,0.00072265625
privilege_gru,privilege_gru / bs12800 / clip0.15,17,obb_longitudinal_clearance,0.640404462814331,0.2812547981739044,0.05919921875,0.0,0.0323828125,0.0
privilege_gru,privilege_gru / bs12800 / clip0.15,17,obb_lateral_clearance,0.5051941275596619,0.2930213510990143,0.105888671875,0.0,0.030537109375,0.0
privilege_gru,privilege_gru / bs12800 / clip0.15,17,wall_clearance,0.7740371227264404,0.04297174513339996,0.0,0.0,0.0,0.0
privilege_gru,privilege_gru / bs12800 / clip0.15,17,ego_steering_angle,-0.02151777222752571,0.20661596953868866,0.0025390625,7.8125e-05,0.000107421875,9.765625e-05
privilege_gru,privilege_gru / bs12800 / clip0.15,17,ego_slip_angle,0.0013134353794157505,0.08964038640260696,0.0,0.0,0.0,0.0
privilege_gru,privilege_gru / bs12800 / clip0.15,17,left_body_margin,0.920681357383728,0.15490473806858063,0.0,0.561171875,0.680185546875,0.586376953125
privilege_gru,privilege_gru / bs12800 / clip0.15,17,right_body_margin,0.8693484663963318,0.1885540783405304,0.0,0.438828125,0.551357421875,0.463564453125
privilege_gru,privilege_gru / bs12800 / clip0.15,17,sin_track_heading_error,0.02598121389746666,0.3302707374095917,0.0,0.0,0.0,0.0
privilege_gru,privilege_gru / bs12800 / clip0.15,17,cos_track_heading_error,0.9410350322723389,0.06869059056043625,0.0,0.00154296875,0.613935546875,0.302646484375
privilege_gru,privilege_gru / bs12800 / clip0.15,17,current_curvature,-0.022866489365696907,0.3744950592517853,0.0501953125,0.01716796875,0.0191015625,0.0174609375
privilege_gru,privilege_gru / bs12800 / clip0.15,17,lookahead_mean_curvature,-0.027670249342918396,0.3777931332588196,0.053515625,0.016630859375,0.0183203125,0.0169921875
privilege_gru,privilege_gru / bs12800 / clip0.15,18,delta_s,0.04348795488476753,0.4246489703655243,0.0,0.087353515625,0.09390625,0.088583984375
privilege_gru,privilege_gru / bs12800 / clip0.15,18,relative_lateral,-0.05167095363140106,0.44524112343788147,0.058623046875,0.04048828125,0.041923828125,0.04080078125
privilege_gru,privilege_gru / bs12800 / clip0.15,18,relative_long_velocity,-0.1575234830379486,0.2063778042793274,0.0020703125,0.0,0.0,0.0
privilege_gru,privilege_gru / bs12800 / clip0.15,18,relative_lat_velocity,0.020394187420606613,0.2415015548467636,0.0,0.0,0.0,0.0
privilege_gru,privilege_gru / bs12800 / clip0.15,18,sin_relative_heading,0.039223812520504,0.37166815996170044,5.859375e-05,5.859375e-05,0.01623046875,0.005947265625
privilege_gru,privilege_gru / bs12800 / clip0.15,18,cos_relative_heading,0.8521562814712524,0.36645132303237915,1.953125e-05,0.014775390625,0.68787109375,0.52806640625
privilege_gru,privilege_gru / bs12800 / clip0.15,18,ego_speed,0.5090910792350769,0.16532887518405914,0.0,0.0,0.0,0.0
privilege_gru,privilege_gru / bs12800 / clip0.15,18,ego_yaw_rate,-0.01953875459730625,0.18100617825984955,0.0004296875,0.000341796875,0.000498046875,0.000380859375
privilege_gru,privilege_gru / bs12800 / clip0.15,18,relative_yaw_rate,0.006190071813762188,0.17509016394615173,8.7890625e-05,0.00041015625,0.000947265625,0.0005078125
privilege_gru,privilege_gru / bs12800 / clip0.15,18,obb_longitudinal_clearance,0.6389482617378235,0.28064048290252686,0.058515625,0.0,0.03755859375,0.0
privilege_gru,privilege_gru / bs12800 / clip0.15,18,obb_lateral_clearance,0.508377730846405,0.3052584230899811,0.107021484375,0.0,0.05224609375,0.0
privilege_gru,privilege_gru / bs12800 / clip0.15,18,wall_clearance,0.773719072341919,0.0413052923977375,5.859375e-05,0.0,0.0,0.0
privilege_gru,privilege_gru / bs12800 / clip0.15,18,ego_steering_angle,-0.025743689388036728,0.20877529680728912,0.00234375,9.765625e-06,0.0001171875,9.765625e-05
privilege_gru,privilege_gru / bs12800 / clip0.15,18,ego_slip_angle,0.0017756414599716663,0.09257642179727554,0.0,0.0,0.0,0.0
privilege_gru,privilege_gru / bs12800 / clip0.15,18,left_body_margin,0.9211586117744446,0.15038040280342102,0.0,0.5723828125,0.685380859375,0.597421875
privilege_gru,privilege_gru / bs12800 / clip0.15,18,right_body_margin,0.8788220882415771,0.17787203192710876,0.0,0.4276171875,0.549833984375,0.453662109375
privilege_gru,privilege_gru / bs12800 / clip0.15,18,sin_track_heading_error,0.015877947211265564,0.32760313153266907,0.0,0.0,0.0,0.0
privilege_gru,privilege_gru / bs12800 / clip0.15,18,cos_track_heading_error,0.9423452615737915,0.06694816052913666,0.0,0.001884765625,0.609794921875,0.29642578125
privilege_gru,privilege_gru / bs12800 / clip0.15,18,current_curvature,-0.03228474780917168,0.387163907289505,0.05205078125,0.016953125,0.018828125,0.017255859375
privilege_gru,privilege_gru / bs12800 / clip0.15,18,lookahead_mean_curvature,-0.03631998226046562,0.3907051086425781,0.055908203125,0.01560546875,0.017451171875,0.016015625
privilege_gru,privilege_gru / bs12800 / clip0.15,19,delta_s,-0.013682072050869465,0.4056568741798401,0.0,0.071298828125,0.0766015625,0.072373046875
privilege_gru,privilege_gru / bs12800 / clip0.15,19,relative_lateral,-0.0037032482214272022,0.4128159284591675,0.035615234375,0.030615234375,0.03208984375,0.03083984375
privilege_gru,privilege_gru / bs12800 / clip0.15,19,relative_long_velocity,-0.13127011060714722,0.18355880677700043,0.0003515625,0.0,0.0,0.0
privilege_gru,privilege_gru / bs12800 / clip0.15,19,relative_lat_velocity,0.013445117510855198,0.24784237146377563,0.0,0.000458984375,0.0005859375,0.00048828125
privilege_gru,privilege_gru / bs12800 / clip0.15,19,sin_relative_heading,0.024840040132403374,0.34981852769851685,2.9296875e-05,6.8359375e-05,0.01515625,0.00546875
privilege_gru,privilege_gru / bs12800 / clip0.15,19,cos_relative_heading,0.8922044634819031,0.285003125667572,0.0,0.018544921875,0.73220703125,0.58650390625
privilege_gru,privilege_gru / bs12800 / clip0.15,19,ego_speed,0.5177675485610962,0.15974308550357819,0.0,0.0,0.0,0.0
privilege_gru,privilege_gru / bs12800 / clip0.15,19,ego_yaw_rate,-0.015809865668416023,0.1818551868200302,0.000673828125,0.000283203125,0.000380859375,0.00029296875
privilege_gru,privilege_gru / bs12800 / clip0.15,19,relative_yaw_rate,0.001802340499125421,0.1703890711069107,9.765625e-06,0.000234375,0.0003515625,0.000263671875
privilege_gru,privilege_gru / bs12800 / clip0.15,19,obb_longitudinal_clearance,0.6499243378639221,0.2784968316555023,0.059169921875,0.0,0.03974609375,0.0
privilege_gru,privilege_gru / bs12800 / clip0.15,19,obb_lateral_clearance,0.49893561005592346,0.2943563163280487,0.102119140625,0.0,0.0311328125,0.0
privilege_gru,privilege_gru / bs12800 / clip0.15,19,wall_clearance,0.7728312015533447,0.04381917044520378,0.0,0.0,0.0,0.0
privilege_gru,privilege_gru / bs12800 / clip0.15,19,ego_steering_angle,-0.018564676865935326,0.20569610595703125,0.001689453125,1.953125e-05,0.000126953125,0.0001171875
privilege_gru,privilege_gru / bs12800 / clip0.15,19,ego_slip_angle,0.002463239710777998,0.0916588082909584,0.0,0.0,0.0,0.0
privilege_gru,privilege_gru / bs12800 / clip0.15,19,left_body_margin,0.9241603016853333,0.15171456336975098,0.0,0.581845703125,0.69498046875,0.60705078125
privilege_gru,privilege_gru / bs12800 / clip0.15,19,right_body_margin,0.8684139847755432,0.18654951453208923,0.0,0.418154296875,0.536728515625,0.44314453125
privilege_gru,privilege_gru / bs12800 / clip0.15,19,sin_track_heading_error,0.025153355672955513,0.3268163204193115,0.0,0.0,0.0,0.0
privilege_gru,privilege_gru / bs12800 / clip0.15,19,cos_track_heading_error,0.9423245191574097,0.06817512959241867,0.0,0.001650390625,0.62703125,0.30767578125
privilege_gru,privilege_gru / bs12800 / clip0.15,19,current_curvature,-0.01727551966905594,0.3833523392677307,0.048447265625,0.021416015625,0.023818359375,0.021806640625
privilege_gru,privilege_gru / bs12800 / clip0.15,19,lookahead_mean_curvature,-0.023644864559173584,0.3869619071483612,0.053076171875,0.01923828125,0.0214453125,0.019736328125
privilege_gru,privilege_gru / bs12800 / clip0.15,20,delta_s,-0.00951959379017353,0.4080370366573334,0.0,0.066884765625,0.072392578125,0.067998046875
privilege_gru,privilege_gru / bs12800 / clip0.15,20,relative_lateral,-0.018493492156267166,0.43064650893211365,0.0484765625,0.02931640625,0.030458984375,0.029443359375
privilege_gru,privilege_gru / bs12800 / clip0.15,20,relative_long_velocity,-0.13978777825832367,0.19708041846752167,0.000185546875,0.0,0.0,0.0
privilege_gru,privilege_gru / bs12800 / clip0.15,20,relative_lat_velocity,0.028044672682881355,0.2559548020362854,0.0,0.0,0.0,0.0
privilege_gru,privilege_gru / bs12800 / clip0.15,20,sin_relative_heading,0.04165935516357422,0.36498281359672546,5.859375e-05,1.953125e-05,0.01806640625,0.006142578125
privilege_gru,privilege_gru / bs12800 / clip0.15,20,cos_relative_heading,0.8653376698493958,0.3412751257419586,0.0,0.018349609375,0.699384765625,0.551455078125
privilege_gru,privilege_gru / bs12800 / clip0.15,20,ego_speed,0.5248145461082458,0.1581822633743286,0.0,0.0,0.0,0.0
privilege_gru,privilege_gru / bs12800 / clip0.15,20,ego_yaw_rate,-0.01712700165808201,0.18703094124794006,0.000654296875,0.000400390625,0.000556640625,0.0004296875
privilege_gru,privilege_gru / bs12800 / clip0.15,20,relative_yaw_rate,0.00591991376131773,0.17707782983779907,0.00015625,0.000146484375,0.00044921875,0.00021484375
privilege_gru,privilege_gru / bs12800 / clip0.15,20,obb_longitudinal_clearance,0.6565878391265869,0.27202314138412476,0.052412109375,0.0,0.028408203125,0.0
privilege_gru,privilege_gru / bs12800 / clip0.15,20,obb_lateral_clearance,0.5151455402374268,0.3012489974498749,0.11033203125,0.0,0.038505859375,0.0
privilege_gru,privilege_gru / bs12800 / clip0.15,20,wall_clearance,0.7709059715270996,0.04877619445323944,7.8125e-05,0.0,0.0,0.0
privilege_gru,privilege_gru / bs12800 / clip0.15,20,ego_steering_angle,-0.020462220534682274,0.21035811305046082,0.00267578125,8.7890625e-05,0.0003515625,0.0003125
privilege_gru,privilege_gru / bs12800 / clip0.15,20,ego_slip_angle,0.002722139935940504,0.09437110275030136,0.0,0.0,0.0,0.0
privilege_gru,privilege_gru / bs12800 / clip0.15,20,left_body_margin,0.908785879611969,0.17046838998794556,0.0,0.541826171875,0.652978515625,0.5655078125
privilege_gru,privilege_gru / bs12800 / clip0.15,20,right_body_margin,0.8716335892677307,0.19217097759246826,0.0,0.458173828125,0.5641796875,0.4812890625
privilege_gru,privilege_gru / bs12800 / clip0.15,20,sin_track_heading_error,0.020951520651578903,0.3280385136604309,0.0,0.0,0.0,0.0
privilege_gru,privilege_gru / bs12800 / clip0.15,20,cos_track_heading_error,0.9419245719909668,0.06940802186727524,0.0,0.0017578125,0.622265625,0.31509765625
privilege_gru,privilege_gru / bs12800 / clip0.15,20,current_curvature,-0.020326517522335052,0.38530534505844116,0.053544921875,0.016982421875,0.019140625,0.017421875
privilege_gru,privilege_gru / bs12800 / clip0.15,20,lookahead_mean_curvature,-0.024411769583821297,0.389927476644516,0.057548828125,0.016650390625,0.018466796875,0.017060546875
batch_25600,privilege_gru / bs25600,1,delta_s,-0.03858690708875656,0.3831804692745209,0.0,0.05279296875,0.0578125,0.05373046875
batch_25600,privilege_gru / bs25600,1,relative_lateral,-0.011733190156519413,0.43202710151672363,0.042119140625,0.03470703125,0.037197265625,0.0351953125
batch_25600,privilege_gru / bs25600,1,relative_long_velocity,-0.1257549226284027,0.1815650314092636,3.90625e-05,0.0,0.0,0.0
batch_25600,privilege_gru / bs25600,1,relative_lat_velocity,0.015296664088964462,0.2464214414358139,0.0,0.0,0.0,0.0
batch_25600,privilege_gru / bs25600,1,sin_relative_heading,0.01985001564025879,0.3481878340244293,1.953125e-05,9.765625e-06,0.0091796875,0.002314453125
batch_25600,privilege_gru / bs25600,1,cos_relative_heading,0.8845710754394531,0.31002676486968994,9.765625e-06,0.01578125,0.71490234375,0.55138671875
batch_25600,privilege_gru / bs25600,1,ego_speed,0.5024722814559937,0.15550093352794647,0.0,0.0,0.0,0.0
batch_25600,privilege_gru / bs25600,1,ego_yaw_rate,-0.01501957792788744,0.18244846165180206,0.00080078125,0.000185546875,0.0002734375,0.000205078125
batch_25600,privilege_gru / bs25600,1,relative_yaw_rate,0.003104428295046091,0.17121689021587372,0.000107421875,0.0005078125,0.00078125,0.00052734375
batch_25600,privilege_gru / bs25600,1,obb_longitudinal_clearance,0.6390272974967957,0.27460232377052307,0.0567578125,0.0,0.0205859375,0.0
batch_25600,privilege_gru / bs25600,1,obb_lateral_clearance,0.516420304775238,0.29515355825424194,0.099853515625,0.0,0.036357421875,0.0
batch_25600,privilege_gru / bs25600,1,wall_clearance,0.7681918144226074,0.05248052999377251,3.90625e-05,0.0,0.0,0.0
batch_25600,privilege_gru / bs25600,1,ego_steering_angle,-0.018090801313519478,0.20928266644477844,0.00216796875,0.000107421875,0.00013671875,0.000126953125
batch_25600,privilege_gru / bs25600,1,ego_slip_angle,0.002247783588245511,0.08951404690742493,0.0,0.0,0.0,0.0
batch_25600,privilege_gru / bs25600,1,left_body_margin,0.9063897728919983,0.17899273335933685,0.0,0.531328125,0.648369140625,0.556201171875
batch_25600,privilege_gru / bs25600,1,right_body_margin,0.8758354187011719,0.18756459653377533,0.0,0.468681640625,0.5808984375,0.4928125
batch_25600,privilege_gru / bs25600,1,sin_track_heading_error,0.017795654013752937,0.33275288343429565,0.0,0.0,0.0,0.0
batch_25600,privilege_gru / bs25600,1,cos_track_heading_error,0.9404789805412292,0.06720450520515442,0.0,0.00166015625,0.59552734375,0.275830078125
batch_25600,privilege_gru / bs25600,1,current_curvature,-0.014011365361511707,0.39347463846206665,0.049921875,0.02037109375,0.02294921875,0.020859375
batch_25600,privilege_gru / bs25600,1,lookahead_mean_curvature,-0.019495807588100433,0.3980698585510254,0.05484375,0.01916015625,0.021279296875,0.019638671875
batch_25600,privilege_gru / bs25600,2,delta_s,-0.048682525753974915,0.3724215626716614,0.0,0.051171875,0.055390625,0.05201171875
batch_25600,privilege_gru / bs25600,2,relative_lateral,-0.0009646675898693502,0.389649361371994,0.030810546875,0.028837890625,0.030634765625,0.029267578125
batch_25600,privilege_gru / bs25600,2,relative_long_velocity,-0.11188168823719025,0.17261247336864471,0.001708984375,0.0,0.0,0.0
batch_25600,privilege_gru / bs25600,2,relative_lat_velocity,0.006204149220138788,0.24583542346954346,0.0,0.000166015625,0.00025390625,0.0001953125
batch_25600,privilege_gru / bs25600,2,sin_relative_heading,0.008279699832201004,0.3449195921421051,2.9296875e-05,9.765625e-06,0.011806640625,0.00384765625
batch_25600,privilege_gru / bs25600,2,cos_relative_heading,0.9019839763641357,0.26005226373672485,0.0,0.0191796875,0.7284765625,0.592509765625
batch_25600,privilege_gru / bs25600,2,ego_speed,0.5004774332046509,0.15742127597332,0.0,0.0,0.0,0.0
batch_25600,privilege_gru / bs25600,2,ego_yaw_rate,-0.011393287219107151,0.17824435234069824,0.000283203125,0.00033203125,0.00044921875,0.0003515625
batch_25600,privilege_gru / bs25600,2,relative_yaw_rate,0.00585465133190155,0.16672031581401825,0.0,0.0001171875,0.000390625,0.00013671875
batch_25600,privilege_gru / bs25600,2,obb_longitudinal_clearance,0.6456814408302307,0.2638729214668274,0.047607421875,0.0,0.02388671875,0.0
batch_25600,privilege_gru / bs25600,2,obb_lateral_clearance,0.4550739526748657,0.30545806884765625,0.12076171875,0.0,0.0307421875,0.0
batch_25600,privilege_gru / bs25600,2,wall_clearance,0.7710041999816895,0.04562806338071823,2.9296875e-05,0.0,0.0,0.0
batch_25600,privilege_gru / bs25600,2,ego_steering_angle,-0.014852352440357208,0.20766405761241913,0.002080078125,0.000185546875,0.000341796875,0.0003125
batch_25600,privilege_gru / bs25600,2,ego_slip_angle,-0.0008536641835235059,0.08750570565462112,0.0,0.0,0.0,0.0
batch_25600,privilege_gru / bs25600,2,left_body_margin,0.9002153873443604,0.1815599501132965,0.0,0.50427734375,0.640517578125,0.533505859375
batch_25600,privilege_gru / bs25600,2,right_body_margin,0.8875546455383301,0.18355609476566315,0.0,0.49572265625,0.615830078125,0.523828125
batch_25600,privilege_gru / bs25600,2,sin_track_heading_error,0.009898101910948753,0.3353593945503235,0.0,0.0,0.0,0.0
batch_25600,privilege_gru / bs25600,2,cos_track_heading_error,0.9394615888595581,0.07022181153297424,0.0,0.001328125,0.60025390625,0.295380859375
batch_25600,privilege_gru / bs25600,2,current_curvature,-0.009735636413097382,0.38439229130744934,0.0493359375,0.02228515625,0.024833984375,0.02275390625
batch_25600,privilege_gru / bs25600,2,lookahead_mean_curvature,-0.016001157462596893,0.38996654748916626,0.05435546875,0.021416015625,0.023759765625,0.0219140625
batch_25600,privilege_gru / bs25600,3,delta_s,0.016431260854005814,0.4227350056171417,0.0,0.077578125,0.084931640625,0.078916015625
batch_25600,privilege_gru / bs25600,3,relative_lateral,0.0022943224757909775,0.43236660957336426,0.04484375,0.033564453125,0.034873046875,0.033857421875
batch_25600,privilege_gru / bs25600,3,relative_long_velocity,-0.14228160679340363,0.18739700317382812,0.00150390625,0.0,0.0,0.0
batch_25600,privilege_gru / bs25600,3,relative_lat_velocity,0.025166857987642288,0.2566177248954773,0.0,0.0,0.0,0.0
batch_25600,privilege_gru / bs25600,3,sin_relative_heading,0.03134121745824814,0.36234065890312195,5.859375e-05,3.90625e-05,0.0124609375,0.005341796875
batch_25600,privilege_gru / bs25600,3,cos_relative_heading,0.8820540904998779,0.2998324930667877,0.0,0.016142578125,0.694443359375,0.540107421875
batch_25600,privilege_gru / bs25600,3,ego_speed,0.5207788348197937,0.1611729860305786,0.0,0.0,0.0,0.0
batch_25600,privilege_gru / bs25600,3,ego_yaw_rate,-0.019488979130983353,0.18311993777751923,0.000634765625,0.0001171875,0.00013671875,0.0001171875
batch_25600,privilege_gru / bs25600,3,relative_yaw_rate,0.0029907890129834414,0.17218004167079926,9.765625e-06,8.7890625e-05,0.000224609375,8.7890625e-05
batch_25600,privilege_gru / bs25600,3,obb_longitudinal_clearance,0.6502551436424255,0.2801973819732666,0.060576171875,0.0,0.03806640625,0.0
batch_25600,privilege_gru / bs25600,3,obb_lateral_clearance,0.5189131498336792,0.2956574559211731,0.103134765625,0.0,0.04470703125,0.0
batch_25600,privilege_gru / bs25600,3,wall_clearance,0.7692713141441345,0.051876265555620193,7.8125e-05,0.0,0.0,0.0
batch_25600,privilege_gru / bs25600,3,ego_steering_angle,-0.023751240223646164,0.20918789505958557,0.001845703125,6.8359375e-05,0.000166015625,0.000146484375
batch_25600,privilege_gru / bs25600,3,ego_slip_angle,0.0025767055340111256,0.09367123246192932,0.0,0.0,0.0,0.0
batch_25600,privilege_gru / bs25600,3,left_body_margin,0.9068257808685303,0.18156999349594116,0.0,0.5405078125,0.65634765625,0.563857421875
batch_25600,privilege_gru / bs25600,3,right_body_margin,0.8685856461524963,0.19479702413082123,0.0,0.459501953125,0.559326171875,0.48181640625
batch_25600,privilege_gru / bs25600,3,sin_track_heading_error,0.01921086013317108,0.33429309725761414,0.0,0.0,0.0,0.0
batch_25600,privilege_gru / bs25600,3,cos_track_heading_error,0.9398193359375,0.0685470923781395,0.0,0.00177734375,0.598681640625,0.2870703125
batch_25600,privilege_gru / bs25600,3,current_curvature,-0.030128413811326027,0.3855879008769989,0.053037109375,0.01541015625,0.017236328125,0.015693359375
batch_25600,privilege_gru / bs25600,3,lookahead_mean_curvature,-0.0348174162209034,0.3896917700767517,0.05724609375,0.014755859375,0.01630859375,0.01505859375
batch_25600,privilege_gru / bs25600,4,delta_s,-0.0634976476430893,0.3609839081764221,0.0,0.048515625,0.05203125,0.049208984375
batch_25600,privilege_gru / bs25600,4,relative_lateral,-0.06950324028730392,0.40945401787757874,0.039853515625,0.02501953125,0.02638671875,0.02525390625
batch_25600,privilege_gru / bs25600,4,relative_long_velocity,-0.1207037940621376,0.1789366602897644,0.0003515625,0.0,0.0,0.0
batch_25600,privilege_gru / bs25600,4,relative_lat_velocity,0.006372367963194847,0.24891026318073273,0.000224609375,0.0,0.0,0.0
batch_25600,privilege_gru / bs25600,4,sin_relative_heading,0.015847478061914444,0.3538936972618103,5.859375e-05,1.953125e-05,0.009443359375,0.0041796875
batch_25600,privilege_gru / bs25600,4,cos_relative_heading,0.8868163824081421,0.2970748841762543,1.953125e-05,0.015380859375,0.71490234375,0.55125
batch_25600,privilege_gru / bs25600,4,ego_speed,0.5023172497749329,0.15934094786643982,0.0,0.0,0.0,0.0
batch_25600,privilege_gru / bs25600,4,ego_yaw_rate,-0.014162156730890274,0.17862893640995026,0.000556640625,0.000234375,0.00029296875,0.000234375
batch_25600,privilege_gru / bs25600,4,relative_yaw_rate,0.005492225755006075,0.16995325684547424,2.9296875e-05,4.8828125e-05,0.00015625,5.859375e-05
batch_25600,privilege_gru / bs25600,4,obb_longitudinal_clearance,0.637047290802002,0.2713126838207245,0.054921875,0.0,0.019296875,0.0
batch_25600,privilege_gru / bs25600,4,obb_lateral_clearance,0.501911461353302,0.2974990904331207,0.1094921875,0.0,0.027802734375,0.0
batch_25600,privilege_gru / bs25600,4,wall_clearance,0.7727034091949463,0.04380747675895691,3.90625e-05,0.0,0.0,0.0
batch_25600,privilege_gru / bs25600,4,ego_steering_angle,-0.01734147220849991,0.20665277540683746,0.001533203125,9.765625e-06,5.859375e-05,4.8828125e-05
batch_25600,privilege_gru / bs25600,4,ego_slip_angle,0.0008955385419540107,0.08886536210775375,0.0,0.0,0.0,0.0
batch_25600,privilege_gru / bs25600,4,left_body_margin,0.901333749294281,0.17289811372756958,0.0,0.508427734375,0.6254296875,0.5337890625
batch_25600,privilege_gru / bs25600,4,right_body_margin,0.8922328352928162,0.17598338425159454,0.0,0.49158203125,0.606669921875,0.516396484375
batch_25600,privilege_gru / bs25600,4,sin_track_heading_error,0.0049118841998279095,0.33365175127983093,0.0,0.0,0.0,0.0
batch_25600,privilege_gru / bs25600,4,cos_track_heading_error,0.9402623176574707,0.06793893128633499,0.0,0.00171875,0.59943359375,0.26626953125
batch_25600,privilege_gru / bs25600,4,current_curvature,-0.012898667715489864,0.3935931324958801,0.051279296875,0.018486328125,0.02095703125,0.018876953125
batch_25600,privilege_gru / bs25600,4,lookahead_mean_curvature,-0.020567303523421288,0.39804691076278687,0.05607421875,0.016416015625,0.018349609375,0.0168359375
batch_25600,privilege_gru / bs25600,5,delta_s,-0.04612016677856445,0.38518109917640686,0.0,0.05841796875,0.063349609375,0.05935546875
batch_25600,privilege_gru / bs25600,5,relative_lateral,0.06132679060101509,0.40777483582496643,0.023349609375,0.03341796875,0.03564453125,0.033935546875
batch_25600,privilege_gru / bs25600,5,relative_long_velocity,-0.12100891023874283,0.16904795169830322,0.000234375,0.0,0.0,0.0
batch_25600,privilege_gru / bs25600,5,relative_lat_velocity,-0.001019341521896422,0.25453439354896545,0.000380859375,0.0,0.0,0.0
batch_25600,privilege_gru / bs25600,5,sin_relative_heading,0.0006734180497005582,0.352195680141449,4.8828125e-05,4.8828125e-05,0.010703125,0.004208984375
batch_25600,privilege_gru / bs25600,5,cos_relative_heading,0.9034884572029114,0.24470171332359314,0.0,0.01634765625,0.7147265625,0.553056640625
batch_25600,privilege_gru / bs25600,5,ego_speed,0.5123163461685181,0.16118323802947998,0.0,0.0,0.0,0.0
batch_25600,privilege_gru / bs25600,5,ego_yaw_rate,-0.016547322273254395,0.17759619653224945,0.000419921875,9.765625e-05,0.0001171875,9.765625e-05
batch_25600,privilege_gru / bs25600,5,relative_yaw_rate,0.0025442650076001883,0.16359713673591614,3.90625e-05,2.9296875e-05,0.000126953125,3.90625e-05
batch_25600,privilege_gru / bs25600,5,obb_longitudinal_clearance,0.6399632692337036,0.283463716506958,0.063134765625,0.0,0.0301953125,0.0
batch_25600,privilege_gru / bs25600,5,obb_lateral_clearance,0.5210627913475037,0.28749608993530273,0.0951953125,0.0,0.028544921875,0.0
batch_25600,privilege_gru / bs25600,5,wall_clearance,0.7704445719718933,0.04858029633760452,9.765625e-06,0.0,0.0,0.0
batch_25600,privilege_gru / bs25600,5,ego_steering_angle,-0.020940173417329788,0.2070796936750412,0.00181640625,2.9296875e-05,5.859375e-05,4.8828125e-05
batch_25600,privilege_gru / bs25600,5,ego_slip_angle,7.56496810936369e-05,0.08821598440408707,0.0,0.0,0.0,0.0
batch_25600,privilege_gru / bs25600,5,left_body_margin,0.926368772983551,0.15670378506183624,0.0,0.590361328125,0.707958984375,0.615478515625
batch_25600,privilege_gru / bs25600,5,right_body_margin,0.8571720123291016,0.19735054671764374,0.0,0.4096484375,0.51908203125,0.43412109375
batch_25600,privilege_gru / bs25600,5,sin_track_heading_error,0.03539808467030525,0.3282945156097412,0.0,0.0,0.0,0.0
batch_25600,privilege_gru / bs25600,5,cos_track_heading_error,0.9413750171661377,0.06976042687892914,0.0,0.001845703125,0.6129296875,0.3130078125
batch_25600,privilege_gru / bs25600,5,current_curvature,-0.01864727959036827,0.3869033753871918,0.05126953125,0.015283203125,0.017294921875,0.01556640625
batch_25600,privilege_gru / bs25600,5,lookahead_mean_curvature,-0.02514791674911976,0.39095088839530945,0.055380859375,0.013896484375,0.015478515625,0.014248046875
batch_25600,privilege_gru / bs25600,6,delta_s,-0.03922637924551964,0.401032030582428,0.0,0.073505859375,0.078095703125,0.074423828125
batch_25600,privilege_gru / bs25600,6,relative_lateral,-0.01288203988224268,0.4115822911262512,0.04046875,0.02544921875,0.027265625,0.02583984375
batch_25600,privilege_gru / bs25600,6,relative_long_velocity,-0.12373795360326767,0.18039236962795258,0.0,0.0,0.0,0.0
batch_25600,privilege_gru / bs25600,6,relative_lat_velocity,0.027045564725995064,0.24118968844413757,0.0,0.0,0.0,0.0
batch_25600,privilege_gru / bs25600,6,sin_relative_heading,0.043203625828027725,0.35022374987602234,5.859375e-05,2.9296875e-05,0.013095703125,0.003955078125
batch_25600,privilege_gru / bs25600,6,cos_relative_heading,0.9000816345214844,0.2559473514556885,0.0,0.0162890625,0.7205078125,0.55205078125
batch_25600,privilege_gru / bs25600,6,ego_speed,0.5007073283195496,0.16097603738307953,0.0,0.0,0.0,0.0
batch_25600,privilege_gru / bs25600,6,ego_yaw_rate,-0.013926628977060318,0.17415514588356018,0.00046875,0.000205078125,0.000263671875,0.000224609375
batch_25600,privilege_gru / bs25600,6,relative_yaw_rate,0.0017494808416813612,0.1641887128353119,0.000146484375,0.00013671875,0.000458984375,0.000185546875
batch_25600,privilege_gru / bs25600,6,obb_longitudinal_clearance,0.657497227191925,0.27080073952674866,0.05408203125,0.0,0.039091796875,0.0
batch_25600,privilege_gru / bs25600,6,obb_lateral_clearance,0.4851953387260437,0.30187565088272095,0.111123046875,0.0,0.03166015625,0.0
batch_25600,privilege_gru / bs25600,6,wall_clearance,0.7725102305412292,0.046776823699474335,9.765625e-05,0.0,0.0,0.0
batch_25600,privilege_gru / bs25600,6,ego_steering_angle,-0.015614112839102745,0.2023361474275589,0.001884765625,4.8828125e-05,0.00013671875,0.0001171875
batch_25600,privilege_gru / bs25600,6,ego_slip_angle,0.0037705448921769857,0.08415818214416504,0.0,0.0,0.0,0.0
batch_25600,privilege_gru / bs25600,6,left_body_margin,0.925066351890564,0.1446632444858551,0.0,0.555556640625,0.679853515625,0.58263671875
batch_25600,privilege_gru / bs25600,6,right_body_margin,0.8656054139137268,0.20216643810272217,0.0,0.444453125,0.564638671875,0.470908203125
batch_25600,privilege_gru / bs25600,6,sin_track_heading_error,0.02810903638601303,0.3302308917045593,0.0,0.0,0.0,0.0
batch_25600,privilege_gru / bs25600,6,cos_track_heading_error,0.9410526156425476,0.06817544996738434,0.0,0.0016796875,0.611513671875,0.30017578125
batch_25600,privilege_gru / bs25600,6,current_curvature,-0.00901961699128151,0.37950801849365234,0.0446484375,0.0199609375,0.022373046875,0.020341796875
batch_25600,privilege_gru / bs25600,6,lookahead_mean_curvature,-0.014330577105283737,0.38420483469963074,0.048984375,0.019013671875,0.020966796875,0.019423828125
batch_25600,privilege_gru / bs25600,7,delta_s,-0.03026704117655754,0.40084540843963623,0.0,0.06236328125,0.06767578125,0.0633984375
batch_25600,privilege_gru / bs25600,7,relative_lateral,-0.05276956036686897,0.40729594230651855,0.0436328125,0.023671875,0.02583984375,0.024111328125
batch_25600,privilege_gru / bs25600,7,relative_long_velocity,-0.12775754928588867,0.18084385991096497,0.0009765625,0.0,0.0,0.0
batch_25600,privilege_gru / bs25600,7,relative_lat_velocity,0.025337152183055878,0.24021604657173157,0.00037109375,0.000283203125,0.000322265625,0.00029296875
batch_25600,privilege_gru / bs25600,7,sin_relative_heading,0.041106559336185455,0.3511975109577179,9.765625e-06,5.859375e-05,0.017998046875,0.0075
batch_25600,privilege_gru / bs25600,7,cos_relative_heading,0.8898705244064331,0.28871995210647583,9.765625e-06,0.017109375,0.721689453125,0.567333984375
batch_25600,privilege_gru / bs25600,7,ego_speed,0.5131798982620239,0.16385549306869507,0.0,0.0,0.0,0.0
batch_25600,privilege_gru / bs25600,7,ego_yaw_rate,-0.017407886683940887,0.17673321068286896,0.0006640625,0.000166015625,0.000205078125,0.00017578125
batch_25600,privilege_gru / bs25600,7,relative_yaw_rate,0.004205480683594942,0.17010310292243958,0.00017578125,0.000302734375,0.00060546875,0.0003125
batch_25600,privilege_gru / bs25600,7,obb_longitudinal_clearance,0.652910590171814,0.2710154950618744,0.0546484375,0.0,0.030029296875,0.0
batch_25600,privilege_gru / bs25600,7,obb_lateral_clearance,0.48764556646347046,0.2968476414680481,0.112294921875,0.0,0.029609375,0.0
batch_25600,privilege_gru / bs25600,7,wall_clearance,0.7707760334014893,0.04739857837557793,7.8125e-05,0.0,0.0,0.0
batch_25600,privilege_gru / bs25600,7,ego_steering_angle,-0.021188030019402504,0.2043452262878418,0.00201171875,0.0,0.0,0.0
batch_25600,privilege_gru / bs25600,7,ego_slip_angle,0.0026168469339609146,0.08803679794073105,0.0,0.0,0.0,0.0
batch_25600,privilege_gru / bs25600,7,left_body_margin,0.9004590511322021,0.1861613690853119,0.0,0.536962890625,0.641318359375,0.559521484375
batch_25600,privilege_gru / bs25600,7,right_body_margin,0.8812829852104187,0.17872025072574615,0.0,0.463037109375,0.5653125,0.48484375
batch_25600,privilege_gru / bs25600,7,sin_track_heading_error,0.007336578331887722,0.3305908739566803,0.0,0.0,0.0,0.0
batch_25600,privilege_gru / bs25600,7,cos_track_heading_error,0.9411988854408264,0.06982838362455368,0.0,0.00181640625,0.614931640625,0.307109375
batch_25600,privilege_gru / bs25600,7,current_curvature,-0.021757038310170174,0.3784625828266144,0.050693359375,0.01546875,0.01734375,0.01580078125
batch_25600,privilege_gru / bs25600,7,lookahead_mean_curvature,-0.026968996971845627,0.38369596004486084,0.055087890625,0.014775390625,0.016318359375,0.015087890625
batch_25600,privilege_gru / bs25600,8,delta_s,-0.03731042146682739,0.39755144715309143,0.0,0.06966796875,0.0747265625,0.07064453125
batch_25600,privilege_gru / bs25600,8,relative_lateral,0.02116836979985237,0.4200321435928345,0.03748046875,0.03978515625,0.04125,0.03998046875
batch_25600,privilege_gru / bs25600,8,relative_long_velocity,-0.12327058613300323,0.18376153707504272,0.00154296875,0.0,0.0,0.0
batch_25600,privilege_gru / bs25600,8,relative_lat_velocity,-0.007856320589780807,0.24895720183849335,0.000166015625,0.0,0.0,0.0
batch_25600,privilege_gru / bs25600,8,sin_relative_heading,-0.012317580170929432,0.3497213125228882,8.7890625e-05,1.953125e-05,0.010283203125,0.002685546875
batch_25600,privilege_gru / bs25600,8,cos_relative_heading,0.8847478628158569,0.30820369720458984,9.765625e-06,0.019619140625,0.719296875,0.58603515625
batch_25600,privilege_gru / bs25600,8,ego_speed,0.5087756514549255,0.15844476222991943,0.0,0.0,0.0,0.0
batch_25600,privilege_gru / bs25600,8,ego_yaw_rate,-0.023642605170607567,0.17815349996089935,0.00078125,9.765625e-05,0.000146484375,0.000107421875
batch_25600,privilege_gru / bs25600,8,relative_yaw_rate,0.003289720742031932,0.16896870732307434,0.000107421875,0.000205078125,0.00046875,0.0002734375
batch_25600,privilege_gru / bs25600,8,obb_longitudinal_clearance,0.6474918127059937,0.27751073241233826,0.060966796875,0.0,0.024072265625,0.0
batch_25600,privilege_gru / bs25600,8,obb_lateral_clearance,0.4961216449737549,0.30644309520721436,0.1102734375,0.0,0.04998046875,0.0
batch_25600,privilege_gru / bs25600,8,wall_clearance,0.773122251033783,0.04797954484820366,0.0004296875,0.0,0.0,0.0
batch_25600,privilege_gru / bs25600,8,ego_steering_angle,-0.0301109217107296,0.20955686271190643,0.00390625,0.000107421875,0.00013671875,0.000126953125
batch_25600,privilege_gru / bs25600,8,ego_slip_angle,0.0025161835364997387,0.08667653799057007,0.0,0.0,0.0,0.0
batch_25600,privilege_gru / bs25600,8,left_body_margin,0.9243715405464172,0.14943109452724457,0.0,0.575517578125,0.6947265625,0.601630859375
batch_25600,privilege_gru / bs25600,8,right_body_margin,0.8726305365562439,0.18461298942565918,0.0,0.424482421875,0.54521484375,0.45126953125
batch_25600,privilege_gru / bs25600,8,sin_track_heading_error,0.021994344890117645,0.3288797438144684,0.0,0.0,0.0,0.0
batch_25600,privilege_gru / bs25600,8,cos_track_heading_error,0.9416549801826477,0.06872871518135071,0.0,0.001484375,0.621142578125,0.289970703125
batch_25600,privilege_gru / bs25600,8,current_curvature,-0.038991376757621765,0.3770149350166321,0.05623046875,0.017578125,0.019501953125,0.01794921875
batch_25600,privilege_gru / bs25600,8,lookahead_mean_curvature,-0.04595719650387764,0.38120317459106445,0.060693359375,0.015732421875,0.0173828125,0.016083984375
batch_25600,privilege_gru / bs25600,9,delta_s,-0.03732394799590111,0.3956983685493469,0.0,0.0607421875,0.0651171875,0.061591796875
batch_25600,privilege_gru / bs25600,9,relative_lateral,-0.030302995815873146,0.4252585768699646,0.039169921875,0.033427734375,0.0344140625,0.033564453125
batch_25600,privilege_gru / bs25600,9,relative_long_velocity,-0.1260755956172943,0.17649327218532562,0.0,0.0,0.0,0.0
batch_25600,privilege_gru / bs25600,9,relative_lat_velocity,0.027718866243958473,0.2535566985607147,0.000244140625,0.0,0.0,0.0
batch_25600,privilege_gru / bs25600,9,sin_relative_heading,0.04057171940803528,0.3507588803768158,8.7890625e-05,4.8828125e-05,0.0109765625,0.00462890625
batch_25600,privilege_gru / bs25600,9,cos_relative_heading,0.8948770761489868,0.2733840346336365,9.765625e-06,0.0151953125,0.705478515625,0.527275390625
batch_25600,privilege_gru / bs25600,9,ego_speed,0.5177674293518066,0.1594434231519699,0.0,0.0,0.0,0.0
batch_25600,privilege_gru / bs25600,9,ego_yaw_rate,-0.004945716354995966,0.17728103697299957,0.000517578125,0.00015625,0.00025390625,0.000166015625
batch_25600,privilege_gru / bs25600,9,relative_yaw_rate,-0.0004342629690654576,0.16904661059379578,0.0,0.00015625,0.000205078125,0.00015625
batch_25600,privilege_gru / bs25600,9,obb_longitudinal_clearance,0.6635388135910034,0.2627485394477844,0.045908203125,0.0,0.026376953125,0.0
batch_25600,privilege_gru / bs25600,9,obb_lateral_clearance,0.5182483792304993,0.2905080318450928,0.098271484375,0.0,0.033017578125,0.0
batch_25600,privilege_gru / bs25600,9,wall_clearance,0.7700797319412231,0.04837517812848091,5.859375e-05,0.0,0.0,0.0
batch_25600,privilege_gru / bs25600,9,ego_steering_angle,-0.006173858419060707,0.2009369283914566,0.00173828125,9.765625e-05,0.00017578125,0.00015625
batch_25600,privilege_gru / bs25600,9,ego_slip_angle,-0.0016623081173747778,0.09138582646846771,0.0,0.0,0.0,0.0
batch_25600,privilege_gru / bs25600,9,left_body_margin,0.906063437461853,0.17363984882831573,0.0,0.540068359375,0.6520703125,0.56404296875
batch_25600,privilege_gru / bs25600,9,right_body_margin,0.8775102496147156,0.18612737953662872,0.0,0.45994140625,0.56681640625,0.48291015625
batch_25600,privilege_gru / bs25600,9,sin_track_heading_error,0.017678380012512207,0.3275565803050995,0.0,0.0,0.0,0.0
batch_25600,privilege_gru / bs25600,9,cos_track_heading_error,0.942251980304718,0.06787405163049698,0.0,0.00173828125,0.612666015625,0.305224609375
batch_25600,privilege_gru / bs25600,9,current_curvature,0.0102681340649724,0.385446697473526,0.040673828125,0.02083984375,0.023388671875,0.0212109375
batch_25600,privilege_gru / bs25600,9,lookahead_mean_curvature,0.006416561082005501,0.3893168270587921,0.044111328125,0.019619140625,0.021748046875,0.0200390625
batch_25600,privilege_gru / bs25600,10,delta_s,-0.014797508716583252,0.41801851987838745,0.0,0.077197265625,0.082412109375,0.078271484375
batch_25600,privilege_gru / bs25600,10,relative_lateral,0.017647307366132736,0.4324095845222473,0.037333984375,0.032724609375,0.03408203125,0.032998046875
batch_25600,privilege_gru / bs25600,10,relative_long_velocity,-0.13319279253482819,0.179620623588562,0.001435546875,0.0,0.0,0.0
batch_25600,privilege_gru / bs25600,10,relative_lat_velocity,-0.0019468225073069334,0.25332191586494446,0.000146484375,0.0,0.0,0.0
batch_25600,privilege_gru / bs25600,10,sin_relative_heading,0.0024015221279114485,0.35241398215293884,0.000126953125,4.8828125e-05,0.0107421875,0.00384765625
batch_25600,privilege_gru / bs25600,10,cos_relative_heading,0.8984358310699463,0.26238203048706055,0.0,0.018447265625,0.72421875,0.58271484375
batch_25600,privilege_gru / bs25600,10,ego_speed,0.5294802188873291,0.15670880675315857,0.0,0.0,0.0,0.0
batch_25600,privilege_gru / bs25600,10,ego_yaw_rate,-0.01815895549952984,0.1809808313846588,0.00029296875,0.00013671875,0.000185546875,0.000146484375
batch_25600,privilege_gru / bs25600,10,relative_yaw_rate,0.0030798560474067926,0.16790540516376495,0.000107421875,5.859375e-05,0.00033203125,6.8359375e-05
batch_25600,privilege_gru / bs25600,10,obb_longitudinal_clearance,0.6550456881523132,0.28442683815956116,0.055078125,0.0,0.03791015625,0.0
batch_25600,privilege_gru / bs25600,10,obb_lateral_clearance,0.5295970439910889,0.2897406220436096,0.096923828125,0.0,0.035263671875,0.0
batch_25600,privilege_gru / bs25600,10,wall_clearance,0.7709012031555176,0.050218213349580765,0.0,0.0,0.0,0.0
batch_25600,privilege_gru / bs25600,10,ego_steering_angle,-0.021719492971897125,0.20540525019168854,0.002392578125,0.0,9.765625e-06,9.765625e-06
batch_25600,privilege_gru / bs25600,10,ego_slip_angle,0.003307153470814228,0.09096650034189224,3.90625e-05,0.0,0.0,0.0
batch_25600,privilege_gru / bs25600,10,left_body_margin,0.918891191482544,0.1715424507856369,0.0,0.60025390625,0.704267578125,0.62330078125
batch_25600,privilege_gru / bs25600,10,right_body_margin,0.8548638224601746,0.1985679417848587,0.0,0.39974609375,0.5035546875,0.422587890625
batch_25600,privilege_gru / bs25600,10,sin_track_heading_error,0.03291197866201401,0.3300985097885132,0.0,0.0,0.0,0.0
batch_25600,privilege_gru / bs25600,10,cos_track_heading_error,0.9408368468284607,0.06943121552467346,0.0,0.0015625,0.6242578125,0.297197265625
batch_25600,privilege_gru / bs25600,10,current_curvature,-0.022881483659148216,0.3760277032852173,0.04853515625,0.01671875,0.018779296875,0.017021484375
batch_25600,privilege_gru / bs25600,10,lookahead_mean_curvature,-0.02932872250676155,0.3804977536201477,0.052236328125,0.01599609375,0.0177734375,0.016376953125
batch_25600,privilege_gru / bs25600,11,delta_s,-0.02978280559182167,0.3875215947628021,0.0,0.054326171875,0.059140625,0.05529296875
batch_25600,privilege_gru / bs25600,11,relative_lateral,-0.006764499004930258,0.41691017150878906,0.037001953125,0.03560546875,0.037470703125,0.0359765625
batch_25600,privilege_gru / bs25600,11,relative_long_velocity,-0.1260574460029602,0.1718827784061432,0.00087890625,0.0,0.0,0.0
batch_25600,privilege_gru / bs25600,11,relative_lat_velocity,0.004296607803553343,0.24746237695217133,0.0,0.0,0.0,0.0
batch_25600,privilege_gru / bs25600,11,sin_relative_heading,0.0086153419688344,0.3567458689212799,5.859375e-05,5.859375e-05,0.008876953125,0.003955078125
batch_25600,privilege_gru / bs25600,11,cos_relative_heading,0.8944514393806458,0.2698868215084076,0.0,0.018037109375,0.712529296875,0.54828125
batch_25600,privilege_gru / bs25600,11,ego_speed,0.5046250820159912,0.1615595668554306,0.0,0.0,0.0,0.0
batch_25600,privilege_gru / bs25600,11,ego_yaw_rate,-0.014701489359140396,0.17836503684520721,0.000419921875,0.00013671875,0.0001953125,0.000166015625
batch_25600,privilege_gru / bs25600,11,relative_yaw_rate,0.004244887735694647,0.16637754440307617,2.9296875e-05,7.8125e-05,0.0002734375,0.00013671875
batch_25600,privilege_gru / bs25600,11,obb_longitudinal_clearance,0.6561077833175659,0.2629278898239136,0.04744140625,0.0,0.01994140625,0.0
batch_25600,privilege_gru / bs25600,11,obb_lateral_clearance,0.4901917576789856,0.3065902888774872,0.10955078125,0.0,0.03544921875,0.0
batch_25600,privilege_gru / bs25600,11,wall_clearance,0.7705421447753906,0.051784858107566833,3.90625e-05,0.0,0.0,0.0
batch_25600,privilege_gru / bs25600,11,ego_steering_angle,-0.019107604399323463,0.21051184833049774,0.00328125,0.000244140625,0.0003515625,0.00033203125
batch_25600,privilege_gru / bs25600,11,ego_slip_angle,0.0006059346487745643,0.08806421607732773,0.0,0.0,0.0,0.0
batch_25600,privilege_gru / bs25600,11,left_body_margin,0.9072191715240479,0.17432691156864166,0.0,0.523818359375,0.64861328125,0.5503125
batch_25600,privilege_gru / bs25600,11,right_body_margin,0.8857470154762268,0.18457643687725067,0.0,0.4762109375,0.592705078125,0.501015625
batch_25600,privilege_gru / bs25600,11,sin_track_heading_error,0.009073945693671703,0.3316672146320343,0.0,0.0,0.0,0.0
batch_25600,privilege_gru / bs25600,11,cos_track_heading_error,0.9408776760101318,0.06882122904062271,0.0,0.001904296875,0.6089453125,0.27814453125
batch_25600,privilege_gru / bs25600,11,current_curvature,-0.01421237550675869,0.39080753922462463,0.05017578125,0.02126953125,0.0238671875,0.021796875
batch_25600,privilege_gru / bs25600,11,lookahead_mean_curvature,-0.018511727452278137,0.3959868252277374,0.054580078125,0.0207421875,0.022900390625,0.0212890625
batch_25600,privilege_gru / bs25600,12,delta_s,-0.021436192095279694,0.40375077724456787,0.0,0.067578125,0.074248046875,0.068935546875
batch_25600,privilege_gru / bs25600,12,relative_lateral,-0.012341247871518135,0.40287238359451294,0.041591796875,0.025927734375,0.02685546875,0.026025390625
batch_25600,privilege_gru / bs25600,12,relative_long_velocity,-0.12620104849338531,0.1853712499141693,0.001279296875,0.0,0.0,0.0
batch_25600,privilege_gru / bs25600,12,relative_lat_velocity,0.017845449969172478,0.23040977120399475,0.0,0.000302734375,0.000341796875,0.000302734375
batch_25600,privilege_gru / bs25600,12,sin_relative_heading,0.030337398871779442,0.3425910770893097,4.8828125e-05,7.8125e-05,0.0130859375,0.005439453125
batch_25600,privilege_gru / bs25600,12,cos_relative_heading,0.8898143172264099,0.30027130246162415,9.765625e-06,0.020458984375,0.735947265625,0.59466796875
batch_25600,privilege_gru / bs25600,12,ego_speed,0.5087995529174805,0.16475549340248108,0.0,0.0,0.0,0.0
batch_25600,privilege_gru / bs25600,12,ego_yaw_rate,-0.020012209191918373,0.1755455732345581,0.00072265625,0.000224609375,0.000322265625,0.00025390625
batch_25600,privilege_gru / bs25600,12,relative_yaw_rate,0.001158402650617063,0.1626720130443573,8.7890625e-05,0.00017578125,0.000478515625,0.000224609375
batch_25600,privilege_gru / bs25600,12,obb_longitudinal_clearance,0.6554487347602844,0.26680389046669006,0.048232421875,0.0,0.0296484375,0.0
batch_25600,privilege_gru / bs25600,12,obb_lateral_clearance,0.4886527955532074,0.29280543327331543,0.103623046875,0.0,0.03810546875,0.0
batch_25600,privilege_gru / bs25600,12,wall_clearance,0.7695924639701843,0.057617656886577606,0.000244140625,0.0,0.0,0.0
batch_25600,privilege_gru / bs25600,12,ego_steering_angle,-0.024299832060933113,0.20287030935287476,0.00193359375,2.9296875e-05,8.7890625e-05,7.8125e-05
batch_25600,privilege_gru / bs25600,12,ego_slip_angle,0.003908175975084305,0.08433722704648972,0.0,0.0,0.0,0.0
batch_25600,privilege_gru / bs25600,12,left_body_margin,0.9122057557106018,0.17060670256614685,0.0,0.559599609375,0.6667578125,0.58310546875
batch_25600,privilege_gru / bs25600,12,right_body_margin,0.871412456035614,0.19264523684978485,0.0,0.440400390625,0.547548828125,0.463759765625
batch_25600,privilege_gru / bs25600,12,sin_track_heading_error,0.021071262657642365,0.33256223797798157,0.0,0.0,0.0,0.0
batch_25600,privilege_gru / bs25600,12,cos_track_heading_error,0.9402539730072021,0.070050448179245,0.0,0.001416015625,0.607734375,0.290390625
batch_25600,privilege_gru / bs25600,12,current_curvature,-0.02725350111722946,0.3748735785484314,0.0525390625,0.01869140625,0.020712890625,0.019052734375
batch_25600,privilege_gru / bs25600,12,lookahead_mean_curvature,-0.033805254846811295,0.3794891834259033,0.05630859375,0.01736328125,0.019228515625,0.017744140625
batch_25600,privilege_gru / bs25600,13,delta_s,-0.04328285530209541,0.3747342824935913,0.0,0.052783203125,0.0576953125,0.053662109375
batch_25600,privilege_gru / bs25600,13,relative_lateral,-0.061563048511743546,0.41428980231285095,0.0406640625,0.0302734375,0.03150390625,0.03048828125
batch_25600,privilege_gru / bs25600,13,relative_long_velocity,-0.1238994300365448,0.1811000257730484,0.001025390625,0.0,0.0,0.0
batch_25600,privilege_gru / bs25600,13,relative_lat_velocity,0.015417155809700489,0.24593012034893036,0.00015625,0.0,0.0,0.0
batch_25600,privilege_gru / bs25600,13,sin_relative_heading,0.02351614646613598,0.3450140058994293,6.8359375e-05,1.953125e-05,0.01591796875,0.002724609375
batch_25600,privilege_gru / bs25600,13,cos_relative_heading,0.8935413956642151,0.2867250144481659,0.0,0.018291015625,0.73396484375,0.56798828125
batch_25600,privilege_gru / bs25600,13,ego_speed,0.5094404220581055,0.15602007508277893,0.0,0.0,0.0,0.0
batch_25600,privilege_gru / bs25600,13,ego_yaw_rate,-0.016763264313340187,0.1778317093849182,0.00029296875,9.765625e-06,3.90625e-05,1.953125e-05
batch_25600,privilege_gru / bs25600,13,relative_yaw_rate,0.0035496733617037535,0.16652297973632812,7.8125e-05,0.000263671875,0.000390625,0.000263671875
batch_25600,privilege_gru / bs25600,13,obb_longitudinal_clearance,0.6305610537528992,0.27824556827545166,0.060087890625,0.0,0.015556640625,0.0
batch_25600,privilege_gru / bs25600,13,obb_lateral_clearance,0.5090473890304565,0.29340890049934387,0.098359375,0.0,0.042099609375,0.0
batch_25600,privilege_gru / bs25600,13,wall_clearance,0.7717006802558899,0.04824933037161827,4.8828125e-05,0.0,0.0,0.0
batch_25600,privilege_gru / bs25600,13,ego_steering_angle,-0.020762016996741295,0.20238685607910156,0.001513671875,0.0,8.7890625e-05,8.7890625e-05
batch_25600,privilege_gru / bs25600,13,ego_slip_angle,0.0016658453969284892,0.08951492607593536,0.0,0.0,0.0,0.0
batch_25600,privilege_gru / bs25600,13,left_body_margin,0.9011515974998474,0.18576481938362122,0.0,0.53541015625,0.6467578125,0.56064453125
batch_25600,privilege_gru / bs25600,13,right_body_margin,0.8886557817459106,0.17143580317497253,0.0,0.46458984375,0.582275390625,0.489013671875
batch_25600,privilege_gru / bs25600,13,sin_track_heading_error,0.009738490916788578,0.33551403880119324,0.0,0.0,0.0,0.0
batch_25600,privilege_gru / bs25600,13,cos_track_heading_error,0.9395313858985901,0.06823823601007462,0.0,0.00146484375,0.59576171875,0.276259765625
batch_25600,privilege_gru / bs25600,13,current_curvature,-0.022850610315799713,0.3813076913356781,0.0508984375,0.014658203125,0.0163671875,0.014931640625
batch_25600,privilege_gru / bs25600,13,lookahead_mean_curvature,-0.028947310522198677,0.38536006212234497,0.055087890625,0.01365234375,0.01509765625,0.013935546875
batch_25600,privilege_gru / bs25600,14,delta_s,-0.06672408431768417,0.3491152226924896,0.0,0.0378125,0.042158203125,0.03859375
batch_25600,privilege_gru / bs25600,14,relative_lateral,0.0048222714103758335,0.3993113338947296,0.027490234375,0.02662109375,0.028759765625,0.0272265625
batch_25600,privilege_gru / bs25600,14,relative_long_velocity,-0.10588201880455017,0.15868549048900604,0.001318359375,0.0,0.0,0.0
batch_25600,privilege_gru / bs25600,14,relative_lat_velocity,0.004855879582464695,0.26627179980278015,0.000107421875,0.0,0.0,0.0
batch_25600,privilege_gru / bs25600,14,sin_relative_heading,-0.0007557168719358742,0.35130196809768677,2.9296875e-05,4.8828125e-05,0.00669921875,0.00279296875
batch_25600,privilege_gru / bs25600,14,cos_relative_heading,0.9069280028343201,0.23294854164123535,0.0,0.017431640625,0.701064453125,0.533173828125
batch_25600,privilege_gru / bs25600,14,ego_speed,0.5052198767662048,0.15877962112426758,0.0,0.0,0.0,0.0
batch_25600,privilege_gru / bs25600,14,ego_yaw_rate,-0.013339723460376263,0.17782780528068542,0.000498046875,0.000146484375,0.000234375,0.00015625
batch_25600,privilege_gru / bs25600,14,relative_yaw_rate,0.004630822688341141,0.1704740822315216,0.0001171875,0.000205078125,0.00041015625,0.000234375
batch_25600,privilege_gru / bs25600,14,obb_longitudinal_clearance,0.6402549147605896,0.2653357982635498,0.0488671875,0.0,0.012138671875,0.0
batch_25600,privilege_gru / bs25600,14,obb_lateral_clearance,0.4869037866592407,0.30042439699172974,0.113330078125,0.0,0.02326171875,0.0
batch_25600,privilege_gru / bs25600,14,wall_clearance,0.7712898850440979,0.04382980987429619,1.953125e-05,0.0,0.0,0.0
batch_25600,privilege_gru / bs25600,14,ego_steering_angle,-0.01856161840260029,0.2099972665309906,0.00279296875,9.765625e-06,0.00017578125,0.000126953125
batch_25600,privilege_gru / bs25600,14,ego_slip_angle,-0.0012903613969683647,0.0904470905661583,0.0,0.0,0.0,0.0
batch_25600,privilege_gru / bs25600,14,left_body_margin,0.9099903702735901,0.17383480072021484,0.0,0.53625,0.664521484375,0.5641015625
batch_25600,privilege_gru / bs25600,14,right_body_margin,0.8850662112236023,0.17638979852199554,0.0,0.463759765625,0.583388671875,0.491279296875
batch_25600,privilege_gru / bs25600,14,sin_track_heading_error,0.015054850839078426,0.32968026399612427,0.0,0.0,0.0,0.0
batch_25600,privilege_gru / bs25600,14,cos_track_heading_error,0.941460132598877,0.06915198266506195,0.0,0.00162109375,0.610830078125,0.308173828125
batch_25600,privilege_gru / bs25600,14,current_curvature,-0.018578028306365013,0.393587201833725,0.04666015625,0.016435546875,0.0188671875,0.01677734375
batch_25600,privilege_gru / bs25600,14,lookahead_mean_curvature,-0.022949786856770515,0.3991180956363678,0.051240234375,0.016982421875,0.0187890625,0.017412109375
batch_25600,privilege_gru / bs25600,15,delta_s,-0.029209079220891,0.38605087995529175,0.0,0.0558203125,0.060751953125,0.05671875
batch_25600,privilege_gru / bs25600,15,relative_lateral,0.015367737039923668,0.41573062539100647,0.03701171875,0.03037109375,0.032177734375,0.0307421875
batch_25600,privilege_gru / bs25600,15,relative_long_velocity,-0.12701267004013062,0.17938634753227234,0.00083984375,0.0,0.0,0.0
batch_25600,privilege_gru / bs25600,15,relative_lat_velocity,0.003655234584584832,0.25941744446754456,0.000205078125,0.00015625,0.000263671875,0.000185546875
batch_25600,privilege_gru / bs25600,15,sin_relative_heading,0.004921465180814266,0.3579060137271881,5.859375e-05,3.90625e-05,0.012919921875,0.005166015625
batch_25600,privilege_gru / bs25600,15,cos_relative_heading,0.8891232013702393,0.2855480909347534,1.953125e-05,0.01583984375,0.706826171875,0.542529296875
batch_25600,privilege_gru / bs25600,15,ego_speed,0.515235960483551,0.15906792879104614,0.0,0.0,0.0,0.0
batch_25600,privilege_gru / bs25600,15,ego_yaw_rate,-0.015215410850942135,0.18425554037094116,0.00072265625,0.000107421875,0.000224609375,0.0001171875
batch_25600,privilege_gru / bs25600,15,relative_yaw_rate,0.0036400326061993837,0.17551261186599731,6.8359375e-05,0.000263671875,0.00060546875,0.00029296875
batch_25600,privilege_gru / bs25600,15,obb_longitudinal_clearance,0.6466361284255981,0.27103278040885925,0.051298828125,0.0,0.0334765625,0.0
batch_25600,privilege_gru / bs25600,15,obb_lateral_clearance,0.495906800031662,0.2993524968624115,0.11392578125,0.0,0.02927734375,0.0
batch_25600,privilege_gru / bs25600,15,wall_clearance,0.7704271078109741,0.0468594916164875,7.8125e-05,0.0,0.0,0.0
batch_25600,privilege_gru / bs25600,15,ego_steering_angle,-0.019369889050722122,0.21194559335708618,0.002314453125,3.90625e-05,0.00021484375,0.000185546875
batch_25600,privilege_gru / bs25600,15,ego_slip_angle,0.0007218135287985206,0.09332877397537231,0.0,0.0,0.0,0.0
batch_25600,privilege_gru / bs25600,15,left_body_margin,0.9082834720611572,0.16803185641765594,0.0,0.558818359375,0.6633203125,0.582578125
batch_25600,privilege_gru / bs25600,15,right_body_margin,0.8705198764801025,0.19175495207309723,0.0,0.441181640625,0.552353515625,0.4653515625
batch_25600,privilege_gru / bs25600,15,sin_track_heading_error,0.017151277512311935,0.3329053521156311,0.0,0.0,0.0,0.0
batch_25600,privilege_gru / bs25600,15,cos_track_heading_error,0.9402511119842529,0.0697651132941246,0.0,0.00169921875,0.611669921875,0.295810546875
batch_25600,privilege_gru / bs25600,15,current_curvature,-0.01765107735991478,0.3930523991584778,0.04724609375,0.02322265625,0.02572265625,0.0236328125
batch_25600,privilege_gru / bs25600,15,lookahead_mean_curvature,-0.023959267884492874,0.39733290672302246,0.05265625,0.02130859375,0.023564453125,0.021728515625
batch_25600,privilege_gru / bs25600,16,delta_s,0.0005738189211115241,0.42837968468666077,0.0,0.08404296875,0.0901171875,0.0852734375
batch_25600,privilege_gru / bs25600,16,relative_lateral,-0.0036672758869826794,0.43140631914138794,0.04859375,0.0360546875,0.03845703125,0.036337890625
batch_25600,privilege_gru / bs25600,16,relative_long_velocity,-0.14105214178562164,0.1877320110797882,0.00044921875,0.0,0.0,0.0
batch_25600,privilege_gru / bs25600,16,relative_lat_velocity,0.01782084070146084,0.2583940625190735,0.0004296875,0.0,0.0,0.0
batch_25600,privilege_gru / bs25600,16,sin_relative_heading,0.032029587775468826,0.36831632256507874,7.8125e-05,0.0,0.0150390625,0.00302734375
batch_25600,privilege_gru / bs25600,16,cos_relative_heading,0.8827182054519653,0.29038792848587036,9.765625e-06,0.01662109375,0.69474609375,0.551455078125
batch_25600,privilege_gru / bs25600,16,ego_speed,0.5133683085441589,0.1635660082101822,0.0,0.0,0.0,0.0
batch_25600,privilege_gru / bs25600,16,ego_yaw_rate,-0.01640833169221878,0.17436082661151886,0.000517578125,0.000234375,0.00033203125,0.000234375
batch_25600,privilege_gru / bs25600,16,relative_yaw_rate,0.0016497336328029633,0.16772347688674927,0.000146484375,0.00015625,0.000361328125,0.000185546875
batch_25600,privilege_gru / bs25600,16,obb_longitudinal_clearance,0.6643446087837219,0.26987478137016296,0.05314453125,0.0,0.041337890625,0.0
batch_25600,privilege_gru / bs25600,16,obb_lateral_clearance,0.49443817138671875,0.3076639175415039,0.114326171875,0.0,0.04923828125,0.0
batch_25600,privilege_gru / bs25600,16,wall_clearance,0.7711431980133057,0.054409708827733994,0.000107421875,0.0,0.0,0.0
batch_25600,privilege_gru / bs25600,16,ego_steering_angle,-0.0194007009267807,0.20309071242809296,0.002236328125,0.000146484375,0.00029296875,0.0002734375
batch_25600,privilege_gru / bs25600,16,ego_slip_angle,0.0032833293080329895,0.08640209585428238,0.0,0.0,0.0,0.0
batch_25600,privilege_gru / bs25600,16,left_body_margin,0.9098767042160034,0.17017264664173126,0.0,0.53501953125,0.65181640625,0.559873046875
batch_25600,privilege_gru / bs25600,16,right_body_margin,0.8770884871482849,0.18850567936897278,0.0,0.464990234375,0.569755859375,0.488330078125
batch_25600,privilege_gru / bs25600,16,sin_track_heading_error,0.0159829780459404,0.3295128643512726,0.0,0.0,0.0,0.0
batch_25600,privilege_gru / bs25600,16,cos_track_heading_error,0.941453754901886,0.07000710815191269,0.0,0.00171875,0.620869140625,0.307041015625
batch_25600,privilege_gru / bs25600,16,current_curvature,-0.016361169517040253,0.38611456751823425,0.0479296875,0.018359375,0.0207421875,0.018720703125
batch_25600,privilege_gru / bs25600,16,lookahead_mean_curvature,-0.022251097485423088,0.39089757204055786,0.051962890625,0.0171875,0.019091796875,0.01763671875
batch_25600,privilege_gru / bs25600,17,delta_s,-0.014123626984655857,0.3985688388347626,0.0,0.064931640625,0.070341796875,0.0659765625
batch_25600,privilege_gru / bs25600,17,relative_lateral,-0.01078829076141119,0.41272950172424316,0.034169921875,0.029384765625,0.03103515625,0.029619140625
batch_25600,privilege_gru / bs25600,17,relative_long_velocity,-0.13013771176338196,0.1779775470495224,0.00130859375,0.0,0.0,0.0
batch_25600,privilege_gru / bs25600,17,relative_lat_velocity,0.010312174446880817,0.24848297238349915,0.0,0.0,0.0,0.0
batch_25600,privilege_gru / bs25600,17,sin_relative_heading,0.01143428310751915,0.3509102463722229,1.953125e-05,4.8828125e-05,0.01111328125,0.004912109375
batch_25600,privilege_gru / bs25600,17,cos_relative_heading,0.8915626406669617,0.2864941656589508,2.9296875e-05,0.017587890625,0.725947265625,0.58201171875
batch_25600,privilege_gru / bs25600,17,ego_speed,0.5241630673408508,0.1565762758255005,0.0,0.0,0.0,0.0
batch_25600,privilege_gru / bs25600,17,ego_yaw_rate,-0.01877325214445591,0.17929226160049438,0.000390625,0.00015625,0.00021484375,0.000166015625
batch_25600,privilege_gru / bs25600,17,relative_yaw_rate,0.004894910845905542,0.16921305656433105,5.859375e-05,0.0005078125,0.0009765625,0.00056640625
batch_25600,privilege_gru / bs25600,17,obb_longitudinal_clearance,0.6408704519271851,0.2850422263145447,0.06474609375,0.0,0.034521484375,0.0
batch_25600,privilege_gru / bs25600,17,obb_lateral_clearance,0.5077036023139954,0.28929653763771057,0.09876953125,0.0,0.030888671875,0.0
batch_25600,privilege_gru / bs25600,17,wall_clearance,0.7730576992034912,0.044829681515693665,0.0,0.0,0.0,0.0
batch_25600,privilege_gru / bs25600,17,ego_steering_angle,-0.02528587356209755,0.2078784555196762,0.002919921875,6.8359375e-05,0.00015625,0.000146484375
batch_25600,privilege_gru / bs25600,17,ego_slip_angle,0.0008234099950641394,0.08893288671970367,0.0,0.0,0.0,0.0
batch_25600,privilege_gru / bs25600,17,left_body_margin,0.9106230735778809,0.16781778633594513,0.0,0.534443359375,0.6515234375,0.55908203125
batch_25600,privilege_gru / bs25600,17,right_body_margin,0.8781468272209167,0.18585099279880524,0.0,0.46556640625,0.57408203125,0.488720703125
batch_25600,privilege_gru / bs25600,17,sin_track_heading_error,0.01831771247088909,0.3305717408657074,0.0,0.0,0.0,0.0
batch_25600,privilege_gru / bs25600,17,cos_track_heading_error,0.941042959690094,0.06958109140396118,0.0,0.0016796875,0.617939453125,0.30638671875
batch_25600,privilege_gru / bs25600,17,current_curvature,-0.027772223576903343,0.37427467107772827,0.051435546875,0.015400390625,0.01705078125,0.0156640625
batch_25600,privilege_gru / bs25600,17,lookahead_mean_curvature,-0.03251252695918083,0.3778168261051178,0.0553515625,0.01447265625,0.015908203125,0.014775390625
batch_25600,privilege_gru / bs25600,18,delta_s,0.05274321138858795,0.43063119053840637,0.0,0.0935546875,0.100166015625,0.09490234375
batch_25600,privilege_gru / bs25600,18,relative_lateral,-0.0282256118953228,0.46053770184516907,0.060517578125,0.052685546875,0.05392578125,0.0529296875
batch_25600,privilege_gru / bs25600,18,relative_long_velocity,-0.16503046452999115,0.20927704870700836,0.000732421875,0.0,0.0,0.0
batch_25600,privilege_gru / bs25600,18,relative_lat_velocity,0.01898311823606491,0.2456827610731125,0.0,0.0,0.0,0.0
batch_25600,privilege_gru / bs25600,18,sin_relative_heading,0.03377764672040939,0.3820929527282715,6.8359375e-05,3.90625e-05,0.017021484375,0.005576171875
batch_25600,privilege_gru / bs25600,18,cos_relative_heading,0.8449527621269226,0.37300530076026917,2.9296875e-05,0.01662109375,0.673125,0.51865234375
batch_25600,privilege_gru / bs25600,18,ego_speed,0.5107965469360352,0.16405394673347473,0.0,0.0,0.0,0.0
batch_25600,privilege_gru / bs25600,18,ego_yaw_rate,-0.01639038883149624,0.18314695358276367,0.000751953125,0.000166015625,0.00021484375,0.000166015625
batch_25600,privilege_gru / bs25600,18,relative_yaw_rate,0.0037613266613334417,0.17724256217479706,6.8359375e-05,0.000380859375,0.0009375,0.000419921875
batch_25600,privilege_gru / bs25600,18,obb_longitudinal_clearance,0.6454686522483826,0.27781999111175537,0.055615234375,0.0,0.036728515625,0.0
batch_25600,privilege_gru / bs25600,18,obb_lateral_clearance,0.5202123522758484,0.3064066767692566,0.104013671875,0.0,0.060390625,0.0
batch_25600,privilege_gru / bs25600,18,wall_clearance,0.7709077596664429,0.04653392732143402,0.00015625,0.0,0.0,0.0
batch_25600,privilege_gru / bs25600,18,ego_steering_angle,-0.02195790223777294,0.21057598292827606,0.002666015625,0.0001171875,0.0001953125,0.000185546875
batch_25600,privilege_gru / bs25600,18,ego_slip_angle,0.0002973437658511102,0.09407641738653183,0.0,0.0,0.0,0.0
batch_25600,privilege_gru / bs25600,18,left_body_margin,0.9156648516654968,0.15629339218139648,0.0,0.558388671875,0.66951171875,0.5826171875
batch_25600,privilege_gru / bs25600,18,right_body_margin,0.8723357915878296,0.19327889382839203,0.0,0.441611328125,0.554140625,0.465986328125
batch_25600,privilege_gru / bs25600,18,sin_track_heading_error,0.01781744509935379,0.3306231200695038,0.0,0.0,0.0,0.0
batch_25600,privilege_gru / bs25600,18,cos_track_heading_error,0.9412119388580322,0.0675131306052208,0.0,0.001552734375,0.597666015625,0.292919921875
batch_25600,privilege_gru / bs25600,18,current_curvature,-0.022492850199341774,0.3951514661312103,0.050322265625,0.021787109375,0.02427734375,0.022275390625
batch_25600,privilege_gru / bs25600,18,lookahead_mean_curvature,-0.02746952325105667,0.3990601599216461,0.053779296875,0.020419921875,0.022607421875,0.0208984375
batch_25600,privilege_gru / bs25600,19,delta_s,-0.03971576318144798,0.3850433826446533,0.0,0.0578515625,0.06337890625,0.058876953125
batch_25600,privilege_gru / bs25600,19,relative_lateral,-0.01269978005439043,0.40077510476112366,0.030068359375,0.02392578125,0.025380859375,0.024208984375
batch_25600,privilege_gru / bs25600,19,relative_long_velocity,-0.11792615056037903,0.1668674796819687,0.000341796875,0.0,0.0,0.0
batch_25600,privilege_gru / bs25600,19,relative_lat_velocity,0.015484030358493328,0.24756449460983276,3.90625e-05,0.00044921875,0.00060546875,0.000498046875
batch_25600,privilege_gru / bs25600,19,sin_relative_heading,0.02822256274521351,0.34216049313545227,9.765625e-05,7.8125e-05,0.014091796875,0.00509765625
batch_25600,privilege_gru / bs25600,19,cos_relative_heading,0.9059911966323853,0.24810130894184113,0.0,0.018671875,0.735185546875,0.585283203125
batch_25600,privilege_gru / bs25600,19,ego_speed,0.5127069354057312,0.15783749520778656,0.0,0.0,0.0,0.0
batch_25600,privilege_gru / bs25600,19,ego_yaw_rate,-0.015463671647012234,0.18399447202682495,0.000869140625,0.00037109375,0.000498046875,0.000380859375
batch_25600,privilege_gru / bs25600,19,relative_yaw_rate,0.0022678084205836058,0.17006690800189972,0.000224609375,0.000234375,0.0004296875,0.000263671875
batch_25600,privilege_gru / bs25600,19,obb_longitudinal_clearance,0.6432490348815918,0.2792108952999115,0.060615234375,0.0,0.034208984375,0.0
batch_25600,privilege_gru / bs25600,19,obb_lateral_clearance,0.5019549131393433,0.28791502118110657,0.102314453125,0.0,0.023623046875,0.0
batch_25600,privilege_gru / bs25600,19,wall_clearance,0.7706649899482727,0.04768648371100426,0.000185546875,0.0,0.0,0.0
batch_25600,privilege_gru / bs25600,19,ego_steering_angle,-0.018378792330622673,0.20905064046382904,0.002021484375,8.7890625e-05,0.00017578125,0.000166015625
batch_25600,privilege_gru / bs25600,19,ego_slip_angle,0.0018813571659848094,0.09086806327104568,0.0,0.0,0.0,0.0
batch_25600,privilege_gru / bs25600,19,left_body_margin,0.9075734615325928,0.1665046215057373,0.0,0.5425,0.650078125,0.565703125
batch_25600,privilege_gru / bs25600,19,right_body_margin,0.8742297887802124,0.19226166605949402,0.0,0.4575,0.565400390625,0.480634765625
batch_25600,privilege_gru / bs25600,19,sin_track_heading_error,0.016379278153181076,0.33294036984443665,0.0,0.0,0.0,0.0
batch_25600,privilege_gru / bs25600,19,cos_track_heading_error,0.9401771426200867,0.0709950178861618,0.0,0.0017578125,0.61599609375,0.29705078125
batch_25600,privilege_gru / bs25600,19,current_curvature,-0.016578106209635735,0.3873806297779083,0.051826171875,0.022255859375,0.024765625,0.022734375
batch_25600,privilege_gru / bs25600,19,lookahead_mean_curvature,-0.02350899949669838,0.3907530903816223,0.05693359375,0.02017578125,0.0223828125,0.0206640625
batch_25600,privilege_gru / bs25600,20,delta_s,-0.04482436180114746,0.38670864701271057,0.0,0.05853515625,0.06328125,0.059482421875
batch_25600,privilege_gru / bs25600,20,relative_lateral,0.012175017967820168,0.41920405626296997,0.041044921875,0.029365234375,0.03025390625,0.029501953125
batch_25600,privilege_gru / bs25600,20,relative_long_velocity,-0.124081552028656,0.18703873455524445,0.000947265625,0.0,0.0,0.0
batch_25600,privilege_gru / bs25600,20,relative_lat_velocity,0.014390560798346996,0.2603899836540222,0.0,0.0,0.0,0.0
batch_25600,privilege_gru / bs25600,20,sin_relative_heading,0.019394218921661377,0.3562265932559967,6.8359375e-05,3.90625e-05,0.013251953125,0.004072265625
batch_25600,privilege_gru / bs25600,20,cos_relative_heading,0.8837498426437378,0.30322596430778503,9.765625e-06,0.018642578125,0.710107421875,0.557294921875
batch_25600,privilege_gru / bs25600,20,ego_speed,0.5119835138320923,0.15692391991615295,0.0,0.0,0.0,0.0
batch_25600,privilege_gru / bs25600,20,ego_yaw_rate,-0.014854852110147476,0.1824461817741394,0.0008984375,0.000244140625,0.000419921875,0.00025390625
batch_25600,privilege_gru / bs25600,20,relative_yaw_rate,0.0032691671513020992,0.17227216064929962,5.859375e-05,0.0001171875,0.00046875,0.000166015625
batch_25600,privilege_gru / bs25600,20,obb_longitudinal_clearance,0.6649207472801208,0.25402113795280457,0.043525390625,0.0,0.021845703125,0.0
batch_25600,privilege_gru / bs25600,20,obb_lateral_clearance,0.4980016052722931,0.3069758415222168,0.11728515625,0.0,0.03705078125,0.0
batch_25600,privilege_gru / bs25600,20,wall_clearance,0.7703350186347961,0.04998134821653366,1.953125e-05,0.0,0.0,0.0
batch_25600,privilege_gru / bs25600,20,ego_steering_angle,-0.01911742053925991,0.20695370435714722,0.0026171875,3.90625e-05,0.000244140625,0.000234375
batch_25600,privilege_gru / bs25600,20,ego_slip_angle,0.000994011526927352,0.09216351807117462,0.0,0.0,0.0,0.0
batch_25600,privilege_gru / bs25600,20,left_body_margin,0.9131940603256226,0.17983511090278625,0.0,0.58185546875,0.68896484375,0.605361328125
batch_25600,privilege_gru / bs25600,20,right_body_margin,0.8594386577606201,0.19561098515987396,0.0,0.41814453125,0.529013671875,0.44216796875
batch_25600,privilege_gru / bs25600,20,sin_track_heading_error,0.03128286078572273,0.3296458423137665,0.0,0.0,0.0,0.0
batch_25600,privilege_gru / bs25600,20,cos_track_heading_error,0.9411206245422363,0.06869196891784668,0.0,0.0017578125,0.61361328125,0.297939453125
batch_25600,privilege_gru / bs25600,20,current_curvature,-0.015814445912837982,0.3798016309738159,0.04767578125,0.016357421875,0.018388671875,0.016611328125
batch_25600,privilege_gru / bs25600,20,lookahead_mean_curvature,-0.021511901170015335,0.3840711712837219,0.051591796875,0.015458984375,0.0170703125,0.01576171875
batch_51200,privilege_gru / bs51200,1,delta_s,-0.03858690708875656,0.3831804692745209,0.0,0.05279296875,0.0578125,0.05373046875
batch_51200,privilege_gru / bs51200,1,relative_lateral,-0.011733190156519413,0.43202710151672363,0.042119140625,0.03470703125,0.037197265625,0.0351953125
batch_51200,privilege_gru / bs51200,1,relative_long_velocity,-0.1257549226284027,0.1815650314092636,3.90625e-05,0.0,0.0,0.0
batch_51200,privilege_gru / bs51200,1,relative_lat_velocity,0.015296664088964462,0.2464214414358139,0.0,0.0,0.0,0.0
batch_51200,privilege_gru / bs51200,1,sin_relative_heading,0.01985001564025879,0.3481878340244293,1.953125e-05,9.765625e-06,0.0091796875,0.002314453125
batch_51200,privilege_gru / bs51200,1,cos_relative_heading,0.8845710754394531,0.31002676486968994,9.765625e-06,0.01578125,0.71490234375,0.55138671875
batch_51200,privilege_gru / bs51200,1,ego_speed,0.5024722814559937,0.15550093352794647,0.0,0.0,0.0,0.0
batch_51200,privilege_gru / bs51200,1,ego_yaw_rate,-0.01501957792788744,0.18244846165180206,0.00080078125,0.000185546875,0.0002734375,0.000205078125
batch_51200,privilege_gru / bs51200,1,relative_yaw_rate,0.003104428295046091,0.17121689021587372,0.000107421875,0.0005078125,0.00078125,0.00052734375
batch_51200,privilege_gru / bs51200,1,obb_longitudinal_clearance,0.6390272974967957,0.27460232377052307,0.0567578125,0.0,0.0205859375,0.0
batch_51200,privilege_gru / bs51200,1,obb_lateral_clearance,0.516420304775238,0.29515355825424194,0.099853515625,0.0,0.036357421875,0.0
batch_51200,privilege_gru / bs51200,1,wall_clearance,0.7681918144226074,0.05248052999377251,3.90625e-05,0.0,0.0,0.0
batch_51200,privilege_gru / bs51200,1,ego_steering_angle,-0.018090801313519478,0.20928266644477844,0.00216796875,0.000107421875,0.00013671875,0.000126953125
batch_51200,privilege_gru / bs51200,1,ego_slip_angle,0.002247783588245511,0.08951404690742493,0.0,0.0,0.0,0.0
batch_51200,privilege_gru / bs51200,1,left_body_margin,0.9063897728919983,0.17899273335933685,0.0,0.531328125,0.648369140625,0.556201171875
batch_51200,privilege_gru / bs51200,1,right_body_margin,0.8758354187011719,0.18756459653377533,0.0,0.468681640625,0.5808984375,0.4928125
batch_51200,privilege_gru / bs51200,1,sin_track_heading_error,0.017795654013752937,0.33275288343429565,0.0,0.0,0.0,0.0
batch_51200,privilege_gru / bs51200,1,cos_track_heading_error,0.9404789805412292,0.06720450520515442,0.0,0.00166015625,0.59552734375,0.275830078125
batch_51200,privilege_gru / bs51200,1,current_curvature,-0.014011365361511707,0.39347463846206665,0.049921875,0.02037109375,0.02294921875,0.020859375
batch_51200,privilege_gru / bs51200,1,lookahead_mean_curvature,-0.019495807588100433,0.3980698585510254,0.05484375,0.01916015625,0.021279296875,0.019638671875
batch_51200,privilege_gru / bs51200,2,delta_s,-0.06547512859106064,0.3640376627445221,0.0,0.048583984375,0.052578125,0.049375
batch_51200,privilege_gru / bs51200,2,relative_lateral,0.01793399266898632,0.38679417967796326,0.025546875,0.02986328125,0.032177734375,0.030302734375
batch_51200,privilege_gru / bs51200,2,relative_long_velocity,-0.10752467811107635,0.16581027209758759,0.00119140625,0.0,0.0,0.0
batch_51200,privilege_gru / bs51200,2,relative_lat_velocity,0.0030404157005250454,0.2495909035205841,0.0,0.00017578125,0.00025390625,0.0001953125
batch_51200,privilege_gru / bs51200,2,sin_relative_heading,0.0030685325618833303,0.3510519564151764,3.90625e-05,4.8828125e-05,0.0112890625,0.00333984375
batch_51200,privilege_gru / bs51200,2,cos_relative_heading,0.9043892621994019,0.24301254749298096,0.0,0.019013671875,0.72091796875,0.57732421875
batch_51200,privilege_gru / bs51200,2,ego_speed,0.49493342638015747,0.15767525136470795,0.0,0.0,0.0,0.0
batch_51200,privilege_gru / bs51200,2,ego_yaw_rate,-0.009136187843978405,0.17923259735107422,0.000380859375,0.000166015625,0.0003125,0.000166015625
batch_51200,privilege_gru / bs51200,2,relative_yaw_rate,0.0034592309966683388,0.16947874426841736,0.0,7.8125e-05,0.000166015625,9.765625e-05
batch_51200,privilege_gru / bs51200,2,obb_longitudinal_clearance,0.6509856581687927,0.2577609717845917,0.04484375,0.0,0.023466796875,0.0
batch_51200,privilege_gru / bs51200,2,obb_lateral_clearance,0.45529744029045105,0.3045518100261688,0.122841796875,0.0,0.02662109375,0.0
batch_51200,privilege_gru / bs51200,2,wall_clearance,0.7714881896972656,0.04484891891479492,9.765625e-06,0.0,0.0,0.0
batch_51200,privilege_gru / bs51200,2,ego_steering_angle,-0.012316807173192501,0.20976726710796356,0.002109375,0.000224609375,0.000361328125,0.00033203125
batch_51200,privilege_gru / bs51200,2,ego_slip_angle,-0.0018642802024260163,0.08659098297357559,0.0,0.0,0.0,0.0
batch_51200,privilege_gru / bs51200,2,left_body_margin,0.9203311204910278,0.1613050252199173,0.0,0.560009765625,0.689658203125,0.589033203125
batch_51200,privilege_gru / bs51200,2,right_body_margin,0.8685575723648071,0.19415608048439026,0.0,0.44,0.561201171875,0.467421875
batch_51200,privilege_gru / bs51200,2,sin_track_heading_error,0.028249511495232582,0.3310229778289795,0.0,0.0,0.0,0.0
batch_51200,privilege_gru / bs51200,2,cos_track_heading_error,0.940681517124176,0.06947968155145645,0.0,0.001474609375,0.608271484375,0.30123046875
batch_51200,privilege_gru / bs51200,2,current_curvature,-0.0038379321340471506,0.3907396197319031,0.04826171875,0.025126953125,0.02798828125,0.0256640625
batch_51200,privilege_gru / bs51200,2,lookahead_mean_curvature,-0.010031980462372303,0.3963768184185028,0.053486328125,0.024033203125,0.0266015625,0.024560546875
batch_51200,privilege_gru / bs51200,3,delta_s,-0.03378131985664368,0.38375359773635864,0.0,0.053134765625,0.058564453125,0.054140625
batch_51200,privilege_gru / bs51200,3,relative_lateral,0.010633937083184719,0.4053822457790375,0.030869140625,0.026240234375,0.027548828125,0.026435546875
batch_51200,privilege_gru / bs51200,3,relative_long_velocity,-0.12200520187616348,0.17326082289218903,0.00056640625,0.0,0.0,0.0
batch_51200,privilege_gru / bs51200,3,relative_lat_velocity,0.02608073502779007,0.25082650780677795,0.0,0.0,0.0,0.0
batch_51200,privilege_gru / bs51200,3,sin_relative_heading,0.02775578759610653,0.34806638956069946,9.765625e-05,3.90625e-05,0.010390625,0.004306640625
batch_51200,privilege_gru / bs51200,3,cos_relative_heading,0.8982511162757874,0.26727744936943054,9.765625e-06,0.015302734375,0.706728515625,0.549267578125
batch_51200,privilege_gru / bs51200,3,ego_speed,0.5070836544036865,0.15997016429901123,0.0,0.0,0.0,0.0
batch_51200,privilege_gru / bs51200,3,ego_yaw_rate,-0.01656150259077549,0.18254506587982178,0.000400390625,0.0001171875,0.00021484375,0.000126953125
batch_51200,privilege_gru / bs51200,3,relative_yaw_rate,0.0038663113955408335,0.16907744109630585,2.9296875e-05,6.8359375e-05,0.000205078125,0.000107421875
batch_51200,privilege_gru / bs51200,3,obb_longitudinal_clearance,0.6327921152114868,0.2824651896953583,0.06064453125,0.0,0.0223828125,0.0
batch_51200,privilege_gru / bs51200,3,obb_lateral_clearance,0.5048703551292419,0.2916506826877594,0.1066796875,0.0,0.03251953125,0.0
batch_51200,privilege_gru / bs51200,3,wall_clearance,0.770691990852356,0.04886891692876816,0.00017578125,0.0,0.0,0.0
batch_51200,privilege_gru / bs51200,3,ego_steering_angle,-0.020375404506921768,0.2107258439064026,0.00193359375,2.9296875e-05,0.000146484375,0.00013671875
batch_51200,privilege_gru / bs51200,3,ego_slip_angle,0.0011206978233531117,0.08998969942331314,0.0,0.0,0.0,0.0
batch_51200,privilege_gru / bs51200,3,left_body_margin,0.91032874584198,0.17059652507305145,0.0,0.537490234375,0.651259765625,0.559072265625
batch_51200,privilege_gru / bs51200,3,right_body_margin,0.8631357550621033,0.19916023313999176,0.0,0.462509765625,0.555263671875,0.48388671875
batch_51200,privilege_gru / bs51200,3,sin_track_heading_error,0.02522318810224533,0.3324573040008545,0.0,0.0,0.0,0.0
batch_51200,privilege_gru / bs51200,3,cos_track_heading_error,0.9403498768806458,0.06787502765655518,0.0,0.001953125,0.5974609375,0.281142578125
batch_51200,privilege_gru / bs51200,3,current_curvature,-0.023078620433807373,0.3876851201057434,0.05162109375,0.01787109375,0.0199609375,0.0182421875
batch_51200,privilege_gru / bs51200,3,lookahead_mean_curvature,-0.027049927040934563,0.39292290806770325,0.05609375,0.01779296875,0.0196484375,0.018154296875
batch_51200,privilege_gru / bs51200,4,delta_s,-0.06294357031583786,0.3610677123069763,0.0,0.044912109375,0.048544921875,0.045634765625
batch_51200,privilege_gru / bs51200,4,relative_lateral,-0.06687884032726288,0.41358691453933716,0.038125,0.0241015625,0.02533203125,0.024345703125
batch_51200,privilege_gru / bs51200,4,relative_long_velocity,-0.11904618889093399,0.17139112949371338,0.0002734375,0.0,0.0,0.0
batch_51200,privilege_gru / bs51200,4,relative_lat_velocity,0.0007261286955326796,0.2526620924472809,0.00025390625,0.0,0.0,0.0
batch_51200,privilege_gru / bs51200,4,sin_relative_heading,0.006905280519276857,0.3504006862640381,7.8125e-05,2.9296875e-05,0.007998046875,0.003720703125
batch_51200,privilege_gru / bs51200,4,cos_relative_heading,0.8961438536643982,0.2726021409034729,0.0,0.01677734375,0.7159765625,0.55296875
batch_51200,privilege_gru / bs51200,4,ego_speed,0.5098063945770264,0.15723861753940582,0.0,0.0,0.0,0.0
batch_51200,privilege_gru / bs51200,4,ego_yaw_rate,-0.01568750850856304,0.17441794276237488,0.000263671875,5.859375e-05,0.000146484375,8.7890625e-05
batch_51200,privilege_gru / bs51200,4,relative_yaw_rate,0.0037135055754333735,0.16745087504386902,2.9296875e-05,3.90625e-05,0.00015625,5.859375e-05
batch_51200,privilege_gru / bs51200,4,obb_longitudinal_clearance,0.6435860991477966,0.2707332670688629,0.05283203125,0.0,0.019970703125,0.0
batch_51200,privilege_gru / bs51200,4,obb_lateral_clearance,0.5138120651245117,0.29148632287979126,0.1011328125,0.0,0.024189453125,0.0
batch_51200,privilege_gru / bs51200,4,wall_clearance,0.7725650668144226,0.04343842342495918,0.0,0.0,0.0,0.0
batch_51200,privilege_gru / bs51200,4,ego_steering_angle,-0.018951497972011566,0.20230594277381897,0.001474609375,0.0,4.8828125e-05,4.8828125e-05
batch_51200,privilege_gru / bs51200,4,ego_slip_angle,0.0014500117395073175,0.08708769083023071,0.0,0.0,0.0,0.0
batch_51200,privilege_gru / bs51200,4,left_body_margin,0.9015238285064697,0.17251816391944885,0.0,0.51091796875,0.627236328125,0.535625
batch_51200,privilege_gru / bs51200,4,right_body_margin,0.8912039399147034,0.17231498658657074,0.0,0.48908203125,0.60171875,0.513681640625
batch_51200,privilege_gru / bs51200,4,sin_track_heading_error,0.005668484140187502,0.33213376998901367,0.0,0.0,0.0,0.0
batch_51200,privilege_gru / bs51200,4,cos_track_heading_error,0.9408051371574402,0.06801579892635345,0.0,0.001513671875,0.606103515625,0.272353515625
batch_51200,privilege_gru / bs51200,4,current_curvature,-0.020522315055131912,0.38550958037376404,0.0505859375,0.014189453125,0.016181640625,0.0144140625
batch_51200,privilege_gru / bs51200,4,lookahead_mean_curvature,-0.02879299968481064,0.38874921202659607,0.054814453125,0.011533203125,0.013037109375,0.011845703125
batch_51200,privilege_gru / bs51200,5,delta_s,-0.05051582306623459,0.37970104813575745,0.0,0.056953125,0.061484375,0.05794921875
batch_51200,privilege_gru / bs51200,5,relative_lateral,0.06241040304303169,0.39879724383354187,0.019453125,0.02974609375,0.03166015625,0.030087890625
batch_51200,privilege_gru / bs51200,5,relative_long_velocity,-0.11617591232061386,0.16631583869457245,0.00037109375,0.0,0.0,0.0
batch_51200,privilege_gru / bs51200,5,relative_lat_velocity,0.0038413582369685173,0.25360429286956787,0.00025390625,0.0,0.0,0.0
batch_51200,privilege_gru / bs51200,5,sin_relative_heading,0.005332400090992451,0.35258591175079346,4.8828125e-05,2.9296875e-05,0.011435546875,0.00404296875
batch_51200,privilege_gru / bs51200,5,cos_relative_heading,0.9047167897224426,0.23951905965805054,0.0,0.017392578125,0.71357421875,0.550908203125
batch_51200,privilege_gru / bs51200,5,ego_speed,0.5063546895980835,0.1604820191860199,0.0,0.0,0.0,0.0
batch_51200,privilege_gru / bs51200,5,ego_yaw_rate,-0.015729600563645363,0.17746394872665405,0.000400390625,4.8828125e-05,7.8125e-05,5.859375e-05
batch_51200,privilege_gru / bs51200,5,relative_yaw_rate,0.001186519511975348,0.16386978328227997,5.859375e-05,9.765625e-06,6.8359375e-05,9.765625e-06
batch_51200,privilege_gru / bs51200,5,obb_longitudinal_clearance,0.6444013714790344,0.2755187451839447,0.056943359375,0.0,0.028466796875,0.0
batch_51200,privilege_gru / bs51200,5,obb_lateral_clearance,0.5117630362510681,0.29063501954078674,0.104384765625,0.0,0.024794921875,0.0
batch_51200,privilege_gru / bs51200,5,wall_clearance,0.7684745192527771,0.050543978810310364,0.0,0.0,0.0,0.0
batch_51200,privilege_gru / bs51200,5,ego_steering_angle,-0.019636116921901703,0.2061329483985901,0.001982421875,1.953125e-05,3.90625e-05,2.9296875e-05
batch_51200,privilege_gru / bs51200,5,ego_slip_angle,-0.00012995982251595706,0.08537217974662781,0.0,0.0,0.0,0.0
batch_51200,privilege_gru / bs51200,5,left_body_margin,0.931810200214386,0.1500665694475174,0.0,0.61748046875,0.72703125,0.6408984375
batch_51200,privilege_gru / bs51200,5,right_body_margin,0.8416483998298645,0.20780619978904724,0.0,0.38251953125,0.48693359375,0.405556640625
batch_51200,privilege_gru / bs51200,5,sin_track_heading_error,0.042430948466062546,0.3259616792201996,0.0,0.0,0.0,0.0
batch_51200,privilege_gru / bs51200,5,cos_track_heading_error,0.9418865442276001,0.06955315172672272,0.0,0.001796875,0.615712890625,0.314599609375
batch_51200,privilege_gru / bs51200,5,current_curvature,-0.017349369823932648,0.3856768310070038,0.05029296875,0.01611328125,0.0182421875,0.016455078125
batch_51200,privilege_gru / bs51200,5,lookahead_mean_curvature,-0.02354338951408863,0.3906899690628052,0.054580078125,0.0149609375,0.016748046875,0.01529296875
batch_51200,privilege_gru / bs51200,6,delta_s,-0.051003094762563705,0.38516107201576233,0.0,0.06203125,0.0662109375,0.06283203125
batch_51200,privilege_gru / bs51200,6,relative_lateral,-0.011252467520534992,0.40710151195526123,0.03578125,0.02763671875,0.0297265625,0.02818359375
batch_51200,privilege_gru / bs51200,6,relative_long_velocity,-0.11750221252441406,0.1734565645456314,0.0,0.0,0.0,0.0
batch_51200,privilege_gru / bs51200,6,relative_lat_velocity,0.018552716821432114,0.24163715541362762,0.0,0.0,0.0,0.0
batch_51200,privilege_gru / bs51200,6,sin_relative_heading,0.0270066000521183,0.3454303443431854,5.859375e-05,3.90625e-05,0.010791015625,0.0026171875
batch_51200,privilege_gru / bs51200,6,cos_relative_heading,0.9059610962867737,0.2436792254447937,0.0,0.017451171875,0.7315625,0.55841796875
batch_51200,privilege_gru / bs51200,6,ego_speed,0.49931517243385315,0.16086897253990173,0.0,0.0,0.0,0.0
batch_51200,privilege_gru / bs51200,6,ego_yaw_rate,-0.011540813371539116,0.17167456448078156,0.000517578125,0.0001171875,0.00015625,0.000126953125
batch_51200,privilege_gru / bs51200,6,relative_yaw_rate,0.0011018556542694569,0.1619766801595688,6.8359375e-05,6.8359375e-05,0.00021484375,6.8359375e-05
batch_51200,privilege_gru / bs51200,6,obb_longitudinal_clearance,0.6557633280754089,0.26562264561653137,0.04880859375,0.0,0.03123046875,0.0
batch_51200,privilege_gru / bs51200,6,obb_lateral_clearance,0.48030632734298706,0.30193454027175903,0.11294921875,0.0,0.0306640625,0.0
batch_51200,privilege_gru / bs51200,6,wall_clearance,0.7734407186508179,0.04100307077169418,5.859375e-05,0.0,0.0,0.0
batch_51200,privilege_gru / bs51200,6,ego_steering_angle,-0.013259905390441418,0.19918988645076752,0.001884765625,4.8828125e-05,0.000126953125,0.000107421875
batch_51200,privilege_gru / bs51200,6,ego_slip_angle,0.0016591603634878993,0.08316078037023544,0.0,0.0,0.0,0.0
batch_51200,privilege_gru / bs51200,6,left_body_margin,0.9290777444839478,0.14075806736946106,0.0,0.57400390625,0.696181640625,0.60025390625
batch_51200,privilege_gru / bs51200,6,right_body_margin,0.8668414950370789,0.19300177693367004,0.0,0.426005859375,0.54541015625,0.451220703125
batch_51200,privilege_gru / bs51200,6,sin_track_heading_error,0.030160170048475266,0.32658836245536804,0.0,0.0,0.0,0.0
batch_51200,privilege_gru / bs51200,6,cos_track_heading_error,0.9423456788063049,0.06695552170276642,0.0,0.001796875,0.615888671875,0.299658203125
batch_51200,privilege_gru / bs51200,6,current_curvature,-0.007117545232176781,0.3755704462528229,0.04306640625,0.017880859375,0.02009765625,0.018310546875
batch_51200,privilege_gru / bs51200,6,lookahead_mean_curvature,-0.012558233924210072,0.37955334782600403,0.04708984375,0.01677734375,0.01853515625,0.01716796875
batch_51200,privilege_gru / bs51200,7,delta_s,-0.044521041214466095,0.38880297541618347,0.0,0.055869140625,0.0614453125,0.056943359375
batch_51200,privilege_gru / bs51200,7,relative_lateral,-0.0344381257891655,0.3977128565311432,0.0404296875,0.020126953125,0.0217578125,0.020283203125
batch_51200,privilege_gru / bs51200,7,relative_long_velocity,-0.1194247305393219,0.1742723435163498,0.001904296875,0.0,0.0,0.0
batch_51200,privilege_gru / bs51200,7,relative_lat_velocity,0.026384031400084496,0.23886804282665253,0.000224609375,0.00029296875,0.00033203125,0.00029296875
batch_51200,privilege_gru / bs51200,7,sin_relative_heading,0.03704880550503731,0.3453456163406372,4.8828125e-05,6.8359375e-05,0.016259765625,0.00626953125
batch_51200,privilege_gru / bs51200,7,cos_relative_heading,0.896981418132782,0.27392280101776123,9.765625e-06,0.017626953125,0.728974609375,0.568486328125
batch_51200,privilege_gru / bs51200,7,ego_speed,0.5075937509536743,0.1616208255290985,0.0,0.0,0.0,0.0
batch_51200,privilege_gru / bs51200,7,ego_yaw_rate,-0.017064837738871574,0.17428162693977356,0.000498046875,0.0001171875,0.000146484375,0.0001171875
batch_51200,privilege_gru / bs51200,7,relative_yaw_rate,0.003845521481707692,0.16700614988803864,0.00013671875,0.000107421875,0.00025390625,0.000166015625
batch_51200,privilege_gru / bs51200,7,obb_longitudinal_clearance,0.6473340392112732,0.2704853415489197,0.056181640625,0.0,0.02734375,0.0
batch_51200,privilege_gru / bs51200,7,obb_lateral_clearance,0.4768817126750946,0.2984987497329712,0.12546875,0.0,0.0275,0.0
batch_51200,privilege_gru / bs51200,7,wall_clearance,0.7693025469779968,0.05040590837597847,8.7890625e-05,0.0,0.0,0.0
batch_51200,privilege_gru / bs51200,7,ego_steering_angle,-0.021220631897449493,0.20428211987018585,0.00189453125,0.0,0.0,0.0
batch_51200,privilege_gru / bs51200,7,ego_slip_angle,0.001604786841198802,0.08363403379917145,0.0,0.0,0.0,0.0
batch_51200,privilege_gru / bs51200,7,left_body_margin,0.9127886891365051,0.17489127814769745,0.0,0.57740234375,0.678720703125,0.5989453125
batch_51200,privilege_gru / bs51200,7,right_body_margin,0.8612716197967529,0.19640511274337769,0.0,0.422607421875,0.52697265625,0.444755859375
batch_51200,privilege_gru / bs51200,7,sin_track_heading_error,0.021026119589805603,0.32556235790252686,0.0,0.0,0.0,0.0
batch_51200,privilege_gru / bs51200,7,cos_track_heading_error,0.9427321553230286,0.07004562020301819,0.0,0.001494140625,0.631181640625,0.31548828125
batch_51200,privilege_gru / bs51200,7,current_curvature,-0.023046785965561867,0.37976330518722534,0.050947265625,0.014873046875,0.016787109375,0.015234375
batch_51200,privilege_gru / bs51200,7,lookahead_mean_curvature,-0.028147967532277107,0.3852404057979584,0.055322265625,0.01439453125,0.01595703125,0.014765625
batch_51200,privilege_gru / bs51200,8,delta_s,-0.04008710756897926,0.3888658285140991,0.0,0.0610546875,0.06642578125,0.06205078125
batch_51200,privilege_gru / bs51200,8,relative_lateral,0.02908414788544178,0.42285317182540894,0.035654296875,0.042734375,0.04400390625,0.042919921875
batch_51200,privilege_gru / bs51200,8,relative_long_velocity,-0.12191791832447052,0.18308112025260925,0.001435546875,0.0,0.0,0.0
batch_51200,privilege_gru / bs51200,8,relative_lat_velocity,-0.012331889010965824,0.2509922683238983,0.00015625,0.0,0.0,0.0
batch_51200,privilege_gru / bs51200,8,sin_relative_heading,-0.01923617161810398,0.353304386138916,0.0001171875,2.9296875e-05,0.0101953125,0.002763671875
batch_51200,privilege_gru / bs51200,8,cos_relative_heading,0.8817498683929443,0.312317818403244,1.953125e-05,0.018505859375,0.715224609375,0.5785546875
batch_51200,privilege_gru / bs51200,8,ego_speed,0.5100401043891907,0.15511618554592133,0.0,0.0,0.0,0.0
batch_51200,privilege_gru / bs51200,8,ego_yaw_rate,-0.023915037512779236,0.17940810322761536,0.00083984375,0.000107421875,0.00013671875,0.000107421875
batch_51200,privilege_gru / bs51200,8,relative_yaw_rate,0.0029936418868601322,0.1712515950202942,9.765625e-06,0.000419921875,0.000732421875,0.00048828125
batch_51200,privilege_gru / bs51200,8,obb_longitudinal_clearance,0.640730082988739,0.28185561299324036,0.060595703125,0.0,0.018671875,0.0
batch_51200,privilege_gru / bs51200,8,obb_lateral_clearance,0.5027809739112854,0.3042459189891815,0.110888671875,0.0,0.047314453125,0.0
batch_51200,privilege_gru / bs51200,8,wall_clearance,0.7724170684814453,0.04360935837030411,0.0001171875,0.0,0.0,0.0
batch_51200,privilege_gru / bs51200,8,ego_steering_angle,-0.03065626136958599,0.2099841833114624,0.0044921875,0.00013671875,0.000166015625,0.00015625
batch_51200,privilege_gru / bs51200,8,ego_slip_angle,0.001715329592116177,0.08720920234918594,0.0,0.0,0.0,0.0
batch_51200,privilege_gru / bs51200,8,left_body_margin,0.929080605506897,0.14257441461086273,0.0,0.6005078125,0.709169921875,0.624716796875
batch_51200,privilege_gru / bs51200,8,right_body_margin,0.8626987934112549,0.1869114488363266,0.0,0.3994921875,0.5136328125,0.423310546875
batch_51200,privilege_gru / bs51200,8,sin_track_heading_error,0.028909413143992424,0.32522886991500854,0.0,0.0,0.0,0.0
batch_51200,privilege_gru / bs51200,8,cos_track_heading_error,0.9427980780601501,0.06773502379655838,0.0,0.00142578125,0.62392578125,0.296396484375
batch_51200,privilege_gru / bs51200,8,current_curvature,-0.04191754013299942,0.37609273195266724,0.056396484375,0.017255859375,0.018994140625,0.017568359375
batch_51200,privilege_gru / bs51200,8,lookahead_mean_curvature,-0.0481947660446167,0.3801206350326538,0.060244140625,0.0155078125,0.01732421875,0.0159765625
batch_51200,privilege_gru / bs51200,9,delta_s,-0.039650268852710724,0.39691412448883057,0.0,0.063076171875,0.067587890625,0.063994140625
batch_51200,privilege_gru / bs51200,9,relative_lateral,-0.002778611844405532,0.42649751901626587,0.0354296875,0.03908203125,0.03982421875,0.039248046875
batch_51200,privilege_gru / bs51200,9,relative_long_velocity,-0.12512311339378357,0.1785866916179657,0.000986328125,0.0,0.0,0.0
batch_51200,privilege_gru / bs51200,9,relative_lat_velocity,0.02255573682487011,0.2547406852245331,0.000224609375,0.0,0.0,0.0
batch_51200,privilege_gru / bs51200,9,sin_relative_heading,0.031087065115571022,0.35126063227653503,3.90625e-05,3.90625e-05,0.00994140625,0.0048828125
batch_51200,privilege_gru / bs51200,9,cos_relative_heading,0.892952024936676,0.2801254093647003,0.0,0.014970703125,0.70626953125,0.535419921875
batch_51200,privilege_gru / bs51200,9,ego_speed,0.5184455513954163,0.15947481989860535,0.0,0.0,0.0,0.0
batch_51200,privilege_gru / bs51200,9,ego_yaw_rate,-0.0036027776077389717,0.17461873590946198,0.000751953125,0.00013671875,0.0001953125,0.00013671875
batch_51200,privilege_gru / bs51200,9,relative_yaw_rate,-0.00033138610888272524,0.16574124991893768,0.0,0.00013671875,0.0002734375,0.000146484375
batch_51200,privilege_gru / bs51200,9,obb_longitudinal_clearance,0.6624333262443542,0.2650570273399353,0.047373046875,0.0,0.02462890625,0.0
batch_51200,privilege_gru / bs51200,9,obb_lateral_clearance,0.5162143111228943,0.29113930463790894,0.096513671875,0.0,0.035830078125,0.0
batch_51200,privilege_gru / bs51200,9,wall_clearance,0.7693854570388794,0.045296184718608856,3.90625e-05,0.0,0.0,0.0
batch_51200,privilege_gru / bs51200,9,ego_steering_angle,-0.005022398661822081,0.1988549530506134,0.002568359375,1.953125e-05,3.90625e-05,3.90625e-05
batch_51200,privilege_gru / bs51200,9,ego_slip_angle,-0.0032279356382787228,0.08985459059476852,0.0,0.0,0.0,0.0
batch_51200,privilege_gru / bs51200,9,left_body_margin,0.922503650188446,0.15817475318908691,0.0,0.6037890625,0.709150390625,0.6264453125
batch_51200,privilege_gru / bs51200,9,right_body_margin,0.8559768795967102,0.19491808116436005,0.0,0.3962109375,0.500244140625,0.418212890625
batch_51200,privilege_gru / bs51200,9,sin_track_heading_error,0.03394729644060135,0.3263568580150604,0.0,0.0,0.0,0.0
batch_51200,privilege_gru / bs51200,9,cos_track_heading_error,0.9422338604927063,0.06798818707466125,0.0,0.0018359375,0.613984375,0.3037109375
batch_51200,privilege_gru / bs51200,9,current_curvature,0.012204395607113838,0.38026219606399536,0.040302734375,0.02103515625,0.0234375,0.021416015625
batch_51200,privilege_gru / bs51200,9,lookahead_mean_curvature,0.008543767035007477,0.3846408724784851,0.043798828125,0.019853515625,0.021884765625,0.020244140625
batch_51200,privilege_gru / bs51200,10,delta_s,-0.010707538574934006,0.4149194061756134,0.0,0.07330078125,0.078994140625,0.074375
batch_51200,privilege_gru / bs51200,10,relative_lateral,0.017800098285079002,0.4286516010761261,0.039111328125,0.030732421875,0.032119140625,0.031015625
batch_51200,privilege_gru / bs51200,10,relative_long_velocity,-0.1307520717382431,0.17540454864501953,0.00119140625,0.0,0.0,0.0
batch_51200,privilege_gru / bs51200,10,relative_lat_velocity,0.00894191674888134,0.25247281789779663,0.0,0.0,0.0,0.0
batch_51200,privilege_gru / bs51200,10,sin_relative_heading,0.01568937487900257,0.34996750950813293,3.90625e-05,3.90625e-05,0.010869140625,0.004052734375
batch_51200,privilege_gru / bs51200,10,cos_relative_heading,0.9019676446914673,0.2529412806034088,0.0,0.01919921875,0.728759765625,0.58400390625
batch_51200,privilege_gru / bs51200,10,ego_speed,0.5262566208839417,0.15680432319641113,0.0,0.0,0.0,0.0
batch_51200,privilege_gru / bs51200,10,ego_yaw_rate,-0.015739303082227707,0.1801014393568039,0.000498046875,8.7890625e-05,8.7890625e-05,8.7890625e-05
batch_51200,privilege_gru / bs51200,10,relative_yaw_rate,0.002886261325329542,0.16753414273262024,5.859375e-05,2.9296875e-05,0.000234375,3.90625e-05
batch_51200,privilege_gru / bs51200,10,obb_longitudinal_clearance,0.6498960256576538,0.2873428761959076,0.0609765625,0.0,0.03662109375,0.0
batch_51200,privilege_gru / bs51200,10,obb_lateral_clearance,0.5226123332977295,0.2924942672252655,0.099296875,0.0,0.034462890625,0.0
batch_51200,privilege_gru / bs51200,10,wall_clearance,0.7695190906524658,0.05062088742852211,0.0,0.0,0.0,0.0
batch_51200,privilege_gru / bs51200,10,ego_steering_angle,-0.01840861514210701,0.20499162375926971,0.00203125,1.953125e-05,9.765625e-05,8.7890625e-05
batch_51200,privilege_gru / bs51200,10,ego_slip_angle,0.002534388331696391,0.08935055136680603,0.0,0.0,0.0,0.0
batch_51200,privilege_gru / bs51200,10,left_body_margin,0.9266752600669861,0.16510003805160522,0.0,0.620009765625,0.725078125,0.64365234375
batch_51200,privilege_gru / bs51200,10,right_body_margin,0.8477969169616699,0.2001763880252838,0.0,0.379990234375,0.490380859375,0.403642578125
batch_51200,privilege_gru / bs51200,10,sin_track_heading_error,0.03953361138701439,0.325127512216568,0.0,0.0,0.0,0.0
batch_51200,privilege_gru / bs51200,10,cos_track_heading_error,0.9423859119415283,0.0685899555683136,0.0,0.00158203125,0.633369140625,0.303662109375
batch_51200,privilege_gru / bs51200,10,current_curvature,-0.017752092331647873,0.3791826069355011,0.047109375,0.017841796875,0.02015625,0.01822265625
batch_51200,privilege_gru / bs51200,10,lookahead_mean_curvature,-0.023622259497642517,0.38336095213890076,0.050947265625,0.017158203125,0.0191015625,0.017578125
batch_51200,privilege_gru / bs51200,11,delta_s,-0.062405891716480255,0.3577178120613098,0.0,0.0426171875,0.0461328125,0.04328125
batch_51200,privilege_gru / bs51200,11,relative_lateral,0.012417787685990334,0.3933105170726776,0.0272265625,0.02833984375,0.030419921875,0.028662109375
batch_51200,privilege_gru / bs51200,11,relative_long_velocity,-0.10948098450899124,0.158647820353508,0.00134765625,0.0,0.0,0.0
batch_51200,privilege_gru / bs51200,11,relative_lat_velocity,-0.002953465562313795,0.23816713690757751,2.9296875e-05,0.0,0.0,0.0
batch_51200,privilege_gru / bs51200,11,sin_relative_heading,-0.007860812358558178,0.3339093029499054,8.7890625e-05,2.9296875e-05,0.005322265625,0.002001953125
batch_51200,privilege_gru / bs51200,11,cos_relative_heading,0.9115519523620605,0.24030646681785583,0.0,0.017734375,0.739833984375,0.57525390625
batch_51200,privilege_gru / bs51200,11,ego_speed,0.5016059875488281,0.1603068858385086,0.0,0.0,0.0,0.0
batch_51200,privilege_gru / bs51200,11,ego_yaw_rate,-0.013046537525951862,0.17382191121578217,0.000263671875,9.765625e-05,0.000146484375,0.000107421875
batch_51200,privilege_gru / bs51200,11,relative_yaw_rate,0.0031020755413919687,0.16044816374778748,0.0,0.0001171875,0.000322265625,0.00015625
batch_51200,privilege_gru / bs51200,11,obb_longitudinal_clearance,0.6455835103988647,0.2678740620613098,0.05400390625,0.0,0.014228515625,0.0
batch_51200,privilege_gru / bs51200,11,obb_lateral_clearance,0.47662776708602905,0.30324456095695496,0.11921875,0.0,0.02802734375,0.0
batch_51200,privilege_gru / bs51200,11,wall_clearance,0.7721204161643982,0.04407791048288345,0.0,0.0,0.0,0.0
batch_51200,privilege_gru / bs51200,11,ego_steering_angle,-0.01797335222363472,0.20578111708164215,0.00357421875,1.953125e-05,4.8828125e-05,3.90625e-05
batch_51200,privilege_gru / bs51200,11,ego_slip_angle,-0.0013342136517167091,0.08511549234390259,0.0,0.0,0.0,0.0
batch_51200,privilege_gru / bs51200,11,left_body_margin,0.9305542707443237,0.14456228911876678,0.0,0.602275390625,0.715185546875,0.627685546875
batch_51200,privilege_gru / bs51200,11,right_body_margin,0.8645690083503723,0.1920420378446579,0.0,0.397724609375,0.522138671875,0.424404296875
batch_51200,privilege_gru / bs51200,11,sin_track_heading_error,0.027623174712061882,0.325697660446167,0.0,0.0,0.0,0.0
batch_51200,privilege_gru / bs51200,11,cos_track_heading_error,0.9427412152290344,0.06677436828613281,0.0,0.00166015625,0.6234375,0.28328125
batch_51200,privilege_gru / bs51200,11,current_curvature,-0.015712982043623924,0.38201212882995605,0.047099609375,0.01869140625,0.020966796875,0.0191015625
batch_51200,privilege_gru / bs51200,11,lookahead_mean_curvature,-0.0205156859010458,0.38712820410728455,0.051611328125,0.018134765625,0.02001953125,0.01857421875
batch_51200,privilege_gru / bs51200,12,delta_s,0.0033367646392434835,0.42619743943214417,0.0,0.083876953125,0.090830078125,0.085224609375
batch_51200,privilege_gru / bs51200,12,relative_lateral,0.027530016377568245,0.41960105299949646,0.047294921875,0.034150390625,0.035146484375,0.034375
batch_51200,privilege_gru / bs51200,12,relative_long_velocity,-0.13764843344688416,0.1960175782442093,0.001591796875,0.0,0.0,0.0
batch_51200,privilege_gru / bs51200,12,relative_lat_velocity,0.018564602360129356,0.23343339562416077,0.0,0.00029296875,0.000341796875,0.000302734375
batch_51200,privilege_gru / bs51200,12,sin_relative_heading,0.03313480690121651,0.3547009527683258,6.8359375e-05,6.8359375e-05,0.015078125,0.00666015625
batch_51200,privilege_gru / bs51200,12,cos_relative_heading,0.8739457130432129,0.3308951258659363,1.953125e-05,0.020537109375,0.7233984375,0.57982421875
batch_51200,privilege_gru / bs51200,12,ego_speed,0.5074986815452576,0.16722863912582397,0.0,0.0,0.0,0.0
batch_51200,privilege_gru / bs51200,12,ego_yaw_rate,-0.021232832223176956,0.17711560428142548,0.00103515625,3.90625e-05,5.859375e-05,3.90625e-05
batch_51200,privilege_gru / bs51200,12,relative_yaw_rate,0.0021784224081784487,0.16690321266651154,0.0,0.00025390625,0.000615234375,0.000302734375
batch_51200,privilege_gru / bs51200,12,obb_longitudinal_clearance,0.6701673865318298,0.25761041045188904,0.044091796875,0.0,0.03646484375,0.0
batch_51200,privilege_gru / bs51200,12,obb_lateral_clearance,0.4899119436740875,0.3053012192249298,0.115634765625,0.0,0.04662109375,0.0
batch_51200,privilege_gru / bs51200,12,wall_clearance,0.7710699439048767,0.0473862960934639,0.0001171875,0.0,0.0,0.0
batch_51200,privilege_gru / bs51200,12,ego_steering_angle,-0.025591276586055756,0.2069970816373825,0.0030078125,0.0,0.0,0.0
batch_51200,privilege_gru / bs51200,12,ego_slip_angle,0.004150004591792822,0.08370654284954071,0.0,0.0,0.0,0.0
batch_51200,privilege_gru / bs51200,12,left_body_margin,0.9367895722389221,0.1374187171459198,0.0,0.623076171875,0.728388671875,0.6453515625
batch_51200,privilege_gru / bs51200,12,right_body_margin,0.8440090417861938,0.2024856060743332,0.0,0.376923828125,0.479873046875,0.398671875
batch_51200,privilege_gru / bs51200,12,sin_track_heading_error,0.04320516064763069,0.3243083357810974,0.0,0.0,0.0,0.0
batch_51200,privilege_gru / bs51200,12,cos_track_heading_error,0.9424713850021362,0.06885380297899246,0.0,0.001630859375,0.62125,0.305107421875
batch_51200,privilege_gru / bs51200,12,current_curvature,-0.028922846540808678,0.37520864605903625,0.0537890625,0.019697265625,0.02177734375,0.020146484375
batch_51200,privilege_gru / bs51200,12,lookahead_mean_curvature,-0.03554888069629669,0.3814377784729004,0.058203125,0.018603515625,0.0205859375,0.018974609375
batch_51200,privilege_gru / bs51200,13,delta_s,-0.04623565822839737,0.37565985321998596,0.0,0.04986328125,0.055322265625,0.050908203125
batch_51200,privilege_gru / bs51200,13,relative_lateral,-0.0501236766576767,0.4186878204345703,0.04150390625,0.032841796875,0.033935546875,0.03306640625
batch_51200,privilege_gru / bs51200,13,relative_long_velocity,-0.12184876203536987,0.18457108736038208,0.001689453125,0.0,0.0,0.0
batch_51200,privilege_gru / bs51200,13,relative_lat_velocity,0.02088002674281597,0.25047120451927185,0.000146484375,0.0,0.0,0.0
batch_51200,privilege_gru / bs51200,13,sin_relative_heading,0.029997317120432854,0.35172781348228455,1.953125e-05,1.953125e-05,0.0143359375,0.00291015625
batch_51200,privilege_gru / bs51200,13,cos_relative_heading,0.8869954943656921,0.2980383634567261,1.953125e-05,0.0169140625,0.724990234375,0.562431640625
batch_51200,privilege_gru / bs51200,13,ego_speed,0.509535551071167,0.15612195432186127,0.0,0.0,0.0,0.0
batch_51200,privilege_gru / bs51200,13,ego_yaw_rate,-0.013661661185324192,0.1783289611339569,0.000380859375,9.765625e-05,0.00015625,0.000107421875
batch_51200,privilege_gru / bs51200,13,relative_yaw_rate,0.0034504812210798264,0.17041225731372833,8.7890625e-05,4.8828125e-05,8.7890625e-05,5.859375e-05
batch_51200,privilege_gru / bs51200,13,obb_longitudinal_clearance,0.6413972973823547,0.271257221698761,0.060390625,0.0,0.01216796875,0.0
batch_51200,privilege_gru / bs51200,13,obb_lateral_clearance,0.5039957165718079,0.2953982353210449,0.1041796875,0.0,0.04265625,0.0
batch_51200,privilege_gru / bs51200,13,wall_clearance,0.773270845413208,0.041296664625406265,1.953125e-05,0.0,0.0,0.0
batch_51200,privilege_gru / bs51200,13,ego_steering_angle,-0.016878550872206688,0.2030603438615799,0.001845703125,0.0,7.8125e-05,7.8125e-05
batch_51200,privilege_gru / bs51200,13,ego_slip_angle,0.00029759370954707265,0.09031945466995239,0.0,0.0,0.0,0.0
batch_51200,privilege_gru / bs51200,13,left_body_margin,0.9179025888442993,0.15755240619182587,0.0,0.57013671875,0.67798828125,0.59380859375
batch_51200,privilege_gru / bs51200,13,right_body_margin,0.8723424673080444,0.18347576260566711,0.0,0.42986328125,0.540400390625,0.45224609375
batch_51200,privilege_gru / bs51200,13,sin_track_heading_error,0.021237090229988098,0.3293730914592743,0.0,0.0,0.0,0.0
batch_51200,privilege_gru / bs51200,13,cos_track_heading_error,0.9414937496185303,0.06868401914834976,0.0,0.00166015625,0.618251953125,0.293115234375
batch_51200,privilege_gru / bs51200,13,current_curvature,-0.015470840968191624,0.38392284512519836,0.048359375,0.017333984375,0.019365234375,0.01763671875
batch_51200,privilege_gru / bs51200,13,lookahead_mean_curvature,-0.02132641337811947,0.3877924978733063,0.052548828125,0.01587890625,0.0176171875,0.01626953125
batch_51200,privilege_gru / bs51200,14,delta_s,-0.08624009042978287,0.33420899510383606,0.0,0.03126953125,0.03439453125,0.031875
batch_51200,privilege_gru / bs51200,14,relative_lateral,-0.0006262474344111979,0.39216348528862,0.024287109375,0.01923828125,0.02087890625,0.01947265625
batch_51200,privilege_gru / bs51200,14,relative_long_velocity,-0.10039183497428894,0.15602603554725647,0.00115234375,0.0,0.0,0.0
batch_51200,privilege_gru / bs51200,14,relative_lat_velocity,0.005479785613715649,0.2605924606323242,0.0,0.0,0.0,0.0
batch_51200,privilege_gru / bs51200,14,sin_relative_heading,0.0006255212938413024,0.3452400267124176,8.7890625e-05,3.90625e-05,0.00787109375,0.00345703125
batch_51200,privilege_gru / bs51200,14,cos_relative_heading,0.9083555340766907,0.2363896667957306,0.0,0.017587890625,0.71216796875,0.541533203125
batch_51200,privilege_gru / bs51200,14,ego_speed,0.5007315278053284,0.15659458935260773,0.0,0.0,0.0,0.0
batch_51200,privilege_gru / bs51200,14,ego_yaw_rate,-0.019198378548026085,0.1807820051908493,0.000615234375,0.000263671875,0.0004296875,0.000283203125
batch_51200,privilege_gru / bs51200,14,relative_yaw_rate,0.004342713858932257,0.17350344359874725,0.000166015625,0.00033203125,0.000615234375,0.00037109375
batch_51200,privilege_gru / bs51200,14,obb_longitudinal_clearance,0.6366896033287048,0.2719161808490753,0.05474609375,0.0,0.00896484375,0.0
batch_51200,privilege_gru / bs51200,14,obb_lateral_clearance,0.4838612675666809,0.3007369637489319,0.119833984375,0.0,0.015908203125,0.0
batch_51200,privilege_gru / bs51200,14,wall_clearance,0.7696558237075806,0.044422417879104614,0.0,0.0,0.0,0.0
batch_51200,privilege_gru / bs51200,14,ego_steering_angle,-0.024914970621466637,0.21294987201690674,0.004140625,8.7890625e-05,0.000185546875,0.000166015625
batch_51200,privilege_gru / bs51200,14,ego_slip_angle,0.0005989373894408345,0.08880610764026642,0.0,0.0,0.0,0.0
batch_51200,privilege_gru / bs51200,14,left_body_margin,0.9215595722198486,0.1591213345527649,0.0,0.58634765625,0.699384765625,0.61203125
batch_51200,privilege_gru / bs51200,14,right_body_margin,0.8668881058692932,0.18753795325756073,0.0,0.41365234375,0.53267578125,0.43998046875
batch_51200,privilege_gru / bs51200,14,sin_track_heading_error,0.026034586131572723,0.32740065455436707,0.0,0.0,0.0,0.0
batch_51200,privilege_gru / bs51200,14,cos_track_heading_error,0.942054808139801,0.06874168664216995,0.0,0.00185546875,0.611181640625,0.31326171875
batch_51200,privilege_gru / bs51200,14,current_curvature,-0.03260132670402527,0.3927665948867798,0.051845703125,0.01361328125,0.015693359375,0.01390625
batch_51200,privilege_gru / bs51200,14,lookahead_mean_curvature,-0.037828411906957626,0.3979790508747101,0.05638671875,0.014248046875,0.01578125,0.014609375
batch_51200,privilege_gru / bs51200,15,delta_s,-0.04991436004638672,0.3729875385761261,0.0,0.05365234375,0.057666015625,0.054482421875
batch_51200,privilege_gru / bs51200,15,relative_lateral,0.016583019867539406,0.4024909734725952,0.035634765625,0.023173828125,0.02505859375,0.023486328125
batch_51200,privilege_gru / bs51200,15,relative_long_velocity,-0.11651583015918732,0.17587144672870636,0.00056640625,0.0,0.0,0.0
batch_51200,privilege_gru / bs51200,15,relative_lat_velocity,0.013288156129419804,0.25846225023269653,5.859375e-05,0.000166015625,0.000263671875,0.0001953125
batch_51200,privilege_gru / bs51200,15,sin_relative_heading,0.01720649190247059,0.35267192125320435,4.8828125e-05,3.90625e-05,0.012373046875,0.0050390625
batch_51200,privilege_gru / bs51200,15,cos_relative_heading,0.8934868574142456,0.2778374254703522,9.765625e-06,0.01458984375,0.71140625,0.539892578125
batch_51200,privilege_gru / bs51200,15,ego_speed,0.5063412189483643,0.15768879652023315,0.0,0.0,0.0,0.0
batch_51200,privilege_gru / bs51200,15,ego_yaw_rate,-0.011927511543035507,0.1821838617324829,0.000517578125,0.000166015625,0.00029296875,0.0001953125
batch_51200,privilege_gru / bs51200,15,relative_yaw_rate,0.003658030414953828,0.17247849702835083,3.90625e-05,0.000205078125,0.000634765625,0.000224609375
batch_51200,privilege_gru / bs51200,15,obb_longitudinal_clearance,0.6411094069480896,0.2715372145175934,0.053837890625,0.0,0.03462890625,0.0
batch_51200,privilege_gru / bs51200,15,obb_lateral_clearance,0.4841080904006958,0.29971131682395935,0.1222265625,0.0,0.022744140625,0.0
batch_51200,privilege_gru / bs51200,15,wall_clearance,0.7723540663719177,0.04118671268224716,1.953125e-05,0.0,0.0,0.0
batch_51200,privilege_gru / bs51200,15,ego_steering_angle,-0.015724169090390205,0.21110586822032928,0.00294921875,0.0,7.8125e-05,7.8125e-05
batch_51200,privilege_gru / bs51200,15,ego_slip_angle,-0.0004114934417884797,0.0907527282834053,0.0,0.0,0.0,0.0
batch_51200,privilege_gru / bs51200,15,left_body_margin,0.9377099871635437,0.1286270171403885,0.0,0.628427734375,0.735478515625,0.6532421875
batch_51200,privilege_gru / bs51200,15,right_body_margin,0.8538963198661804,0.19406530261039734,0.0,0.371572265625,0.49458984375,0.397861328125
batch_51200,privilege_gru / bs51200,15,sin_track_heading_error,0.03572537750005722,0.3266064524650574,0.0,0.0,0.0,0.0
batch_51200,privilege_gru / bs51200,15,cos_track_heading_error,0.9420425295829773,0.06831163167953491,0.0,0.001728515625,0.619931640625,0.301533203125
batch_51200,privilege_gru / bs51200,15,current_curvature,-0.010163023136556149,0.39412426948547363,0.042216796875,0.024169921875,0.0269921875,0.02466796875
batch_51200,privilege_gru / bs51200,15,lookahead_mean_curvature,-0.01580345816910267,0.3977653980255127,0.0471875,0.022548828125,0.024931640625,0.023056640625
batch_51200,privilege_gru / bs51200,16,delta_s,-0.01250524166971445,0.4222908318042755,0.0,0.074140625,0.079453125,0.0751953125
batch_51200,privilege_gru / bs51200,16,relative_lateral,0.020824221894145012,0.4300302565097809,0.03830078125,0.04150390625,0.04462890625,0.04201171875
batch_51200,privilege_gru / bs51200,16,relative_long_velocity,-0.135755717754364,0.17923960089683533,0.000283203125,0.0,0.0,0.0
batch_51200,privilege_gru / bs51200,16,relative_lat_velocity,0.012783949263393879,0.25733867287635803,0.000283203125,0.0,0.0,0.0
batch_51200,privilege_gru / bs51200,16,sin_relative_heading,0.017300503328442574,0.3643808364868164,0.00013671875,2.9296875e-05,0.01302734375,0.00244140625
batch_51200,privilege_gru / bs51200,16,cos_relative_heading,0.8886973857879639,0.27808159589767456,9.765625e-06,0.017158203125,0.6990625,0.55166015625
batch_51200,privilege_gru / bs51200,16,ego_speed,0.5138620138168335,0.1639045923948288,0.0,0.0,0.0,0.0
batch_51200,privilege_gru / bs51200,16,ego_yaw_rate,-0.01607123762369156,0.1740553081035614,0.000615234375,9.765625e-06,1.953125e-05,9.765625e-06
batch_51200,privilege_gru / bs51200,16,relative_yaw_rate,0.00046671603922732174,0.16622859239578247,8.7890625e-05,0.000205078125,0.000322265625,0.000234375
batch_51200,privilege_gru / bs51200,16,obb_longitudinal_clearance,0.6697096824645996,0.2670016288757324,0.047294921875,0.0,0.036064453125,0.0
batch_51200,privilege_gru / bs51200,16,obb_lateral_clearance,0.5000866651535034,0.30198657512664795,0.11037109375,0.0,0.041337890625,0.0
batch_51200,privilege_gru / bs51200,16,wall_clearance,0.7739217281341553,0.04567417874932289,8.7890625e-05,0.0,0.0,0.0
batch_51200,privilege_gru / bs51200,16,ego_steering_angle,-0.019341330975294113,0.20303794741630554,0.002216796875,2.9296875e-05,8.7890625e-05,7.8125e-05
batch_51200,privilege_gru / bs51200,16,ego_slip_angle,0.0016702743014320731,0.08469900488853455,0.0,0.0,0.0,0.0
batch_51200,privilege_gru / bs51200,16,left_body_margin,0.9306886792182922,0.14586396515369415,0.0,0.602197265625,0.716689453125,0.6269921875
batch_51200,privilege_gru / bs51200,16,right_body_margin,0.8634467124938965,0.1880558580160141,0.0,0.397802734375,0.512880859375,0.42291015625
batch_51200,privilege_gru / bs51200,16,sin_track_heading_error,0.0290704183280468,0.32545286417007446,0.0,0.0,0.0,0.0
batch_51200,privilege_gru / bs51200,16,cos_track_heading_error,0.9426712989807129,0.06841803342103958,0.0,0.001875,0.6260546875,0.30501953125
batch_51200,privilege_gru / bs51200,16,current_curvature,-0.017577089369297028,0.38078588247299194,0.049345703125,0.017314453125,0.019462890625,0.017626953125
batch_51200,privilege_gru / bs51200,16,lookahead_mean_curvature,-0.02470242977142334,0.3867165446281433,0.054423828125,0.015927734375,0.017666015625,0.016318359375
batch_51200,privilege_gru / bs51200,17,delta_s,-0.03330349549651146,0.39574697613716125,0.0,0.060205078125,0.06509765625,0.061171875
batch_51200,privilege_gru / bs51200,17,relative_lateral,0.020131854340434074,0.41385844349861145,0.0358203125,0.028232421875,0.0300390625,0.028525390625
batch_51200,privilege_gru / bs51200,17,relative_long_velocity,-0.12591513991355896,0.17918556928634644,0.00109375,0.0,0.0,0.0
batch_51200,privilege_gru / bs51200,17,relative_lat_velocity,0.008836374618113041,0.2559954524040222,0.0,0.0,0.0,0.0
batch_51200,privilege_gru / bs51200,17,sin_relative_heading,0.010984621942043304,0.35662755370140076,3.90625e-05,3.90625e-05,0.0121484375,0.004345703125
batch_51200,privilege_gru / bs51200,17,cos_relative_heading,0.8869413733482361,0.29366761445999146,9.765625e-06,0.018232421875,0.713701171875,0.567705078125
batch_51200,privilege_gru / bs51200,17,ego_speed,0.5190517902374268,0.1562068909406662,0.0,0.0,0.0,0.0
batch_51200,privilege_gru / bs51200,17,ego_yaw_rate,-0.019719045609235764,0.1794648915529251,0.00029296875,8.7890625e-05,0.00013671875,9.765625e-05
batch_51200,privilege_gru / bs51200,17,relative_yaw_rate,0.005237515550106764,0.17185713350772858,3.90625e-05,0.000419921875,0.00076171875,0.000458984375
batch_51200,privilege_gru / bs51200,17,obb_longitudinal_clearance,0.6551026701927185,0.2729678452014923,0.05619140625,0.0,0.0315234375,0.0
batch_51200,privilege_gru / bs51200,17,obb_lateral_clearance,0.5068691372871399,0.29438212513923645,0.110712890625,0.0,0.031015625,0.0
batch_51200,privilege_gru / bs51200,17,wall_clearance,0.7727600932121277,0.0425589457154274,0.0,0.0,0.0,0.0
batch_51200,privilege_gru / bs51200,17,ego_steering_angle,-0.02524118684232235,0.2101518213748932,0.003291015625,9.765625e-05,0.0001171875,0.000107421875
batch_51200,privilege_gru / bs51200,17,ego_slip_angle,0.001715426566079259,0.08657138794660568,0.0,0.0,0.0,0.0
batch_51200,privilege_gru / bs51200,17,left_body_margin,0.9363564848899841,0.13438642024993896,0.0,0.615966796875,0.72765625,0.640283203125
batch_51200,privilege_gru / bs51200,17,right_body_margin,0.8550665378570557,0.19545112550258636,0.0,0.384033203125,0.501923828125,0.40900390625
batch_51200,privilege_gru / bs51200,17,sin_track_heading_error,0.037200260907411575,0.3245617151260376,0.0,0.0,0.0,0.0
batch_51200,privilege_gru / bs51200,17,cos_track_heading_error,0.9426808953285217,0.06820672750473022,0.0,0.001689453125,0.626630859375,0.3153515625
batch_51200,privilege_gru / bs51200,17,current_curvature,-0.02819197252392769,0.37585243582725525,0.05123046875,0.0156640625,0.017431640625,0.01599609375
batch_51200,privilege_gru / bs51200,17,lookahead_mean_curvature,-0.03244344890117645,0.3796566426753998,0.054931640625,0.015009765625,0.01654296875,0.0153515625
batch_51200,privilege_gru / bs51200,18,delta_s,0.04807845130562782,0.4264017343521118,0.0,0.090791015625,0.096923828125,0.09201171875
batch_51200,privilege_gru / bs51200,18,relative_lateral,-0.03952271118760109,0.45204874873161316,0.055947265625,0.04837890625,0.049453125,0.04857421875
batch_51200,privilege_gru / bs51200,18,relative_long_velocity,-0.16141529381275177,0.2043527364730835,0.00115234375,0.0,0.0,0.0
batch_51200,privilege_gru / bs51200,18,relative_lat_velocity,0.012519014067947865,0.2429407835006714,0.0,0.0,0.0,0.0
batch_51200,privilege_gru / bs51200,18,sin_relative_heading,0.025783708319067955,0.3793168067932129,8.7890625e-05,6.8359375e-05,0.01677734375,0.0065625
batch_51200,privilege_gru / bs51200,18,cos_relative_heading,0.8525573015213013,0.358815461397171,1.953125e-05,0.015947265625,0.68658203125,0.52623046875
batch_51200,privilege_gru / bs51200,18,ego_speed,0.5130425095558167,0.16542915999889374,0.0,0.0,0.0,0.0
batch_51200,privilege_gru / bs51200,18,ego_yaw_rate,-0.016871768981218338,0.17999950051307678,0.000439453125,0.000166015625,0.00025390625,0.00017578125
batch_51200,privilege_gru / bs51200,18,relative_yaw_rate,0.0034726792946457863,0.17464731633663177,0.000126953125,0.000400390625,0.00083984375,0.00046875
batch_51200,privilege_gru / bs51200,18,obb_longitudinal_clearance,0.6413677930831909,0.2801283895969391,0.0569140625,0.0,0.037724609375,0.0
batch_51200,privilege_gru / bs51200,18,obb_lateral_clearance,0.5228981971740723,0.30045443773269653,0.1022265625,0.0,0.05556640625,0.0
batch_51200,privilege_gru / bs51200,18,wall_clearance,0.7721930742263794,0.04748344048857689,0.000234375,0.0,0.0,0.0
batch_51200,privilege_gru / bs51200,18,ego_steering_angle,-0.023420002311468124,0.20927493274211884,0.00251953125,2.9296875e-05,0.000126953125,9.765625e-05
batch_51200,privilege_gru / bs51200,18,ego_slip_angle,-0.0004971286398358643,0.09124112129211426,0.0,0.0,0.0,0.0
batch_51200,privilege_gru / bs51200,18,left_body_margin,0.9242222309112549,0.1486300826072693,0.0,0.59529296875,0.697646484375,0.618046875
batch_51200,privilege_gru / bs51200,18,right_body_margin,0.8691835999488831,0.18571388721466064,0.0,0.404716796875,0.51607421875,0.4279296875
batch_51200,privilege_gru / bs51200,18,sin_track_heading_error,0.021434742957353592,0.3282041549682617,0.0,0.0,0.0,0.0
batch_51200,privilege_gru / bs51200,18,cos_track_heading_error,0.9419305920600891,0.0680922195315361,0.0,0.0016796875,0.60689453125,0.294345703125
batch_51200,privilege_gru / bs51200,18,current_curvature,-0.025763478130102158,0.3866877257823944,0.049521484375,0.0201171875,0.0221875,0.020478515625
batch_51200,privilege_gru / bs51200,18,lookahead_mean_curvature,-0.030509470030665398,0.3903852105140686,0.0533203125,0.0184375,0.020517578125,0.018896484375
batch_51200,privilege_gru / bs51200,19,delta_s,-0.03448966145515442,0.3986540138721466,0.0,0.064921875,0.07068359375,0.066123046875
batch_51200,privilege_gru / bs51200,19,relative_lateral,0.013030964881181717,0.4058760106563568,0.028896484375,0.033330078125,0.034931640625,0.033603515625
batch_51200,privilege_gru / bs51200,19,relative_long_velocity,-0.12153949588537216,0.17891459167003632,0.0,0.0,0.0,0.0
batch_51200,privilege_gru / bs51200,19,relative_lat_velocity,0.008855692110955715,0.2535450756549835,0.0,0.0004296875,0.00083984375,0.000458984375
batch_51200,privilege_gru / bs51200,19,sin_relative_heading,0.01569008082151413,0.349203884601593,6.8359375e-05,3.90625e-05,0.01275390625,0.004677734375
batch_51200,privilege_gru / bs51200,19,cos_relative_heading,0.8968045115470886,0.27165400981903076,9.765625e-06,0.017958984375,0.729375,0.583876953125
batch_51200,privilege_gru / bs51200,19,ego_speed,0.5107463598251343,0.15689636766910553,0.0,0.0,0.0,0.0
batch_51200,privilege_gru / bs51200,19,ego_yaw_rate,-0.016608476638793945,0.1786595731973648,0.000634765625,0.0001171875,0.000185546875,0.00013671875
batch_51200,privilege_gru / bs51200,19,relative_yaw_rate,0.0016348512144759297,0.16851089894771576,0.0,0.00017578125,0.000556640625,0.00025390625
batch_51200,privilege_gru / bs51200,19,obb_longitudinal_clearance,0.6493814587593079,0.2786549925804138,0.0568359375,0.0,0.034248046875,0.0
batch_51200,privilege_gru / bs51200,19,obb_lateral_clearance,0.49401748180389404,0.2927387058734894,0.105205078125,0.0,0.030029296875,0.0
batch_51200,privilege_gru / bs51200,19,wall_clearance,0.7731979489326477,0.04028993472456932,0.0,0.0,0.0,0.0
batch_51200,privilege_gru / bs51200,19,ego_steering_angle,-0.0200793594121933,0.20542100071907043,0.00216796875,0.0001171875,0.000263671875,0.000244140625
batch_51200,privilege_gru / bs51200,19,ego_slip_angle,0.0015829933108761907,0.0878213569521904,0.0,0.0,0.0,0.0
batch_51200,privilege_gru / bs51200,19,left_body_margin,0.9358862042427063,0.13211289048194885,0.0,0.617607421875,0.72287109375,0.640166015625
batch_51200,privilege_gru / bs51200,19,right_body_margin,0.8563845157623291,0.19089443981647491,0.0,0.382412109375,0.490869140625,0.40466796875
batch_51200,privilege_gru / bs51200,19,sin_track_heading_error,0.03343197703361511,0.3234388530254364,0.0,0.0,0.0,0.0
batch_51200,privilege_gru / bs51200,19,cos_track_heading_error,0.943217396736145,0.06821002066135406,0.0,0.00216796875,0.635498046875,0.313408203125
batch_51200,privilege_gru / bs51200,19,current_curvature,-0.022014424204826355,0.3855592906475067,0.050458984375,0.020146484375,0.022548828125,0.020595703125
batch_51200,privilege_gru / bs51200,19,lookahead_mean_curvature,-0.028187694028019905,0.3888625204563141,0.05474609375,0.018349609375,0.020322265625,0.018740234375
batch_51200,privilege_gru / bs51200,20,delta_s,-0.049715738743543625,0.3878377676010132,0.0,0.0556640625,0.059833984375,0.05650390625
batch_51200,privilege_gru / bs51200,20,relative_lateral,0.0037455083802342415,0.4165128767490387,0.036103515625,0.0286328125,0.030107421875,0.02890625
batch_51200,privilege_gru / bs51200,20,relative_long_velocity,-0.12234915792942047,0.18398618698120117,0.000234375,0.0,0.0,0.0
batch_51200,privilege_gru / bs51200,20,relative_lat_velocity,0.020777316763997078,0.25961971282958984,0.0,0.0,0.0,0.0
batch_51200,privilege_gru / bs51200,20,sin_relative_heading,0.025598488748073578,0.35711362957954407,2.9296875e-05,3.90625e-05,0.012314453125,0.0040234375
batch_51200,privilege_gru / bs51200,20,cos_relative_heading,0.8822588920593262,0.3059605360031128,9.765625e-06,0.018056640625,0.705712890625,0.55677734375
batch_51200,privilege_gru / bs51200,20,ego_speed,0.5149150490760803,0.15724007785320282,0.0,0.0,0.0,0.0
batch_51200,privilege_gru / bs51200,20,ego_yaw_rate,-0.014553720131516457,0.18093134462833405,0.00072265625,0.000361328125,0.000478515625,0.00037109375
batch_51200,privilege_gru / bs51200,20,relative_yaw_rate,0.002424522303044796,0.1716906577348709,0.00015625,0.0001171875,0.00037109375,0.00013671875
batch_51200,privilege_gru / bs51200,20,obb_longitudinal_clearance,0.6626220941543579,0.2647337019443512,0.05009765625,0.0,0.024345703125,0.0
batch_51200,privilege_gru / bs51200,20,obb_lateral_clearance,0.5048470497131348,0.30030903220176697,0.1174609375,0.0,0.030546875,0.0
batch_51200,privilege_gru / bs51200,20,wall_clearance,0.7727159261703491,0.04265264421701431,0.000126953125,0.0,0.0,0.0
batch_51200,privilege_gru / bs51200,20,ego_steering_angle,-0.01895115338265896,0.20658142864704132,0.0025,6.8359375e-05,0.0002734375,0.000244140625
batch_51200,privilege_gru / bs51200,20,ego_slip_angle,-0.00025204214034602046,0.08928230404853821,0.0,0.0,0.0,0.0
batch_51200,privilege_gru / bs51200,20,left_body_margin,0.9223292469978333,0.1593891978263855,0.0,0.598427734375,0.705146484375,0.622568359375
batch_51200,privilege_gru / bs51200,20,right_body_margin,0.8618069291114807,0.18714837729930878,0.0,0.401572265625,0.512783203125,0.425302734375
batch_51200,privilege_gru / bs51200,20,sin_track_heading_error,0.0331224761903286,0.32761257886886597,0.0,0.0,0.0,0.0
batch_51200,privilege_gru / bs51200,20,cos_track_heading_error,0.9417722225189209,0.06856466829776764,0.0,0.001875,0.6130078125,0.304443359375
batch_51200,privilege_gru / bs51200,20,current_curvature,-0.016895228996872902,0.37902989983558655,0.049775390625,0.01595703125,0.0178515625,0.016259765625
batch_51200,privilege_gru / bs51200,20,lookahead_mean_curvature,-0.022310080006718636,0.3835674226284027,0.05380859375,0.014833984375,0.016474609375,0.015205078125
clip_010,privilege_gru / clip0.10,1,delta_s,-0.03273262828588486,0.38772720098495483,0.0,0.053818359375,0.0593359375,0.054833984375
clip_010,privilege_gru / clip0.10,1,relative_lateral,-0.011109868064522743,0.42680662870407104,0.0414453125,0.032900390625,0.035341796875,0.033408203125
clip_010,privilege_gru / clip0.10,1,relative_long_velocity,-0.12634991109371185,0.18134652078151703,2.9296875e-05,0.0,0.0,0.0
clip_010,privilege_gru / clip0.10,1,relative_lat_velocity,0.013567255809903145,0.2437070608139038,0.0,0.0,0.0,0.0
clip_010,privilege_gru / clip0.10,1,sin_relative_heading,0.019010696560144424,0.34360751509666443,3.90625e-05,1.953125e-05,0.009306640625,0.002919921875
clip_010,privilege_gru / clip0.10,1,cos_relative_heading,0.8878678679466248,0.3057781159877777,0.0,0.01783203125,0.721435546875,0.56380859375
clip_010,privilege_gru / clip0.10,1,ego_speed,0.5068411827087402,0.15516582131385803,0.0,0.0,0.0,0.0
clip_010,privilege_gru / clip0.10,1,ego_yaw_rate,-0.013775000348687172,0.17988835275173187,0.000576171875,0.000126953125,0.000185546875,0.000126953125
clip_010,privilege_gru / clip0.10,1,relative_yaw_rate,0.0023298400919884443,0.16869471967220306,0.000166015625,0.00044921875,0.00072265625,0.000478515625
clip_010,privilege_gru / clip0.10,1,obb_longitudinal_clearance,0.6400827169418335,0.27825677394866943,0.059970703125,0.0,0.021611328125,0.0
clip_010,privilege_gru / clip0.10,1,obb_lateral_clearance,0.51141756772995,0.2943410277366638,0.103251953125,0.0,0.0344140625,0.0
clip_010,privilege_gru / clip0.10,1,wall_clearance,0.7692668437957764,0.050074800848960876,0.000107421875,0.0,0.0,0.0
clip_010,privilege_gru / clip0.10,1,ego_steering_angle,-0.017083434388041496,0.2070007026195526,0.0019140625,0.000107421875,0.000146484375,0.00013671875
clip_010,privilege_gru / clip0.10,1,ego_slip_angle,0.001454309094697237,0.08883913606405258,0.0,0.0,0.0,0.0
clip_010,privilege_gru / clip0.10,1,left_body_margin,0.9090383052825928,0.17114630341529846,0.0,0.5363671875,0.651328125,0.5603125
clip_010,privilege_gru / clip0.10,1,right_body_margin,0.8745105266571045,0.1884012222290039,0.0,0.4636328125,0.57361328125,0.4873046875
clip_010,privilege_gru / clip0.10,1,sin_track_heading_error,0.02103777602314949,0.33225464820861816,0.0,0.0,0.0,0.0
clip_010,privilege_gru / clip0.10,1,cos_track_heading_error,0.9405444264411926,0.06775722652673721,0.0,0.00158203125,0.598740234375,0.283916015625
clip_010,privilege_gru / clip0.10,1,current_curvature,-0.013579914346337318,0.3879372179508209,0.04912109375,0.02076171875,0.023212890625,0.02119140625
clip_010,privilege_gru / clip0.10,1,lookahead_mean_curvature,-0.018287159502506256,0.3922475576400757,0.05369140625,0.019755859375,0.021826171875,0.020185546875
clip_010,privilege_gru / clip0.10,2,delta_s,-0.06795522570610046,0.36298662424087524,0.0,0.052939453125,0.056416015625,0.053642578125
clip_010,privilege_gru / clip0.10,2,relative_lateral,0.009119290858507156,0.3812984228134155,0.023974609375,0.028125,0.029873046875,0.028447265625
clip_010,privilege_gru / clip0.10,2,relative_long_velocity,-0.10301593691110611,0.16094838082790375,0.0,0.0,0.0,0.0
clip_010,privilege_gru / clip0.10,2,relative_lat_velocity,0.003827881533652544,0.24647049605846405,0.0,0.000166015625,0.00025390625,0.000185546875
clip_010,privilege_gru / clip0.10,2,sin_relative_heading,0.005480355117470026,0.34536147117614746,2.9296875e-05,4.8828125e-05,0.01203125,0.00310546875
clip_010,privilege_gru / clip0.10,2,cos_relative_heading,0.9095255136489868,0.23173484206199646,0.0,0.0179296875,0.726005859375,0.57955078125
clip_010,privilege_gru / clip0.10,2,ego_speed,0.49362459778785706,0.15856635570526123,0.0,0.0,0.0,0.0
clip_010,privilege_gru / clip0.10,2,ego_yaw_rate,-0.010919204913079739,0.17659850418567657,0.00037109375,0.00017578125,0.000263671875,0.00017578125
clip_010,privilege_gru / clip0.10,2,relative_yaw_rate,0.004177468828856945,0.16419251263141632,0.0,0.000205078125,0.000322265625,0.000224609375
clip_010,privilege_gru / clip0.10,2,obb_longitudinal_clearance,0.6481921672821045,0.2590307295322418,0.045537109375,0.0,0.030400390625,0.0
clip_010,privilege_gru / clip0.10,2,obb_lateral_clearance,0.45407840609550476,0.30076760053634644,0.116552734375,0.0,0.024794921875,0.0
clip_010,privilege_gru / clip0.10,2,wall_clearance,0.772126317024231,0.04670506343245506,9.765625e-06,0.0,0.0,0.0
clip_010,privilege_gru / clip0.10,2,ego_steering_angle,-0.01415439322590828,0.20770302414894104,0.0020703125,3.90625e-05,0.00017578125,0.00015625
clip_010,privilege_gru / clip0.10,2,ego_slip_angle,-0.0007907625986263156,0.08450374752283096,0.0,0.0,0.0,0.0
clip_010,privilege_gru / clip0.10,2,left_body_margin,0.9177937507629395,0.16003915667533875,0.0,0.535751953125,0.671123046875,0.564453125
clip_010,privilege_gru / clip0.10,2,right_body_margin,0.8773937821388245,0.190798819065094,0.0,0.464248046875,0.5865234375,0.491943359375
clip_010,privilege_gru / clip0.10,2,sin_track_heading_error,0.0226999931037426,0.33138373494148254,0.0,0.0,0.0,0.0
clip_010,privilege_gru / clip0.10,2,cos_track_heading_error,0.9406564235687256,0.07003344595432281,0.0,0.0013671875,0.609951171875,0.305087890625
clip_010,privilege_gru / clip0.10,2,current_curvature,-0.008619774132966995,0.38695961236953735,0.0484375,0.023076171875,0.02576171875,0.0235546875
clip_010,privilege_gru / clip0.10,2,lookahead_mean_curvature,-0.015151304192841053,0.39283981919288635,0.05359375,0.022177734375,0.0245703125,0.022685546875
clip_010,privilege_gru / clip0.10,3,delta_s,-0.02633100561797619,0.3995234966278076,0.0,0.06166015625,0.067744140625,0.06291015625
clip_010,privilege_gru / clip0.10,3,relative_lateral,0.0033029348123818636,0.41080453991889954,0.0330078125,0.0271875,0.0286328125,0.02751953125
clip_010,privilege_gru / clip0.10,3,relative_long_velocity,-0.12602201104164124,0.17103895545005798,0.0,0.0,0.0,0.0
clip_010,privilege_gru / clip0.10,3,relative_lat_velocity,0.023173145949840546,0.2563362717628479,0.0,0.0,0.0,0.0
clip_010,privilege_gru / clip0.10,3,sin_relative_heading,0.02650740183889866,0.35632485151290894,2.9296875e-05,1.953125e-05,0.011318359375,0.0040234375
clip_010,privilege_gru / clip0.10,3,cos_relative_heading,0.8985571265220642,0.25529104471206665,1.953125e-05,0.0158203125,0.70001953125,0.54744140625
clip_010,privilege_gru / clip0.10,3,ego_speed,0.5072284936904907,0.15962204337120056,0.0,0.0,0.0,0.0
clip_010,privilege_gru / clip0.10,3,ego_yaw_rate,-0.016836609691381454,0.18105122447013855,0.0003515625,0.000146484375,0.00025390625,0.00017578125
clip_010,privilege_gru / clip0.10,3,relative_yaw_rate,0.0020481208339333534,0.16891971230506897,3.90625e-05,7.8125e-05,0.00015625,7.8125e-05
clip_010,privilege_gru / clip0.10,3,obb_longitudinal_clearance,0.645164966583252,0.2789745330810547,0.058115234375,0.0,0.02919921875,0.0
clip_010,privilege_gru / clip0.10,3,obb_lateral_clearance,0.5079982280731201,0.29349833726882935,0.107705078125,0.0,0.0338671875,0.0
clip_010,privilege_gru / clip0.10,3,wall_clearance,0.7694551944732666,0.05362912267446518,0.00021484375,0.0,0.0,0.0
clip_010,privilege_gru / clip0.10,3,ego_steering_angle,-0.020726973190903664,0.21006639301776886,0.00142578125,9.765625e-05,0.00021484375,0.0001953125
clip_010,privilege_gru / clip0.10,3,ego_slip_angle,0.0015964120393618941,0.08956393599510193,0.0,0.0,0.0,0.0
clip_010,privilege_gru / clip0.10,3,left_body_margin,0.900892436504364,0.17993000149726868,0.0,0.514462890625,0.62685546875,0.535966796875
clip_010,privilege_gru / clip0.10,3,right_body_margin,0.8728749752044678,0.1958715319633484,0.0,0.485537109375,0.576904296875,0.507275390625
clip_010,privilege_gru / clip0.10,3,sin_track_heading_error,0.01576421782374382,0.3348121643066406,0.0,0.0,0.0,0.0
clip_010,privilege_gru / clip0.10,3,cos_track_heading_error,0.9397340416908264,0.06773588061332703,0.0,0.001669921875,0.5903125,0.278203125
clip_010,privilege_gru / clip0.10,3,current_curvature,-0.023864176124334335,0.38983792066574097,0.0524609375,0.018154296875,0.02021484375,0.018505859375
clip_010,privilege_gru / clip0.10,3,lookahead_mean_curvature,-0.028260964900255203,0.39485570788383484,0.057138671875,0.0177734375,0.019658203125,0.018193359375
clip_010,privilege_gru / clip0.10,4,delta_s,-0.051029279828071594,0.37398016452789307,0.0,0.053017578125,0.056865234375,0.0537890625
clip_010,privilege_gru / clip0.10,4,relative_lateral,-0.07455648481845856,0.41417592763900757,0.03966796875,0.02931640625,0.031025390625,0.029560546875
clip_010,privilege_gru / clip0.10,4,relative_long_velocity,-0.12307862192392349,0.1771933138370514,0.000263671875,0.0,0.0,0.0
clip_010,privilege_gru / clip0.10,4,relative_lat_velocity,0.0063758050091564655,0.2535570561885834,0.000302734375,0.0,0.0,0.0
clip_010,privilege_gru / clip0.10,4,sin_relative_heading,0.014059330336749554,0.3552563488483429,9.765625e-05,4.8828125e-05,0.01060546875,0.003681640625
clip_010,privilege_gru / clip0.10,4,cos_relative_heading,0.8909915685653687,0.28266480565071106,0.0,0.016875,0.716767578125,0.552001953125
clip_010,privilege_gru / clip0.10,4,ego_speed,0.5068804621696472,0.15718330442905426,0.0,0.0,0.0,0.0
clip_010,privilege_gru / clip0.10,4,ego_yaw_rate,-0.015340686775743961,0.17401732504367828,0.000361328125,0.0001171875,0.00015625,0.0001171875
clip_010,privilege_gru / clip0.10,4,relative_yaw_rate,0.0032857637852430344,0.16614359617233276,8.7890625e-05,9.765625e-06,0.000126953125,9.765625e-06
clip_010,privilege_gru / clip0.10,4,obb_longitudinal_clearance,0.6419528722763062,0.27401861548423767,0.05341796875,0.0,0.0203125,0.0
clip_010,privilege_gru / clip0.10,4,obb_lateral_clearance,0.5035386681556702,0.29713886976242065,0.106337890625,0.0,0.031953125,0.0
clip_010,privilege_gru / clip0.10,4,wall_clearance,0.7732480764389038,0.04547257721424103,0.0,0.0,0.0,0.0
clip_010,privilege_gru / clip0.10,4,ego_steering_angle,-0.01897341199219227,0.20153366029262543,0.001708984375,0.0,9.765625e-06,9.765625e-06
clip_010,privilege_gru / clip0.10,4,ego_slip_angle,0.001318922732025385,0.08733190596103668,0.0,0.0,0.0,0.0
clip_010,privilege_gru / clip0.10,4,left_body_margin,0.9031974673271179,0.16901850700378418,0.0,0.502431640625,0.619384765625,0.527060546875
clip_010,privilege_gru / clip0.10,4,right_body_margin,0.893907368183136,0.17108730971813202,0.0,0.497568359375,0.60904296875,0.521708984375
clip_010,privilege_gru / clip0.10,4,sin_track_heading_error,0.004822496324777603,0.3325488269329071,0.0,0.0,0.0,0.0
clip_010,privilege_gru / clip0.10,4,cos_track_heading_error,0.9407097101211548,0.06733300536870956,0.0,0.001884765625,0.601201171875,0.269404296875
clip_010,privilege_gru / clip0.10,4,current_curvature,-0.01995038613677025,0.38466572761535645,0.04927734375,0.0144921875,0.016533203125,0.014775390625
clip_010,privilege_gru / clip0.10,4,lookahead_mean_curvature,-0.026012904942035675,0.3883005678653717,0.0531640625,0.012744140625,0.0144140625,0.013056640625
clip_010,privilege_gru / clip0.10,5,delta_s,-0.07944028079509735,0.3544803559780121,0.0,0.042998046875,0.046943359375,0.043759765625
clip_010,privilege_gru / clip0.10,5,relative_lateral,0.05185813829302788,0.3870665729045868,0.01640625,0.0239453125,0.025322265625,0.024267578125
clip_010,privilege_gru / clip0.10,5,relative_long_velocity,-0.1037348285317421,0.1518998146057129,0.0,0.0,0.0,0.0
clip_010,privilege_gru / clip0.10,5,relative_lat_velocity,0.0015188539400696754,0.25203588604927063,0.00052734375,0.0,0.000302734375,0.0
clip_010,privilege_gru / clip0.10,5,sin_relative_heading,0.0027086467016488314,0.3417772948741913,4.8828125e-05,0.0,0.009501953125,0.004208984375
clip_010,privilege_gru / clip0.10,5,cos_relative_heading,0.915693998336792,0.2119210660457611,0.0,0.0171484375,0.72697265625,0.559345703125
clip_010,privilege_gru / clip0.10,5,ego_speed,0.5028548240661621,0.15963715314865112,0.0,0.0,0.0,0.0
clip_010,privilege_gru / clip0.10,5,ego_yaw_rate,-0.019016696140170097,0.17479872703552246,0.000546875,0.0,9.765625e-06,0.0
clip_010,privilege_gru / clip0.10,5,relative_yaw_rate,0.00379507546313107,0.16244341433048248,3.90625e-05,2.9296875e-05,0.000166015625,2.9296875e-05
clip_010,privilege_gru / clip0.10,5,obb_longitudinal_clearance,0.6420655846595764,0.27318117022514343,0.060986328125,0.0,0.025322265625,0.0
clip_010,privilege_gru / clip0.10,5,obb_lateral_clearance,0.5042781233787537,0.287881076335907,0.1040625,0.0,0.017705078125,0.0
clip_010,privilege_gru / clip0.10,5,wall_clearance,0.7690905928611755,0.05101613700389862,0.0,0.0,0.0,0.0
clip_010,privilege_gru / clip0.10,5,ego_steering_angle,-0.02285896986722946,0.20603449642658234,0.001552734375,0.0,0.0,0.0
clip_010,privilege_gru / clip0.10,5,ego_slip_angle,0.002342699095606804,0.084178626537323,0.0,0.0,0.0,0.0
clip_010,privilege_gru / clip0.10,5,left_body_margin,0.9132128357887268,0.17292526364326477,0.0,0.548017578125,0.670205078125,0.5731640625
clip_010,privilege_gru / clip0.10,5,right_body_margin,0.8669902086257935,0.19417154788970947,0.0,0.4519921875,0.55751953125,0.47693359375
clip_010,privilege_gru / clip0.10,5,sin_track_heading_error,0.023873165249824524,0.3303840458393097,0.0,0.0,0.0,0.0
clip_010,privilege_gru / clip0.10,5,cos_track_heading_error,0.9408880472183228,0.07114851474761963,0.0,0.00169921875,0.612568359375,0.3158984375
clip_010,privilege_gru / clip0.10,5,current_curvature,-0.024505633860826492,0.38426730036735535,0.05203125,0.014404296875,0.016318359375,0.0146875
clip_010,privilege_gru / clip0.10,5,lookahead_mean_curvature,-0.03138016536831856,0.3883744776248932,0.0565234375,0.0128125,0.0144140625,0.01314453125
clip_010,privilege_gru / clip0.10,6,delta_s,-0.046639665961265564,0.3953290283679962,0.0,0.06794921875,0.072548828125,0.06884765625
clip_010,privilege_gru / clip0.10,6,relative_lateral,-0.02775963954627514,0.4139401614665985,0.03857421875,0.02654296875,0.028505859375,0.027041015625
clip_010,privilege_gru / clip0.10,6,relative_long_velocity,-0.12194729596376419,0.17717677354812622,0.0,0.0,0.0,0.0
clip_010,privilege_gru / clip0.10,6,relative_lat_velocity,0.025082707405090332,0.23989012837409973,0.0,0.0,0.0,0.0
clip_010,privilege_gru / clip0.10,6,sin_relative_heading,0.04005499929189682,0.34831997752189636,3.90625e-05,3.90625e-05,0.013154296875,0.003916015625
clip_010,privilege_gru / clip0.10,6,cos_relative_heading,0.8997455835342407,0.2602768838405609,0.0,0.01751953125,0.72486328125,0.555849609375
clip_010,privilege_gru / clip0.10,6,ego_speed,0.5006906390190125,0.16034241020679474,0.0,0.0,0.0,0.0
clip_010,privilege_gru / clip0.10,6,ego_yaw_rate,-0.012078355997800827,0.1742059290409088,0.00033203125,0.000166015625,0.000244140625,0.000185546875
clip_010,privilege_gru / clip0.10,6,relative_yaw_rate,0.0012401059502735734,0.16443021595478058,0.000146484375,9.765625e-05,0.000322265625,0.0001171875
clip_010,privilege_gru / clip0.10,6,obb_longitudinal_clearance,0.6566901206970215,0.2709302008152008,0.0527734375,0.0,0.035166015625,0.0
clip_010,privilege_gru / clip0.10,6,obb_lateral_clearance,0.4923313558101654,0.3012343943119049,0.107333984375,0.0,0.030302734375,0.0
clip_010,privilege_gru / clip0.10,6,wall_clearance,0.7721045017242432,0.04741142317652702,0.000361328125,0.0,0.0,0.0
clip_010,privilege_gru / clip0.10,6,ego_steering_angle,-0.013099262490868568,0.20087449252605438,0.00205078125,2.9296875e-05,0.000224609375,0.0001953125
clip_010,privilege_gru / clip0.10,6,ego_slip_angle,0.0027944082394242287,0.08472804725170135,0.0,0.0,0.0,0.0
clip_010,privilege_gru / clip0.10,6,left_body_margin,0.9088835716247559,0.16741740703582764,0.0,0.51462890625,0.64044921875,0.540888671875
clip_010,privilege_gru / clip0.10,6,right_body_margin,0.8790770173072815,0.19175618886947632,0.0,0.48537109375,0.596142578125,0.5104296875
clip_010,privilege_gru / clip0.10,6,sin_track_heading_error,0.015600848011672497,0.3315293490886688,0.0,0.0,0.0,0.0
clip_010,privilege_gru / clip0.10,6,cos_track_heading_error,0.9408749341964722,0.068442702293396,0.0,0.0015625,0.60859375,0.29484375
clip_010,privilege_gru / clip0.10,6,current_curvature,-0.0066450308077037334,0.3776908814907074,0.04447265625,0.019599609375,0.021884765625,0.02
clip_010,privilege_gru / clip0.10,6,lookahead_mean_curvature,-0.01256784237921238,0.382646769285202,0.04908203125,0.018291015625,0.0203125,0.018740234375
clip_010,privilege_gru / clip0.10,7,delta_s,-0.056762367486953735,0.3836160898208618,0.0,0.055009765625,0.0595703125,0.055859375
clip_010,privilege_gru / clip0.10,7,relative_lateral,-0.04632844775915146,0.39884263277053833,0.040634765625,0.022236328125,0.024052734375,0.022529296875
clip_010,privilege_gru / clip0.10,7,relative_long_velocity,-0.11915414035320282,0.17906561493873596,0.0009375,0.0,0.0,0.0
clip_010,privilege_gru / clip0.10,7,relative_lat_velocity,0.025202026590704918,0.2403174340724945,0.000244140625,0.000283203125,0.000322265625,0.000283203125
clip_010,privilege_gru / clip0.10,7,sin_relative_heading,0.039107177406549454,0.35023242235183716,5.859375e-05,9.765625e-05,0.01724609375,0.0066796875
clip_010,privilege_gru / clip0.10,7,cos_relative_heading,0.8895713686943054,0.29103758931159973,0.0,0.01626953125,0.718857421875,0.5553125
clip_010,privilege_gru / clip0.10,7,ego_speed,0.5046007633209229,0.16159912943840027,0.0,0.0,0.0,0.0
clip_010,privilege_gru / clip0.10,7,ego_yaw_rate,-0.019352037459611893,0.17674218118190765,0.000654296875,0.0001171875,0.000146484375,0.0001171875
clip_010,privilege_gru / clip0.10,7,relative_yaw_rate,0.002300430554896593,0.17039303481578827,5.859375e-05,0.00013671875,0.000244140625,0.00015625
clip_010,privilege_gru / clip0.10,7,obb_longitudinal_clearance,0.6535335779190063,0.26257407665252686,0.048154296875,0.0,0.026728515625,0.0
clip_010,privilege_gru / clip0.10,7,obb_lateral_clearance,0.47696593403816223,0.2997957766056061,0.125283203125,0.0,0.029951171875,0.0
clip_010,privilege_gru / clip0.10,7,wall_clearance,0.7697842121124268,0.04862263798713684,0.0,0.0,0.0,0.0
clip_010,privilege_gru / clip0.10,7,ego_steering_angle,-0.02286340668797493,0.20584636926651,0.00169921875,0.0,0.0,0.0
clip_010,privilege_gru / clip0.10,7,ego_slip_angle,0.004262132570147514,0.08644876629114151,0.0,0.0,0.0,0.0
clip_010,privilege_gru / clip0.10,7,left_body_margin,0.9027680158615112,0.17632748186588287,0.0,0.517900390625,0.631455078125,0.54107421875
clip_010,privilege_gru / clip0.10,7,right_body_margin,0.8784198760986328,0.19070057570934296,0.0,0.482099609375,0.58529296875,0.505009765625
clip_010,privilege_gru / clip0.10,7,sin_track_heading_error,0.007579462137073278,0.3311788737773895,0.0,0.0,0.0,0.0
clip_010,privilege_gru / clip0.10,7,cos_track_heading_error,0.9409338235855103,0.07078957557678223,0.0,0.001904296875,0.61529296875,0.3037890625
clip_010,privilege_gru / clip0.10,7,current_curvature,-0.026715535670518875,0.38170766830444336,0.051220703125,0.015087890625,0.017080078125,0.015439453125
clip_010,privilege_gru / clip0.10,7,lookahead_mean_curvature,-0.0327310673892498,0.38744378089904785,0.056044921875,0.014609375,0.01615234375,0.014990234375
clip_010,privilege_gru / clip0.10,8,delta_s,-0.06111196056008339,0.37784406542778015,0.0,0.0575,0.06287109375,0.058525390625
clip_010,privilege_gru / clip0.10,8,relative_lateral,0.015279536135494709,0.4074041545391083,0.029677734375,0.034755859375,0.03591796875,0.035078125
clip_010,privilege_gru / clip0.10,8,relative_long_velocity,-0.1109502911567688,0.17096278071403503,0.000458984375,0.0,0.0,0.0
clip_010,privilege_gru / clip0.10,8,relative_lat_velocity,-0.013856228440999985,0.2513224184513092,0.000166015625,0.0,0.0,0.0
clip_010,privilege_gru / clip0.10,8,sin_relative_heading,-0.02315330319106579,0.3423880338668823,5.859375e-05,9.765625e-06,0.00595703125,0.00197265625
clip_010,privilege_gru / clip0.10,8,cos_relative_heading,0.8959962725639343,0.2821822762489319,9.765625e-06,0.018720703125,0.725,0.579697265625
clip_010,privilege_gru / clip0.10,8,ego_speed,0.5041066408157349,0.15595003962516785,0.0,0.0,0.0,0.0
clip_010,privilege_gru / clip0.10,8,ego_yaw_rate,-0.02173415571451187,0.17549367249011993,0.000595703125,8.7890625e-05,0.0001171875,9.765625e-05
clip_010,privilege_gru / clip0.10,8,relative_yaw_rate,0.0021694249007850885,0.16791470348834991,7.8125e-05,0.0005078125,0.000908203125,0.00060546875
clip_010,privilege_gru / clip0.10,8,obb_longitudinal_clearance,0.6457858085632324,0.272673636674881,0.053740234375,0.0,0.021533203125,0.0
clip_010,privilege_gru / clip0.10,8,obb_lateral_clearance,0.49162527918815613,0.30352509021759033,0.11232421875,0.0,0.037880859375,0.0
clip_010,privilege_gru / clip0.10,8,wall_clearance,0.7709354162216187,0.05175258591771126,0.000185546875,0.0,0.0,0.0
clip_010,privilege_gru / clip0.10,8,ego_steering_angle,-0.02739555574953556,0.20709361135959625,0.004208984375,0.0,7.8125e-05,7.8125e-05
clip_010,privilege_gru / clip0.10,8,ego_slip_angle,0.0020317325834184885,0.08463063091039658,0.0,0.0,0.0,0.0
clip_010,privilege_gru / clip0.10,8,left_body_margin,0.9177663922309875,0.15784405171871185,0.0,0.556787109375,0.676357421875,0.58201171875
clip_010,privilege_gru / clip0.10,8,right_body_margin,0.873028039932251,0.1872507780790329,0.0,0.443212890625,0.552998046875,0.468173828125
clip_010,privilege_gru / clip0.10,8,sin_track_heading_error,0.019640116021037102,0.3264520764350891,0.0,0.0,0.0,0.0
clip_010,privilege_gru / clip0.10,8,cos_track_heading_error,0.9425897002220154,0.06832487881183624,0.0,0.001376953125,0.62724609375,0.302646484375
clip_010,privilege_gru / clip0.10,8,current_curvature,-0.03760309889912605,0.3748438358306885,0.053671875,0.01583984375,0.01767578125,0.01619140625
clip_010,privilege_gru / clip0.10,8,lookahead_mean_curvature,-0.04358038306236267,0.3780934512615204,0.05755859375,0.01408203125,0.015703125,0.0144140625
clip_010,privilege_gru / clip0.10,9,delta_s,-0.06627083569765091,0.37841957807540894,0.0,0.053232421875,0.057265625,0.054033203125
clip_010,privilege_gru / clip0.10,9,relative_lateral,-0.038424644619226456,0.4074707329273224,0.034990234375,0.0255078125,0.026259765625,0.0256640625
clip_010,privilege_gru / clip0.10,9,relative_long_velocity,-0.11251581460237503,0.16793572902679443,0.0008984375,0.0,0.0,0.0
clip_010,privilege_gru / clip0.10,9,relative_lat_velocity,0.019119972363114357,0.2531064450740814,0.00025390625,0.0,0.0,0.0
clip_010,privilege_gru / clip0.10,9,sin_relative_heading,0.028191398829221725,0.34468403458595276,1.953125e-05,9.765625e-06,0.00919921875,0.0038671875
clip_010,privilege_gru / clip0.10,9,cos_relative_heading,0.904209315776825,0.2511046230792999,0.0,0.015576171875,0.7096484375,0.540625
clip_010,privilege_gru / clip0.10,9,ego_speed,0.5081167221069336,0.1562909483909607,0.0,0.0,0.0,0.0
clip_010,privilege_gru / clip0.10,9,ego_yaw_rate,-0.00705902511253953,0.17270919680595398,0.00037109375,0.000263671875,0.000361328125,0.00029296875
clip_010,privilege_gru / clip0.10,9,relative_yaw_rate,0.0011993178632110357,0.16529136896133423,0.000126953125,0.000234375,0.000419921875,0.000263671875
clip_010,privilege_gru / clip0.10,9,obb_longitudinal_clearance,0.652309238910675,0.2730574607849121,0.051650390625,0.0,0.02482421875,0.0
clip_010,privilege_gru / clip0.10,9,obb_lateral_clearance,0.5073139667510986,0.28777310252189636,0.10466796875,0.0,0.026767578125,0.0
clip_010,privilege_gru / clip0.10,9,wall_clearance,0.7702916860580444,0.04626027122139931,3.90625e-05,0.0,0.0,0.0
clip_010,privilege_gru / clip0.10,9,ego_steering_angle,-0.008245139382779598,0.19850370287895203,0.001865234375,0.0,6.8359375e-05,4.8828125e-05
clip_010,privilege_gru / clip0.10,9,ego_slip_angle,-0.0003310749016236514,0.08711480349302292,0.0,0.0,0.0,0.0
clip_010,privilege_gru / clip0.10,9,left_body_margin,0.8976958394050598,0.18427035212516785,0.0,0.517431640625,0.632607421875,0.54123046875
clip_010,privilege_gru / clip0.10,9,right_body_margin,0.8867906928062439,0.17807063460350037,0.0,0.482568359375,0.586806640625,0.50513671875
clip_010,privilege_gru / clip0.10,9,sin_track_heading_error,0.009110156446695328,0.3326941728591919,0.0,0.0,0.0,0.0
clip_010,privilege_gru / clip0.10,9,cos_track_heading_error,0.9405009746551514,0.06884030252695084,0.0,0.00177734375,0.60095703125,0.29271484375
clip_010,privilege_gru / clip0.10,9,current_curvature,0.0025371068622916937,0.3824630379676819,0.04244140625,0.02015625,0.022431640625,0.0205859375
clip_010,privilege_gru / clip0.10,9,lookahead_mean_curvature,-0.001212084200233221,0.38684141635894775,0.046064453125,0.018818359375,0.0209765625,0.019306640625
clip_010,privilege_gru / clip0.10,10,delta_s,-0.04028945043683052,0.40877214074134827,0.0,0.069599609375,0.07513671875,0.07080078125
clip_010,privilege_gru / clip0.10,10,relative_lateral,0.018423717468976974,0.4266751706600189,0.0326953125,0.0299609375,0.031318359375,0.030244140625
clip_010,privilege_gru / clip0.10,10,relative_long_velocity,-0.12211509048938751,0.17307148873806,0.001142578125,0.0,0.0,0.0
clip_010,privilege_gru / clip0.10,10,relative_lat_velocity,-0.001977986888960004,0.25693124532699585,0.0,0.0,3.90625e-05,0.0
clip_010,privilege_gru / clip0.10,10,sin_relative_heading,0.0006034462130628526,0.351465106010437,4.8828125e-05,3.90625e-05,0.010439453125,0.00380859375
clip_010,privilege_gru / clip0.10,10,cos_relative_heading,0.902904748916626,0.24792106449604034,0.0,0.017890625,0.7274609375,0.582333984375
clip_010,privilege_gru / clip0.10,10,ego_speed,0.5211623907089233,0.15339352190494537,0.0,0.0,0.0,0.0
clip_010,privilege_gru / clip0.10,10,ego_yaw_rate,-0.01570894755423069,0.17949019372463226,0.00044921875,0.00015625,0.000205078125,0.00015625
clip_010,privilege_gru / clip0.10,10,relative_yaw_rate,0.0016964866081252694,0.16806790232658386,0.0001171875,6.8359375e-05,0.000283203125,7.8125e-05
clip_010,privilege_gru / clip0.10,10,obb_longitudinal_clearance,0.6539350152015686,0.283855676651001,0.05642578125,0.0,0.033642578125,0.0
clip_010,privilege_gru / clip0.10,10,obb_lateral_clearance,0.5340445637702942,0.28448426723480225,0.087646484375,0.0,0.03232421875,0.0
clip_010,privilege_gru / clip0.10,10,wall_clearance,0.7703883647918701,0.05207151174545288,4.8828125e-05,0.0,0.0,0.0
clip_010,privilege_gru / clip0.10,10,ego_steering_angle,-0.018764561042189598,0.2043464332818985,0.00205078125,0.0,0.0,0.0
clip_010,privilege_gru / clip0.10,10,ego_slip_angle,0.0020439380314201117,0.08907634019851685,3.90625e-05,0.0,0.0,0.0
clip_010,privilege_gru / clip0.10,10,left_body_margin,0.9174371957778931,0.17631316184997559,0.0,0.584912109375,0.6977734375,0.608642578125
clip_010,privilege_gru / clip0.10,10,right_body_margin,0.8614572286605835,0.19136375188827515,0.0,0.415087890625,0.52216796875,0.439345703125
clip_010,privilege_gru / clip0.10,10,sin_track_heading_error,0.031976815313100815,0.3292509913444519,0.0,0.0,0.0,0.0
clip_010,privilege_gru / clip0.10,10,cos_track_heading_error,0.9412220120429993,0.06880016624927521,0.0,0.00125,0.622978515625,0.296630859375
clip_010,privilege_gru / clip0.10,10,current_curvature,-0.01689664088189602,0.37504276633262634,0.04796875,0.016689453125,0.018818359375,0.01701171875
clip_010,privilege_gru / clip0.10,10,lookahead_mean_curvature,-0.023387739434838295,0.3796146810054779,0.0516796875,0.015947265625,0.017705078125,0.01630859375
clip_010,privilege_gru / clip0.10,11,delta_s,-0.054786279797554016,0.3638347089290619,0.0,0.0416796875,0.04625,0.042578125
clip_010,privilege_gru / clip0.10,11,relative_lateral,0.0036887230817228556,0.40654945373535156,0.032412109375,0.033125,0.0349609375,0.033447265625
clip_010,privilege_gru / clip0.10,11,relative_long_velocity,-0.11466577649116516,0.16421453654766083,0.00015625,0.0,0.0,0.0
clip_010,privilege_gru / clip0.10,11,relative_lat_velocity,0.004168091807514429,0.2450699806213379,2.9296875e-05,0.0,0.0,0.0
clip_010,privilege_gru / clip0.10,11,sin_relative_heading,0.00839928351342678,0.3505728542804718,4.8828125e-05,9.765625e-06,0.00841796875,0.00376953125
clip_010,privilege_gru / clip0.10,11,cos_relative_heading,0.8986909985542297,0.2638310492038727,0.0,0.01708984375,0.719013671875,0.554228515625
clip_010,privilege_gru / clip0.10,11,ego_speed,0.4975050091743469,0.15781450271606445,0.0,0.0,0.0,0.0
clip_010,privilege_gru / clip0.10,11,ego_yaw_rate,-0.012045477516949177,0.17845261096954346,0.000546875,0.000234375,0.00041015625,0.00029296875
clip_010,privilege_gru / clip0.10,11,relative_yaw_rate,0.003581762546673417,0.1669473797082901,4.8828125e-05,0.000205078125,0.000361328125,0.000224609375
clip_010,privilege_gru / clip0.10,11,obb_longitudinal_clearance,0.6477658152580261,0.26422184705734253,0.046767578125,0.0,0.014931640625,0.0
clip_010,privilege_gru / clip0.10,11,obb_lateral_clearance,0.4789438545703888,0.30918654799461365,0.1256640625,0.0,0.02744140625,0.0
clip_010,privilege_gru / clip0.10,11,wall_clearance,0.7691496014595032,0.04982590675354004,7.8125e-05,0.0,0.0,0.0
clip_010,privilege_gru / clip0.10,11,ego_steering_angle,-0.015322071500122547,0.21059304475784302,0.003056640625,1.953125e-05,0.00013671875,9.765625e-05
clip_010,privilege_gru / clip0.10,11,ego_slip_angle,0.00011236563295824453,0.0865388736128807,0.0,0.0,0.0,0.0
clip_010,privilege_gru / clip0.10,11,left_body_margin,0.9092455506324768,0.16595827043056488,0.0,0.516884765625,0.64556640625,0.5429296875
clip_010,privilege_gru / clip0.10,11,right_body_margin,0.8792070150375366,0.19033272564411163,0.0,0.483125,0.596552734375,0.50873046875
clip_010,privilege_gru / clip0.10,11,sin_track_heading_error,0.012540394440293312,0.3310982584953308,0.0,0.0,0.0,0.0
clip_010,privilege_gru / clip0.10,11,cos_track_heading_error,0.9410399794578552,0.06884299963712692,0.0,0.00171875,0.614384765625,0.288408203125
clip_010,privilege_gru / clip0.10,11,current_curvature,-0.007731540594249964,0.3909585773944855,0.04861328125,0.022841796875,0.02546875,0.02328125
clip_010,privilege_gru / clip0.10,11,lookahead_mean_curvature,-0.012418922036886215,0.39615386724472046,0.053251953125,0.021923828125,0.02427734375,0.022412109375
clip_010,privilege_gru / clip0.10,12,delta_s,-0.07619690150022507,0.3626083731651306,0.0,0.046728515625,0.05080078125,0.047548828125
clip_010,privilege_gru / clip0.10,12,relative_lateral,-0.0033501514699310064,0.38304126262664795,0.02634765625,0.026201171875,0.02677734375,0.026318359375
clip_010,privilege_gru / clip0.10,12,relative_long_velocity,-0.10685434192419052,0.16624721884727478,0.0,0.0,0.0,0.0
clip_010,privilege_gru / clip0.10,12,relative_lat_velocity,0.009149419143795967,0.2335992008447647,0.0,0.000283203125,0.00033203125,0.00029296875
clip_010,privilege_gru / clip0.10,12,sin_relative_heading,0.011559044942259789,0.33804482221603394,6.8359375e-05,2.9296875e-05,0.0090234375,0.004130859375
clip_010,privilege_gru / clip0.10,12,cos_relative_heading,0.9047495126724243,0.25932568311691284,9.765625e-06,0.0202734375,0.733466796875,0.582548828125
clip_010,privilege_gru / clip0.10,12,ego_speed,0.4957534670829773,0.15926238894462585,0.0,0.0,0.0,0.0
clip_010,privilege_gru / clip0.10,12,ego_yaw_rate,-0.016556983813643456,0.17628124356269836,0.0005078125,0.000166015625,0.0001953125,0.000166015625
clip_010,privilege_gru / clip0.10,12,relative_yaw_rate,0.0008582970476709306,0.1631801724433899,4.8828125e-05,0.000146484375,0.000419921875,0.000185546875
clip_010,privilege_gru / clip0.10,12,obb_longitudinal_clearance,0.649262547492981,0.2634735405445099,0.046953125,0.0,0.02013671875,0.0
clip_010,privilege_gru / clip0.10,12,obb_lateral_clearance,0.47839659452438354,0.29087942838668823,0.115625,0.0,0.02794921875,0.0
clip_010,privilege_gru / clip0.10,12,wall_clearance,0.7704195380210876,0.05405253544449806,0.000234375,0.0,0.0,0.0
clip_010,privilege_gru / clip0.10,12,ego_steering_angle,-0.020081553608179092,0.20604151487350464,0.001826171875,2.9296875e-05,0.000126953125,8.7890625e-05
clip_010,privilege_gru / clip0.10,12,ego_slip_angle,0.0015906213084235787,0.0835934653878212,0.0,0.0,0.0,0.0
clip_010,privilege_gru / clip0.10,12,left_body_margin,0.9142049551010132,0.17048342525959015,0.0,0.557763671875,0.669658203125,0.580830078125
clip_010,privilege_gru / clip0.10,12,right_body_margin,0.8704410791397095,0.1863820105791092,0.0,0.44224609375,0.543154296875,0.464404296875
clip_010,privilege_gru / clip0.10,12,sin_track_heading_error,0.022477641701698303,0.3270116150379181,0.0,0.0,4.8828125e-05,0.0
clip_010,privilege_gru / clip0.10,12,cos_track_heading_error,0.942231297492981,0.0694589614868164,0.0,0.001669921875,0.6210546875,0.29587890625
clip_010,privilege_gru / clip0.10,12,current_curvature,-0.020289218053221703,0.38232797384262085,0.052412109375,0.01892578125,0.021064453125,0.019326171875
clip_010,privilege_gru / clip0.10,12,lookahead_mean_curvature,-0.026962989941239357,0.3874952495098114,0.056806640625,0.017451171875,0.019345703125,0.017880859375
clip_010,privilege_gru / clip0.10,13,delta_s,-0.06988931447267532,0.3518732488155365,0.0,0.040107421875,0.04453125,0.040947265625
clip_010,privilege_gru / clip0.10,13,relative_lateral,-0.055054329335689545,0.3979000747203827,0.031875,0.0215625,0.023603515625,0.0219140625
clip_010,privilege_gru / clip0.10,13,relative_long_velocity,-0.10889764875173569,0.1661706268787384,0.00119140625,0.0,0.0,0.0
clip_010,privilege_gru / clip0.10,13,relative_lat_velocity,0.005522808525711298,0.23988701403141022,0.000166015625,0.0,0.0,0.0
clip_010,privilege_gru / clip0.10,13,sin_relative_heading,0.009707758203148842,0.32948338985443115,6.8359375e-05,7.8125e-05,0.010400390625,0.00310546875
clip_010,privilege_gru / clip0.10,13,cos_relative_heading,0.9080448150634766,0.25888821482658386,0.0,0.019111328125,0.75328125,0.59208984375
clip_010,privilege_gru / clip0.10,13,ego_speed,0.5029498338699341,0.15363697707653046,0.0,0.0,0.0,0.0
clip_010,privilege_gru / clip0.10,13,ego_yaw_rate,-0.014483341947197914,0.17379841208457947,0.00041015625,0.000126953125,0.00015625,0.000126953125
clip_010,privilege_gru / clip0.10,13,relative_yaw_rate,0.0018799463286995888,0.1623094528913498,6.8359375e-05,5.859375e-05,0.00017578125,6.8359375e-05
clip_010,privilege_gru / clip0.10,13,obb_longitudinal_clearance,0.6234996318817139,0.28441473841667175,0.065966796875,0.0,0.014296875,0.0
clip_010,privilege_gru / clip0.10,13,obb_lateral_clearance,0.498764306306839,0.2924156188964844,0.0993359375,0.0,0.02916015625,0.0
clip_010,privilege_gru / clip0.10,13,wall_clearance,0.7687991857528687,0.05484053120017052,0.00013671875,0.0,0.0,0.0
clip_010,privilege_gru / clip0.10,13,ego_steering_angle,-0.01797344535589218,0.2001776099205017,0.00208984375,0.0,9.765625e-06,9.765625e-06
clip_010,privilege_gru / clip0.10,13,ego_slip_angle,0.0016829525120556355,0.08426742255687714,0.0,0.0,0.0,0.0
clip_010,privilege_gru / clip0.10,13,left_body_margin,0.8957369327545166,0.1956009715795517,0.0,0.518466796875,0.63650390625,0.543701171875
clip_010,privilege_gru / clip0.10,13,right_body_margin,0.8812627196311951,0.18458040058612823,0.0,0.481533203125,0.5909375,0.5061328125
clip_010,privilege_gru / clip0.10,13,sin_track_heading_error,0.012370562180876732,0.33431532979011536,0.0,0.0,2.9296875e-05,0.0
clip_010,privilege_gru / clip0.10,13,cos_track_heading_error,0.9398420453071594,0.0695841908454895,0.0,0.001640625,0.60544921875,0.28376953125
clip_010,privilege_gru / clip0.10,13,current_curvature,-0.019532835111021996,0.3773602247238159,0.049775390625,0.014892578125,0.016650390625,0.01515625
clip_010,privilege_gru / clip0.10,13,lookahead_mean_curvature,-0.02483314834535122,0.38169780373573303,0.053369140625,0.014765625,0.016279296875,0.015078125
clip_010,privilege_gru / clip0.10,14,delta_s,-0.07427053153514862,0.3453088104724884,0.0,0.038349609375,0.042451171875,0.039228515625
clip_010,privilege_gru / clip0.10,14,relative_lateral,0.0232817605137825,0.4019198417663574,0.0263671875,0.027041015625,0.029052734375,0.027451171875
clip_010,privilege_gru / clip0.10,14,relative_long_velocity,-0.10221586376428604,0.15745563805103302,0.000986328125,0.0,0.0,0.0
clip_010,privilege_gru / clip0.10,14,relative_lat_velocity,0.006242803763598204,0.2697111666202545,0.0,0.0,0.0,0.0
clip_010,privilege_gru / clip0.10,14,sin_relative_heading,8.235724817495793e-05,0.3573724925518036,4.8828125e-05,0.0,0.008408203125,0.00318359375
clip_010,privilege_gru / clip0.10,14,cos_relative_heading,0.9037143588066101,0.23620982468128204,0.0,0.016513671875,0.7005859375,0.532451171875
clip_010,privilege_gru / clip0.10,14,ego_speed,0.4996122419834137,0.15478715300559998,0.0,0.0,0.0,0.0
clip_010,privilege_gru / clip0.10,14,ego_yaw_rate,-0.014544984325766563,0.17924028635025024,0.000185546875,0.0001953125,0.000283203125,0.000224609375
clip_010,privilege_gru / clip0.10,14,relative_yaw_rate,0.00423411512747407,0.17308969795703888,0.0,8.7890625e-05,0.000185546875,0.000107421875
clip_010,privilege_gru / clip0.10,14,obb_longitudinal_clearance,0.6357777118682861,0.2672369182109833,0.049609375,0.0,0.012744140625,0.0
clip_010,privilege_gru / clip0.10,14,obb_lateral_clearance,0.48757657408714294,0.30285337567329407,0.1197265625,0.0,0.02166015625,0.0
clip_010,privilege_gru / clip0.10,14,wall_clearance,0.7684600949287415,0.04566885903477669,0.0,0.0,0.0,0.0
clip_010,privilege_gru / clip0.10,14,ego_steering_angle,-0.01986871473491192,0.21195383369922638,0.00310546875,0.00013671875,0.000361328125,0.0002734375
clip_010,privilege_gru / clip0.10,14,ego_slip_angle,-0.000980448443442583,0.08935994654893875,0.0,0.0,0.0,0.0
clip_010,privilege_gru / clip0.10,14,left_body_margin,0.9226992726325989,0.15924587845802307,0.0,0.575146484375,0.7003125,0.6019140625
clip_010,privilege_gru / clip0.10,14,right_body_margin,0.8617206811904907,0.19504904747009277,0.0,0.42486328125,0.539775390625,0.452021484375
clip_010,privilege_gru / clip0.10,14,sin_track_heading_error,0.028879793360829353,0.32935842871665955,0.0,0.0,0.0,0.0
clip_010,privilege_gru / clip0.10,14,cos_track_heading_error,0.9413155913352966,0.06825073063373566,0.0,0.002119140625,0.60087890625,0.300478515625
clip_010,privilege_gru / clip0.10,14,current_curvature,-0.020005177706480026,0.3946117162704468,0.046640625,0.01701171875,0.019384765625,0.0173828125
clip_010,privilege_gru / clip0.10,14,lookahead_mean_curvature,-0.024977460503578186,0.3989408612251282,0.051123046875,0.016875,0.01869140625,0.01724609375
clip_010,privilege_gru / clip0.10,15,delta_s,-0.0779811292886734,0.3631615936756134,0.0,0.04623046875,0.049970703125,0.04693359375
clip_010,privilege_gru / clip0.10,15,relative_lateral,0.022502638399600983,0.4015100598335266,0.033232421875,0.025048828125,0.02720703125,0.025498046875
clip_010,privilege_gru / clip0.10,15,relative_long_velocity,-0.10717249661684036,0.1724926382303238,0.00021484375,0.0,0.0,0.0
clip_010,privilege_gru / clip0.10,15,relative_lat_velocity,0.007084806449711323,0.25815659761428833,0.00029296875,0.00013671875,0.000244140625,0.000166015625
clip_010,privilege_gru / clip0.10,15,sin_relative_heading,0.00897823367267847,0.35229429602622986,7.8125e-05,3.90625e-05,0.011484375,0.00439453125
clip_010,privilege_gru / clip0.10,15,cos_relative_heading,0.8976230621337891,0.26505228877067566,9.765625e-06,0.01447265625,0.706865234375,0.53740234375
clip_010,privilege_gru / clip0.10,15,ego_speed,0.49593043327331543,0.15609343349933624,0.0,0.0,0.0,0.0
clip_010,privilege_gru / clip0.10,15,ego_yaw_rate,-0.015863828361034393,0.18231786787509918,0.000615234375,0.000166015625,0.000263671875,0.000205078125
clip_010,privilege_gru / clip0.10,15,relative_yaw_rate,0.0032731620594859123,0.17183580994606018,0.00025390625,0.000224609375,0.000654296875,0.0002734375
clip_010,privilege_gru / clip0.10,15,obb_longitudinal_clearance,0.6433212757110596,0.27247560024261475,0.054052734375,0.0,0.025966796875,0.0
clip_010,privilege_gru / clip0.10,15,obb_lateral_clearance,0.4859387278556824,0.2979966700077057,0.115732421875,0.0,0.025791015625,0.0
clip_010,privilege_gru / clip0.10,15,wall_clearance,0.7694825530052185,0.05095250904560089,0.00025390625,0.0,0.0,0.0
clip_010,privilege_gru / clip0.10,15,ego_steering_angle,-0.019171763211488724,0.21240584552288055,0.002353515625,2.9296875e-05,0.00017578125,0.000166015625
clip_010,privilege_gru / clip0.10,15,ego_slip_angle,0.0022238788660615683,0.08614221215248108,0.0,0.0,0.0,0.0
clip_010,privilege_gru / clip0.10,15,left_body_margin,0.9311093688011169,0.14065764844417572,0.0,0.6080859375,0.7140625,0.6322265625
clip_010,privilege_gru / clip0.10,15,right_body_margin,0.848309338092804,0.20438522100448608,0.0,0.391923828125,0.5037109375,0.4160546875
clip_010,privilege_gru / clip0.10,15,sin_track_heading_error,0.03593335300683975,0.32584935426712036,0.0,0.0,0.0,0.0
clip_010,privilege_gru / clip0.10,15,cos_track_heading_error,0.9422872066497803,0.06863011419773102,0.0,0.00205078125,0.619619140625,0.3075390625
clip_010,privilege_gru / clip0.10,15,current_curvature,-0.016848690807819366,0.3968157172203064,0.049306640625,0.023466796875,0.02609375,0.023876953125
clip_010,privilege_gru / clip0.10,15,lookahead_mean_curvature,-0.0236870888620615,0.4006767272949219,0.05478515625,0.021455078125,0.023759765625,0.02197265625
clip_010,privilege_gru / clip0.10,16,delta_s,-0.053001824766397476,0.3999662399291992,0.0,0.066591796875,0.071552734375,0.067587890625
clip_010,privilege_gru / clip0.10,16,relative_lateral,0.0097958380356431,0.4091472327709198,0.032978515625,0.03255859375,0.035302734375,0.033125
clip_010,privilege_gru / clip0.10,16,relative_long_velocity,-0.1197267696261406,0.17016661167144775,0.000703125,0.0,0.0,0.0
clip_010,privilege_gru / clip0.10,16,relative_lat_velocity,0.005820940714329481,0.26417064666748047,0.000546875,0.0,0.000400390625,0.0
clip_010,privilege_gru / clip0.10,16,sin_relative_heading,0.007763357367366552,0.3605935275554657,5.859375e-05,2.9296875e-05,0.011484375,0.001572265625
clip_010,privilege_gru / clip0.10,16,cos_relative_heading,0.9008561968803406,0.24202176928520203,0.0,0.01748046875,0.69890625,0.542392578125
clip_010,privilege_gru / clip0.10,16,ego_speed,0.5041000247001648,0.16070319712162018,0.0,0.0,0.0,0.0
clip_010,privilege_gru / clip0.10,16,ego_yaw_rate,-0.014545470476150513,0.16801200807094574,0.00033203125,0.0,0.0,0.0
clip_010,privilege_gru / clip0.10,16,relative_yaw_rate,-0.0002964652085211128,0.1624433398246765,0.0,3.90625e-05,5.859375e-05,3.90625e-05
clip_010,privilege_gru / clip0.10,16,obb_longitudinal_clearance,0.6732940077781677,0.2536446452140808,0.04484375,0.0,0.03330078125,0.0
clip_010,privilege_gru / clip0.10,16,obb_lateral_clearance,0.4840710759162903,0.30475106835365295,0.12228515625,0.0,0.035361328125,0.0
clip_010,privilege_gru / clip0.10,16,wall_clearance,0.7734583020210266,0.04707795009016991,2.9296875e-05,0.0,0.0,0.0
clip_010,privilege_gru / clip0.10,16,ego_steering_angle,-0.017657674849033356,0.19774314761161804,0.00130859375,0.0,0.0,0.0
clip_010,privilege_gru / clip0.10,16,ego_slip_angle,0.0014893868938088417,0.08348239213228226,0.0,0.0,0.0,0.0
clip_010,privilege_gru / clip0.10,16,left_body_margin,0.9234588742256165,0.15864332020282745,0.0,0.563740234375,0.690361328125,0.5904296875
clip_010,privilege_gru / clip0.10,16,right_body_margin,0.873342752456665,0.18390211462974548,0.0,0.43626953125,0.55130859375,0.46185546875
clip_010,privilege_gru / clip0.10,16,sin_track_heading_error,0.024966008961200714,0.32622164487838745,0.0,0.0,0.0,0.0
clip_010,privilege_gru / clip0.10,16,cos_track_heading_error,0.9425318241119385,0.06860340386629105,0.0,0.00154296875,0.623681640625,0.30779296875
clip_010,privilege_gru / clip0.10,16,current_curvature,-0.017352072522044182,0.376834899187088,0.044697265625,0.012685546875,0.01453125,0.012880859375
clip_010,privilege_gru / clip0.10,16,lookahead_mean_curvature,-0.022453177720308304,0.3812318742275238,0.048671875,0.0117578125,0.01310546875,0.0120703125
clip_010,privilege_gru / clip0.10,17,delta_s,-0.01954423077404499,0.39737847447395325,0.0,0.065771484375,0.0702734375,0.066640625
clip_010,privilege_gru / clip0.10,17,relative_lateral,0.0027986858040094376,0.4203123450279236,0.035791015625,0.0317578125,0.03337890625,0.031962890625
clip_010,privilege_gru / clip0.10,17,relative_long_velocity,-0.13000421226024628,0.17838247120380402,0.001171875,0.0,0.0,0.0
clip_010,privilege_gru / clip0.10,17,relative_lat_velocity,0.005376456771045923,0.24711379408836365,0.0,0.0,0.0,0.0
clip_010,privilege_gru / clip0.10,17,sin_relative_heading,0.004201160743832588,0.35658398270606995,5.859375e-05,4.8828125e-05,0.010888671875,0.00466796875
clip_010,privilege_gru / clip0.10,17,cos_relative_heading,0.8861843347549438,0.2961958348751068,1.953125e-05,0.015830078125,0.72525390625,0.579208984375
clip_010,privilege_gru / clip0.10,17,ego_speed,0.5183491706848145,0.15557825565338135,0.0,0.0,0.0,0.0
clip_010,privilege_gru / clip0.10,17,ego_yaw_rate,-0.02136026695370674,0.17980051040649414,0.000283203125,8.7890625e-05,0.0001171875,9.765625e-05
clip_010,privilege_gru / clip0.10,17,relative_yaw_rate,0.005555387586355209,0.17086966335773468,3.90625e-05,0.000595703125,0.000888671875,0.000634765625
clip_010,privilege_gru / clip0.10,17,obb_longitudinal_clearance,0.6407241821289062,0.2835802733898163,0.065078125,0.0,0.0369921875,0.0
clip_010,privilege_gru / clip0.10,17,obb_lateral_clearance,0.5130774974822998,0.29244574904441833,0.099453125,0.0,0.0312109375,0.0
clip_010,privilege_gru / clip0.10,17,wall_clearance,0.7724300622940063,0.04232556372880936,9.765625e-06,0.0,0.0,0.0
clip_010,privilege_gru / clip0.10,17,ego_steering_angle,-0.02893245778977871,0.2104758620262146,0.002568359375,6.8359375e-05,0.00015625,0.000146484375
clip_010,privilege_gru / clip0.10,17,ego_slip_angle,0.0009730948368087411,0.08673974126577377,0.0,0.0,0.0,0.0
clip_010,privilege_gru / clip0.10,17,left_body_margin,0.9321273565292358,0.14156119525432587,0.0,0.59970703125,0.716005859375,0.6255859375
clip_010,privilege_gru / clip0.10,17,right_body_margin,0.8560488820075989,0.19574931263923645,0.0,0.40029296875,0.51787109375,0.4257421875
clip_010,privilege_gru / clip0.10,17,sin_track_heading_error,0.035199955105781555,0.3274480998516083,0.0,0.0,0.0,0.0
clip_010,privilege_gru / clip0.10,17,cos_track_heading_error,0.9417608380317688,0.06841558963060379,0.0,0.001494140625,0.616669921875,0.305849609375
clip_010,privilege_gru / clip0.10,17,current_curvature,-0.03596039116382599,0.3743452727794647,0.055185546875,0.01552734375,0.017255859375,0.015849609375
clip_010,privilege_gru / clip0.10,17,lookahead_mean_curvature,-0.04190077632665634,0.3779594600200653,0.058974609375,0.014267578125,0.015771484375,0.014599609375
clip_010,privilege_gru / clip0.10,18,delta_s,0.026217391714453697,0.420057088136673,0.0,0.0853125,0.09181640625,0.08662109375
clip_010,privilege_gru / clip0.10,18,relative_lateral,-0.012530756182968616,0.4521186947822571,0.0526953125,0.050966796875,0.052509765625,0.05125
clip_010,privilege_gru / clip0.10,18,relative_long_velocity,-0.15193387866020203,0.2066756784915924,0.000859375,0.0,0.0,0.0
clip_010,privilege_gru / clip0.10,18,relative_lat_velocity,0.020088206976652145,0.25044554471969604,0.0,0.000283203125,0.000322265625,0.000283203125
clip_010,privilege_gru / clip0.10,18,sin_relative_heading,0.03777015581727028,0.3790949583053589,1.953125e-05,6.8359375e-05,0.018408203125,0.00693359375
clip_010,privilege_gru / clip0.10,18,cos_relative_heading,0.849625825881958,0.36489707231521606,4.8828125e-05,0.0143359375,0.672001953125,0.51009765625
clip_010,privilege_gru / clip0.10,18,ego_speed,0.4992174804210663,0.16008387506008148,0.0,0.0,0.0,0.0
clip_010,privilege_gru / clip0.10,18,ego_yaw_rate,-0.017520025372505188,0.18607595562934875,0.000615234375,0.00015625,0.000185546875,0.00015625
clip_010,privilege_gru / clip0.10,18,relative_yaw_rate,0.002667031018063426,0.1807522177696228,0.0,0.000634765625,0.00099609375,0.000673828125
clip_010,privilege_gru / clip0.10,18,obb_longitudinal_clearance,0.6420695781707764,0.2738010287284851,0.05078125,0.0,0.030947265625,0.0
clip_010,privilege_gru / clip0.10,18,obb_lateral_clearance,0.5131904482841492,0.3061318099498749,0.103857421875,0.0,0.053740234375,0.0
clip_010,privilege_gru / clip0.10,18,wall_clearance,0.7695382833480835,0.048671044409275055,0.0002734375,0.0,0.0,0.0
clip_010,privilege_gru / clip0.10,18,ego_steering_angle,-0.022007489576935768,0.214708149433136,0.00263671875,5.859375e-05,0.000107421875,8.7890625e-05
clip_010,privilege_gru / clip0.10,18,ego_slip_angle,0.0018613707507029176,0.09310296177864075,0.0,0.0,0.0,0.0
clip_010,privilege_gru / clip0.10,18,left_body_margin,0.9208878874778748,0.15388081967830658,0.0,0.575615234375,0.688310546875,0.60029296875
clip_010,privilege_gru / clip0.10,18,right_body_margin,0.8664425015449524,0.19385722279548645,0.0,0.424384765625,0.538779296875,0.449462890625
clip_010,privilege_gru / clip0.10,18,sin_track_heading_error,0.02130752243101597,0.32973188161849976,0.0,0.0,0.0,0.0
clip_010,privilege_gru / clip0.10,18,cos_track_heading_error,0.9414024949073792,0.06805691123008728,0.0,0.001669921875,0.603515625,0.2973828125
clip_010,privilege_gru / clip0.10,18,current_curvature,-0.020515013486146927,0.4042844772338867,0.051630859375,0.0225390625,0.025146484375,0.0230078125
clip_010,privilege_gru / clip0.10,18,lookahead_mean_curvature,-0.02555367909371853,0.40773752331733704,0.0553515625,0.020888671875,0.023251953125,0.021396484375
clip_010,privilege_gru / clip0.10,19,delta_s,-0.04997255653142929,0.3831404149532318,0.0,0.055947265625,0.06083984375,0.05685546875
clip_010,privilege_gru / clip0.10,19,relative_lateral,-0.00229957839474082,0.40378236770629883,0.025205078125,0.028798828125,0.03005859375,0.028974609375
clip_010,privilege_gru / clip0.10,19,relative_long_velocity,-0.11752206087112427,0.1693640798330307,0.000185546875,0.0,0.0,0.0
clip_010,privilege_gru / clip0.10,19,relative_lat_velocity,0.012092228047549725,0.24948672950267792,0.000166015625,0.00013671875,0.000244140625,0.000166015625
clip_010,privilege_gru / clip0.10,19,sin_relative_heading,0.02093631587922573,0.3456728756427765,2.9296875e-05,9.765625e-06,0.0125,0.004521484375
clip_010,privilege_gru / clip0.10,19,cos_relative_heading,0.8987969160079956,0.2692023813724518,9.765625e-06,0.01837890625,0.727607421875,0.57916015625
clip_010,privilege_gru / clip0.10,19,ego_speed,0.5123116970062256,0.15412743389606476,0.0,0.0,0.0,0.0
clip_010,privilege_gru / clip0.10,19,ego_yaw_rate,-0.01870189607143402,0.18168148398399353,0.000791015625,0.00017578125,0.000302734375,0.000205078125
clip_010,privilege_gru / clip0.10,19,relative_yaw_rate,0.0014179130084812641,0.1665581613779068,6.8359375e-05,0.00013671875,0.00044921875,0.000166015625
clip_010,privilege_gru / clip0.10,19,obb_longitudinal_clearance,0.6391964554786682,0.2853891849517822,0.05828125,0.0,0.0273828125,0.0
clip_010,privilege_gru / clip0.10,19,obb_lateral_clearance,0.5079337954521179,0.2869812250137329,0.0976953125,0.0,0.02716796875,0.0
clip_010,privilege_gru / clip0.10,19,wall_clearance,0.7721975445747375,0.044204164296388626,0.000205078125,0.0,0.0,0.0
clip_010,privilege_gru / clip0.10,19,ego_steering_angle,-0.02284456416964531,0.2087523490190506,0.002060546875,3.90625e-05,0.000205078125,0.00017578125
clip_010,privilege_gru / clip0.10,19,ego_slip_angle,0.0025919375475496054,0.08671440184116364,0.0,0.0,0.0,0.0
clip_010,privilege_gru / clip0.10,19,left_body_margin,0.9222469329833984,0.1518847942352295,0.0,0.572724609375,0.68560546875,0.59755859375
clip_010,privilege_gru / clip0.10,19,right_body_margin,0.8678134679794312,0.18621757626533508,0.0,0.427275390625,0.542724609375,0.45234375
clip_010,privilege_gru / clip0.10,19,sin_track_heading_error,0.025687022134661674,0.32886308431625366,0.0,0.0,0.0,0.0
clip_010,privilege_gru / clip0.10,19,cos_track_heading_error,0.9416211843490601,0.06778664141893387,0.0,0.00185546875,0.613583984375,0.29388671875
clip_010,privilege_gru / clip0.10,19,current_curvature,-0.026454642415046692,0.38424935936927795,0.053798828125,0.018193359375,0.020380859375,0.018544921875
clip_010,privilege_gru / clip0.10,19,lookahead_mean_curvature,-0.032770682126283646,0.3887377083301544,0.058828125,0.01701171875,0.0188671875,0.01740234375
clip_010,privilege_gru / clip0.10,20,delta_s,-0.05764729157090187,0.380911260843277,0.0,0.052431640625,0.05755859375,0.053466796875
clip_010,privilege_gru / clip0.10,20,relative_lateral,0.017304223030805588,0.4091671109199524,0.04154296875,0.02455078125,0.02576171875,0.024794921875
clip_010,privilege_gru / clip0.10,20,relative_long_velocity,-0.11463743448257446,0.18177908658981323,0.00087890625,0.0,0.0,0.0
clip_010,privilege_gru / clip0.10,20,relative_lat_velocity,0.017521172761917114,0.25499844551086426,9.765625e-06,0.0,0.0,0.0
clip_010,privilege_gru / clip0.10,20,sin_relative_heading,0.022068465128540993,0.3501822054386139,4.8828125e-05,2.9296875e-05,0.01267578125,0.004208984375
clip_010,privilege_gru / clip0.10,20,cos_relative_heading,0.8903418183326721,0.2904927730560303,0.0,0.019189453125,0.71662109375,0.571826171875
clip_010,privilege_gru / clip0.10,20,ego_speed,0.5031676292419434,0.1566467136144638,0.0,0.0,0.0,0.0
clip_010,privilege_gru / clip0.10,20,ego_yaw_rate,-0.012492932379245758,0.1771257072687149,0.000625,0.000244140625,0.000283203125,0.000244140625
clip_010,privilege_gru / clip0.10,20,relative_yaw_rate,0.005394835490733385,0.168960303068161,0.0,0.0,9.765625e-05,9.765625e-06
clip_010,privilege_gru / clip0.10,20,obb_longitudinal_clearance,0.6688231825828552,0.24987465143203735,0.0358203125,0.0,0.0225,0.0
clip_010,privilege_gru / clip0.10,20,obb_lateral_clearance,0.4859360158443451,0.3077377676963806,0.12626953125,0.0,0.031494140625,0.0
clip_010,privilege_gru / clip0.10,20,wall_clearance,0.7719795107841492,0.04633782058954239,0.000234375,0.0,0.0,0.0
clip_010,privilege_gru / clip0.10,20,ego_steering_angle,-0.01623392291367054,0.2037939727306366,0.002099609375,0.0,0.00015625,0.00015625
clip_010,privilege_gru / clip0.10,20,ego_slip_angle,0.0001025344681693241,0.08709358423948288,0.0,0.0,0.0,0.0
clip_010,privilege_gru / clip0.10,20,left_body_margin,0.9251367449760437,0.15700840950012207,0.0,0.585810546875,0.700654296875,0.610947265625
clip_010,privilege_gru / clip0.10,20,right_body_margin,0.8540185689926147,0.1989738494157791,0.0,0.414189453125,0.52498046875,0.438974609375
clip_010,privilege_gru / clip0.10,20,sin_track_heading_error,0.03822120651602745,0.323384553194046,0.0,0.0,6.8359375e-05,0.0
clip_010,privilege_gru / clip0.10,20,cos_track_heading_error,0.9430239796638489,0.06890341639518738,0.0,0.001572265625,0.63267578125,0.315166015625
clip_010,privilege_gru / clip0.10,20,current_curvature,-0.010201463475823402,0.3763969838619232,0.04751953125,0.016240234375,0.018505859375,0.016611328125
clip_010,privilege_gru / clip0.10,20,lookahead_mean_curvature,-0.015436079353094101,0.37974807620048523,0.051181640625,0.015224609375,0.016845703125,0.015576171875
clip_020,privilege_gru / clip0.20,1,delta_s,-0.03273262828588486,0.38772720098495483,0.0,0.053818359375,0.0593359375,0.054833984375
clip_020,privilege_gru / clip0.20,1,relative_lateral,-0.011109868064522743,0.42680662870407104,0.0414453125,0.032900390625,0.035341796875,0.033408203125
clip_020,privilege_gru / clip0.20,1,relative_long_velocity,-0.12634991109371185,0.18134652078151703,2.9296875e-05,0.0,0.0,0.0
clip_020,privilege_gru / clip0.20,1,relative_lat_velocity,0.013567255809903145,0.2437070608139038,0.0,0.0,0.0,0.0
clip_020,privilege_gru / clip0.20,1,sin_relative_heading,0.019010696560144424,0.34360751509666443,3.90625e-05,1.953125e-05,0.009306640625,0.002919921875
clip_020,privilege_gru / clip0.20,1,cos_relative_heading,0.8878678679466248,0.3057781159877777,0.0,0.01783203125,0.721435546875,0.56380859375
clip_020,privilege_gru / clip0.20,1,ego_speed,0.5068411827087402,0.15516582131385803,0.0,0.0,0.0,0.0
clip_020,privilege_gru / clip0.20,1,ego_yaw_rate,-0.013775000348687172,0.17988835275173187,0.000576171875,0.000126953125,0.000185546875,0.000126953125
clip_020,privilege_gru / clip0.20,1,relative_yaw_rate,0.0023298400919884443,0.16869471967220306,0.000166015625,0.00044921875,0.00072265625,0.000478515625
clip_020,privilege_gru / clip0.20,1,obb_longitudinal_clearance,0.6400827169418335,0.27825677394866943,0.059970703125,0.0,0.021611328125,0.0
clip_020,privilege_gru / clip0.20,1,obb_lateral_clearance,0.51141756772995,0.2943410277366638,0.103251953125,0.0,0.0344140625,0.0
clip_020,privilege_gru / clip0.20,1,wall_clearance,0.7692668437957764,0.050074800848960876,0.000107421875,0.0,0.0,0.0
clip_020,privilege_gru / clip0.20,1,ego_steering_angle,-0.017083434388041496,0.2070007026195526,0.0019140625,0.000107421875,0.000146484375,0.00013671875
clip_020,privilege_gru / clip0.20,1,ego_slip_angle,0.001454309094697237,0.08883913606405258,0.0,0.0,0.0,0.0
clip_020,privilege_gru / clip0.20,1,left_body_margin,0.9090383052825928,0.17114630341529846,0.0,0.5363671875,0.651328125,0.5603125
clip_020,privilege_gru / clip0.20,1,right_body_margin,0.8745105266571045,0.1884012222290039,0.0,0.4636328125,0.57361328125,0.4873046875
clip_020,privilege_gru / clip0.20,1,sin_track_heading_error,0.02103777602314949,0.33225464820861816,0.0,0.0,0.0,0.0
clip_020,privilege_gru / clip0.20,1,cos_track_heading_error,0.9405444264411926,0.06775722652673721,0.0,0.00158203125,0.598740234375,0.283916015625
clip_020,privilege_gru / clip0.20,1,current_curvature,-0.013579914346337318,0.3879372179508209,0.04912109375,0.02076171875,0.023212890625,0.02119140625
clip_020,privilege_gru / clip0.20,1,lookahead_mean_curvature,-0.018287159502506256,0.3922475576400757,0.05369140625,0.019755859375,0.021826171875,0.020185546875
clip_020,privilege_gru / clip0.20,2,delta_s,-0.04612596333026886,0.3820434808731079,0.0,0.06095703125,0.065615234375,0.06193359375
clip_020,privilege_gru / clip0.20,2,relative_lateral,-0.0016808141954243183,0.3909641206264496,0.0299609375,0.03033203125,0.032041015625,0.030634765625
clip_020,privilege_gru / clip0.20,2,relative_long_velocity,-0.11263183504343033,0.1707652062177658,0.0009765625,0.0,0.0,0.0
clip_020,privilege_gru / clip0.20,2,relative_lat_velocity,0.004084908869117498,0.24653305113315582,0.0,0.000166015625,0.00025390625,0.000185546875
clip_020,privilege_gru / clip0.20,2,sin_relative_heading,0.008015102706849575,0.3493352234363556,9.765625e-06,4.8828125e-05,0.013330078125,0.004140625
clip_020,privilege_gru / clip0.20,2,cos_relative_heading,0.900926947593689,0.2577764689922333,0.0,0.018193359375,0.725576171875,0.582275390625
clip_020,privilege_gru / clip0.20,2,ego_speed,0.49967098236083984,0.15681970119476318,0.0,0.0,0.0,0.0
clip_020,privilege_gru / clip0.20,2,ego_yaw_rate,-0.012373027391731739,0.17762689292430878,0.000322265625,0.0003125,0.000478515625,0.00033203125
clip_020,privilege_gru / clip0.20,2,relative_yaw_rate,0.006120701320469379,0.16615378856658936,0.0,0.000126953125,0.00025390625,0.000146484375
clip_020,privilege_gru / clip0.20,2,obb_longitudinal_clearance,0.6455035209655762,0.26901766657829285,0.05279296875,0.0,0.032333984375,0.0
clip_020,privilege_gru / clip0.20,2,obb_lateral_clearance,0.46334707736968994,0.3013683259487152,0.117236328125,0.0,0.030732421875,0.0
clip_020,privilege_gru / clip0.20,2,wall_clearance,0.770965039730072,0.048131003975868225,2.9296875e-05,0.0,0.0,0.0
clip_020,privilege_gru / clip0.20,2,ego_steering_angle,-0.015572035685181618,0.20779164135456085,0.0019140625,8.7890625e-05,0.000263671875,0.00021484375
clip_020,privilege_gru / clip0.20,2,ego_slip_angle,4.0669994632480666e-05,0.0851178839802742,0.0,0.0,0.0,0.0
clip_020,privilege_gru / clip0.20,2,left_body_margin,0.8993029594421387,0.18245829641819,0.0,0.49701171875,0.622626953125,0.522587890625
clip_020,privilege_gru / clip0.20,2,right_body_margin,0.8868124485015869,0.18467111885547638,0.0,0.50298828125,0.609609375,0.527392578125
clip_020,privilege_gru / clip0.20,2,sin_track_heading_error,0.011936383321881294,0.3364754319190979,0.0,0.0,0.0,0.0
clip_020,privilege_gru / clip0.20,2,cos_track_heading_error,0.9390186071395874,0.0705561637878418,0.0,0.001630859375,0.599716796875,0.291201171875
clip_020,privilege_gru / clip0.20,2,current_curvature,-0.011444090865552425,0.38533297181129456,0.0494921875,0.022080078125,0.024658203125,0.02255859375
clip_020,privilege_gru / clip0.20,2,lookahead_mean_curvature,-0.017805982381105423,0.3906831741333008,0.054296875,0.021123046875,0.023388671875,0.0215625
clip_020,privilege_gru / clip0.20,3,delta_s,-0.0024774421472102404,0.41825661063194275,0.0,0.07154296875,0.078232421875,0.072890625
clip_020,privilege_gru / clip0.20,3,relative_lateral,0.0002026680449489504,0.4302501082420349,0.042880859375,0.03171875,0.03330078125,0.031962890625
clip_020,privilege_gru / clip0.20,3,relative_long_velocity,-0.13818439841270447,0.18348141014575958,0.001259765625,0.0,0.0,0.0
clip_020,privilege_gru / clip0.20,3,relative_lat_velocity,0.026662129908800125,0.2610877454280853,0.0,0.0,0.0,0.0
clip_020,privilege_gru / clip0.20,3,sin_relative_heading,0.03232257440686226,0.3643273413181305,3.90625e-05,4.8828125e-05,0.01279296875,0.005341796875
clip_020,privilege_gru / clip0.20,3,cos_relative_heading,0.8861257433891296,0.2849861681461334,9.765625e-06,0.01458984375,0.6873046875,0.5316015625
clip_020,privilege_gru / clip0.20,3,ego_speed,0.5164685249328613,0.1591026335954666,0.0,0.0,0.0,0.0
clip_020,privilege_gru / clip0.20,3,ego_yaw_rate,-0.02044275589287281,0.1864505112171173,0.00048828125,0.00017578125,0.00021484375,0.0001953125
clip_020,privilege_gru / clip0.20,3,relative_yaw_rate,0.005252898205071688,0.17526429891586304,9.765625e-05,0.00015625,0.0003515625,0.000185546875
clip_020,privilege_gru / clip0.20,3,obb_longitudinal_clearance,0.6502735614776611,0.2805294692516327,0.055673828125,0.0,0.03380859375,0.0
clip_020,privilege_gru / clip0.20,3,obb_lateral_clearance,0.5246537327766418,0.29092100262641907,0.100439453125,0.0,0.04302734375,0.0
clip_020,privilege_gru / clip0.20,3,wall_clearance,0.7697970867156982,0.049698058515787125,8.7890625e-05,0.0,0.0,0.0
clip_020,privilege_gru / clip0.20,3,ego_steering_angle,-0.02390345185995102,0.21357253193855286,0.00189453125,2.9296875e-05,0.000126953125,0.0001171875
clip_020,privilege_gru / clip0.20,3,ego_slip_angle,0.0038609695620834827,0.09334122389554977,0.0,0.0,0.0,0.0
clip_020,privilege_gru / clip0.20,3,left_body_margin,0.8975528478622437,0.18123261630535126,0.0,0.511875,0.6201171875,0.53283203125
clip_020,privilege_gru / clip0.20,3,right_body_margin,0.877399742603302,0.19097787141799927,0.0,0.488125,0.581220703125,0.508974609375
clip_020,privilege_gru / clip0.20,3,sin_track_heading_error,0.013503589667379856,0.3364068567752838,0.0,0.0,0.0,0.0
clip_020,privilege_gru / clip0.20,3,cos_track_heading_error,0.9391291737556458,0.06887701153755188,0.0,0.001728515625,0.593251953125,0.27982421875
clip_020,privilege_gru / clip0.20,3,current_curvature,-0.02909141592681408,0.3910401165485382,0.055166015625,0.016845703125,0.01876953125,0.01716796875
clip_020,privilege_gru / clip0.20,3,lookahead_mean_curvature,-0.03353840485215187,0.39515259861946106,0.059677734375,0.016142578125,0.017822265625,0.0165234375
clip_020,privilege_gru / clip0.20,4,delta_s,-0.03925435245037079,0.39079520106315613,0.0,0.063916015625,0.068310546875,0.064794921875
clip_020,privilege_gru / clip0.20,4,relative_lateral,-0.07891137152910233,0.42043793201446533,0.043017578125,0.029970703125,0.031455078125,0.0301953125
clip_020,privilege_gru / clip0.20,4,relative_long_velocity,-0.12922562658786774,0.18284150958061218,0.00021484375,0.0,0.0,0.0
clip_020,privilege_gru / clip0.20,4,relative_lat_velocity,0.009396865032613277,0.2525492310523987,0.000263671875,0.0,0.0,0.0
clip_020,privilege_gru / clip0.20,4,sin_relative_heading,0.020493023097515106,0.3604261577129364,6.8359375e-05,3.90625e-05,0.011396484375,0.00361328125
clip_020,privilege_gru / clip0.20,4,cos_relative_heading,0.8869813680648804,0.28834351897239685,1.953125e-05,0.01609375,0.70974609375,0.5533984375
clip_020,privilege_gru / clip0.20,4,ego_speed,0.5076971650123596,0.15973436832427979,0.0,0.0,0.0,0.0
clip_020,privilege_gru / clip0.20,4,ego_yaw_rate,-0.01390817016363144,0.17373938858509064,0.000263671875,0.000107421875,0.000146484375,0.0001171875
clip_020,privilege_gru / clip0.20,4,relative_yaw_rate,0.002507703611627221,0.16690510511398315,4.8828125e-05,2.9296875e-05,0.00017578125,3.90625e-05
clip_020,privilege_gru / clip0.20,4,obb_longitudinal_clearance,0.6500996947288513,0.2703876197338104,0.0503125,0.0,0.0263671875,0.0
clip_020,privilege_gru / clip0.20,4,obb_lateral_clearance,0.511813759803772,0.29835575819015503,0.107353515625,0.0,0.036416015625,0.0
clip_020,privilege_gru / clip0.20,4,wall_clearance,0.7734436988830566,0.04357513040304184,2.9296875e-05,0.0,0.0,0.0
clip_020,privilege_gru / clip0.20,4,ego_steering_angle,-0.01707840897142887,0.20027904212474823,0.00109375,0.0,1.953125e-05,1.953125e-05
clip_020,privilege_gru / clip0.20,4,ego_slip_angle,0.0012866201577708125,0.08730372041463852,0.0,0.0,0.0,0.0
clip_020,privilege_gru / clip0.20,4,left_body_margin,0.8909478783607483,0.17724937200546265,0.0,0.469169921875,0.5883984375,0.493271484375
clip_020,privilege_gru / clip0.20,4,right_body_margin,0.9041617512702942,0.16449306905269623,0.0,0.53083984375,0.639951171875,0.55505859375
clip_020,privilege_gru / clip0.20,4,sin_track_heading_error,-0.0038003178779035807,0.33221760392189026,0.0,0.0,0.0,0.0
clip_020,privilege_gru / clip0.20,4,cos_track_heading_error,0.9408331513404846,0.06708681583404541,0.0,0.00181640625,0.603369140625,0.26890625
clip_020,privilege_gru / clip0.20,4,current_curvature,-0.01677987165749073,0.384817510843277,0.04919921875,0.016220703125,0.018408203125,0.01654296875
clip_020,privilege_gru / clip0.20,4,lookahead_mean_curvature,-0.023143120110034943,0.3891206979751587,0.053427734375,0.0144921875,0.016328125,0.014892578125
clip_020,privilege_gru / clip0.20,5,delta_s,-0.07720396667718887,0.35889527201652527,0.0,0.04328125,0.047216796875,0.044072265625
clip_020,privilege_gru / clip0.20,5,relative_lateral,0.02678694576025009,0.38843750953674316,0.0215625,0.0210546875,0.023046875,0.0213671875
clip_020,privilege_gru / clip0.20,5,relative_long_velocity,-0.10609878599643707,0.15806588530540466,0.0,0.0,0.0,0.0
clip_020,privilege_gru / clip0.20,5,relative_lat_velocity,0.00175334548112005,0.2520500123500824,0.000546875,0.0,4.8828125e-05,0.0
clip_020,privilege_gru / clip0.20,5,sin_relative_heading,0.005821472965180874,0.3459116220474243,9.765625e-05,2.9296875e-05,0.010712890625,0.004384765625
clip_020,privilege_gru / clip0.20,5,cos_relative_heading,0.9093336462974548,0.23163241147994995,0.0,0.017197265625,0.717197265625,0.5551171875
clip_020,privilege_gru / clip0.20,5,ego_speed,0.5007425546646118,0.15843112766742706,0.0,0.0,0.0,0.0
clip_020,privilege_gru / clip0.20,5,ego_yaw_rate,-0.01960546337068081,0.17621995508670807,0.000205078125,6.8359375e-05,8.7890625e-05,6.8359375e-05
clip_020,privilege_gru / clip0.20,5,relative_yaw_rate,0.002843243535608053,0.16261515021324158,3.90625e-05,0.0,8.7890625e-05,9.765625e-06
clip_020,privilege_gru / clip0.20,5,obb_longitudinal_clearance,0.6436104774475098,0.27399078011512756,0.057578125,0.0,0.0260546875,0.0
clip_020,privilege_gru / clip0.20,5,obb_lateral_clearance,0.49249640107154846,0.292263388633728,0.116708984375,0.0,0.015869140625,0.0
clip_020,privilege_gru / clip0.20,5,wall_clearance,0.7693277597427368,0.04985440522432327,9.765625e-06,0.0,0.0,0.0
clip_020,privilege_gru / clip0.20,5,ego_steering_angle,-0.023220622912049294,0.20714929699897766,0.0018359375,0.0,3.90625e-05,3.90625e-05
clip_020,privilege_gru / clip0.20,5,ego_slip_angle,0.0030804965645074844,0.08517678827047348,0.0,0.0,0.0,0.0
clip_020,privilege_gru / clip0.20,5,left_body_margin,0.8934906125068665,0.18559995293617249,0.0,0.4947265625,0.61501953125,0.518671875
clip_020,privilege_gru / clip0.20,5,right_body_margin,0.8851626515388489,0.18610547482967377,0.0,0.5052734375,0.604365234375,0.527958984375
clip_020,privilege_gru / clip0.20,5,sin_track_heading_error,0.008109289221465588,0.3357081711292267,0.0,0.0,0.0,0.0
clip_020,privilege_gru / clip0.20,5,cos_track_heading_error,0.9392150044441223,0.07167800515890121,0.0,0.001552734375,0.605068359375,0.3053125
clip_020,privilege_gru / clip0.20,5,current_curvature,-0.02545909583568573,0.38928186893463135,0.054423828125,0.014501953125,0.016484375,0.014833984375
clip_020,privilege_gru / clip0.20,5,lookahead_mean_curvature,-0.03227837383747101,0.39302927255630493,0.058564453125,0.01287109375,0.014443359375,0.013193359375
clip_020,privilege_gru / clip0.20,6,delta_s,-0.03179669380187988,0.40075212717056274,0.0,0.068798828125,0.07337890625,0.069736328125
clip_020,privilege_gru / clip0.20,6,relative_lateral,-0.032692305743694305,0.41530412435531616,0.039228515625,0.02767578125,0.02947265625,0.027958984375
clip_020,privilege_gru / clip0.20,6,relative_long_velocity,-0.12441819906234741,0.17427542805671692,0.0,0.0,0.0,0.0
clip_020,privilege_gru / clip0.20,6,relative_lat_velocity,0.02039862424135208,0.2416730374097824,0.0,0.0,0.0,0.0
clip_020,privilege_gru / clip0.20,6,sin_relative_heading,0.03510432690382004,0.3545180857181549,4.8828125e-05,3.90625e-05,0.01423828125,0.004326171875
clip_020,privilege_gru / clip0.20,6,cos_relative_heading,0.8992264270782471,0.2543488144874573,0.0,0.0160546875,0.72501953125,0.55498046875
clip_020,privilege_gru / clip0.20,6,ego_speed,0.5005470514297485,0.15714839100837708,0.0,0.0,0.0,0.0
clip_020,privilege_gru / clip0.20,6,ego_yaw_rate,-0.012728576548397541,0.1723039448261261,0.000166015625,9.765625e-05,0.000146484375,9.765625e-05
clip_020,privilege_gru / clip0.20,6,relative_yaw_rate,0.001231775851920247,0.1651010513305664,0.000126953125,6.8359375e-05,0.00017578125,8.7890625e-05
clip_020,privilege_gru / clip0.20,6,obb_longitudinal_clearance,0.6582791209220886,0.26900723576545715,0.049326171875,0.0,0.036884765625,0.0
clip_020,privilege_gru / clip0.20,6,obb_lateral_clearance,0.49683287739753723,0.3001960217952728,0.109375,0.0,0.03095703125,0.0
clip_020,privilege_gru / clip0.20,6,wall_clearance,0.7736418843269348,0.042176760733127594,7.8125e-05,0.0,0.0,0.0
clip_020,privilege_gru / clip0.20,6,ego_steering_angle,-0.014052396640181541,0.20134271681308746,0.001689453125,3.90625e-05,0.000107421875,9.765625e-05
clip_020,privilege_gru / clip0.20,6,ego_slip_angle,0.0038794856518507004,0.0823659598827362,0.0,0.0,0.0,0.0
clip_020,privilege_gru / clip0.20,6,left_body_margin,0.8887441158294678,0.1818011850118637,0.0,0.46470703125,0.58263671875,0.48951171875
clip_020,privilege_gru / clip0.20,6,right_body_margin,0.9002190232276917,0.17071445286273956,0.0,0.5353125,0.64048828125,0.55828125
clip_020,privilege_gru / clip0.20,6,sin_track_heading_error,-0.0009431440266780555,0.3356178402900696,0.0,0.0,0.0,0.0
clip_020,privilege_gru / clip0.20,6,cos_track_heading_error,0.9395191669464111,0.06883591413497925,0.0,0.001806640625,0.59884765625,0.29248046875
clip_020,privilege_gru / clip0.20,6,current_curvature,-0.008962034247815609,0.3813943862915039,0.0456640625,0.02064453125,0.02306640625,0.02103515625
clip_020,privilege_gru / clip0.20,6,lookahead_mean_curvature,-0.013746384531259537,0.38542503118515015,0.049521484375,0.019375,0.021494140625,0.0198828125
clip_020,privilege_gru / clip0.20,7,delta_s,-0.08164861798286438,0.3640250563621521,0.0,0.037529296875,0.04203125,0.0383984375
clip_020,privilege_gru / clip0.20,7,relative_lateral,-0.05850856006145477,0.3939100503921509,0.037001953125,0.017666015625,0.01912109375,0.0178515625
clip_020,privilege_gru / clip0.20,7,relative_long_velocity,-0.1059413030743599,0.16555842757225037,0.0,0.0,0.0,0.0
clip_020,privilege_gru / clip0.20,7,relative_lat_velocity,0.023393018171191216,0.24698619544506073,0.000263671875,0.000283203125,0.000322265625,0.000283203125
clip_020,privilege_gru / clip0.20,7,sin_relative_heading,0.037190426141023636,0.34240397810935974,7.8125e-05,6.8359375e-05,0.01462890625,0.00552734375
clip_020,privilege_gru / clip0.20,7,cos_relative_heading,0.9023347496986389,0.25962451100349426,0.0,0.01609375,0.72033203125,0.560546875
clip_020,privilege_gru / clip0.20,7,ego_speed,0.5049130320549011,0.15843214094638824,0.0,0.0,0.0,0.0
clip_020,privilege_gru / clip0.20,7,ego_yaw_rate,-0.018480682745575905,0.16971278190612793,0.000380859375,9.765625e-05,0.000107421875,0.000107421875
clip_020,privilege_gru / clip0.20,7,relative_yaw_rate,0.0022594165056943893,0.16481271386146545,0.00021484375,1.953125e-05,0.0001171875,3.90625e-05
clip_020,privilege_gru / clip0.20,7,obb_longitudinal_clearance,0.6576507687568665,0.26181721687316895,0.049345703125,0.0,0.016533203125,0.0
clip_020,privilege_gru / clip0.20,7,obb_lateral_clearance,0.4926237165927887,0.2891300618648529,0.11224609375,0.0,0.01908203125,0.0
clip_020,privilege_gru / clip0.20,7,wall_clearance,0.7730588316917419,0.04488980025053024,0.000107421875,0.0,0.0,0.0
clip_020,privilege_gru / clip0.20,7,ego_steering_angle,-0.020927002653479576,0.19931560754776,0.00166015625,0.0,0.0,0.0
clip_020,privilege_gru / clip0.20,7,ego_slip_angle,0.004701218102127314,0.08242131024599075,0.0,0.0,0.0,0.0
clip_020,privilege_gru / clip0.20,7,left_body_margin,0.8879601955413818,0.1876835972070694,0.0,0.479384765625,0.586962890625,0.501240234375
clip_020,privilege_gru / clip0.20,7,right_body_margin,0.9040316939353943,0.15903131663799286,0.0,0.520625,0.623271484375,0.5433203125
clip_020,privilege_gru / clip0.20,7,sin_track_heading_error,-0.0051299710758030415,0.3274233937263489,0.0,0.0,0.0,0.0
clip_020,privilege_gru / clip0.20,7,cos_track_heading_error,0.9423691630363464,0.06902439892292023,0.0,0.001689453125,0.62060546875,0.305361328125
clip_020,privilege_gru / clip0.20,7,current_curvature,-0.024799861013889313,0.37895652651786804,0.049833984375,0.014521484375,0.016376953125,0.014794921875
clip_020,privilege_gru / clip0.20,7,lookahead_mean_curvature,-0.0293765589594841,0.38377004861831665,0.053759765625,0.0141015625,0.0156640625,0.014482421875
clip_020,privilege_gru / clip0.20,8,delta_s,-0.04484538733959198,0.39372727274894714,0.0,0.064345703125,0.0700390625,0.065322265625
clip_020,privilege_gru / clip0.20,8,relative_lateral,-0.004679666832089424,0.4151659905910492,0.03623046875,0.040703125,0.041591796875,0.040927734375
clip_020,privilege_gru / clip0.20,8,relative_long_velocity,-0.11821760982275009,0.1795714944601059,0.001513671875,0.0,0.0,0.0
clip_020,privilege_gru / clip0.20,8,relative_lat_velocity,-0.01211782731115818,0.24710093438625336,0.00017578125,0.0,0.0,0.0
clip_020,privilege_gru / clip0.20,8,sin_relative_heading,-0.016087010502815247,0.35042229294776917,9.765625e-05,4.8828125e-05,0.009716796875,0.00408203125
clip_020,privilege_gru / clip0.20,8,cos_relative_heading,0.8846527934074402,0.3074823319911957,1.953125e-05,0.02015625,0.716630859375,0.5825
clip_020,privilege_gru / clip0.20,8,ego_speed,0.5000871419906616,0.1542501449584961,0.0,0.0,0.0,0.0
clip_020,privilege_gru / clip0.20,8,ego_yaw_rate,-0.025990044698119164,0.17539824545383453,0.00029296875,5.859375e-05,0.000146484375,7.8125e-05
clip_020,privilege_gru / clip0.20,8,relative_yaw_rate,0.0022839875891804695,0.16680866479873657,0.000146484375,0.000400390625,0.0006640625,0.0004296875
clip_020,privilege_gru / clip0.20,8,obb_longitudinal_clearance,0.6417831182479858,0.2798440456390381,0.061708984375,0.0,0.020048828125,0.0
clip_020,privilege_gru / clip0.20,8,obb_lateral_clearance,0.4871087968349457,0.306609183549881,0.11259765625,0.0,0.047197265625,0.0
clip_020,privilege_gru / clip0.20,8,wall_clearance,0.7719293236732483,0.0557740293443203,0.000458984375,0.0,0.0,0.0
clip_020,privilege_gru / clip0.20,8,ego_steering_angle,-0.032817594707012177,0.207153782248497,0.002587890625,0.0,4.8828125e-05,1.953125e-05
clip_020,privilege_gru / clip0.20,8,ego_slip_angle,0.003497807774692774,0.08381772041320801,0.0,0.0,0.0,0.0
clip_020,privilege_gru / clip0.20,8,left_body_margin,0.8975925445556641,0.1786755472421646,0.0,0.488349609375,0.617685546875,0.5144140625
clip_020,privilege_gru / clip0.20,8,right_body_margin,0.8969555497169495,0.1673203408718109,0.0,0.511650390625,0.617138671875,0.536328125
clip_020,privilege_gru / clip0.20,8,sin_track_heading_error,0.003503716317936778,0.3327353000640869,0.0,0.0,0.0,0.0
clip_020,privilege_gru / clip0.20,8,cos_track_heading_error,0.9404039978981018,0.07040680944919586,0.0,0.001572265625,0.61642578125,0.28888671875
clip_020,privilege_gru / clip0.20,8,current_curvature,-0.04829435795545578,0.3730308413505554,0.056044921875,0.013935546875,0.015517578125,0.01419921875
clip_020,privilege_gru / clip0.20,8,lookahead_mean_curvature,-0.05465933308005333,0.37842410802841187,0.06099609375,0.013154296875,0.01458984375,0.013544921875
clip_020,privilege_gru / clip0.20,9,delta_s,-0.04797741770744324,0.3998033106327057,0.0,0.062685546875,0.06767578125,0.0636328125
clip_020,privilege_gru / clip0.20,9,relative_lateral,-0.04372987896203995,0.42997732758522034,0.039140625,0.035126953125,0.035947265625,0.035283203125
clip_020,privilege_gru / clip0.20,9,relative_long_velocity,-0.12067195028066635,0.17659448087215424,0.000693359375,0.0,0.0,0.0
clip_020,privilege_gru / clip0.20,9,relative_lat_velocity,0.00847536139190197,0.25881510972976685,0.000263671875,0.0,0.0,0.0
clip_020,privilege_gru / clip0.20,9,sin_relative_heading,0.02003399282693863,0.35732483863830566,0.000166015625,3.90625e-05,0.009716796875,0.004658203125
clip_020,privilege_gru / clip0.20,9,cos_relative_heading,0.8939746618270874,0.27009809017181396,0.0,0.0150390625,0.70412109375,0.538544921875
clip_020,privilege_gru / clip0.20,9,ego_speed,0.5146957039833069,0.15535397827625275,0.0,0.0,0.0,0.0
clip_020,privilege_gru / clip0.20,9,ego_yaw_rate,-0.007900204509496689,0.17062270641326904,0.00033203125,0.0001953125,0.000283203125,0.0001953125
clip_020,privilege_gru / clip0.20,9,relative_yaw_rate,0.0013677484821528196,0.16810858249664307,3.90625e-05,8.7890625e-05,0.000498046875,0.000126953125
clip_020,privilege_gru / clip0.20,9,obb_longitudinal_clearance,0.6710435748100281,0.2571442425251007,0.0402734375,0.0,0.029453125,0.0
clip_020,privilege_gru / clip0.20,9,obb_lateral_clearance,0.52691650390625,0.2907490134239197,0.09810546875,0.0,0.031494140625,0.0
clip_020,privilege_gru / clip0.20,9,wall_clearance,0.7682059407234192,0.05218062922358513,0.0,0.0,0.0,0.0
clip_020,privilege_gru / clip0.20,9,ego_steering_angle,-0.008343910798430443,0.19642561674118042,0.002099609375,4.8828125e-05,0.00021484375,0.000166015625
clip_020,privilege_gru / clip0.20,9,ego_slip_angle,0.0009077512659132481,0.0864889994263649,0.0,0.0,0.0,0.0
clip_020,privilege_gru / clip0.20,9,left_body_margin,0.8733289241790771,0.2014557421207428,0.0,0.458876953125,0.57232421875,0.48359375
clip_020,privilege_gru / clip0.20,9,right_body_margin,0.9008625149726868,0.17523348331451416,0.0,0.5411328125,0.64404296875,0.56412109375
clip_020,privilege_gru / clip0.20,9,sin_track_heading_error,-0.00695414375513792,0.33350804448127747,0.0,0.0,0.0,0.0
clip_020,privilege_gru / clip0.20,9,cos_track_heading_error,0.9401935338973999,0.06945338100194931,0.0,0.002109375,0.60638671875,0.300380859375
clip_020,privilege_gru / clip0.20,9,current_curvature,-0.001143480185419321,0.37566524744033813,0.04166015625,0.01794921875,0.02005859375,0.018271484375
clip_020,privilege_gru / clip0.20,9,lookahead_mean_curvature,-0.0039296699687838554,0.37727952003479004,0.04435546875,0.0159375,0.017734375,0.016318359375
clip_020,privilege_gru / clip0.20,10,delta_s,-0.06718270480632782,0.3783545196056366,0.0,0.055126953125,0.0602734375,0.056064453125
clip_020,privilege_gru / clip0.20,10,relative_lateral,-0.001424539485014975,0.4012715518474579,0.02732421875,0.02185546875,0.02302734375,0.022080078125
clip_020,privilege_gru / clip0.20,10,relative_long_velocity,-0.10972309112548828,0.16128982603549957,0.00103515625,0.0,0.0,0.0
clip_020,privilege_gru / clip0.20,10,relative_lat_velocity,0.006895776372402906,0.2487460821866989,0.0,0.0,5.859375e-05,0.0
clip_020,privilege_gru / clip0.20,10,sin_relative_heading,0.007923592813313007,0.3414086103439331,3.90625e-05,0.0,0.008837890625,0.002763671875
clip_020,privilege_gru / clip0.20,10,cos_relative_heading,0.9119316935539246,0.22810813784599304,0.0,0.017744140625,0.7301953125,0.580341796875
clip_020,privilege_gru / clip0.20,10,ego_speed,0.5030885338783264,0.1524444967508316,0.0,0.0,0.0,0.0
clip_020,privilege_gru / clip0.20,10,ego_yaw_rate,-0.01487448439002037,0.1787361055612564,0.000400390625,0.000205078125,0.00025390625,0.000224609375
clip_020,privilege_gru / clip0.20,10,relative_yaw_rate,0.0016195642529055476,0.16480571031570435,0.000107421875,0.0001171875,0.000224609375,0.00013671875
clip_020,privilege_gru / clip0.20,10,obb_longitudinal_clearance,0.641444981098175,0.2820057272911072,0.059521484375,0.0,0.025654296875,0.0
clip_020,privilege_gru / clip0.20,10,obb_lateral_clearance,0.505368173122406,0.28735488653182983,0.10060546875,0.0,0.023115234375,0.0
clip_020,privilege_gru / clip0.20,10,wall_clearance,0.7728121876716614,0.047192610800266266,2.9296875e-05,0.0,0.0,0.0
clip_020,privilege_gru / clip0.20,10,ego_steering_angle,-0.01690523326396942,0.20652157068252563,0.001416015625,0.0,4.8828125e-05,1.953125e-05
clip_020,privilege_gru / clip0.20,10,ego_slip_angle,0.0027512197848409414,0.08440990746021271,2.9296875e-05,0.0,0.0,0.0
clip_020,privilege_gru / clip0.20,10,left_body_margin,0.9064774513244629,0.17123429477214813,0.0,0.52224609375,0.63998046875,0.545771484375
clip_020,privilege_gru / clip0.20,10,right_body_margin,0.8860642313957214,0.17685285210609436,0.0,0.47775390625,0.57771484375,0.50087890625
clip_020,privilege_gru / clip0.20,10,sin_track_heading_error,0.01597834751009941,0.33266976475715637,0.0,0.0,0.0,0.0
clip_020,privilege_gru / clip0.20,10,cos_track_heading_error,0.9404885768890381,0.06793911010026932,0.0,0.00150390625,0.610654296875,0.280087890625
clip_020,privilege_gru / clip0.20,10,current_curvature,-0.01591072976589203,0.3868878483772278,0.050869140625,0.021005859375,0.0234765625,0.021435546875
clip_020,privilege_gru / clip0.20,10,lookahead_mean_curvature,-0.02279568649828434,0.39249420166015625,0.055146484375,0.0205078125,0.0227734375,0.021005859375
clip_020,privilege_gru / clip0.20,11,delta_s,-0.0756661593914032,0.35613545775413513,0.0,0.040771484375,0.04443359375,0.04150390625
clip_020,privilege_gru / clip0.20,11,relative_lateral,-0.022111529484391212,0.41381797194480896,0.032119140625,0.031123046875,0.0328125,0.031435546875
clip_020,privilege_gru / clip0.20,11,relative_long_velocity,-0.10576507449150085,0.16241760551929474,0.000771484375,0.0,0.0,0.0
clip_020,privilege_gru / clip0.20,11,relative_lat_velocity,-0.007638703566044569,0.2529846727848053,0.0,0.0,0.0,0.0
clip_020,privilege_gru / clip0.20,11,sin_relative_heading,-0.008267064578831196,0.35129016637802124,5.859375e-05,1.953125e-05,0.0088671875,0.003857421875
clip_020,privilege_gru / clip0.20,11,cos_relative_heading,0.9009101986885071,0.2551253139972687,0.0,0.016171875,0.71640625,0.5521484375
clip_020,privilege_gru / clip0.20,11,ego_speed,0.5045206546783447,0.15358847379684448,0.0,0.0,0.0,0.0
clip_020,privilege_gru / clip0.20,11,ego_yaw_rate,-0.014904038049280643,0.17553181946277618,0.00025390625,0.000146484375,0.0003125,0.00017578125
clip_020,privilege_gru / clip0.20,11,relative_yaw_rate,0.0030768318101763725,0.1687556505203247,1.953125e-05,0.00025390625,0.000517578125,0.00029296875
clip_020,privilege_gru / clip0.20,11,obb_longitudinal_clearance,0.6471089124679565,0.2700555920600891,0.054580078125,0.0,0.01306640625,0.0
clip_020,privilege_gru / clip0.20,11,obb_lateral_clearance,0.49533575773239136,0.30480337142944336,0.117255859375,0.0,0.026259765625,0.0
clip_020,privilege_gru / clip0.20,11,wall_clearance,0.7705388069152832,0.04810991510748863,3.90625e-05,0.0,0.0,0.0
clip_020,privilege_gru / clip0.20,11,ego_steering_angle,-0.01854139007627964,0.20569472014904022,0.003046875,5.859375e-05,0.00017578125,0.000126953125
clip_020,privilege_gru / clip0.20,11,ego_slip_angle,0.0011980499839410186,0.08730052411556244,0.0,0.0,0.0,0.0
clip_020,privilege_gru / clip0.20,11,left_body_margin,0.8864497542381287,0.18657484650611877,0.0,0.454951171875,0.58263671875,0.480830078125
clip_020,privilege_gru / clip0.20,11,right_body_margin,0.9036579728126526,0.1712580919265747,0.0,0.54505859375,0.65140625,0.569912109375
clip_020,privilege_gru / clip0.20,11,sin_track_heading_error,-0.006079795304685831,0.3312527537345886,0.0,0.0,0.0,0.0
clip_020,privilege_gru / clip0.20,11,cos_track_heading_error,0.9409881830215454,0.06956513971090317,0.0,0.001708984375,0.618271484375,0.290498046875
clip_020,privilege_gru / clip0.20,11,current_curvature,-0.017112670466303825,0.3843092918395996,0.046103515625,0.016474609375,0.01865234375,0.0168359375
clip_020,privilege_gru / clip0.20,11,lookahead_mean_curvature,-0.021829232573509216,0.38806962966918945,0.050107421875,0.015625,0.01740234375,0.016025390625
clip_020,privilege_gru / clip0.20,12,delta_s,-0.07569460570812225,0.3625572621822357,0.0,0.044326171875,0.049208984375,0.045341796875
clip_020,privilege_gru / clip0.20,12,relative_lateral,0.004393304698169231,0.37925052642822266,0.027705078125,0.022861328125,0.023740234375,0.023037109375
clip_020,privilege_gru / clip0.20,12,relative_long_velocity,-0.10215350985527039,0.16048254072666168,0.0,0.0,0.0,0.0
clip_020,privilege_gru / clip0.20,12,relative_lat_velocity,0.004125688690692186,0.2258615791797638,0.0,0.0002734375,0.000322265625,0.0002734375
clip_020,privilege_gru / clip0.20,12,sin_relative_heading,0.011898373253643513,0.330940306186676,4.8828125e-05,0.0,0.00826171875,0.0038671875
clip_020,privilege_gru / clip0.20,12,cos_relative_heading,0.9113796353340149,0.24490554630756378,0.0,0.01939453125,0.745712890625,0.59923828125
clip_020,privilege_gru / clip0.20,12,ego_speed,0.4884812831878662,0.1594521701335907,0.0,0.0,0.0,0.0
clip_020,privilege_gru / clip0.20,12,ego_yaw_rate,-0.018583064898848534,0.16807880997657776,0.00046875,6.8359375e-05,0.000166015625,7.8125e-05
clip_020,privilege_gru / clip0.20,12,relative_yaw_rate,0.0006844967720098794,0.15505573153495789,0.0,0.00021484375,0.000556640625,0.000234375
clip_020,privilege_gru / clip0.20,12,obb_longitudinal_clearance,0.640208899974823,0.2742898464202881,0.05099609375,0.0,0.020126953125,0.0
clip_020,privilege_gru / clip0.20,12,obb_lateral_clearance,0.4783354699611664,0.2886117398738861,0.109599609375,0.0,0.02244140625,0.0
clip_020,privilege_gru / clip0.20,12,wall_clearance,0.7704290151596069,0.05105553939938545,1.953125e-05,0.0,0.0,0.0
clip_020,privilege_gru / clip0.20,12,ego_steering_angle,-0.02078111656010151,0.20051375031471252,0.00185546875,2.9296875e-05,0.000107421875,9.765625e-05
clip_020,privilege_gru / clip0.20,12,ego_slip_angle,0.004705375526100397,0.07515516132116318,0.0,0.0,0.0,0.0
clip_020,privilege_gru / clip0.20,12,left_body_margin,0.896736204624176,0.17604497075080872,0.0,0.48830078125,0.60912109375,0.5129296875
clip_020,privilege_gru / clip0.20,12,right_body_margin,0.8957571983337402,0.17176008224487305,0.0,0.51169921875,0.617724609375,0.536181640625
clip_020,privilege_gru / clip0.20,12,sin_track_heading_error,0.0029441891238093376,0.33251821994781494,0.0,0.0,0.0,0.0
clip_020,privilege_gru / clip0.20,12,cos_track_heading_error,0.9406801462173462,0.06788889318704605,0.0,0.001650390625,0.604853515625,0.281357421875
clip_020,privilege_gru / clip0.20,12,current_curvature,-0.025130953639745712,0.379104346036911,0.05431640625,0.0187890625,0.021025390625,0.019208984375
clip_020,privilege_gru / clip0.20,12,lookahead_mean_curvature,-0.03150689974427223,0.384876549243927,0.058232421875,0.017685546875,0.019677734375,0.018125
clip_020,privilege_gru / clip0.20,13,delta_s,-0.08193229883909225,0.34221151471138,0.0,0.035517578125,0.03916015625,0.036220703125
clip_020,privilege_gru / clip0.20,13,relative_lateral,-0.071653813123703,0.39759212732315063,0.0381640625,0.01833984375,0.01966796875,0.018603515625
clip_020,privilege_gru / clip0.20,13,relative_long_velocity,-0.10849954932928085,0.16880914568901062,0.0,0.0,0.0,0.0
clip_020,privilege_gru / clip0.20,13,relative_lat_velocity,0.024127356708049774,0.23994897305965424,0.000166015625,0.0,0.0,0.0
clip_020,privilege_gru / clip0.20,13,sin_relative_heading,0.037813711911439896,0.33664655685424805,0.000146484375,2.9296875e-05,0.014150390625,0.003701171875
clip_020,privilege_gru / clip0.20,13,cos_relative_heading,0.9028374552726746,0.26517602801322937,0.0,0.01759765625,0.74091796875,0.578916015625
clip_020,privilege_gru / clip0.20,13,ego_speed,0.49729853868484497,0.15108346939086914,0.0,0.0,0.0,0.0
clip_020,privilege_gru / clip0.20,13,ego_yaw_rate,-0.014054609462618828,0.17480838298797607,0.000439453125,6.8359375e-05,9.765625e-05,6.8359375e-05
clip_020,privilege_gru / clip0.20,13,relative_yaw_rate,0.0035392730496823788,0.16327762603759766,7.8125e-05,0.000107421875,0.000185546875,0.0001171875
clip_020,privilege_gru / clip0.20,13,obb_longitudinal_clearance,0.63170325756073,0.27478402853012085,0.06099609375,0.0,0.014306640625,0.0
clip_020,privilege_gru / clip0.20,13,obb_lateral_clearance,0.4994345009326935,0.29264387488365173,0.106533203125,0.0,0.026884765625,0.0
clip_020,privilege_gru / clip0.20,13,wall_clearance,0.7697039246559143,0.054119665175676346,0.0004296875,0.0,0.0,0.0
clip_020,privilege_gru / clip0.20,13,ego_steering_angle,-0.0158524289727211,0.20086465775966644,0.0013671875,2.9296875e-05,0.00013671875,0.000126953125
clip_020,privilege_gru / clip0.20,13,ego_slip_angle,0.002520224079489708,0.08419539779424667,0.0,0.0,0.0,0.0
clip_020,privilege_gru / clip0.20,13,left_body_margin,0.8822977542877197,0.19397975504398346,0.0,0.45119140625,0.570302734375,0.475498046875
clip_020,privilege_gru / clip0.20,13,right_body_margin,0.9003267884254456,0.17456309497356415,0.0,0.54880859375,0.648388671875,0.571728515625
clip_020,privilege_gru / clip0.20,13,sin_track_heading_error,-0.00017189030768349767,0.33598312735557556,0.0,0.0,0.0,0.0
clip_020,privilege_gru / clip0.20,13,cos_track_heading_error,0.9393695592880249,0.06933347880840302,0.0,0.001689453125,0.598203125,0.284052734375
clip_020,privilege_gru / clip0.20,13,current_curvature,-0.01597486063838005,0.37942445278167725,0.050302734375,0.017744140625,0.01962890625,0.018046875
clip_020,privilege_gru / clip0.20,13,lookahead_mean_curvature,-0.021423382684588432,0.3828323185443878,0.0534375,0.016181640625,0.017890625,0.0165234375
clip_020,privilege_gru / clip0.20,14,delta_s,-0.10877599567174911,0.3218569755554199,0.0,0.02384765625,0.026904296875,0.02443359375
clip_020,privilege_gru / clip0.20,14,relative_lateral,-0.029636161401867867,0.3855699896812439,0.02177734375,0.017666015625,0.019345703125,0.0179296875
clip_020,privilege_gru / clip0.20,14,relative_long_velocity,-0.09393300116062164,0.14669741690158844,0.0,0.0,0.0,0.0
clip_020,privilege_gru / clip0.20,14,relative_lat_velocity,-0.0009662194643169641,0.2643897533416748,0.000224609375,0.0,0.0,0.0
clip_020,privilege_gru / clip0.20,14,sin_relative_heading,-0.003195866709575057,0.3486567735671997,3.90625e-05,9.765625e-06,0.008251953125,0.003740234375
clip_020,privilege_gru / clip0.20,14,cos_relative_heading,0.9124906659126282,0.21447961032390594,0.0,0.017197265625,0.711591796875,0.540849609375
clip_020,privilege_gru / clip0.20,14,ego_speed,0.49250590801239014,0.15415653586387634,0.0,0.0,0.0,0.0
clip_020,privilege_gru / clip0.20,14,ego_yaw_rate,-0.019826963543891907,0.17962241172790527,0.00037109375,0.00025390625,0.000283203125,0.000263671875
clip_020,privilege_gru / clip0.20,14,relative_yaw_rate,0.004338318016380072,0.1732911914587021,9.765625e-05,0.000244140625,0.00037109375,0.0002734375
clip_020,privilege_gru / clip0.20,14,obb_longitudinal_clearance,0.6434837579727173,0.2637292444705963,0.0512890625,0.0,0.008994140625,0.0
clip_020,privilege_gru / clip0.20,14,obb_lateral_clearance,0.4771207571029663,0.298818439245224,0.12193359375,0.0,0.0111328125,0.0
clip_020,privilege_gru / clip0.20,14,wall_clearance,0.7710660696029663,0.04849383234977722,0.000205078125,0.0,0.0,0.0
clip_020,privilege_gru / clip0.20,14,ego_steering_angle,-0.024127505719661713,0.21335579454898834,0.0027734375,9.765625e-05,0.00029296875,0.000166015625
clip_020,privilege_gru / clip0.20,14,ego_slip_angle,0.0033364894334226847,0.08650949597358704,0.0,0.0,0.0,0.0
clip_020,privilege_gru / clip0.20,14,left_body_margin,0.8915724158287048,0.1883721500635147,0.0,0.472734375,0.6008203125,0.49775390625
clip_020,privilege_gru / clip0.20,14,right_body_margin,0.8980385065078735,0.16688722372055054,0.0,0.527265625,0.626025390625,0.550849609375
clip_020,privilege_gru / clip0.20,14,sin_track_heading_error,0.0023216961417347193,0.3328040838241577,0.0,0.0,0.0,0.0
clip_020,privilege_gru / clip0.20,14,cos_track_heading_error,0.9404597282409668,0.06959032267332077,0.0,0.001689453125,0.60609375,0.297978515625
clip_020,privilege_gru / clip0.20,14,current_curvature,-0.030895955860614777,0.3968087434768677,0.0522265625,0.015791015625,0.01791015625,0.016171875
clip_020,privilege_gru / clip0.20,14,lookahead_mean_curvature,-0.03664383292198181,0.40220776200294495,0.0571875,0.01625,0.01806640625,0.01666015625
clip_020,privilege_gru / clip0.20,15,delta_s,-0.06439685076475143,0.36717987060546875,0.0,0.04966796875,0.053876953125,0.050498046875
clip_020,privilege_gru / clip0.20,15,relative_lateral,-0.010851550847291946,0.40683433413505554,0.03310546875,0.031171875,0.032490234375,0.0314453125
clip_020,privilege_gru / clip0.20,15,relative_long_velocity,-0.11238832771778107,0.17331166565418243,0.0,0.0,0.0,0.0
clip_020,privilege_gru / clip0.20,15,relative_lat_velocity,0.005366392899304628,0.2710411250591278,0.000224609375,0.00015625,0.000244140625,0.000185546875
clip_020,privilege_gru / clip0.20,15,sin_relative_heading,0.00492988433688879,0.3645135164260864,3.90625e-05,3.90625e-05,0.012109375,0.0048828125
clip_020,privilege_gru / clip0.20,15,cos_relative_heading,0.8920788764953613,0.2673978805541992,9.765625e-06,0.01626953125,0.69701171875,0.52693359375
clip_020,privilege_gru / clip0.20,15,ego_speed,0.5050396919250488,0.1523224264383316,0.0,0.0,0.0,0.0
clip_020,privilege_gru / clip0.20,15,ego_yaw_rate,-0.009444176219403744,0.17919813096523285,0.000146484375,0.000185546875,0.0003125,0.0001953125
clip_020,privilege_gru / clip0.20,15,relative_yaw_rate,0.002407258842140436,0.17252372205257416,8.7890625e-05,0.0001171875,0.000458984375,0.000166015625
clip_020,privilege_gru / clip0.20,15,obb_longitudinal_clearance,0.637159526348114,0.27277493476867676,0.052666015625,0.0,0.025556640625,0.0
clip_020,privilege_gru / clip0.20,15,obb_lateral_clearance,0.48465412855148315,0.3023059368133545,0.122333984375,0.0,0.02828125,0.0
clip_020,privilege_gru / clip0.20,15,wall_clearance,0.7734783291816711,0.039971303194761276,2.9296875e-05,0.0,0.0,0.0
clip_020,privilege_gru / clip0.20,15,ego_steering_angle,-0.012122946791350842,0.20682448148727417,0.001630859375,0.0,0.00015625,0.000126953125
clip_020,privilege_gru / clip0.20,15,ego_slip_angle,-0.0005421072710305452,0.09059490263462067,0.0,0.0,0.0,0.0
clip_020,privilege_gru / clip0.20,15,left_body_margin,0.9018110632896423,0.16374225914478302,0.0,0.499130859375,0.616044921875,0.523955078125
clip_020,privilege_gru / clip0.20,15,right_body_margin,0.8945343494415283,0.16855764389038086,0.0,0.500869140625,0.60939453125,0.5255859375
clip_020,privilege_gru / clip0.20,15,sin_track_heading_error,0.003576240735128522,0.3301048278808594,0.0,0.0,0.0,0.0
clip_020,privilege_gru / clip0.20,15,cos_track_heading_error,0.9414478540420532,0.06898810714483261,0.0,0.001923828125,0.611708984375,0.311884765625
clip_020,privilege_gru / clip0.20,15,current_curvature,-0.007485418114811182,0.3964889645576477,0.042978515625,0.02224609375,0.025146484375,0.022705078125
clip_020,privilege_gru / clip0.20,15,lookahead_mean_curvature,-0.012602719478309155,0.39979660511016846,0.047587890625,0.02091796875,0.02314453125,0.02138671875
clip_020,privilege_gru / clip0.20,16,delta_s,-0.051482025533914566,0.39454561471939087,0.0,0.05998046875,0.064638671875,0.0609375
clip_020,privilege_gru / clip0.20,16,relative_lateral,-0.005159734282642603,0.4049736261367798,0.03044921875,0.031455078125,0.03376953125,0.03189453125
clip_020,privilege_gru / clip0.20,16,relative_long_velocity,-0.11548564583063126,0.16183598339557648,0.000263671875,0.0,0.0,0.0
clip_020,privilege_gru / clip0.20,16,relative_lat_velocity,8.399948274018243e-05,0.2502824068069458,0.000576171875,0.0,0.00037109375,0.0
clip_020,privilege_gru / clip0.20,16,sin_relative_heading,0.001116100698709488,0.3424363136291504,2.9296875e-05,2.9296875e-05,0.0079296875,0.002548828125
clip_020,privilege_gru / clip0.20,16,cos_relative_heading,0.9117262959480286,0.22746318578720093,0.0,0.016923828125,0.722626953125,0.582939453125
clip_020,privilege_gru / clip0.20,16,ego_speed,0.5074650645256042,0.161443293094635,0.0,0.0,0.0,0.0
clip_020,privilege_gru / clip0.20,16,ego_yaw_rate,-0.01826482079923153,0.16830843687057495,0.00033203125,0.0,0.0,0.0
clip_020,privilege_gru / clip0.20,16,relative_yaw_rate,-0.0011165556497871876,0.1597808599472046,3.90625e-05,4.8828125e-05,0.0001953125,4.8828125e-05
clip_020,privilege_gru / clip0.20,16,obb_longitudinal_clearance,0.6575422883033752,0.2725848853588104,0.0584765625,0.0,0.033115234375,0.0
clip_020,privilege_gru / clip0.20,16,obb_lateral_clearance,0.4898586571216583,0.29497799277305603,0.105859375,0.0,0.0276953125,0.0
clip_020,privilege_gru / clip0.20,16,wall_clearance,0.7735733985900879,0.04720909893512726,0.000126953125,0.0,0.0,0.0
clip_020,privilege_gru / clip0.20,16,ego_steering_angle,-0.020943202078342438,0.1988178789615631,0.001357421875,0.0,9.765625e-06,9.765625e-06
clip_020,privilege_gru / clip0.20,16,ego_slip_angle,0.004034237004816532,0.08108948171138763,0.0,0.0,0.0,0.0
clip_020,privilege_gru / clip0.20,16,left_body_margin,0.8912078142166138,0.18408946692943573,0.0,0.478046875,0.592373046875,0.5029296875
clip_020,privilege_gru / clip0.20,16,right_body_margin,0.8978900909423828,0.17036710679531097,0.0,0.521962890625,0.626455078125,0.545595703125
clip_020,privilege_gru / clip0.20,16,sin_track_heading_error,0.0025851642712950706,0.33048680424690247,0.0,0.0,0.0,0.0
clip_020,privilege_gru / clip0.20,16,cos_track_heading_error,0.9412708282470703,0.06964842975139618,0.0,0.001591796875,0.621240234375,0.302216796875
clip_020,privilege_gru / clip0.20,16,current_curvature,-0.02533084899187088,0.3811185657978058,0.050810546875,0.0160546875,0.018046875,0.016357421875
clip_020,privilege_gru / clip0.20,16,lookahead_mean_curvature,-0.030541788786649704,0.3838047385215759,0.054189453125,0.014375,0.016044921875,0.0146875
clip_020,privilege_gru / clip0.20,17,delta_s,-0.008339605294167995,0.41864266991615295,0.0,0.07439453125,0.0799609375,0.075390625
clip_020,privilege_gru / clip0.20,17,relative_lateral,-0.01782515086233616,0.42830780148506165,0.04470703125,0.032529296875,0.03423828125,0.032880859375
clip_020,privilege_gru / clip0.20,17,relative_long_velocity,-0.13652735948562622,0.18422538042068481,0.000205078125,0.0,0.0,0.0
clip_020,privilege_gru / clip0.20,17,relative_lat_velocity,0.017508167773485184,0.2540093958377838,0.0,0.0,0.0,0.0
clip_020,privilege_gru / clip0.20,17,sin_relative_heading,0.027343006804585457,0.36654824018478394,4.8828125e-05,3.90625e-05,0.015283203125,0.004853515625
clip_020,privilege_gru / clip0.20,17,cos_relative_heading,0.8827773332595825,0.29292789101600647,9.765625e-06,0.0167578125,0.70326171875,0.555166015625
clip_020,privilege_gru / clip0.20,17,ego_speed,0.5200890898704529,0.1582901030778885,0.0,0.0,0.0,0.0
clip_020,privilege_gru / clip0.20,17,ego_yaw_rate,-0.020324936136603355,0.17753100395202637,0.000244140625,6.8359375e-05,8.7890625e-05,7.8125e-05
clip_020,privilege_gru / clip0.20,17,relative_yaw_rate,0.003830782137811184,0.16898022592067719,2.9296875e-05,0.000380859375,0.00068359375,0.000419921875
clip_020,privilege_gru / clip0.20,17,obb_longitudinal_clearance,0.6585870385169983,0.2771638333797455,0.06240234375,0.0,0.038154296875,0.0
clip_020,privilege_gru / clip0.20,17,obb_lateral_clearance,0.5158839225769043,0.2961302697658539,0.10791015625,0.0,0.038984375,0.0
clip_020,privilege_gru / clip0.20,17,wall_clearance,0.7724949717521667,0.04552629590034485,0.0,0.0,0.0,0.0
clip_020,privilege_gru / clip0.20,17,ego_steering_angle,-0.02340114116668701,0.20600640773773193,0.00185546875,0.000146484375,0.000244140625,0.000224609375
clip_020,privilege_gru / clip0.20,17,ego_slip_angle,0.004599291831254959,0.0868833065032959,0.0,0.0,0.0,0.0
clip_020,privilege_gru / clip0.20,17,left_body_margin,0.8948879837989807,0.17426365613937378,0.0,0.47515625,0.595,0.498857421875
clip_020,privilege_gru / clip0.20,17,right_body_margin,0.8913514018058777,0.17712369561195374,0.0,0.52484375,0.617177734375,0.546796875
clip_020,privilege_gru / clip0.20,17,sin_track_heading_error,0.006695997901260853,0.33101686835289,0.0,0.0,0.0,0.0
clip_020,privilege_gru / clip0.20,17,cos_track_heading_error,0.9411711692810059,0.06825143098831177,0.0,0.001611328125,0.60873046875,0.29458984375
clip_020,privilege_gru / clip0.20,17,current_curvature,-0.027279801666736603,0.3743261992931366,0.052099609375,0.013994140625,0.015693359375,0.01427734375
clip_020,privilege_gru / clip0.20,17,lookahead_mean_curvature,-0.03202053904533386,0.378375768661499,0.055751953125,0.013837890625,0.01521484375,0.014140625
clip_020,privilege_gru / clip0.20,18,delta_s,0.023521730676293373,0.41468414664268494,0.0,0.07939453125,0.08548828125,0.080654296875
clip_020,privilege_gru / clip0.20,18,relative_lateral,-0.04221361503005028,0.4395999610424042,0.0517578125,0.039921875,0.04087890625,0.040166015625
clip_020,privilege_gru / clip0.20,18,relative_long_velocity,-0.14718861877918243,0.1949191391468048,0.001650390625,0.0,0.0,0.0
clip_020,privilege_gru / clip0.20,18,relative_lat_velocity,0.011356269009411335,0.24722708761692047,9.765625e-05,0.0,0.0,0.0
clip_020,privilege_gru / clip0.20,18,sin_relative_heading,0.02249336987733841,0.37347906827926636,1.953125e-05,5.859375e-05,0.015751953125,0.00556640625
clip_020,privilege_gru / clip0.20,18,cos_relative_heading,0.8626425266265869,0.3406165540218353,9.765625e-06,0.017724609375,0.694013671875,0.547890625
clip_020,privilege_gru / clip0.20,18,ego_speed,0.5077248215675354,0.1599278599023819,0.0,0.0,0.0,0.0
clip_020,privilege_gru / clip0.20,18,ego_yaw_rate,-0.02208375185728073,0.18014325201511383,0.0003515625,0.0,2.9296875e-05,0.0
clip_020,privilege_gru / clip0.20,18,relative_yaw_rate,0.004632624797523022,0.174605593085289,0.000146484375,0.0004296875,0.000712890625,0.000498046875
clip_020,privilege_gru / clip0.20,18,obb_longitudinal_clearance,0.6374087929725647,0.28098049759864807,0.057841796875,0.0,0.035244140625,0.0
clip_020,privilege_gru / clip0.20,18,obb_lateral_clearance,0.5151149034500122,0.2997283339500427,0.0976953125,0.0,0.047080078125,0.0
clip_020,privilege_gru / clip0.20,18,wall_clearance,0.7746901512145996,0.04060948267579079,4.8828125e-05,0.0,0.0,0.0
clip_020,privilege_gru / clip0.20,18,ego_steering_angle,-0.02923372946679592,0.21101416647434235,0.00220703125,0.0,0.0,0.0
clip_020,privilege_gru / clip0.20,18,ego_slip_angle,0.00212158914655447,0.0887773334980011,0.0,0.0,0.0,0.0
clip_020,privilege_gru / clip0.20,18,left_body_margin,0.9084203243255615,0.15925399959087372,0.0,0.511328125,0.630859375,0.536650390625
clip_020,privilege_gru / clip0.20,18,right_body_margin,0.8956806063652039,0.1653592735528946,0.0,0.488701171875,0.603876953125,0.514443359375
clip_020,privilege_gru / clip0.20,18,sin_track_heading_error,0.005784276872873306,0.32911062240600586,0.0,0.0,0.0,0.0
clip_020,privilege_gru / clip0.20,18,cos_track_heading_error,0.9418550133705139,0.0678970068693161,0.0,0.001474609375,0.609296875,0.298720703125
clip_020,privilege_gru / clip0.20,18,current_curvature,-0.03966861218214035,0.3886704444885254,0.05740234375,0.01689453125,0.0188671875,0.0172265625
clip_020,privilege_gru / clip0.20,18,lookahead_mean_curvature,-0.04579244181513786,0.39257755875587463,0.061806640625,0.015390625,0.017099609375,0.015771484375
clip_020,privilege_gru / clip0.20,19,delta_s,-0.015210929326713085,0.40943124890327454,0.0,0.07453125,0.080517578125,0.075732421875
clip_020,privilege_gru / clip0.20,19,relative_lateral,-0.002614340279251337,0.4210272431373596,0.032373046875,0.04306640625,0.04466796875,0.04328125
clip_020,privilege_gru / clip0.20,19,relative_long_velocity,-0.12925854325294495,0.1859653741121292,0.000224609375,0.0,0.0,0.0
clip_020,privilege_gru / clip0.20,19,relative_lat_velocity,0.010308490134775639,0.2502937912940979,0.0,0.000439453125,0.000576171875,0.000458984375
clip_020,privilege_gru / clip0.20,19,sin_relative_heading,0.02178995870053768,0.35517460107803345,6.8359375e-05,5.859375e-05,0.015322265625,0.00625
clip_020,privilege_gru / clip0.20,19,cos_relative_heading,0.8879371881484985,0.2918434739112854,9.765625e-06,0.017724609375,0.722490234375,0.570302734375
clip_020,privilege_gru / clip0.20,19,ego_speed,0.5091538429260254,0.1593768149614334,0.0,0.0,0.0,0.0
clip_020,privilege_gru / clip0.20,19,ego_yaw_rate,-0.011882007122039795,0.17588961124420166,0.00044921875,9.765625e-05,0.000205078125,0.000126953125
clip_020,privilege_gru / clip0.20,19,relative_yaw_rate,0.0007631019689142704,0.16614370048046112,0.0,0.00015625,0.0003125,0.000166015625
clip_020,privilege_gru / clip0.20,19,obb_longitudinal_clearance,0.6479549407958984,0.27653998136520386,0.052265625,0.0,0.034609375,0.0
clip_020,privilege_gru / clip0.20,19,obb_lateral_clearance,0.5044642686843872,0.29616180062294006,0.10435546875,0.0,0.038173828125,0.0
clip_020,privilege_gru / clip0.20,19,wall_clearance,0.7729873061180115,0.04127143695950508,3.90625e-05,0.0,0.0,0.0
clip_020,privilege_gru / clip0.20,19,ego_steering_angle,-0.01360633596777916,0.20261773467063904,0.00142578125,4.8828125e-05,0.00029296875,0.0002734375
clip_020,privilege_gru / clip0.20,19,ego_slip_angle,0.0014466802822425961,0.0885925441980362,0.0,0.0,0.0,0.0
clip_020,privilege_gru / clip0.20,19,left_body_margin,0.910094678401947,0.1590619683265686,0.0,0.527666015625,0.645205078125,0.5531640625
clip_020,privilege_gru / clip0.20,19,right_body_margin,0.8828139305114746,0.18293215334415436,0.0,0.47234375,0.586552734375,0.49728515625
clip_020,privilege_gru / clip0.20,19,sin_track_heading_error,0.01376739889383316,0.3279319703578949,0.0,0.0,0.0,0.0
clip_020,privilege_gru / clip0.20,19,cos_track_heading_error,0.9421128630638123,0.06889975070953369,0.0,0.0016015625,0.6233203125,0.30119140625
clip_020,privilege_gru / clip0.20,19,current_curvature,-0.008022226393222809,0.38217106461524963,0.04474609375,0.0207421875,0.023271484375,0.02109375
clip_020,privilege_gru / clip0.20,19,lookahead_mean_curvature,-0.012239427305758,0.38330861926078796,0.0471484375,0.018974609375,0.021064453125,0.019423828125
clip_020,privilege_gru / clip0.20,20,delta_s,-0.05255740508437157,0.3738461136817932,0.0,0.04826171875,0.052978515625,0.049189453125
clip_020,privilege_gru / clip0.20,20,relative_lateral,-0.03138033673167229,0.41758212447166443,0.036865234375,0.02958984375,0.0305859375,0.029755859375
clip_020,privilege_gru / clip0.20,20,relative_long_velocity,-0.11681850254535675,0.1769586056470871,0.0,0.0,0.0,0.0
clip_020,privilege_gru / clip0.20,20,relative_lat_velocity,0.012292877770960331,0.2519104480743408,0.0,0.0,0.0,0.0
clip_020,privilege_gru / clip0.20,20,sin_relative_heading,0.024384066462516785,0.35399240255355835,8.7890625e-05,2.9296875e-05,0.0140625,0.004794921875
clip_020,privilege_gru / clip0.20,20,cos_relative_heading,0.8874534368515015,0.294536828994751,0.0,0.0193359375,0.713486328125,0.570205078125
clip_020,privilege_gru / clip0.20,20,ego_speed,0.5081109404563904,0.15305276215076447,0.0,0.0,0.0,0.0
clip_020,privilege_gru / clip0.20,20,ego_yaw_rate,-0.01737493835389614,0.17837980389595032,0.000244140625,0.00029296875,0.0004296875,0.000302734375
clip_020,privilege_gru / clip0.20,20,relative_yaw_rate,0.0030819904059171677,0.17065681517124176,0.000126953125,5.859375e-05,0.000390625,0.000107421875
clip_020,privilege_gru / clip0.20,20,obb_longitudinal_clearance,0.6387248039245605,0.28050732612609863,0.055107421875,0.0,0.0221484375,0.0
clip_020,privilege_gru / clip0.20,20,obb_lateral_clearance,0.5096169710159302,0.2969188690185547,0.107607421875,0.0,0.0315625,0.0
clip_020,privilege_gru / clip0.20,20,wall_clearance,0.7727189064025879,0.045989833772182465,0.00021484375,0.0,0.0,0.0
clip_020,privilege_gru / clip0.20,20,ego_steering_angle,-0.02043015882372856,0.2062525749206543,0.002060546875,9.765625e-05,0.000302734375,0.000283203125
clip_020,privilege_gru / clip0.20,20,ego_slip_angle,0.0029609196353703737,0.08648446947336197,0.0,0.0,0.0,0.0
clip_020,privilege_gru / clip0.20,20,left_body_margin,0.8926857113838196,0.18289847671985626,0.0,0.49767578125,0.608330078125,0.52041015625
clip_020,privilege_gru / clip0.20,20,right_body_margin,0.8923945426940918,0.17035892605781555,0.0,0.50232421875,0.608388671875,0.52583984375
clip_020,privilege_gru / clip0.20,20,sin_track_heading_error,0.00833610724657774,0.33052897453308105,0.0,0.0,0.0,0.0
clip_020,privilege_gru / clip0.20,20,cos_track_heading_error,0.9412351846694946,0.06958689540624619,0.0,0.001923828125,0.6158203125,0.305380859375
clip_020,privilege_gru / clip0.20,20,current_curvature,-0.026095544919371605,0.38398808240890503,0.051923828125,0.0193359375,0.0215234375,0.01974609375
clip_020,privilege_gru / clip0.20,20,lookahead_mean_curvature,-0.03163724020123482,0.3876763880252838,0.055673828125,0.0182421875,0.02025390625,0.018623046875
