phase,update,critic_variant,rollout_policy_update,checkpoint_update,num_timesteps,total_collected_timesteps,formal_training_timesteps,policy_gradient_loss,value_loss,critic_epoch_value_losses,value_loss_pre_update,value_loss_post_update,explained_variance_pre_update,explained_variance_post_update,collision_value_loss_pre,collision_value_loss_post,ordinary_value_loss_pre,ordinary_value_loss_post,collision_explained_variance_pre,collision_explained_variance_post,ordinary_explained_variance_pre,ordinary_explained_variance_post,value_prediction_post_mean,value_prediction_post_std,return_mean,return_std,approx_kl_mean,approx_kl_max,clip_fraction_mean,clip_fraction_max,actor_grad_norm_mean,actor_grad_norm_max,critic_grad_norm_mean,critic_grad_norm_max,rollout_wall_seconds,actor_train_wall_seconds,critic_train_wall_seconds,ego_collision_count,overtake_count,follow_count,mean_ego_collision_time,episode_count,mean_episode_steps,mean_episode_return,mean_relative_position_m,mean_episode_min_obb_clearance_m,mean_episode_min_wall_clearance_m,mean_episode_risk_active_fraction,mean_episode_abs_reward_risk,mean_episode_reward_progress,mean_episode_reward_relative,mean_episode_reward_collision,mean_episode_reward_risk,collision_role_episode_count,mean_collision_episode_return,mean_collision_relative_position_m,ordinary_role_episode_count,mean_ordinary_episode_return,mean_ordinary_relative_position_m,actor_checkpoint,critic_checkpoint,run,run_label,rollout_collision_rate,rollout_overtake_rate,privileged_feature_min,privileged_feature_max,privileged_feature_mean,privileged_feature_std,privileged_feature_saturation_low,privileged_feature_saturation_high,privileged_feature_fraction_ge_0_95,privileged_feature_fraction_ge_0_99
formal,1,independent_gru,0,1,204800,204800,102400,0.023108548669842993,0.16435656268149615,"[0.18893792293965816, 0.16477007418870926, 0.17084629461169243, 0.16445439215749502, 0.13277412950992584]",0.17685006146952506,0.14246022316854798,0.2660172175209756,0.6103389777938593,0.30237035937638257,0.16150566191023089,0.051329763562667656,0.12341478442686514,0.2578059336206252,0.6087494124673547,-0.20533907823301933,0.06525581660939472,-0.16837903379941394,0.33310408478726633,0.056803376409461634,0.4852515183808156,0.4068368784862105,3.495802640914917,0.36235839035362005,0.6110156178474426,149.9240264892578,275.40484619140625,2.298550555855036,5.333445072174072,85.06020818300021,17.61821307900027,51.0710506559999,54,66,39,3.556666666666632,159,649.0943396226415,-0.23055848805200252,3.503862829655375,0.3090019532907204,0.43090997908191037,0.08736558703054961,0.04760752061569831,0.3284134787783901,0.12027644987074954,-0.6792452830188679,-3.133682274248001e-06,94,-0.7836086370903732,1.7935366908688255,65,0.5692371120957951,5.977257553439001,/home/haowei/Documents/End2Race/post-trained/ppo_independent_gru_0721_base/checkpoints/actor_u0001.pth,/home/haowei/Documents/End2Race/post-trained/ppo_independent_gru_0721_base/checkpoints/critic_u0001.pt,independent_gru,independent_gru,0.33962264150943394,0.41509433962264153,,,,,,,,
formal,2,independent_gru,1,2,307200,307200,204800,0.0020038439027121047,0.11999006420373917,"[0.14812357258051634, 0.14253415074199438, 0.11462717223912477, 0.09333237074315548, 0.10133305471390486]",0.12005493959174007,0.13633601878320095,0.3841832163336063,0.630513706551772,0.19474648036597267,0.1983272088684741,0.045363398817507526,0.0743448286979278,0.31943688196053666,0.5930662401681788,0.06323858348036637,0.26117116020207976,0.08052018872696863,0.361223179410611,-0.17353874271417,0.44079133317794295,0.04731385777151445,0.6871441006660461,0.09679687209427357,0.23921874165534973,37.06407889723778,96.22772979736328,1.3530735865235328,3.3006927967071533,85.58449860399924,17.489660950000143,50.454592521999984,48,53,52,3.6460416666666298,153,663.40522875817,-0.18984185642930915,2.827967961772089,0.4158048464422634,0.4449670351578674,0.10140390358058654,0.04983580220033547,0.33055434126970573,0.1066305942426854,-0.6274509803921569,0.0004241884504565423,89,-0.674090811107269,2.102697391635767,64,0.48356684616972867,3.836547348367913,/home/haowei/Documents/End2Race/post-trained/ppo_independent_gru_0721_base/checkpoints/actor_u0002.pth,/home/haowei/Documents/End2Race/post-trained/ppo_independent_gru_0721_base/checkpoints/critic_u0002.pt,independent_gru,independent_gru,0.3137254901960784,0.3464052287581699,,,,,,,,
formal,3,independent_gru,2,3,409600,409600,307200,0.003011005495645813,0.1079965341836214,"[0.13841833174228668, 0.12254256941378117, 0.10123851522803307, 0.09914391115307808, 0.07863934338092804]",0.1280544684521082,0.07029419954740306,0.5148629088388923,0.7458447022563388,0.1968664323797883,0.09905730013783812,0.05924250452442806,0.04153109895696801,0.46465586623830324,0.7343707574518535,0.38922526832834536,0.5506796555080808,0.16751232612532874,0.4643647145228917,0.11082732305970466,0.5137480813617697,0.08025706030020956,0.6269772052764893,0.1091796844266355,0.25679686665534973,43.83842870593071,96.50789642333984,1.2714525915682315,3.4481468200683594,84.20009220700013,17.294602752000173,50.094219364999844,47,67,36,3.9070212765957026,150,671.7533333333333,-0.14701349778213538,4.144740238033328,0.3313240224527259,0.43194744198234153,0.09863077814500533,0.0488167551378383,0.34667464557879574,0.13262472693116384,-0.6266666666666667,0.00035379637457168766,85,-0.6196282303667768,2.5135698911572235,65,0.4710211525208572,6.277809153179002,/home/haowei/Documents/End2Race/post-trained/ppo_independent_gru_0721_base/checkpoints/actor_u0003.pth,/home/haowei/Documents/End2Race/post-trained/ppo_independent_gru_0721_base/checkpoints/critic_u0003.pt,independent_gru,independent_gru,0.31333333333333335,0.44666666666666666,,,,,,,,
formal,4,independent_gru,3,4,512000,512000,409600,0.0019135642050427393,0.10512629328295589,"[0.13965282775461674, 0.11710848566144705, 0.10758000239729881, 0.08675694605335593, 0.0745332045480609]",0.12864753063538648,0.06404048897369355,0.6454827008818931,0.8251095473404539,0.1923454111512511,0.09419924386319833,0.0649496501195219,0.03388173408418877,0.6120971290224047,0.8008626397857366,0.44828976166197065,0.7099800512893799,0.12719935147359934,0.5580370430316616,0.0932853253871167,0.5996652440305437,0.08813240552990464,0.7781549096107483,0.06917968524430762,0.14164061844348907,44.76815742254257,92.31417846679688,1.3086430747061968,3.186844825744629,85.54079592899961,17.494581431999904,50.49542484799986,51,58,43,4.170784313725443,152,671.5197368421053,-0.21001125740279428,3.5354378476339225,0.31835674319645985,0.4746431236754085,0.09615809411080183,0.04829630147361669,0.3396035795034111,0.12142287311168329,-0.6710526315789473,1.4921561058728761e-05,86,-0.6902335598801999,2.1932361934572264,66,0.4157329549162495,5.2843672758035565,/home/haowei/Documents/End2Race/post-trained/ppo_independent_gru_0721_base/checkpoints/actor_u0004.pth,/home/haowei/Documents/End2Race/post-trained/ppo_independent_gru_0721_base/checkpoints/critic_u0004.pt,independent_gru,independent_gru,0.3355263157894737,0.3815789473684211,,,,,,,,
formal,5,independent_gru,4,5,614400,614400,512000,0.0023774416248125707,0.11912420019507408,"[0.12154943402856588, 0.10775212151929736, 0.10798290092498064, 0.09867765149101615, 0.15965889301151037]",0.11193561037205267,0.06559870652628126,0.678508106140887,0.8152309772744148,0.1897033528645741,0.09952336257827717,0.03416786787953123,0.031674050474285335,0.5932315016135244,0.7813620350543223,0.5698660747014306,0.6825073990882389,0.09047205208195465,0.49361928686634815,0.1277910264724727,0.5894856380712644,0.032859141761582576,0.3657929599285126,0.09383300541958306,0.16953124105930328,37.94502167403698,91.8788070678711,2.002114852517843,5.502567768096924,87.17513359900022,17.497542858999623,50.503572544000235,40,59,53,3.337749999999969,152,677.3092105263158,-0.06753534412806578,3.2257960503344267,0.40469292567112297,0.42005333105962034,0.07983424152513717,0.03832031545895792,0.3442645261333106,0.11489265028965708,-0.5263157894736842,-0.0003767310773492857,88,-0.5250278186834346,2.514460679828952,64,0.5615168083855664,4.203882184779454,/home/haowei/Documents/End2Race/post-trained/ppo_independent_gru_0721_base/checkpoints/actor_u0005.pth,/home/haowei/Documents/End2Race/post-trained/ppo_independent_gru_0721_base/checkpoints/critic_u0005.pt,independent_gru,independent_gru,0.2631578947368421,0.3881578947368421,,,,,,,,
formal,6,independent_gru,5,6,716800,716800,614400,0.0021170060855365547,0.11972401207312941,"[0.12896084412932396, 0.14761767257004976, 0.1145031051710248, 0.10933417035266757, 0.09820426814258099]",0.11407698547152932,0.06889235005081049,0.724229359089029,0.8403855549452048,0.18287837660995407,0.10622790563699264,0.045275594333104546,0.031556794464628335,0.6667919344400939,0.81026900265505,0.6597125306917002,0.7533063933800545,0.046055689877080114,0.5656208465664486,-0.012916194283182563,0.640179069773162,0.0434197126358049,0.6191878914833069,0.09585937211522833,0.26445311307907104,44.31203952431679,132.19654846191406,2.0636071637272835,3.6160194873809814,84.74216408699976,17.865002295000522,51.66871674599952,63,52,48,3.333015873015841,163,619.6196319018405,-0.3747222229476146,2.34535166280359,0.3414462566211117,0.46987776895407185,0.09868979476945028,0.047966202892260085,0.3024961118625844,0.09649502789065746,-0.7730061349693251,-0.0007072277315313065,98,-0.9114531215864661,0.7887160277645953,65,0.43450282423096154,4.692279235631614,/home/haowei/Documents/End2Race/post-trained/ppo_independent_gru_0721_base/checkpoints/actor_u0006.pth,/home/haowei/Documents/End2Race/post-trained/ppo_independent_gru_0721_base/checkpoints/critic_u0006.pt,independent_gru,independent_gru,0.38650306748466257,0.31901840490797545,,,,,,,,
formal,7,independent_gru,6,7,819200,819200,716800,0.004686943260566956,0.09648737655952573,"[0.1300403317436576, 0.11144768260419369, 0.09281578380614519, 0.07553078141063452, 0.07260230323299766]",0.11720940346307034,0.06031390928805771,0.6947622432117164,0.8442887771239559,0.19530026527064628,0.09679403749295348,0.0391185416554944,0.023833781083161948,0.591780589167666,0.8054933096561427,0.6954032211476072,0.796482102307354,0.13179967949728053,0.5719803197250435,0.10757717975613104,0.619335603167005,0.006597105458204168,0.011895780451595783,0.1333349570631981,0.27828124165534973,68.92954704165459,134.83445739746094,0.9078088410198688,1.9209707975387573,84.41130749500007,17.32628909199957,50.17604857399965,45,57,48,3.990888888888843,150,679.7266666666667,-0.14676040891545947,3.0637964414996777,0.40758382524082304,0.4479146017107646,0.08389091134005258,0.04511131998455564,0.3453680989287328,0.1075696678601151,-0.6,0.0003018242956926434,85,-0.6323829054901292,2.3950140862856792,65,0.4882843942975702,3.9383579829333684,/home/haowei/Documents/End2Race/post-trained/ppo_independent_gru_0721_base/checkpoints/actor_u0007.pth,/home/haowei/Documents/End2Race/post-trained/ppo_independent_gru_0721_base/checkpoints/critic_u0007.pt,independent_gru,independent_gru,0.3,0.38,,,,,,,,
formal,8,independent_gru,7,8,921600,921600,819200,0.0011826700485104702,0.09267736310139299,"[0.1282601347193122, 0.11217872984707355, 0.07844685949385166, 0.08086205273866653, 0.06363903870806098]",0.10149681771389119,0.04878364105244622,0.7511859701816601,0.8829839251639915,0.16295988283390364,0.07190562541069759,0.040033752593878764,0.025661656694194828,0.7076772232402653,0.8762846861042873,0.6570641538906297,0.7725757175128543,0.19698173136072683,0.5809029329762503,0.1641964830481345,0.6385226983915573,0.11836307872086763,0.9183151721954346,0.04995117080397904,0.20960937440395355,32.28532588481903,93.36549377441406,1.3637978974729776,3.328535795211792,86.95941677799965,17.473242863999985,50.30484944,42,61,48,3.900238095238053,151,685.9668874172186,-0.09148552515959377,3.315241227546598,0.36894704269784384,0.44185255508320087,0.0891219840584801,0.04475014759273093,0.346840245734177,0.11797878322061207,-0.5562913907284768,-1.3163385906095407e-05,87,-0.5581108417485394,2.204055213658622,64,0.5428332645785041,4.825759715175566,/home/haowei/Documents/End2Race/post-trained/ppo_independent_gru_0721_base/checkpoints/actor_u0008.pth,/home/haowei/Documents/End2Race/post-trained/ppo_independent_gru_0721_base/checkpoints/critic_u0008.pt,independent_gru,independent_gru,0.2781456953642384,0.40397350993377484,,,,,,,,
formal,9,independent_gru,8,9,1024000,1024000,921600,0.0011793662414367745,0.11555320713669062,"[0.13089637365192175, 0.11836204119026661, 0.12962412647902966, 0.11311309598386288, 0.08577039837837219]",0.11467738116828198,0.07429201913750702,0.7252555819535097,0.8403971871669814,0.19739396870504564,0.12327072681906177,0.03196079363151839,0.025313311455952267,0.6274601121972936,0.795742057991095,0.7408694191801586,0.7919223573452423,0.23115184870157235,0.5653809908849775,0.14238823127253228,0.6450693503638674,0.02964607409900054,0.4105597138404846,0.056855468079447746,0.1763281226158142,34.2260981798172,119.37480163574219,1.4460649617016315,3.4764392375946045,85.07038188999923,17.352071368999532,50.2152792199995,44,54,50,4.319772727272677,148,690.5878378378378,-0.1316589486964042,3.0815714802317884,0.363255916259367,0.42806644886503137,0.08725578682593468,0.047375614311982985,0.35057675577415753,0.11217976271207424,-0.5945945945945946,0.00017912741195859504,83,-0.662321268934377,1.6681588161781196,65,0.5459560140690072,4.886390728177242,/home/haowei/Documents/End2Race/post-trained/ppo_independent_gru_0721_base/checkpoints/actor_u0009.pth,/home/haowei/Documents/End2Race/post-trained/ppo_independent_gru_0721_base/checkpoints/critic_u0009.pt,independent_gru,independent_gru,0.2972972972972973,0.36486486486486486,,,,,,,,
formal,10,independent_gru,9,10,1126400,1126400,1024000,0.0019266801045887405,0.14214332923293113,"[0.14386250264942646, 0.13235054910182953, 0.15290127974003553, 0.16468046233057976, 0.1169218523427844]",0.1330171704095143,0.0803204369808594,0.6769452002757058,0.8125155526754014,0.21484743230020897,0.12985616068321065,0.05118690851881962,0.03078471327850818,0.603284890401061,0.7815652537176654,0.5552933405899592,0.7223187068411312,0.3116783692272304,0.5193707413391061,0.25518904210531446,0.6413976037002785,0.04831887224136153,0.7131489515304565,0.0836328094592318,0.20742186903953552,53.16861754655838,96.93775939941406,1.7608823224902153,4.17881965637207,87.48696040899995,17.407397150999714,50.33167880200017,46,67,36,4.373260869565167,149,688.0335570469799,-0.12373869452365911,4.122454589540295,0.3564641033549753,0.4198844977531121,0.08668105127763574,0.04854202417653383,0.3596977202873634,0.13382568058684183,-0.6174496644295302,0.00018756903166588062,84,-0.6250945625454213,2.185919223141969,65,0.5241673503044645,6.625054139962747,/home/haowei/Documents/End2Race/post-trained/ppo_independent_gru_0721_base/checkpoints/actor_u0010.pth,/home/haowei/Documents/End2Race/post-trained/ppo_independent_gru_0721_base/checkpoints/critic_u0010.pt,independent_gru,independent_gru,0.3087248322147651,0.44966442953020136,,,,,,,,
formal,11,independent_gru,10,11,1228800,1228800,1126400,0.0018776906764106371,0.10714650312438607,"[0.14928873907774687, 0.11241732072085142, 0.08633172232657671, 0.08858976792544127, 0.0991049655713141]",0.12757614684143692,0.10803768617283817,0.7104957567679522,0.8531593490131251,0.22262174875384041,0.16726575397919427,0.032530544929033456,0.04880961836648205,0.6421362788980671,0.8302666000988514,0.6595641677341902,0.7372826947190023,0.3961688631418332,0.5942675149323761,0.1851696082699118,0.6576909112180942,0.03548459444238688,0.4705418646335602,0.06709960871376097,0.21742187440395355,52.56375448405743,150.05023193359375,1.1730002593249083,2.967526912689209,88.2287660789998,17.65325585499977,50.90979270600019,50,55,49,3.7893999999999606,154,663.2922077922078,-0.21879870758396652,2.5400815248867263,0.40921699833059066,0.4349577975715456,0.08429595246502637,0.04281262835250406,0.3288545860163957,0.10194837594684711,-0.6493506493506493,-0.000251020196559922,90,-0.7149519118608391,1.8224844868856118,64,0.4789167359303854,3.549202359575794,/home/haowei/Documents/End2Race/post-trained/ppo_independent_gru_0721_base/checkpoints/actor_u0011.pth,/home/haowei/Documents/End2Race/post-trained/ppo_independent_gru_0721_base/checkpoints/critic_u0011.pt,independent_gru,independent_gru,0.3246753246753247,0.35714285714285715,,,,,,,,
formal,12,independent_gru,11,12,1331200,1331200,1228800,0.003930650983384076,0.08961016656830907,"[0.12629885599017143, 0.0999846700578928, 0.08214474329724908, 0.07093597389757633, 0.0686865895986557]",0.1312400151424822,0.056984329491278164,0.7233556262219625,0.8952253017254107,0.21429080523831354,0.0757193280599581,0.04818922504665088,0.038249330922598246,0.677944550840772,0.8873445226446615,0.7093562967826081,0.8359461469374809,0.2919607088215605,0.6547467533377747,0.3889763603384313,0.6738276569512047,0.007211164594627915,0.02045404352247715,0.12189941116957925,0.2890625,30.996447905898094,106.82354736328125,1.0983805119991303,2.1796154975891113,85.29375108000022,17.491761303001113,50.75031873700027,46,53,54,3.7173913043477858,153,671.2418300653595,-0.14981681161888286,3.1717578233361485,0.39109651534084533,0.4310360707396388,0.09570811092001057,0.04361734394463064,0.33659034245778063,0.11462824958693277,-0.6013071895424836,0.00027178587888738716,87,-0.6171261657503935,2.175793167533432,66,0.46618188246356307,4.484620324167003,/home/haowei/Documents/End2Race/post-trained/ppo_independent_gru_0721_base/checkpoints/actor_u0012.pth,/home/haowei/Documents/End2Race/post-trained/ppo_independent_gru_0721_base/checkpoints/critic_u0012.pt,independent_gru,independent_gru,0.3006535947712418,0.3464052287581699,,,,,,,,
formal,13,independent_gru,12,13,1433600,1433600,1331200,0.004586856970926867,0.10535427667200566,"[0.1279506953433156, 0.10163434222340584, 0.08808890078216791, 0.09059514943510294, 0.11850229557603598]",0.12354689181590235,0.070042566437037,0.733311098444302,0.8743796618622148,0.1787464739099183,0.07565927379944837,0.0683473097218864,0.06442585907462563,0.6312220607303158,0.852865404741917,0.6753196742333087,0.8013960607763777,0.10578596736924283,0.6074755553313586,0.21515086064281605,0.6799709798747455,0.007056740153930149,0.017518682405352592,0.16223632404580712,0.3868750035762787,83.46900308132172,188.07073974609375,1.2206089302897454,4.033867359161377,86.33485519299938,17.22377578599844,49.8581476269992,41,52,52,4.455609756097509,145,699.7793103448275,-0.11438537077727474,2.7112160491795247,0.3710449713434689,0.4270669939792704,0.07765076370277604,0.042738001665523655,0.34668295705468094,0.1043502304418653,-0.5655172413793104,9.868310548941008e-05,78,-0.44921738534877764,2.183163651128102,67,0.2754190640970123,3.325963617060285,/home/haowei/Documents/End2Race/post-trained/ppo_independent_gru_0721_base/checkpoints/actor_u0013.pth,/home/haowei/Documents/End2Race/post-trained/ppo_independent_gru_0721_base/checkpoints/critic_u0013.pt,independent_gru,independent_gru,0.2827586206896552,0.3586206896551724,,,,,,,,
formal,14,independent_gru,13,14,1536000,1536000,1433600,0.000819345064610455,0.08402817882597446,"[0.10470381332561374, 0.08712044451385736, 0.08121781330555677, 0.08570384699851274, 0.0613949759863317]",0.09869346967141145,0.043527452333384745,0.7656047204495953,0.8961280211271618,0.14631810644825283,0.06376244398718214,0.051068832894570086,0.023292460679587342,0.7183522543536294,0.880742736110669,0.7185139575286932,0.8640044297893938,0.06450771976630279,0.5741520495167962,0.04944885005996525,0.6456515076844789,0.14491861678019632,0.9170182347297668,0.046552733139833435,0.09187499433755875,29.342372238636017,85.95323181152344,1.1065561056137085,2.758612871170044,86.57622193200041,17.370286036000834,50.12855777700133,38,54,56,3.934999999999956,148,695.6283783783783,-0.07916155077024752,2.1284792519358215,0.4312773137529194,0.4254566134508516,0.08192233951173358,0.03678776858653317,0.344343710466789,0.09031069333374041,-0.5135135135135135,-0.0003024410572633765,82,-0.5072213177517969,1.558349863408842,66,0.45267028093410183,2.83682182556025,/home/haowei/Documents/End2Race/post-trained/ppo_independent_gru_0721_base/checkpoints/actor_u0014.pth,/home/haowei/Documents/End2Race/post-trained/ppo_independent_gru_0721_base/checkpoints/critic_u0014.pt,independent_gru,independent_gru,0.25675675675675674,0.36486486486486486,,,,,,,,
formal,15,independent_gru,14,15,1638400,1638400,1536000,0.0015357970690814682,0.07878619236871601,"[0.11669602431356907, 0.09035711456090212, 0.06936920806765556, 0.061922031454741955, 0.0555865834467113]",0.09682320048939654,0.046368389880837704,0.7708509233530667,0.8897054315285117,0.15213132912782393,0.06325982733209531,0.041515071850969115,0.029476952429580056,0.7401811402080191,0.893552978044108,0.761758838886217,0.8218655753285236,0.15943270056269454,0.5850475482685736,0.1539980288915848,0.6481799346400297,0.0062732507281179975,0.027623562142252922,0.04965331868152134,0.10460937023162842,31.72489959001541,83.43883514404297,0.8161025978624821,1.885803461074829,86.88852419599971,17.288617879999947,50.031096087999686,41,59,48,4.040487804878004,148,690.3108108108108,-0.0908575309874275,3.136566737077647,0.3944674794203914,0.4243940527908985,0.09396146059875041,0.04200514045832751,0.3492328540427301,0.11356868952582037,-0.5540540540540541,0.00039497949807606433,84,-0.49066111775443405,2.831447910122896,64,0.43388467664426866,3.537035197455759,/home/haowei/Documents/End2Race/post-trained/ppo_independent_gru_0721_base/checkpoints/actor_u0015.pth,/home/haowei/Documents/End2Race/post-trained/ppo_independent_gru_0721_base/checkpoints/critic_u0015.pt,independent_gru,independent_gru,0.27702702702702703,0.39864864864864863,,,,,,,,
formal,16,independent_gru,15,16,1740800,1740800,1638400,0.0006843488070899517,0.07015273799188435,"[0.10579100623726845, 0.07999425008893013, 0.06700277072377503, 0.053250727243721485, 0.04472493566572666]",0.08936985534847913,0.036491618973134125,0.7622132316939259,0.9018412669734011,0.13591886883420556,0.05561217015748198,0.04282084186275272,0.017371067788786266,0.7475108132920051,0.8961731936540573,0.7098136398254382,0.8801557555463959,0.16706575234097726,0.5561042300388702,0.19424216775434672,0.6035206652052313,0.043135991399285555,0.650275468826294,0.05187011614907533,0.13789062201976776,19.54625403881073,63.69105529785156,0.8952736832201481,2.1605889797210693,85.33338281400029,17.450736290998975,50.33520134399987,36,63,51,3.272499999999968,150,686.54,-0.004738140411600368,3.9205589950301007,0.43533755104139876,0.41657319492073336,0.09455933459040547,0.043397693927352245,0.34678846101585387,0.12814281124547977,-0.48,0.00033058732706590227,84,-0.37868039660443464,3.269310277868132,66,0.47118836747018866,4.749420998690789,/home/haowei/Documents/End2Race/post-trained/ppo_independent_gru_0721_base/checkpoints/actor_u0016.pth,/home/haowei/Documents/End2Race/post-trained/ppo_independent_gru_0721_base/checkpoints/critic_u0016.pt,independent_gru,independent_gru,0.24,0.42,,,,,,,,
formal,17,independent_gru,16,17,1843200,1843200,1740800,0.002477857903795677,0.05240735365077853,"[0.08014247985556722, 0.06063969200477004, 0.04929582495242357, 0.03962812526151538, 0.03233064617961645]",0.07838944956521218,0.025490954268213337,0.779698281748544,0.927584315164081,0.11174269206316756,0.031164615735382317,0.04503620706725682,0.019817292801044363,0.7660439933742139,0.9351778995805119,0.6465865433230977,0.8407438676745695,0.2178173067357375,0.5339100326610906,0.22874319579470012,0.5919123875117591,0.006014995301375163,0.023517748340964317,0.10589355218689889,0.2535937428474426,36.67152765393257,78.25143432617188,0.5334815554320812,1.448513388633728,86.23511525399954,17.128791704000832,49.423733806999735,29,66,48,4.3186206896551225,143,725.3426573426574,0.09698374308387037,3.9661143433891337,0.366823860892818,0.42571177713032093,0.08050863518703241,0.0373255904342106,0.37330017630181167,0.12911215636905907,-0.40559440559440557,0.00016581600740514076,77,-0.2694785631076591,2.620803689754943,66,0.5245231003073215,5.535643439295691,/home/haowei/Documents/End2Race/post-trained/ppo_independent_gru_0721_base/checkpoints/actor_u0017.pth,/home/haowei/Documents/End2Race/post-trained/ppo_independent_gru_0721_base/checkpoints/critic_u0017.pt,independent_gru,independent_gru,0.20279720279720279,0.46153846153846156,,,,,,,,
formal,18,independent_gru,17,18,1945600,1945600,1843200,0.001556939859001405,0.07620570994913578,"[0.11104450561106205, 0.10606135986745358, 0.06362838018685579, 0.054242830257862806, 0.04605147382244468]",0.10197559351178578,0.039671622790044526,0.7781772729579329,0.919536444926186,0.15411369700221558,0.05578757899982951,0.04983749002135595,0.023555666580259524,0.7446076821276363,0.9097886589105868,0.7309267844644483,0.885111423224262,0.18702633926973136,0.6579790083972745,0.13352015225195146,0.6763565413727014,0.0044241253715881605,0.01206396333873272,0.0558691390324384,0.09648437052965164,35.99504733085632,81.7979507446289,0.9031672090291977,2.667269706726074,86.1714974459992,17.405319114999656,50.283832346000054,48,69,33,4.07979166666662,150,674.5533333333333,-0.15889121508296167,4.8457165158020645,0.30195866488096146,0.44306453531019485,0.1072805500637314,0.04732892944306675,0.33377448749790095,0.14750944641680333,-0.64,-0.0001751489976658896,84,-0.5853221241288674,3.968750293079085,66,0.3838390327936455,5.96185534472222,/home/haowei/Documents/End2Race/post-trained/ppo_independent_gru_0721_base/checkpoints/actor_u0018.pth,/home/haowei/Documents/End2Race/post-trained/ppo_independent_gru_0721_base/checkpoints/critic_u0018.pt,independent_gru,independent_gru,0.32,0.46,,,,,,,,
formal,19,independent_gru,18,19,2048000,2048000,1945600,0.004584124699468006,0.07671459019184113,"[0.1061071667354554, 0.0936090094037354, 0.07511761505156755, 0.056217608507722616, 0.052521551260724664]",0.1032139551462627,0.04257556398478481,0.7490985231982267,0.8967035985401414,0.15539966167446922,0.0567648897392753,0.05102824861805618,0.028386238230294333,0.6936581046606036,0.888739235348944,0.7350172692205015,0.86696440645755,0.16433942575880053,0.5823809044809211,0.17595455460775838,0.6409858337294798,0.007280070901324508,0.013672339729964733,0.16843261430040002,0.3306249976158142,98.1062040925026,183.1508331298828,0.767741684615612,2.058262825012207,83.70953935299985,17.219969800999024,49.95036560399967,38,59,49,4.1968421052631095,146,701.013698630137,-0.042387530906278684,3.3988137877296856,0.38910054114864656,0.44114324044213943,0.0811174489901569,0.04372267813954792,0.35896458253632285,0.11961974776223676,-0.5205479452054794,-0.00042391599935879024,78,-0.4343889625571586,2.182910343210284,68,0.4072611701050248,4.793526562325471,/home/haowei/Documents/End2Race/post-trained/ppo_independent_gru_0721_base/checkpoints/actor_u0019.pth,/home/haowei/Documents/End2Race/post-trained/ppo_independent_gru_0721_base/checkpoints/critic_u0019.pt,independent_gru,independent_gru,0.2602739726027397,0.4041095890410959,,,,,,,,
formal,20,independent_gru,19,20,2150400,2150400,2048000,0.0004771971532910868,0.07830453077331186,"[0.10448388941586018, 0.08509462745860219, 0.08268262213096023, 0.06111486302688718, 0.058146651834249496]",0.09660269648568379,0.05014458771682413,0.788640189426412,0.9074039817653526,0.15772539974100463,0.0765040359813262,0.035479993230362904,0.02378513945232208,0.7453175944658763,0.8909515731541202,0.7864663713309742,0.8821581500273489,0.26903001163817064,0.6294387949845448,0.1798311003744493,0.6749926493361642,0.02972025167255197,0.39666256308555603,0.03978027243283577,0.07929687201976776,23.27131362259388,55.1379280090332,0.9006608687341213,2.4648690223693848,85.84925649899924,17.491104624999934,50.40911508199861,45,55,51,3.8237777777777384,151,675.5430463576159,-0.1498604457639884,3.0003561616444716,0.43382942038283717,0.4221440412392575,0.07662244907160555,0.04112257818852018,0.33954361222294,0.10619148015450813,-0.5960264900662252,0.000430951924788536,87,-0.5953737131032301,2.12828564899204,64,0.4557591520252934,4.1858270147813705,/home/haowei/Documents/End2Race/post-trained/ppo_independent_gru_0721_base/checkpoints/actor_u0020.pth,/home/haowei/Documents/End2Race/post-trained/ppo_independent_gru_0721_base/checkpoints/critic_u0020.pt,independent_gru,independent_gru,0.2980132450331126,0.36423841059602646,,,,,,,,
formal,1,priviledge_mlp,0,1,204800,204800,102400,0.022954452503181955,0.14218209385871888,"[0.14836124796420336, 0.14424559380859137, 0.14064754359424114, 0.14080524630844593, 0.13685083761811256]",0.15080878891927868,0.13832522922568619,0.23452821213852837,0.30666758594647836,0.26994614576337983,0.21756747488640016,0.03167143207517752,0.05908298356497222,0.22025379303111603,0.29233283511088914,-0.1548894477857008,-0.4981700952221986,-0.08453194690310738,0.21940092775837408,-0.026158941755742262,0.44112727163584986,0.19317712300806306,2.662461757659912,0.36630858667194843,0.5797656178474426,147.61260396242142,262.6734313964844,0.2531983029097319,0.6297975182533264,74.40636509400065,17.403024900000673,0.8026506710011745,54,66,39,3.556666666666632,159,649.0943396226415,-0.23055848805200252,3.503862829655375,0.3090019532907204,0.43090997908191037,0.08736558703054961,0.04760752061569831,0.3284134787783901,0.12027644987074954,-0.6792452830188679,-3.133682274248001e-06,94,-0.7836086370903732,1.7935366908688255,65,0.5692371120957951,5.977257553439001,/home/haowei/Documents/End2Race/post-trained/ppo_privilege_mlp_0721_base/checkpoints/actor_u0001.pth,/home/haowei/Documents/End2Race/post-trained/ppo_privilege_mlp_0721_base/checkpoints/critic_u0001.pt,privilege_mlp,privilege_mlp,0.33962264150943394,0.41509433962264153,"[-0.7974785566329956, -1.0, -1.0, -0.9765022993087769, -0.9999999403953552, -0.9999996423721313, 0.0, -1.0, -1.0, 0.0, 0.0, 0.0, -1.0, -0.5856860876083374, -0.6494864821434021, -0.69828861951828, -0.9236561059951782, 0.3832223117351532, -1.0, -1.0]","[1.0, 1.0, 0.28984126448631287, 0.942678689956665, 0.9999998807907104, 1.0, 0.7654470801353455, 1.0, 1.0, 0.9768145084381104, 0.988070547580719, 0.8148320317268372, 1.0, 0.5401376485824585, 1.0, 1.0, 0.8903282880783081, 1.0, 1.0, 1.0]","[-0.03858690708875656, -0.011733190156519413, -0.1257549226284027, 0.015296664088964462, 0.01985001564025879, 0.8845710754394531, 0.5024722814559937, -0.01501957792788744, 0.003104428295046091, 0.6390272974967957, 0.516420304775238, 0.7681918144226074, -0.018090801313519478, 0.002247783588245511, 0.9063897728919983, 0.8758354187011719, 0.017795654013752937, 0.9404789805412292, -0.014011365361511707, -0.019495807588100433]","[0.3831804692745209, 0.43202710151672363, 0.1815650314092636, 0.2464214414358139, 0.3481878340244293, 0.31002676486968994, 0.15550093352794647, 0.18244846165180206, 0.17121689021587372, 0.27460232377052307, 0.29515355825424194, 0.05248052999377251, 0.20928266644477844, 0.08951404690742493, 0.17899273335933685, 0.18756459653377533, 0.33275288343429565, 0.06720450520515442, 0.39347463846206665, 0.3980698585510254]","[0.0, 0.042119140625, 3.90625e-05, 0.0, 1.953125e-05, 9.765625e-06, 0.0, 0.00080078125, 0.000107421875, 0.0567578125, 0.099853515625, 3.90625e-05, 0.00216796875, 0.0, 0.0, 0.0, 0.0, 0.0, 0.049921875, 0.05484375]","[0.05279296875, 0.03470703125, 0.0, 0.0, 9.765625e-06, 0.01578125, 0.0, 0.000185546875, 0.0005078125, 0.0, 0.0, 0.0, 0.000107421875, 0.0, 0.531328125, 0.468681640625, 0.0, 0.00166015625, 0.02037109375, 0.01916015625]","[0.0578125, 0.037197265625, 0.0, 0.0, 0.0091796875, 0.71490234375, 0.0, 0.0002734375, 0.00078125, 0.0205859375, 0.036357421875, 0.0, 0.00013671875, 0.0, 0.648369140625, 0.5808984375, 0.0, 0.59552734375, 0.02294921875, 0.021279296875]","[0.05373046875, 0.0351953125, 0.0, 0.0, 0.002314453125, 0.55138671875, 0.0, 0.000205078125, 0.00052734375, 0.0, 0.0, 0.0, 0.000126953125, 0.0, 0.556201171875, 0.4928125, 0.0, 0.275830078125, 0.020859375, 0.019638671875]"
formal,2,priviledge_mlp,1,2,307200,307200,204800,0.0017315581883303732,0.12553411945700646,"[0.13020141143351793, 0.12576143443584442, 0.12499131634831429, 0.12392789404839277, 0.12278854101896286]",0.1279095662867989,0.12186459113010206,0.3416606081308916,0.3744156412319448,0.21217072768080528,0.19627377600473447,0.04364840489279251,0.04745540625546968,0.32183779779637844,0.36040746508645005,0.11665990247491709,0.05382083908479607,-0.09765886210489043,0.25213023824607195,-0.07956039775708178,0.4407693435638075,0.004362897249520756,0.009444089606404305,0.07133300579153001,0.13507811725139618,36.44007655978203,71.65874481201172,0.2301916044205427,0.4799044132232666,76.30749305099926,17.064720162999947,0.7960202300000674,50,53,49,3.917199999999958,152,665.6973684210526,-0.21728592693206852,2.920536592356998,0.42142507339774804,0.44185322882811673,0.09322524173370496,0.04699441687976271,0.3316036433922279,0.10851799315191037,-0.6578947368421053,0.00048717336589845545,88,-0.7290146306137305,2.185808910943721,64,0.48634104063021666,3.930787154300254,/home/haowei/Documents/End2Race/post-trained/ppo_privilege_mlp_0721_base/checkpoints/actor_u0002.pth,/home/haowei/Documents/End2Race/post-trained/ppo_privilege_mlp_0721_base/checkpoints/critic_u0002.pt,privilege_mlp,privilege_mlp,0.32894736842105265,0.34868421052631576,"[-0.6783738732337952, -1.0, -1.0, -0.9630885720252991, -1.0, -0.8930338025093079, 0.0, -1.0, -1.0, 0.0, 0.0, 0.0, -1.0, -0.6466773152351379, -0.6087291240692139, -0.3412032425403595, -0.9005635976791382, 0.4154629409313202, -1.0, -1.0]","[1.0, 1.0, 0.2636142075061798, 1.0, 1.0, 1.0, 0.7592051029205322, 1.0, 1.0, 0.9750532507896423, 0.9860604405403137, 0.8178258538246155, 1.0, 0.5257584452629089, 1.0, 1.0, 0.9096100926399231, 1.0, 1.0, 1.0]","[-0.056372612714767456, 0.005644242744892836, -0.11082994192838669, 0.005762385670095682, 0.008758162148296833, 0.901563823223114, 0.49646419286727905, -0.009691198356449604, 0.004068752285093069, 0.6524896025657654, 0.4627746343612671, 0.7700198292732239, -0.012575077824294567, -0.0010899513727054, 0.9110260605812073, 0.8745222687721252, 0.021774601191282272, 0.9399027824401855, -0.004801297560334206, -0.010975662618875504]","[0.3726273775100708, 0.39171797037124634, 0.17159540951251984, 0.2464786022901535, 0.34796610474586487, 0.2573873698711395, 0.1583859771490097, 0.1791771799325943, 0.16685159504413605, 0.2584923207759857, 0.30249181389808655, 0.049084194004535675, 0.2086464911699295, 0.08663549274206161, 0.17652542889118195, 0.19316595792770386, 0.33357498049736023, 0.07019703835248947, 0.38692277669906616, 0.3924790620803833]","[0.0, 0.02947265625, 0.001396484375, 0.0, 2.9296875e-05, 0.0, 0.0, 0.000283203125, 4.8828125e-05, 0.044453125, 0.114921875, 1.953125e-05, 0.002294921875, 0.0, 0.0, 0.0, 0.0, 0.0, 0.048583984375, 0.05365234375]","[0.05193359375, 0.028525390625, 0.0, 0.000166015625, 9.765625e-06, 0.01876953125, 0.0, 0.0002734375, 2.9296875e-05, 0.0, 0.0, 0.0, 0.000107421875, 0.0, 0.54267578125, 0.45732421875, 0.0, 0.00138671875, 0.024482421875, 0.02345703125]","[0.0562109375, 0.029912109375, 0.0, 0.00025390625, 0.012607421875, 0.725537109375, 0.0, 0.00037109375, 0.000166015625, 0.025830078125, 0.0274609375, 0.0, 0.0002734375, 0.0, 0.671689453125, 0.57998046875, 0.0, 0.604462890625, 0.027255859375, 0.025927734375]","[0.052763671875, 0.028779296875, 0.0, 0.000185546875, 0.003720703125, 0.584189453125, 0.0, 0.000302734375, 4.8828125e-05, 0.0, 0.0, 0.0, 0.000263671875, 0.0, 0.5710546875, 0.484482421875, 0.0, 0.299482421875, 0.025, 0.0239453125]"
formal,3,priviledge_mlp,2,3,409600,409600,307200,0.0033564576926439216,0.14417108111083507,"[0.15025040227919817, 0.14641335885971785, 0.14334466587752104, 0.14133594278246164, 0.13951103575527668]",0.14801271063427276,0.13702991976057766,0.4335351179633157,0.4757848545343627,0.2292137519888748,0.20616065640202286,0.06681166927967074,0.06789918311913247,0.395429661758092,0.4470028823254375,0.4287966834548109,0.3419156183493477,-0.08324402821036529,0.33257325353086786,-0.09264913671509589,0.5111080257718227,0.04013600588878034,0.5602995753288269,0.09687011421192437,0.2862499952316284,57.89008393883705,194.70794677734375,0.29896771963685753,0.7579099535942078,74.68448743399858,17.236957589000667,0.8041356720004842,60,62,33,4.397333333333281,155,660.5419354838709,-0.3071631466819088,3.978245475533244,0.30875311809337214,0.42468712195810393,0.09779325539794488,0.0509908280396127,0.33714183852305196,0.12932216440651378,-0.7741935483870968,0.0005663987756222416,89,-0.892458123274046,2.0969294847399245,66,0.4820982611468822,6.515171584330297,/home/haowei/Documents/End2Race/post-trained/ppo_privilege_mlp_0721_base/checkpoints/actor_u0003.pth,/home/haowei/Documents/End2Race/post-trained/ppo_privilege_mlp_0721_base/checkpoints/critic_u0003.pt,privilege_mlp,privilege_mlp,0.3870967741935484,0.4,"[-0.663343071937561, -1.0, -1.0, -0.9989739060401917, -0.9999999403953552, -0.9999999403953552, 0.0, -1.0, -1.0, 0.0, 0.0, 0.0, -1.0, -0.5768278241157532, -0.6033815145492554, -0.6850090026855469, -0.90973961353302, 0.40367022156715393, -1.0, -1.0]","[1.0, 1.0, 0.33235740661621094, 0.8919385671615601, 0.9999998807907104, 1.0, 0.7698386311531067, 1.0, 1.0, 0.9742418527603149, 0.9893642067909241, 0.8192481398582458, 1.0, 0.5056954622268677, 1.0, 1.0, 0.9149045348167419, 1.0, 1.0, 1.0]","[-0.009693551808595657, 0.007206307724118233, -0.13495899736881256, 0.02269531972706318, 0.024564720690250397, 0.8900737166404724, 0.5121212601661682, -0.018095677718520164, 0.002706386148929596, 0.6445073485374451, 0.5072605013847351, 0.7694040536880493, -0.022899175062775612, 0.001292103435844183, 0.9057881832122803, 0.8672305941581726, 0.020375097170472145, 0.9394853711128235, -0.027860362082719803, -0.03276781737804413]","[0.40700459480285645, 0.41863030195236206, 0.18072280287742615, 0.2550794780254364, 0.3592098355293274, 0.2799569070339203, 0.16058921813964844, 0.18270382285118103, 0.17307302355766296, 0.2796917259693146, 0.2954826056957245, 0.051309484988451004, 0.209564208984375, 0.09214664995670319, 0.18081794679164886, 0.1948823630809784, 0.3352113664150238, 0.06829460710287094, 0.3879488706588745, 0.39312463998794556]","[0.0, 0.037646484375, 0.00142578125, 0.0, 8.7890625e-05, 9.765625e-06, 0.0, 0.000546875, 1.953125e-05, 0.058115234375, 0.106123046875, 7.8125e-05, 0.002275390625, 0.0, 0.0, 0.0, 0.0, 0.0, 0.05369140625, 0.058408203125]","[0.06787109375, 0.031806640625, 0.0, 0.0, 3.90625e-05, 0.014287109375, 0.0, 9.765625e-05, 6.8359375e-05, 0.0, 0.0, 0.0, 2.9296875e-05, 0.0, 0.541142578125, 0.4588671875, 0.0, 0.00173828125, 0.016806640625, 0.016455078125]","[0.074267578125, 0.033076171875, 0.0, 0.0, 0.01125, 0.69669921875, 0.0, 0.00013671875, 0.0003125, 0.030732421875, 0.04064453125, 0.0, 0.00013671875, 0.0, 0.6562890625, 0.559921875, 0.0, 0.59466796875, 0.018759765625, 0.0182421875]","[0.068984375, 0.032041015625, 0.0, 0.0, 0.0050390625, 0.54212890625, 0.0, 9.765625e-05, 8.7890625e-05, 0.0, 0.0, 0.0, 0.000126953125, 0.0, 0.564052734375, 0.481962890625, 0.0, 0.281474609375, 0.0171484375, 0.016884765625]"
formal,4,priviledge_mlp,3,4,512000,512000,409600,0.008008947729831573,0.15263449307531118,"[0.1581836175173521, 0.15575824212282896, 0.15215011313557625, 0.14881832990795374, 0.14826216269284487]",0.1588212462863096,0.14497628597657133,0.48254172298192854,0.5279254990976591,0.24699569035944002,0.22272249265623992,0.0706468022131792,0.06723007929690275,0.4699254374127708,0.5143071362073516,0.4588713602239368,0.40764171023720086,-0.10266442828722575,0.3702849686281935,-0.11505141042810237,0.5538769238737086,0.06076597183331614,0.8206790089607239,0.19382812199182808,0.341796875,107.91388323903084,216.98602294921875,0.2772655222564936,0.723071813583374,75.78789356400011,17.480740604998573,0.8158906949993252,67,57,35,4.212238805970101,159,640.3899371069182,-0.39141194286613007,3.71855539723494,0.27747261981019217,0.4728317016525426,0.08981694779706068,0.051568309341088976,0.3270786883435831,0.12401375426911411,-0.8427672955974843,0.00026291011865699253,95,-1.0349611675733688,2.234095867579804,64,0.5638564375586772,5.922050011566783,/home/haowei/Documents/End2Race/post-trained/ppo_privilege_mlp_0721_base/checkpoints/actor_u0004.pth,/home/haowei/Documents/End2Race/post-trained/ppo_privilege_mlp_0721_base/checkpoints/critic_u0004.pt,privilege_mlp,privilege_mlp,0.42138364779874216,0.3584905660377358,"[-0.7442840933799744, -1.0, -1.0, -1.0, -1.0, -0.928226888179779, 0.0, -1.0, -1.0, 0.0, 0.0, 0.39615970849990845, -1.0, -0.6492097973823547, -0.2872264087200165, -0.20898683369159698, -0.9143958687782288, 0.40482115745544434, -1.0, -1.0]","[1.0, 1.0, 0.2733592689037323, 0.923407793045044, 1.0, 1.0, 0.7859007716178894, 1.0, 1.0, 0.9742652177810669, 0.9893943071365356, 0.820763349533081, 0.9930770993232727, 0.4588339328765869, 1.0, 1.0, 0.9076342582702637, 1.0, 1.0, 1.0]","[-0.04838863015174866, -0.05414162203669548, -0.1238207221031189, 0.00894210021942854, 0.01854734495282173, 0.891438364982605, 0.5082099437713623, -0.014647597447037697, 0.0037886113859713078, 0.6483303904533386, 0.5032139420509338, 0.773515522480011, -0.0178969819098711, 0.0014297429006546736, 0.9139226675033569, 0.8810549378395081, 0.01547865942120552, 0.941047728061676, -0.01613985374569893, -0.02306853048503399]","[0.38051798939704895, 0.41840264201164246, 0.18013624846935272, 0.25499752163887024, 0.3579191267490387, 0.2776855230331421, 0.16127319633960724, 0.17453062534332275, 0.16584447026252747, 0.2685416340827942, 0.299466073513031, 0.04113436117768288, 0.20099329948425293, 0.08825098723173141, 0.15536881983280182, 0.18222394585609436, 0.3312549889087677, 0.0672527551651001, 0.38588207960128784, 0.3893222212791443]","[0.0, 0.0405859375, 0.000654296875, 0.000390625, 8.7890625e-05, 0.0, 0.0, 0.00048828125, 1.953125e-05, 0.0498046875, 0.1086328125, 0.0, 0.00150390625, 0.0, 0.0, 0.0, 0.0, 0.0, 0.050732421875, 0.05474609375]","[0.05703125, 0.02939453125, 0.0, 0.0, 3.90625e-05, 0.017763671875, 0.0, 5.859375e-05, 0.000146484375, 0.0, 0.0, 0.0, 0.0, 0.0, 0.54072265625, 0.459287109375, 0.0, 0.001865234375, 0.015634765625, 0.01326171875]","[0.06099609375, 0.0312109375, 0.0, 0.0, 0.01142578125, 0.71537109375, 0.0, 9.765625e-05, 0.00033203125, 0.024599609375, 0.034755859375, 0.0, 9.765625e-06, 0.0, 0.65876953125, 0.57505859375, 0.0, 0.604482421875, 0.017822265625, 0.015]","[0.057822265625, 0.029697265625, 0.0, 0.0, 0.00373046875, 0.55712890625, 0.0, 5.859375e-05, 0.00015625, 0.0, 0.0, 0.0, 9.765625e-06, 0.0, 0.565634765625, 0.48326171875, 0.0, 0.277294921875, 0.015927734375, 0.013671875]"
formal,5,priviledge_mlp,4,5,614400,614400,512000,0.0007917761253830591,0.12222713772207498,"[0.12800136301666498, 0.12302267830818892, 0.12485991697758436, 0.11802077665925026, 0.11723095364868641]",0.12653482697310633,0.11581793013614866,0.5554643478954148,0.5875576836813436,0.18437226585582522,0.17789208806050755,0.06869738809038745,0.05374377221178979,0.515961600604116,0.5441131865188022,0.5709395687540393,0.6381607260579296,-0.06257181910492364,0.3856934530787618,-0.04186425669920595,0.5289332092302884,0.002378753069206138,0.005285773891955614,0.04187499883119017,0.10062500089406967,23.981689050793648,53.067562103271484,0.3276865968480706,0.9285721778869629,76.47717295999973,16.93318344200088,0.7937331480006833,44,62,44,3.8479545454545043,150,678.2066666666667,-0.12169289111872122,3.4612940351753165,0.3710618411011277,0.41407417815770514,0.08725076186336414,0.04116097587572229,0.3448096054908104,0.12018571355355602,-0.5866666666666667,-2.1543496421020495e-05,86,-0.6423790029064687,2.442223712036234,64,0.5779790715960642,4.830669781893457,/home/haowei/Documents/End2Race/post-trained/ppo_privilege_mlp_0721_base/checkpoints/actor_u0005.pth,/home/haowei/Documents/End2Race/post-trained/ppo_privilege_mlp_0721_base/checkpoints/critic_u0005.pt,privilege_mlp,privilege_mlp,0.29333333333333333,0.41333333333333333,"[-0.6887703537940979, -1.0, -1.0, -1.0, -1.0, -0.9980996251106262, 0.0, -1.0, -0.9227957129478455, 0.0, 0.0, 0.0, -1.0, -0.6503546833992004, -0.6001701354980469, -0.49727824330329895, -0.9822239279747009, 0.18771302700042725, -1.0, -1.0]","[1.0, 1.0, 0.2569822371006012, 0.9642887711524963, 0.9999999403953552, 1.0, 0.7678380012512207, 1.0, 1.0, 0.9760386347770691, 0.9893555045127869, 0.8177308440208435, 1.0, 1.0, 1.0, 1.0, 0.9094635844230652, 1.0, 1.0, 1.0]","[-0.05584624409675598, 0.058576297014951706, -0.11785485595464706, 0.006857689470052719, 0.01075116079300642, 0.9000667333602905, 0.5065689086914062, -0.018069567158818245, 0.003205162240192294, 0.638292670249939, 0.5116171836853027, 0.7676559686660767, -0.021766001358628273, 0.0018933527171611786, 0.9346550107002258, 0.8344393372535706, 0.04734605923295021, 0.9420623779296875, -0.0218566432595253, -0.02759259007871151]","[0.3757590055465698, 0.4035378396511078, 0.17052994668483734, 0.2543739378452301, 0.35266757011413574, 0.2560955882072449, 0.16001401841640472, 0.18152104318141937, 0.16779914498329163, 0.2776801288127899, 0.2917003333568573, 0.04845055192708969, 0.20863156020641327, 0.0900297611951828, 0.1514626443386078, 0.21095484495162964, 0.32476648688316345, 0.06970412284135818, 0.38747674226760864, 0.3922690749168396]","[0.0, 0.02404296875, 0.0003515625, 0.000595703125, 8.7890625e-05, 0.0, 0.0, 0.000634765625, 0.0, 0.055478515625, 0.10109375, 1.953125e-05, 0.00283203125, 0.0, 0.0, 0.0, 0.0, 0.0, 0.051943359375, 0.056025390625]","[0.05556640625, 0.02712890625, 0.0, 0.0, 2.9296875e-05, 0.017294921875, 0.0, 9.765625e-05, 5.859375e-05, 0.0, 0.0, 0.0, 3.90625e-05, 7.8125e-05, 0.635751953125, 0.364267578125, 0.0, 0.001845703125, 0.014365234375, 0.0135546875]","[0.059638671875, 0.029013671875, 0.0, 0.000263671875, 0.01138671875, 0.7109765625, 0.0, 9.765625e-05, 0.00033203125, 0.029814453125, 0.024384765625, 0.0, 8.7890625e-05, 0.0001171875, 0.748916015625, 0.47390625, 0.0, 0.61634765625, 0.01640625, 0.015166015625]","[0.0563671875, 0.02755859375, 0.0, 0.0, 0.005576171875, 0.549765625, 0.0, 9.765625e-05, 0.000107421875, 0.0, 0.0, 0.0, 6.8359375e-05, 9.765625e-05, 0.660537109375, 0.3885546875, 0.0, 0.322001953125, 0.014638671875, 0.013876953125]"
formal,6,priviledge_mlp,5,6,716800,716800,614400,0.005813909988500843,0.17118230313062668,"[0.17505896650254726, 0.17089430429041386, 0.17271523922681808, 0.16919379122555256, 0.16804921440780163]",0.17359341326499483,0.1654179139347524,0.5460059545283422,0.5709583723069842,0.2522754071569627,0.24667042411471854,0.09491141937302683,0.08416540375478627,0.5141842836998796,0.5395505367266565,0.559781289098003,0.5573766089997114,-0.026157254107984043,0.43445629464724717,-0.063110912365089,0.618360159242336,0.12512162330473076,0.6860371828079224,0.14790527056902647,0.30921873450279236,96.52845418453217,167.2115478515625,0.39163936357945206,0.7624636292457581,75.7621850509986,17.668040436999945,0.821636168000623,70,57,39,3.646999999999962,166,616.4397590361446,-0.41565697825587056,3.4824101977032504,0.32119448714992554,0.4657067256210306,0.09557274747413791,0.05225318157815785,0.3118910924836243,0.11559919392981703,-0.8433734939759037,0.00022622930659170712,99,-0.9624883617317371,2.296271383050478,67,0.3923476032980218,5.2350630730857075,/home/haowei/Documents/End2Race/post-trained/ppo_privilege_mlp_0721_base/checkpoints/actor_u0006.pth,/home/haowei/Documents/End2Race/post-trained/ppo_privilege_mlp_0721_base/checkpoints/critic_u0006.pt,privilege_mlp,privilege_mlp,0.42168674698795183,0.3433734939759036,"[-0.6809906959533691, -1.0, -1.0, -0.9274092316627502, -0.9999999403953552, -0.9998701810836792, 0.0, -1.0, -1.0, 0.0, 0.0, 0.0, -1.0, -0.8972017168998718, -0.5792989730834961, -0.6372044086456299, -0.9198017716407776, 0.13279575109481812, -1.0, -1.0]","[1.0, 1.0, 0.27822670340538025, 0.8953660726547241, 1.0, 1.0, 0.7730550169944763, 1.0, 1.0, 0.9748519659042358, 0.9885443449020386, 0.8205586671829224, 1.0, 0.5019511580467224, 1.0, 1.0, 0.9911434054374695, 1.0, 1.0, 1.0]","[-0.04837248846888542, -0.009138593450188637, -0.12489233911037445, 0.02356431446969509, 0.0356401763856411, 0.8964596390724182, 0.5037843585014343, -0.01389308087527752, 0.0018108156509697437, 0.659006655216217, 0.4858529567718506, 0.7705159783363342, -0.01572699099779129, 0.003361822571605444, 0.9367201924324036, 0.8477298021316528, 0.03758800029754639, 0.9424375295639038, -0.009362077340483665, -0.014984656125307083]","[0.39497917890548706, 0.4093952476978302, 0.17932456731796265, 0.24059545993804932, 0.34828346967697144, 0.2720097303390503, 0.1605524867773056, 0.1778835505247116, 0.1678876131772995, 0.2685064375400543, 0.29840582609176636, 0.04939163848757744, 0.20353083312511444, 0.08711512386798859, 0.13985829055309296, 0.20867633819580078, 0.3250635266304016, 0.06928136944770813, 0.3788861930370331, 0.3829419016838074]","[0.0, 0.035126953125, 0.000234375, 0.0, 7.8125e-05, 0.0, 0.0, 0.00078125, 0.0001953125, 0.0569140625, 0.109765625, 0.000439453125, 0.002265625, 0.0, 0.0, 0.0, 0.0, 0.0, 0.045859375, 0.049970703125]","[0.06767578125, 0.025908203125, 0.0, 0.0, 4.8828125e-05, 0.017431640625, 0.0, 0.0002734375, 0.000390625, 0.0, 0.0, 0.0, 0.00021484375, 0.0, 0.6196484375, 0.3803515625, 0.0, 0.001796875, 0.01923828125, 0.017919921875]","[0.07232421875, 0.027822265625, 0.0, 0.0, 0.0108984375, 0.725869140625, 0.0, 0.000322265625, 0.000703125, 0.03458984375, 0.029111328125, 0.0, 0.00029296875, 0.0, 0.736748046875, 0.505419921875, 0.00015625, 0.625126953125, 0.02162109375, 0.01990234375]","[0.068623046875, 0.02625, 0.0, 0.0, 0.004033203125, 0.55572265625, 0.0, 0.000283203125, 0.000439453125, 0.0, 0.0, 0.0, 0.0002734375, 0.0, 0.64552734375, 0.40646484375, 1.953125e-05, 0.30919921875, 0.0196875, 0.018330078125]"
formal,7,priviledge_mlp,6,7,819200,819200,716800,0.004797437022863171,0.13791963681578637,"[0.14462664350867271, 0.1390234138816595, 0.13667615968734026, 0.13550961390137672, 0.1337623530998826]",0.14568844490568006,0.13267157336066351,0.6190275561418651,0.6405361466226918,0.20789407624828793,0.2100210987204132,0.08348281356307215,0.05532204800091384,0.6078151018081384,0.6235401450793298,0.6546847549620783,0.7227685044739882,0.06481561000659894,0.4637944585215995,0.06940635125993368,0.6074727908705632,0.019285749832633883,0.12900741398334503,0.1517431598767871,0.3995312452316284,105.535495698452,214.65269470214844,0.2634608820080757,0.6748939156532288,76.17292347799957,16.95540808399892,0.7891928819990426,45,63,41,4.34022222222217,149,689.4697986577181,-0.1204870836752554,4.013171390241614,0.4031001803862648,0.4280378595827562,0.08222112409844007,0.046442068499622916,0.3528863786700587,0.13063717371854208,-0.6040268456375839,1.6209573727728236e-05,85,-0.6439647490155489,3.5489194630105847,64,0.574756690604822,4.629755981095325,/home/haowei/Documents/End2Race/post-trained/ppo_privilege_mlp_0721_base/checkpoints/actor_u0007.pth,/home/haowei/Documents/End2Race/post-trained/ppo_privilege_mlp_0721_base/checkpoints/critic_u0007.pt,privilege_mlp,privilege_mlp,0.30201342281879195,0.4228187919463087,"[-0.6751334071159363, -1.0, -1.0, -1.0, -1.0, -0.9999998807907104, 0.0, -1.0, -1.0, 0.0, 0.0, 0.0, -1.0, -0.5588166117668152, -0.44236278533935547, -0.7646821737289429, -0.9281835556030273, 0.3721226155757904, -1.0, -1.0]","[1.0, 1.0, 0.33876553177833557, 1.0, 0.9999999403953552, 1.0, 0.779667317867279, 1.0, 1.0, 0.9769894480705261, 0.9861919283866882, 0.8162247538566589, 0.9166865348815918, 0.5257482528686523, 1.0, 1.0, 0.9119206070899963, 1.0, 1.0, 1.0]","[-0.016981404274702072, -0.01390006858855486, -0.13390561938285828, 0.028802193701267242, 0.04422631859779358, 0.8775478601455688, 0.5134769678115845, -0.019956696778535843, 0.004147449508309364, 0.6471058130264282, 0.4940234124660492, 0.7671080231666565, -0.024668116122484207, 0.003123616334050894, 0.9310289025306702, 0.8307235836982727, 0.04062003642320633, 0.9426537156105042, -0.026907838881015778, -0.03210482746362686]","[0.4075395464897156, 0.4236891269683838, 0.1902320384979248, 0.2449890375137329, 0.3623324930667877, 0.3112618327140808, 0.1619616001844406, 0.18186421692371368, 0.17468705773353577, 0.2768903076648712, 0.3021344542503357, 0.050699714571237564, 0.20961202681064606, 0.09002628922462463, 0.15725736320018768, 0.2166106253862381, 0.3241437077522278, 0.06903436034917831, 0.38490375876426697, 0.3904108703136444]","[0.0, 0.04962890625, 0.00232421875, 0.000263671875, 6.8359375e-05, 1.953125e-05, 0.0, 0.000771484375, 0.000146484375, 0.057578125, 0.1164453125, 0.000126953125, 0.002333984375, 0.0, 0.0, 0.0, 0.0, 0.0, 0.054296875, 0.05888671875]","[0.06591796875, 0.02796875, 0.0, 0.00029296875, 5.859375e-05, 0.015615234375, 0.0, 9.765625e-06, 0.00033203125, 0.0, 0.0, 0.0, 0.0, 0.0, 0.63453125, 0.36546875, 0.0, 0.00173828125, 0.016416015625, 0.015927734375]","[0.07232421875, 0.0298828125, 0.0, 0.00033203125, 0.02021484375, 0.710263671875, 0.0, 1.953125e-05, 0.00064453125, 0.029296875, 0.039033203125, 0.0, 0.0, 0.0, 0.7389453125, 0.4724609375, 0.0, 0.626005859375, 0.018310546875, 0.017568359375]","[0.067236328125, 0.028544921875, 0.0, 0.00029296875, 0.007978515625, 0.552333984375, 0.0, 9.765625e-06, 0.00041015625, 0.0, 0.0, 0.0, 0.0, 0.0, 0.65728515625, 0.388212890625, 0.0, 0.313134765625, 0.01671875, 0.016279296875]"
formal,8,priviledge_mlp,7,8,921600,921600,819200,0.0011277999106493741,0.1383754251524806,"[0.14175224769860506, 0.13897665217518806, 0.1377241676673293, 0.1376653080806136, 0.13575875014066696]",0.1429216330981412,0.1345059323926085,0.6119670078353943,0.6307777855424646,0.2062101654269118,0.2030147798564611,0.07963310076937061,0.06599708492875588,0.5572628521023464,0.57648810700414,0.6738908903319346,0.6938556324045102,0.08818633795933238,0.45954240407042535,0.08624773280819341,0.6035604045880554,0.05293233086616965,0.7667542695999146,0.05355468625202775,0.15312500298023224,39.94982758164406,100.4834976196289,0.2559936100617051,0.5858306884765625,76.37243309800033,17.014447651999944,0.7977379809999547,45,63,42,4.199555555555508,150,685.9866666666667,-0.12423910057781529,3.5351127427823577,0.36905066906571077,0.4451200059204522,0.0834239583877743,0.04598934627299067,0.35290069341478586,0.12239987007920564,-0.6,0.00046033592819319123,85,-0.5843403245274259,2.514436079977381,65,0.4774317307409062,4.869843763373481,/home/haowei/Documents/End2Race/post-trained/ppo_privilege_mlp_0721_base/checkpoints/actor_u0008.pth,/home/haowei/Documents/End2Race/post-trained/ppo_privilege_mlp_0721_base/checkpoints/critic_u0008.pt,privilege_mlp,privilege_mlp,0.3,0.42,"[-0.5979108810424805, -1.0, -1.0, -1.0, -0.9999999403953552, -0.9999997615814209, 0.0, -1.0, -0.9707963466644287, 0.0, 0.0, 0.0, -1.0, -0.5584204196929932, -0.5578870177268982, -0.46513524651527405, -0.9827597141265869, 0.18488749861717224, -1.0, -1.0]","[1.0, 1.0, 0.24582506716251373, 0.8925405740737915, 0.9999999403953552, 1.0, 0.7697157263755798, 1.0, 1.0, 0.9732885956764221, 0.9893972277641296, 0.8145312070846558, 0.8912230730056763, 0.5889416933059692, 1.0, 1.0, 0.9005674123764038, 1.0, 1.0, 1.0]","[-0.042636409401893616, 0.022416148334741592, -0.12065009772777557, -0.004822446033358574, -0.009259833954274654, 0.8881745934486389, 0.5117438435554504, -0.02049356885254383, 0.0024788929149508476, 0.6498262882232666, 0.48825737833976746, 0.7698299884796143, -0.02602437511086464, 0.0018676884938031435, 0.9256788492202759, 0.8558604717254639, 0.03007538616657257, 0.9429887533187866, -0.032889898866415024, -0.03857892379164696]","[0.38868457078933716, 0.4095269739627838, 0.1807878166437149, 0.24850746989250183, 0.3408730626106262, 0.308420866727829, 0.1581762731075287, 0.17763741314411163, 0.16794423758983612, 0.2720593214035034, 0.3046373724937439, 0.051833443343639374, 0.206472709774971, 0.08838175237178802, 0.15744169056415558, 0.1966845989227295, 0.3244721293449402, 0.06826552748680115, 0.3734431266784668, 0.3764086365699768]","[0.0, 0.0339453125, 0.0019140625, 0.000166015625, 4.8828125e-05, 1.953125e-05, 0.0, 0.00091796875, 0.0, 0.055302734375, 0.11392578125, 0.00037109375, 0.00447265625, 0.0, 0.0, 0.0, 0.0, 0.0, 0.05373046875, 0.057431640625]","[0.062958984375, 0.035146484375, 0.0, 0.0, 1.953125e-05, 0.01978515625, 0.0, 9.765625e-06, 0.000615234375, 0.0, 0.0, 0.0, 0.0, 0.0, 0.605966796875, 0.394033203125, 0.0, 0.001376953125, 0.0176953125, 0.01587890625]","[0.067607421875, 0.03642578125, 0.0, 0.0, 0.009267578125, 0.726650390625, 0.0, 0.000107421875, 0.00091796875, 0.023779296875, 0.04083984375, 0.0, 0.0, 0.0, 0.719404296875, 0.514296875, 0.0, 0.632861328125, 0.019501953125, 0.017490234375]","[0.063896484375, 0.035400390625, 0.0, 0.0, 0.0029296875, 0.588916015625, 0.0, 1.953125e-05, 0.00064453125, 0.0, 0.0, 0.0, 0.0, 0.0, 0.63076171875, 0.419423828125, 0.0, 0.30234375, 0.017958984375, 0.016201171875]"
formal,9,priviledge_mlp,8,9,1024000,1024000,921600,0.0011473410397231376,0.1479758832603693,"[0.14907505176961422, 0.15103561244904995, 0.15078227315098047, 0.14507158286869526, 0.1439148960635066]",0.15064080383980735,0.14357916805514725,0.6163943866477373,0.6291588511786317,0.21996457391991278,0.22045320746858857,0.08131703375970192,0.06670512864170589,0.534322907221033,0.5414946061575713,0.7255945796424024,0.7635035621760947,0.09187334440702216,0.4710195421821188,0.11712406989524879,0.6208480385525502,0.0058465092908591,0.04221940040588379,0.058886717073619366,0.13968749344348907,31.533303126692772,92.50415802001953,0.29957111552357674,0.6793272495269775,74.67170566700042,16.943223291000322,0.7883070730003965,42,64,41,4.25809523809519,147,693.0884353741496,-0.0869448137115308,3.8918236018904437,0.3292980892062229,0.4268551953421756,0.08139837282865457,0.04403493933546445,0.3558917719335381,0.12856406751536625,-0.5714285714285714,2.791826813628954e-05,82,-0.6054052597978367,2.5282707946281318,65,0.567112979812732,5.611997912590592,/home/haowei/Documents/End2Race/post-trained/ppo_privilege_mlp_0721_base/checkpoints/actor_u0009.pth,/home/haowei/Documents/End2Race/post-trained/ppo_privilege_mlp_0721_base/checkpoints/critic_u0009.pt,privilege_mlp,privilege_mlp,0.2857142857142857,0.43537414965986393,"[-0.6493772864341736, -1.0, -1.0, -1.0, -1.0, -0.999999463558197, 0.0, -1.0, -1.0, 0.0, 0.0, 0.0, -1.0, -0.8736691474914551, -0.4263353645801544, -0.4101506769657135, -0.8804159760475159, 0.3767402768135071, -1.0, -1.0]","[1.0, 1.0, 0.28074219822883606, 0.9000166654586792, 1.0, 1.0, 0.779519259929657, 1.0, 1.0, 0.9744900465011597, 0.9890565276145935, 0.8159494996070862, 1.0, 0.5622953772544861, 1.0, 1.0, 0.9263189435005188, 1.0, 1.0, 1.0]","[-0.04609484225511551, -0.007389846257865429, -0.12235791981220245, 0.023952672258019447, 0.034564726054668427, 0.8961225152015686, 0.5128387212753296, -0.006331733427941799, -0.00017903033585753292, 0.6580806970596313, 0.5029522776603699, 0.7677977681159973, -0.008121627382934093, -0.0013705488527193666, 0.9264950752258301, 0.8483429551124573, 0.03850682079792023, 0.9417951107025146, 0.005491340067237616, 0.0019488513935357332]","[0.38927432894706726, 0.42050620913505554, 0.17519423365592957, 0.25334540009498596, 0.34805020689964294, 0.27360615134239197, 0.15933416783809662, 0.17773906886577606, 0.16633793711662292, 0.2642461061477661, 0.2965315282344818, 0.04796197637915611, 0.201837420463562, 0.09104588627815247, 0.1588176041841507, 0.20351597666740417, 0.3270677626132965, 0.06801578402519226, 0.3860089182853699, 0.3902552127838135]","[0.0, 0.036396484375, 0.001103515625, 0.000244140625, 9.765625e-05, 9.765625e-06, 0.0, 0.00060546875, 7.8125e-05, 0.04583984375, 0.10623046875, 7.8125e-05, 0.00248046875, 0.0, 0.0, 0.0, 0.0, 0.0, 0.04189453125, 0.045595703125]","[0.0589453125, 0.03279296875, 0.0, 0.0, 2.9296875e-05, 0.014716796875, 0.0, 0.000185546875, 0.00017578125, 0.0, 0.0, 0.0, 2.9296875e-05, 0.0, 0.616669921875, 0.383330078125, 0.0, 0.002001953125, 0.021259765625, 0.0201171875]","[0.0635546875, 0.03375, 0.0, 0.0, 0.010224609375, 0.70353515625, 0.0, 0.0003125, 0.0003125, 0.02564453125, 0.032001953125, 0.0, 0.00017578125, 0.0, 0.72474609375, 0.49314453125, 0.0, 0.6076953125, 0.0237109375, 0.022275390625]","[0.059873046875, 0.032958984375, 0.0, 0.0, 0.00455078125, 0.530234375, 0.0, 0.0001953125, 0.000185546875, 0.0, 0.0, 0.0, 0.000166015625, 0.0, 0.6408984375, 0.405966796875, 0.0, 0.30087890625, 0.021689453125, 0.02060546875]"
formal,10,priviledge_mlp,9,10,1126400,1126400,1024000,0.0011983128188424175,0.15489889662712814,"[0.1600782722234726, 0.15693249087780714, 0.15405570901930332, 0.15244100242853165, 0.15098700858652592]",0.15929898620421948,0.14965890082407346,0.6403119126290984,0.6591607623791911,0.23302495039923785,0.22411443741217163,0.08557302200920111,0.07520336423597522,0.5813627644976025,0.6090853712364344,0.7343197801521915,0.7127089337169958,0.1849885092637396,0.5042932821877454,0.18266259388801018,0.662626245258678,0.043148289355740416,0.6236236691474915,0.0665478496812284,0.11867187172174454,28.97087799012661,76.26020050048828,0.2669613897800446,0.8299816846847534,75.59506985799999,17.035559203999583,0.8007322800003749,49,66,36,4.409999999999949,151,683.5033112582781,-0.1510506472907945,4.288353639656818,0.3560252185155274,0.4347864311610565,0.0816732975339523,0.046295417750328326,0.36055129075124864,0.13705083849988425,-0.6490066225165563,0.0003538459746288829,86,-0.7159627802266084,2.4100296550800246,65,0.5963715593627438,6.773520757712269,/home/haowei/Documents/End2Race/post-trained/ppo_privilege_mlp_0721_base/checkpoints/actor_u0010.pth,/home/haowei/Documents/End2Race/post-trained/ppo_privilege_mlp_0721_base/checkpoints/critic_u0010.pt,privilege_mlp,privilege_mlp,0.32450331125827814,0.4370860927152318,"[-0.6556684970855713, -1.0, -1.0, -1.0, -1.0, -0.8944078683853149, 0.0, -1.0, -0.9374244809150696, 0.0, 0.0, 0.0, -1.0, -0.5046252012252808, -0.6641579866409302, -0.40716055035591125, -0.9290223717689514, 0.37002360820770264, -1.0, -1.0]","[1.0, 1.0, 0.26105087995529175, 0.9418836236000061, 1.0, 1.0, 0.7700792551040649, 1.0, 1.0, 0.9770810008049011, 0.988762378692627, 0.8205760717391968, 0.9166865348815918, 0.6540068984031677, 1.0, 1.0, 0.8765066862106323, 1.0, 1.0, 1.0]","[-0.026931151747703552, 0.03873399645090103, -0.1292266696691513, 0.004813728854060173, 0.010058862157166004, 0.9012359380722046, 0.5267912745475769, -0.01720293238759041, 0.0030212083365768194, 0.6540802121162415, 0.5321792364120483, 0.76475989818573, -0.020490100607275963, 0.0031641314271837473, 0.9357101321220398, 0.8119556307792664, 0.058682169765233994, 0.942493736743927, -0.01891946606338024, -0.024952035397291183]","[0.4099785089492798, 0.43232059478759766, 0.17530179023742676, 0.2539381980895996, 0.3511594831943512, 0.2541995942592621, 0.15632490813732147, 0.1837027221918106, 0.1719527393579483, 0.28183528780937195, 0.2936195135116577, 0.05318756401538849, 0.20679354667663574, 0.0914333313703537, 0.1566234827041626, 0.2261243462562561, 0.32200026512145996, 0.06799396872520447, 0.37622952461242676, 0.3802773952484131]","[0.0, 0.034326171875, 0.001728515625, 3.90625e-05, 6.8359375e-05, 0.0, 0.0, 0.00068359375, 0.0, 0.057060546875, 0.1059375, 3.90625e-05, 0.0030859375, 0.0, 0.0, 0.0, 0.0, 0.0, 0.049501953125, 0.052900390625]","[0.07181640625, 0.0289453125, 0.0, 0.0, 1.953125e-05, 0.01833984375, 0.0, 3.90625e-05, 0.00029296875, 0.0, 0.0, 0.0, 0.0, 0.0, 0.67548828125, 0.32451171875, 0.0, 0.0016796875, 0.01640625, 0.015830078125]","[0.076982421875, 0.031005859375, 0.0, 0.0, 0.0103515625, 0.724599609375, 0.0, 6.8359375e-05, 0.00072265625, 0.036259765625, 0.030654296875, 0.0, 0.0, 0.0, 0.767001953125, 0.43193359375, 0.0, 0.63390625, 0.018544921875, 0.017548828125]","[0.0728515625, 0.02923828125, 0.0, 0.0, 0.00375, 0.586044921875, 0.0, 4.8828125e-05, 0.00041015625, 0.0, 0.0, 0.0, 0.0, 0.0, 0.696796875, 0.3462109375, 0.0, 0.3003125, 0.016806640625, 0.0162109375]"
formal,11,priviledge_mlp,10,11,1228800,1228800,1126400,0.004465888257819017,0.18731882162392138,"[0.19246426783502102, 0.19015700183808804, 0.1859852708876133, 0.18515660613775253, 0.1828309614211321]",0.19173079666220777,0.18160390301598742,0.5905216726158029,0.6129579795962163,0.30259063835916644,0.27481841013551683,0.08087095496524918,0.088389395896458,0.5159397097724594,0.5476544470709226,0.7121762015424645,0.6928024088123045,0.08923574632789495,0.5060835368793001,0.10907942754281066,0.6842458601651197,0.4182528210537566,1.829658031463623,0.12926269316812977,0.3703906238079071,77.75628831982613,183.8998260498047,0.31410229951143265,0.6297992467880249,74.99209491200054,17.29593660700084,0.8058769979998033,60,60,39,4.039333333333288,159,650.5408805031446,-0.3144221561844114,3.1296402570788144,0.3475751871796839,0.4311050675008735,0.10288367166089009,0.05547649589207721,0.3265503135311281,0.11361772434360477,-0.7547169811320755,0.00012678707293119895,94,-0.8829379420357774,2.0584260669678325,65,0.5077391341237177,4.6787807781623885,/home/haowei/Documents/End2Race/post-trained/ppo_privilege_mlp_0721_base/checkpoints/actor_u0011.pth,/home/haowei/Documents/End2Race/post-trained/ppo_privilege_mlp_0721_base/checkpoints/critic_u0011.pt,privilege_mlp,privilege_mlp,0.37735849056603776,0.37735849056603776,"[-0.6698362827301025, -1.0, -1.0, -0.9897524118423462, -0.9999999403953552, -0.9851755499839783, 0.0, -1.0, -1.0, 0.0, 0.0, 0.0, -1.0, -0.5899672508239746, -0.5594538450241089, -0.4852680265903473, -0.9503889679908752, 0.3110640347003937, -1.0, -1.0]","[1.0, 1.0, 0.2826506793498993, 0.9641873836517334, 1.0, 1.0, 0.7739018797874451, 1.0, 1.0, 0.9745864272117615, 0.9880236387252808, 0.8148893713951111, 0.9930770993232727, 0.5086762309074402, 1.0, 1.0, 0.9103627800941467, 1.0, 1.0, 1.0]","[-0.04969853535294533, 0.020238487049937248, -0.11744596809148788, 0.008362408727407455, 0.01325481291860342, 0.9030373096466064, 0.5007001161575317, -0.014798343181610107, 0.003388158045709133, 0.6461083889007568, 0.48216941952705383, 0.7662057280540466, -0.018814975395798683, 0.0013672468485310674, 0.9318315386772156, 0.8365182280540466, 0.040846820920705795, 0.9417939782142639, -0.013212169520556927, -0.017409037798643112]","[0.3733174204826355, 0.4084288477897644, 0.16631144285202026, 0.24225448071956635, 0.34510600566864014, 0.2558344304561615, 0.15912826359272003, 0.18018464744091034, 0.16344982385635376, 0.26878058910369873, 0.30745431780815125, 0.054162029176950455, 0.21176666021347046, 0.08700503408908844, 0.14989598095417023, 0.2214825600385666, 0.32673659920692444, 0.06840638071298599, 0.39230120182037354, 0.3971989154815674]","[0.0, 0.031708984375, 0.0013671875, 0.0, 6.8359375e-05, 0.0, 0.0, 0.000625, 4.8828125e-05, 0.05353515625, 0.1175390625, 7.8125e-05, 0.00333984375, 0.0, 0.0, 0.0, 0.0, 0.0, 0.051728515625, 0.056259765625]","[0.050625, 0.03048828125, 0.0, 0.0, 3.90625e-05, 0.01724609375, 0.0, 0.000146484375, 0.00025390625, 0.0, 0.0, 0.0, 0.0, 0.0, 0.6180078125, 0.3819921875, 0.0, 0.001865234375, 0.0224609375, 0.021484375]","[0.0553125, 0.032939453125, 0.0, 0.00015625, 0.007734375, 0.728349609375, 0.0, 0.00025390625, 0.000478515625, 0.018564453125, 0.02978515625, 0.0, 8.7890625e-05, 0.0, 0.7271484375, 0.499326171875, 0.0, 0.619365234375, 0.024990234375, 0.02384765625]","[0.0515234375, 0.030986328125, 0.0, 0.0, 0.00421875, 0.560546875, 0.0, 0.00015625, 0.000283203125, 0.0, 0.0, 0.0, 8.7890625e-05, 0.0, 0.642431640625, 0.406806640625, 0.0, 0.286015625, 0.022890625, 0.02205078125]"
formal,12,priviledge_mlp,11,12,1331200,1331200,1228800,0.001892667752690258,0.13530724085867404,"[0.13727399799972773, 0.1371412267908454, 0.13349316827952862, 0.13542521838098764, 0.13320259284228086]",0.13889932439880412,0.13101760717683342,0.6887813443511781,0.7009829099437734,0.19419835262718457,0.19878570220300049,0.08360029617042361,0.06324951215066642,0.6680526416789285,0.6801630634399645,0.756055051002658,0.777769317471029,0.20852554620142655,0.5315845433468033,0.19402249230725602,0.6614056998320034,0.004850533119897589,0.010813522152602673,0.08187499802443199,0.20351561903953552,45.897901982069016,124.78733825683594,0.2946585398167372,0.7010948657989502,74.82120208000015,16.85375475699948,0.7993788090007001,39,55,54,3.694358974358937,148,686.5405405405405,-0.05438951948589266,3.7863043069167115,0.41193343298101237,0.4332500719022322,0.0699762450495913,0.038628609654450786,0.345280395009813,0.12723748091344425,-0.527027027027027,0.00011963161787709985,83,-0.4763993298044124,3.5911730496677388,65,0.48448454599775553,4.035471912326938,/home/haowei/Documents/End2Race/post-trained/ppo_privilege_mlp_0721_base/checkpoints/actor_u0012.pth,/home/haowei/Documents/End2Race/post-trained/ppo_privilege_mlp_0721_base/checkpoints/critic_u0012.pt,privilege_mlp,privilege_mlp,0.2635135135135135,0.3716216216216216,"[-0.6892251968383789, -1.0, -1.0, -0.9557884931564331, -0.9999992251396179, -0.9999995231628418, 0.0, -1.0, -1.0, 0.0, 0.0, 0.0, -1.0, -0.84244304895401, -0.6788022518157959, -0.671585738658905, -0.977304220199585, 0.2118407040834427, -1.0, -1.0]","[1.0, 1.0, 0.3309897780418396, 1.0, 1.0, 1.0, 0.7806533575057983, 1.0, 1.0, 0.9751086235046387, 0.989325761795044, 0.8174964785575867, 1.0, 0.7961745858192444, 1.0, 1.0, 0.9370869398117065, 1.0, 1.0, 1.0]","[-0.03534417226910591, 0.00956076942384243, -0.12409491837024689, 0.02078043483197689, 0.030721377581357956, 0.8849650025367737, 0.5011653304100037, -0.017033079639077187, 3.314624700578861e-05, 0.6630377173423767, 0.4746836721897125, 0.7697345018386841, -0.02134612761437893, 0.0019313439261168242, 0.9338589310646057, 0.8435437679290771, 0.04247197508811951, 0.9426460862159729, -0.022082101553678513, -0.028201717883348465]","[0.40123090147972107, 0.40377816557884216, 0.18984930217266083, 0.23721595108509064, 0.35338306427001953, 0.3020668029785156, 0.1628430336713791, 0.17539037764072418, 0.1648685336112976, 0.2580673098564148, 0.3021804392337799, 0.0493551641702652, 0.20357252657413483, 0.08524994552135468, 0.14902248978614807, 0.2019723355770111, 0.323945552110672, 0.06879091262817383, 0.37663304805755615, 0.3810232877731323]","[0.0, 0.039814453125, 0.00076171875, 0.0, 9.765625e-06, 9.765625e-06, 0.0, 0.00064453125, 0.000107421875, 0.0451171875, 0.118486328125, 0.000146484375, 0.002392578125, 0.0, 0.0, 0.0, 0.0, 0.0, 0.050283203125, 0.054150390625]","[0.067392578125, 0.031923828125, 0.0, 0.00029296875, 7.8125e-05, 0.0189453125, 0.0, 0.000185546875, 0.0001171875, 0.0, 0.0, 0.0, 3.90625e-05, 0.0, 0.62451171875, 0.375498046875, 0.0, 0.00177734375, 0.018330078125, 0.01693359375]","[0.0730078125, 0.032705078125, 0.0, 0.00033203125, 0.016552734375, 0.723388671875, 0.0, 0.00029296875, 0.000224609375, 0.026318359375, 0.04224609375, 0.0, 7.8125e-05, 0.0, 0.73564453125, 0.484501953125, 0.0, 0.621611328125, 0.020400390625, 0.01873046875]","[0.06845703125, 0.032080078125, 0.0, 0.000302734375, 0.0065625, 0.574609375, 0.0, 0.000205078125, 0.000126953125, 0.0, 0.0, 0.0, 6.8359375e-05, 0.0, 0.64822265625, 0.39900390625, 0.0, 0.30353515625, 0.0187109375, 0.0173046875]"
formal,13,priviledge_mlp,12,13,1433600,1433600,1331200,0.003539202870487923,0.17376717794686555,"[0.17750747594982386, 0.17622963525354862, 0.17245845310389996, 0.1719305869191885, 0.17070973850786686]",0.17785688433292876,0.16809071879499424,0.6581477368982178,0.6772323013393166,0.2520273234176337,0.23067321456534462,0.10368644524822379,0.10550822302464381,0.6101346585810471,0.6345338299821144,0.717693431557418,0.7046290724736208,0.14355964469968968,0.5618366285660562,0.15653704814483263,0.7212887552331323,0.08975416600718744,0.8134414553642273,0.07038574016769417,0.12601561844348907,34.25438007712364,68.83973693847656,0.33021650798618796,0.8389405608177185,76.18497279599978,16.983169961000385,0.7904300259997399,57,59,34,4.405964912280652,150,663.4266666666666,-0.3082243681702387,3.287796140019213,0.299479456731946,0.4508893311382256,0.08130737315990613,0.05183193357380014,0.33820443624125496,0.11377843512034272,-0.76,-0.00020723953183642138,85,-0.8018929662953392,2.3309054208680493,65,0.33734226014720076,4.539114772755348,/home/haowei/Documents/End2Race/post-trained/ppo_privilege_mlp_0721_base/checkpoints/actor_u0013.pth,/home/haowei/Documents/End2Race/post-trained/ppo_privilege_mlp_0721_base/checkpoints/critic_u0013.pt,privilege_mlp,privilege_mlp,0.38,0.3933333333333333,"[-0.7096316814422607, -1.0, -1.0, -1.0, -1.0, -0.9999997019767761, 0.0, -1.0, -1.0, 0.0, 0.0, 0.016206413507461548, -1.0, -0.4846029281616211, -0.6183737516403198, -0.2110835760831833, -0.8945798873901367, 0.4469081163406372, -1.0, -1.0]","[1.0, 1.0, 0.27057012915611267, 0.9166045188903809, 1.0, 1.0, 0.7816872596740723, 0.9665195941925049, 1.0, 0.972105860710144, 0.9852088093757629, 0.8210741877555847, 0.9930770993232727, 0.5062828660011292, 1.0, 1.0, 0.8861837983131409, 1.0, 1.0, 1.0]","[-0.047413259744644165, -0.055373769253492355, -0.12168992310762405, 0.013677699491381645, 0.024328887462615967, 0.8977764844894409, 0.5122658610343933, -0.016540784388780594, 0.0029624050948768854, 0.6288228631019592, 0.5030546188354492, 0.7698171138763428, -0.01957016810774803, 0.002933492651209235, 0.9107142686843872, 0.8663336038589478, 0.02220146358013153, 0.9413244128227234, -0.020606322214007378, -0.02626703307032585]","[0.3688325881958008, 0.40139254927635193, 0.17481255531311035, 0.23871254920959473, 0.3328332304954529, 0.2877848744392395, 0.15610326826572418, 0.18023480474948883, 0.16993342339992523, 0.28194719552993774, 0.2904275059700012, 0.04934230074286461, 0.20424631237983704, 0.08924643695354462, 0.18008339405059814, 0.19329524040222168, 0.3298105001449585, 0.06835639476776123, 0.3825094997882843, 0.3872680962085724]","[0.0, 0.035537109375, 0.00140625, 0.00015625, 6.8359375e-05, 9.765625e-06, 0.0, 0.00080078125, 0.0001171875, 0.066630859375, 0.100517578125, 0.0, 0.002333984375, 0.0, 0.0, 0.0, 0.0, 0.0, 0.052197265625, 0.05634765625]","[0.046416015625, 0.020439453125, 0.0, 0.0, 2.9296875e-05, 0.01896484375, 0.0, 0.0, 0.000166015625, 0.0, 0.0, 0.0, 0.0, 0.0, 0.563388671875, 0.436611328125, 0.0, 0.001650390625, 0.015810546875, 0.01541015625]","[0.051875, 0.0221484375, 0.0, 0.0, 0.012333984375, 0.746494140625, 0.0, 9.765625e-06, 0.000400390625, 0.017470703125, 0.0297265625, 0.0, 5.859375e-05, 0.0, 0.67681640625, 0.545927734375, 0.0, 0.617314453125, 0.017734375, 0.017001953125]","[0.04736328125, 0.020693359375, 0.0, 0.0, 0.002880859375, 0.58287109375, 0.0, 0.0, 0.000205078125, 0.0, 0.0, 0.0, 5.859375e-05, 0.0, 0.58796875, 0.4598046875, 0.0, 0.293505859375, 0.016123046875, 0.015771484375]"
formal,14,priviledge_mlp,13,14,1536000,1536000,1433600,0.003835079549171283,0.1701310072094202,"[0.17567948624491692, 0.175486883148551, 0.1672736071050167, 0.1655548196285963, 0.1666602399200201]",0.1724812943184668,0.16350450423760993,0.6596151462331268,0.6764686623377749,0.255652851171535,0.24883189494428082,0.08930973746539848,0.07817711353093912,0.6167530984075407,0.6332622642864945,0.7356261360804935,0.750613090566202,0.1985367135796514,0.5604957916212655,0.1951519472853397,0.7108720974558362,0.15350189991499064,1.3385201692581177,0.06741699087433517,0.1322656273841858,27.244157195091248,60.96693420410156,0.3747072022408247,0.8902007937431335,74.21833212999991,17.081223802999375,0.8066638889995374,51,57,45,4.144117647058777,153,671.4705882352941,-0.21434736864940315,2.984221642282554,0.3313238409910754,0.43400661811317276,0.08955603123752053,0.04852958653211585,0.342815078988316,0.10916752184897098,-0.6666666666666666,0.0003366971799765305,88,-0.7011360859480973,2.5477692737019315,65,0.4446896640011365,3.5751110028224735,/home/haowei/Documents/End2Race/post-trained/ppo_privilege_mlp_0721_base/checkpoints/actor_u0014.pth,/home/haowei/Documents/End2Race/post-trained/ppo_privilege_mlp_0721_base/checkpoints/critic_u0014.pt,privilege_mlp,privilege_mlp,0.3333333333333333,0.37254901960784315,"[-0.6584377884864807, -1.0, -1.0, -1.0, -0.9999997615814209, -0.8906442523002625, 0.0, -1.0, -1.0, 0.0, 0.0, 0.0, -1.0, -0.6180107593536377, -0.4978204667568207, -0.4054187834262848, -0.9342325925827026, 0.35666441917419434, -1.0, -1.0]","[1.0, 1.0, 0.25776904821395874, 0.9014708995819092, 0.999999463558197, 1.0, 0.7703472971916199, 1.0, 1.0, 0.9717336297035217, 0.985983669757843, 0.8145591616630554, 1.0, 0.5335458517074585, 1.0, 1.0, 0.9115834832191467, 1.0, 1.0, 1.0]","[-0.055418699979782104, 0.029247600585222244, -0.11515157669782639, 0.01543925330042839, 0.014459673315286636, 0.8952339291572571, 0.5077217221260071, -0.01541517861187458, 0.005338357295840979, 0.6366052031517029, 0.49241355061531067, 0.7665764689445496, -0.020338308066129684, 0.00024476126418448985, 0.9250242114067078, 0.8504827618598938, 0.032887328416109085, 0.9407089352607727, -0.018314307555556297, -0.023603109642863274]","[0.3596705496311188, 0.41280797123908997, 0.170170396566391, 0.2695021629333496, 0.36230748891830444, 0.259380578994751, 0.15721364319324493, 0.18620023131370544, 0.17905007302761078, 0.27037423849105835, 0.30595195293426514, 0.04895810782909393, 0.21605250239372253, 0.09532750397920609, 0.1571882963180542, 0.2086217999458313, 0.3305419981479645, 0.06907720863819122, 0.3977716863155365, 0.4021545350551605]","[0.0, 0.0349609375, 0.00134765625, 2.9296875e-05, 3.90625e-05, 0.0, 0.0, 0.00078125, 0.00013671875, 0.051806640625, 0.118583984375, 6.8359375e-05, 0.00412109375, 0.0, 0.0, 0.0, 0.0, 0.0, 0.047919921875, 0.0523046875]","[0.0476171875, 0.026513671875, 0.0, 0.0, 1.953125e-05, 0.017529296875, 0.0, 9.765625e-05, 0.000439453125, 0.0, 0.0, 0.0, 2.9296875e-05, 0.0, 0.596669921875, 0.403330078125, 0.0, 0.00205078125, 0.01830078125, 0.01810546875]","[0.050703125, 0.028095703125, 0.0, 0.0, 0.009921875, 0.691650390625, 0.0, 0.00017578125, 0.000830078125, 0.021201171875, 0.02560546875, 0.0, 0.0001171875, 0.0, 0.712392578125, 0.525751953125, 0.0, 0.602099609375, 0.0208203125, 0.02005859375]","[0.048203125, 0.026796875, 0.0, 0.0, 0.00369140625, 0.526572265625, 0.0, 0.000107421875, 0.00052734375, 0.0, 0.0, 0.0, 8.7890625e-05, 0.0, 0.62216796875, 0.430166015625, 0.0, 0.30431640625, 0.01875, 0.018544921875]"
formal,15,priviledge_mlp,14,15,1638400,1638400,1536000,0.002807225404685587,0.1894822433590889,"[0.19390173256397247, 0.1903536058962345, 0.18594389408826828, 0.1882381457835436, 0.18897383846342564]",0.1894945797337058,0.18395360403959496,0.653985300977943,0.6658913141525656,0.2855021695076518,0.2728297046047575,0.09348698995975978,0.09507750347443247,0.6126357884568518,0.6236510154111513,0.7397220150985213,0.7490978206310287,0.18852234585890984,0.5863773849087796,0.22442993577568815,0.7394058712733548,0.0053450421456364,0.013771148398518562,0.08327148237731308,0.2752343714237213,39.858401983976364,131.3185272216797,0.5895849954336881,1.0510343313217163,74.04955710700051,17.335503747000985,0.8066992280000704,57,64,36,3.8919298245613607,157,650.8535031847134,-0.27762460060258837,3.4845988369533503,0.34739202110847084,0.4414694214295161,0.10061034870589806,0.05235950112946988,0.33142418546074676,0.11679697556647894,-0.7261146496815286,0.0002688880517146099,93,-0.838993909038755,2.6055722381297945,64,0.5381151757187166,4.76193436336883,/home/haowei/Documents/End2Race/post-trained/ppo_privilege_mlp_0721_base/checkpoints/actor_u0015.pth,/home/haowei/Documents/End2Race/post-trained/ppo_privilege_mlp_0721_base/checkpoints/critic_u0015.pt,privilege_mlp,privilege_mlp,0.3630573248407643,0.40764331210191085,"[-0.6782447099685669, -1.0, -1.0, -1.0, -1.0, -0.9999963045120239, 0.0, -1.0, -1.0, 0.0, 0.0, 0.0, -1.0, -0.7402458190917969, -0.49018594622612, -0.5384688973426819, -0.9145351648330688, 0.4045063555240631, -1.0, -1.0]","[1.0, 1.0, 0.27516359090805054, 1.0, 0.9999999403953552, 1.0, 0.7880449295043945, 1.0, 1.0, 0.9749752283096313, 0.9867773652076721, 0.8201204538345337, 1.0, 0.672425389289856, 1.0, 1.0, 0.8900517821311951, 1.0, 1.0, 1.0]","[-0.05965016409754753, 0.023272763937711716, -0.11759544163942337, 0.010285185649991035, 0.015706611797213554, 0.889405369758606, 0.5049433708190918, -0.01831500604748726, 0.005887864623218775, 0.6412350535392761, 0.48508763313293457, 0.7688516974449158, -0.021605176851153374, 0.0038734260015189648, 0.9365629553794861, 0.8397758603096008, 0.039320848882198334, 0.9423071146011353, -0.018233347684144974, -0.024508953094482422]","[0.3643679618835449, 0.4031827747821808, 0.17745910584926605, 0.2524572014808655, 0.35234683752059937, 0.29112327098846436, 0.15973752737045288, 0.1873311996459961, 0.1768033355474472, 0.2714236080646515, 0.2982743978500366, 0.0491616427898407, 0.21481120586395264, 0.09162281453609467, 0.1364523321390152, 0.21038798987865448, 0.32541587948799133, 0.06858018040657043, 0.39845097064971924, 0.40261197090148926]","[0.0, 0.0322265625, 0.0009375, 0.000185546875, 3.90625e-05, 0.0, 0.0, 0.000849609375, 0.000146484375, 0.05359375, 0.112421875, 0.000107421875, 0.003408203125, 0.0, 0.0, 0.0, 0.0, 0.0, 0.050615234375, 0.055654296875]","[0.045498046875, 0.02544921875, 0.0, 0.00015625, 6.8359375e-05, 0.015986328125, 0.0, 0.000263671875, 0.000458984375, 0.0, 0.0, 0.0, 5.859375e-05, 0.0, 0.621904296875, 0.37810546875, 0.0, 0.002294921875, 0.022783203125, 0.0209765625]","[0.049033203125, 0.02712890625, 0.0, 0.00025390625, 0.012919921875, 0.706181640625, 0.0, 0.0004296875, 0.000947265625, 0.02548828125, 0.023349609375, 0.0, 0.000205078125, 0.0, 0.734677734375, 0.49390625, 0.0, 0.622421875, 0.025341796875, 0.02333984375]","[0.046318359375, 0.025859375, 0.0, 0.00017578125, 0.00521484375, 0.542314453125, 0.0, 0.000322265625, 0.000546875, 0.0, 0.0, 0.0, 0.000185546875, 0.0, 0.647001953125, 0.402666015625, 0.0, 0.311005859375, 0.023193359375, 0.02146484375]"
formal,16,priviledge_mlp,15,16,1740800,1740800,1638400,0.0023432083547589855,0.16097492594271898,"[0.16629937570542097, 0.16268980409950018, 0.16124269179999828, 0.15767410211265087, 0.1569686559960246]",0.170079386659609,0.15560758420454937,0.7050224151794806,0.7248788269193616,0.2181179038568641,0.21820463732232603,0.12204086946235389,0.09301053108677265,0.7090412233468522,0.7192356776700084,0.7000844600240255,0.747865499362838,0.3312647606009068,0.6228233494913097,0.32343879920430707,0.7519135115450388,0.004364787054655608,0.00897871982306242,0.08332519386385684,0.2313281148672104,39.71085783839226,115.26822662353516,0.30413934867829084,0.6824794411659241,75.88089600700005,16.932578472000387,0.7886225969996303,42,66,39,4.466666666666613,147,699.047619047619,-0.05885105460603623,4.944847537949784,0.3869489142614953,0.446501778542043,0.07018225160363763,0.03880423151347988,0.36357634760995994,0.14905989976799724,-0.5714285714285714,-5.873055542195039e-05,82,-0.4706570621301963,4.451655341908832,65,0.46065806257828884,5.567028462186062,/home/haowei/Documents/End2Race/post-trained/ppo_privilege_mlp_0721_base/checkpoints/actor_u0016.pth,/home/haowei/Documents/End2Race/post-trained/ppo_privilege_mlp_0721_base/checkpoints/critic_u0016.pt,privilege_mlp,privilege_mlp,0.2857142857142857,0.4489795918367347,"[-0.8189565539360046, -1.0, -1.0, -1.0, -0.9999999403953552, -0.9999997019767761, 0.0, -1.0, -1.0, 0.0, 0.0, 0.037077270448207855, -1.0, -0.5339164733886719, -0.563230574131012, -0.3034308850765228, -0.9347164630889893, 0.3553943932056427, -1.0, -1.0]","[1.0, 1.0, 0.2755712568759918, 0.9512818455696106, 0.9999998807907104, 1.0, 0.7765354514122009, 1.0, 1.0, 0.9773505926132202, 0.9893696904182434, 0.8166565299034119, 0.9930770993232727, 0.5425844192504883, 1.0, 1.0, 0.9085491299629211, 1.0, 1.0, 1.0]","[-0.006055912468582392, 0.010235283523797989, -0.1429109275341034, 0.011476870626211166, 0.018862787634134293, 0.8832570910453796, 0.5190824866294861, -0.01369552407413721, -0.001730544026941061, 0.6820058226585388, 0.49565234780311584, 0.773345410823822, -0.016778333112597466, 0.0014699450694024563, 0.9232267141342163, 0.8714090585708618, 0.02771696075797081, 0.9420831203460693, -0.01411839947104454, -0.019318193197250366]","[0.43466469645500183, 0.4361966550350189, 0.18970780074596405, 0.26572757959365845, 0.3723590672016144, 0.28471386432647705, 0.1641029417514801, 0.17279472947120667, 0.16849491000175476, 0.2563828229904175, 0.31123828887939453, 0.04735427722334862, 0.19911301136016846, 0.08979400992393494, 0.1579001545906067, 0.18835033476352692, 0.3273451328277588, 0.06830695271492004, 0.37384510040283203, 0.37812066078186035]","[0.0, 0.04353515625, 0.00080078125, 0.00052734375, 9.765625e-05, 1.953125e-05, 0.0, 0.00060546875, 2.9296875e-05, 0.04390625, 0.12416015625, 0.0, 0.002333984375, 0.0, 0.0, 0.0, 0.0, 0.0, 0.0443359375, 0.048349609375]","[0.087587890625, 0.042470703125, 0.0, 0.0, 2.9296875e-05, 0.017568359375, 0.0, 2.9296875e-05, 0.000205078125, 0.0, 0.0, 0.0, 0.0, 0.0, 0.56056640625, 0.43943359375, 0.0, 0.00169921875, 0.01369140625, 0.0129296875]","[0.0933984375, 0.0461328125, 0.0, 2.9296875e-05, 0.01390625, 0.690224609375, 0.0, 6.8359375e-05, 0.000439453125, 0.046064453125, 0.045810546875, 0.0, 2.9296875e-05, 0.0, 0.6843359375, 0.552958984375, 0.0, 0.621318359375, 0.015625, 0.014287109375]","[0.088818359375, 0.04302734375, 0.0, 0.0, 0.00240234375, 0.542626953125, 0.0, 2.9296875e-05, 0.000244140625, 0.0, 0.0, 0.0, 2.9296875e-05, 0.0, 0.586591796875, 0.4640625, 0.0, 0.300390625, 0.013916015625, 0.013173828125]"
formal,17,priviledge_mlp,16,17,1843200,1843200,1740800,0.0030869271097435508,0.17372273430228233,"[0.17630194872617722, 0.17533756233751774, 0.173357960768044, 0.17236449662595987, 0.17125170305371284]",0.1779359851644024,0.17022631096621027,0.7048432090237228,0.7138248446493627,0.24789565907472752,0.2525837265285314,0.10797631125407729,0.08786889540388915,0.6801731650431428,0.6848568585449255,0.7310089995318655,0.7530381796518808,0.3839947365281205,0.6236085520932171,0.3819504998657226,0.7712444455450191,0.09741915842983873,0.7426986694335938,0.12270995858125389,0.2400781214237213,52.27471148967743,108.95664978027344,0.24398047886788846,0.4582967162132263,74.95938237200062,16.909239320999404,0.7874799740002345,43,73,31,4.525581395348781,147,698.3673469387755,-0.06896013811956433,4.851538496862517,0.31333203673095444,0.4475105310656885,0.08582218094190824,0.04383442338467957,0.3678329028021039,0.14805470359844486,-0.5850340136054422,0.00018626908532915626,81,-0.5725667790919614,3.6378082967746526,66,0.5491025576192867,6.341116469697624,/home/haowei/Documents/End2Race/post-trained/ppo_privilege_mlp_0721_base/checkpoints/actor_u0017.pth,/home/haowei/Documents/End2Race/post-trained/ppo_privilege_mlp_0721_base/checkpoints/critic_u0017.pt,privilege_mlp,privilege_mlp,0.2925170068027211,0.4965986394557823,"[-0.6953589916229248, -1.0, -1.0, -0.9406576752662659, -1.0, -0.9999997615814209, 0.0, -1.0, -1.0, 0.0, 0.0, 0.10615041851997375, -1.0, -0.545041024684906, -0.5621161460876465, -0.3232981562614441, -0.9282830357551575, 0.37187451124191284, -1.0, -1.0]","[1.0, 1.0, 0.24236373603343964, 0.8899598121643066, 0.9999999403953552, 1.0, 0.7719104886054993, 1.0, 1.0, 0.9773590564727783, 0.9879764914512634, 0.8145837187767029, 1.0, 0.5528954863548279, 1.0, 1.0, 0.9047601819038391, 1.0, 1.0, 1.0]","[0.008076462894678116, -0.0007132997852750123, -0.1432233303785324, 0.009477946907281876, 0.011887889355421066, 0.882357120513916, 0.5268393158912659, -0.021567242220044136, 0.00618779007345438, 0.6471331119537354, 0.5163524150848389, 0.7708460092544556, -0.028789913281798363, 0.002064803149551153, 0.9283409714698792, 0.8516145944595337, 0.035875480622053146, 0.9413427114486694, -0.03550131991505623, -0.04070546478033066]","[0.41374459862709045, 0.4282166659832001, 0.185507670044899, 0.24704307317733765, 0.3587155342102051, 0.30466362833976746, 0.1597965657711029, 0.18186074495315552, 0.17197713255882263, 0.28141775727272034, 0.2929517328739166, 0.045318879187107086, 0.21088749170303345, 0.09143324941396713, 0.15016809105873108, 0.20676787197589874, 0.3286398947238922, 0.06838811933994293, 0.37690696120262146, 0.3810862600803375]","[0.0, 0.040576171875, 0.001328125, 0.0, 2.9296875e-05, 9.765625e-06, 0.0, 0.00056640625, 7.8125e-05, 0.0614453125, 0.097685546875, 0.0, 0.003095703125, 0.0, 0.0, 0.0, 0.0, 0.0, 0.054375, 0.05828125]","[0.07501953125, 0.0341796875, 0.0, 0.0, 1.953125e-05, 0.017919921875, 0.0, 0.000126953125, 0.00068359375, 0.0, 0.0, 0.0, 8.7890625e-05, 0.0, 0.6045703125, 0.395439453125, 0.0, 0.001787109375, 0.017158203125, 0.016083984375]","[0.0803125, 0.0354296875, 0.0, 0.0, 0.011611328125, 0.72033203125, 0.0, 0.000205078125, 0.001220703125, 0.041259765625, 0.036396484375, 0.0, 0.000107421875, 0.0, 0.716669921875, 0.517021484375, 0.0, 0.61453125, 0.019052734375, 0.017861328125]","[0.076005859375, 0.034482421875, 0.0, 0.0, 0.005302734375, 0.580625, 0.0, 0.000126953125, 0.000771484375, 0.0, 0.0, 0.0, 9.765625e-05, 0.0, 0.6294921875, 0.420517578125, 0.0, 0.304736328125, 0.017529296875, 0.01646484375]"
formal,18,priviledge_mlp,17,18,1945600,1945600,1843200,0.0020704694546287428,0.2051960349082947,"[0.21675631403923035, 0.20607355423271656, 0.2027533520013094, 0.20233873836696148, 0.1980582159012556]",0.2139627163484149,0.1959207691169788,0.6774159081090503,0.702037014549123,0.30991486710042304,0.29589561576504103,0.11801056559640673,0.09594592246891662,0.6113587666297482,0.6400916430182755,0.7539323593885641,0.7848578297959071,0.42976519471438224,0.6480932305003984,0.42773946946972274,0.8108761591780098,0.431144766466532,2.4397146701812744,0.049599608188145794,0.09234374761581421,28.330486178398132,74.64205932617188,0.4308534512296319,1.3718081712722778,76.43926369899964,17.138935824999862,0.8028691340005025,49,76,26,4.266122448979543,151,678.8344370860927,-0.13409772640537396,5.831736121625894,0.26763774879142205,0.4255540638016365,0.09429723827434912,0.04897768990196905,0.34687519553601076,0.16741100262891861,-0.6490066225165563,0.0006226979462530168,86,-0.6211996407492324,4.1647030983270295,65,0.5103755756495771,8.037349044759772,/home/haowei/Documents/End2Race/post-trained/ppo_privilege_mlp_0721_base/checkpoints/actor_u0018.pth,/home/haowei/Documents/End2Race/post-trained/ppo_privilege_mlp_0721_base/checkpoints/critic_u0018.pt,privilege_mlp,privilege_mlp,0.32450331125827814,0.5033112582781457,"[-0.6232367753982544, -1.0, -1.0, -0.9815211892127991, -1.0, -0.9999998807907104, 0.0, -1.0, -1.0, 0.0, 0.0, 0.0, -1.0, -0.6635343432426453, -0.6263569593429565, -0.6548042893409729, -0.9714643955230713, 0.23718532919883728, -1.0, -1.0]","[1.0, 1.0, 0.2521226108074188, 1.0, 1.0, 1.0, 0.7786761522293091, 1.0, 1.0, 0.9756406545639038, 0.9893282055854797, 0.8178713917732239, 0.9166865348815918, 0.6017707586288452, 1.0, 1.0, 0.9136819839477539, 1.0, 1.0, 1.0]","[0.04485587030649185, -0.024500779807567596, -0.1622360199689865, 0.026487436145544052, 0.04872521758079529, 0.845468282699585, 0.5098707675933838, -0.019526762887835503, 0.002220614580437541, 0.6473498344421387, 0.5051605105400085, 0.7687177062034607, -0.02464422956109047, 0.0027272829320281744, 0.9230324625968933, 0.8583770990371704, 0.02485966496169567, 0.9414761066436768, -0.023667113855481148, -0.029534712433815002]","[0.4269888997077942, 0.44967642426490784, 0.21288707852363586, 0.24232546985149384, 0.3743666112422943, 0.3778556287288666, 0.1663954257965088, 0.18982820212841034, 0.18265403807163239, 0.2715347409248352, 0.3093266189098358, 0.04991785064339638, 0.21590279042720795, 0.09804505854845047, 0.15370021760463715, 0.201125830411911, 0.32915258407592773, 0.06878391653299332, 0.40271809697151184, 0.40549248456954956]","[0.0, 0.057978515625, 0.001064453125, 0.0, 1.953125e-05, 2.9296875e-05, 0.0, 0.00091796875, 4.8828125e-05, 0.052587890625, 0.110146484375, 0.0001953125, 0.003271484375, 0.0, 0.0, 0.0, 0.0, 0.0, 0.0535546875, 0.0578125]","[0.092685546875, 0.047412109375, 0.0, 0.00029296875, 0.00013671875, 0.016259765625, 0.0, 9.765625e-05, 0.000673828125, 0.0, 0.0, 0.0, 0.0, 0.0, 0.58697265625, 0.41302734375, 0.0, 0.001982421875, 0.0221484375, 0.020166015625]","[0.09880859375, 0.048271484375, 0.0, 0.000341796875, 0.019052734375, 0.681630859375, 0.0, 0.00021484375, 0.0012109375, 0.04060546875, 0.05568359375, 0.0, 0.0, 0.0, 0.6948828125, 0.52671875, 0.0, 0.60970703125, 0.024560546875, 0.0223828125]","[0.093876953125, 0.047626953125, 0.0, 0.000302734375, 0.00771484375, 0.52982421875, 0.0, 0.000107421875, 0.000751953125, 0.0, 0.0, 0.0, 0.0, 0.0, 0.61103515625, 0.437451171875, 0.0, 0.306533203125, 0.022587890625, 0.02060546875]"
formal,19,priviledge_mlp,18,19,2048000,2048000,1945600,0.007052519240714261,0.2054762553423643,"[0.2086544968187809, 0.20867247506976128, 0.2062020730227232, 0.2031733337789774, 0.2006788980215788]",0.2054245917643242,0.20104273521457638,0.6463793487823326,0.6566592868292652,0.3059418652762038,0.3060107040778832,0.10490731825244459,0.09607476635126966,0.5801684247120988,0.5941782350107219,0.7475799873001066,0.74973839612254,0.43404934059406514,0.592772015801419,0.39397198141420176,0.7621487007359908,0.03511750788456993,0.43431612849235535,0.09207030991092324,0.3207031190395355,37.5823495388031,195.5399932861328,0.40627873577177526,1.009756088256836,77.91431490600007,17.264462156999798,0.8156546209993394,52,68,37,3.8019230769230368,157,660.9554140127389,-0.18450497176488226,4.14760299139523,0.3271181153623573,0.44593997139461056,0.08027897159947564,0.04610772557461443,0.34476031500520465,0.1329081013690031,-0.6624203821656051,0.00024699402651507806,89,-0.6710074495334715,2.463694061579942,68,0.4522409182557711,6.351542620124064,/home/haowei/Documents/End2Race/post-trained/ppo_privilege_mlp_0721_base/checkpoints/actor_u0019.pth,/home/haowei/Documents/End2Race/post-trained/ppo_privilege_mlp_0721_base/checkpoints/critic_u0019.pt,privilege_mlp,privilege_mlp,0.33121019108280253,0.43312101910828027,"[-0.6490665078163147, -1.0, -1.0, -0.9731641411781311, -0.9999996423721313, -0.9999927878379822, 0.0, -1.0, -1.0, 0.0, 0.0, 0.0, -1.0, -0.7926569581031799, -0.6092389225959778, -0.5945919156074524, -0.9183946251869202, 0.350390762090683, -1.0, -1.0]","[1.0, 1.0, 0.2715115249156952, 1.0, 0.9999995827674866, 1.0, 0.8018566370010376, 1.0, 1.0, 0.9759387373924255, 0.9886072874069214, 0.8142428398132324, 1.0, 0.5274949073791504, 1.0, 1.0, 0.9366036057472229, 1.0, 1.0, 1.0]","[-0.016311468556523323, -0.0038466656114906073, -0.1337621510028839, 0.012239784933626652, 0.021479547023773193, 0.8872413635253906, 0.522016704082489, -0.016700152307748795, 0.0005512046627700329, 0.6540974974632263, 0.5077555179595947, 0.7715528011322021, -0.020726095885038376, 0.0019609772134572268, 0.9204925298690796, 0.8626048564910889, 0.028644338250160217, 0.9415231347084045, -0.023000743240118027, -0.028834722936153412]","[0.40679731965065, 0.41973137855529785, 0.18282048404216766, 0.25645267963409424, 0.35759681463241577, 0.291012167930603, 0.16189777851104736, 0.1863085776567459, 0.17212463915348053, 0.27455949783325195, 0.29574063420295715, 0.04563773795962334, 0.21087196469306946, 0.093465156853199, 0.1564733386039734, 0.19318139553070068, 0.32881689071655273, 0.06829660385847092, 0.385256826877594, 0.390300452709198]","[0.0, 0.03314453125, 0.000322265625, 0.0, 3.90625e-05, 0.0, 0.0, 0.000556640625, 0.000126953125, 0.0561328125, 0.10701171875, 8.7890625e-05, 0.00259765625, 0.0, 0.0, 0.0, 0.0, 0.0, 0.050625, 0.05564453125]","[0.067109375, 0.033818359375, 0.0, 0.000146484375, 2.9296875e-05, 0.017314453125, 0.0, 0.0003125, 0.000146484375, 0.0, 0.0, 0.0, 9.765625e-05, 0.0, 0.574853515625, 0.42515625, 0.0, 0.001904296875, 0.0199609375, 0.01873046875]","[0.072958984375, 0.03552734375, 0.0, 0.00025390625, 0.0148828125, 0.716357421875, 0.0, 0.000439453125, 0.00037109375, 0.030830078125, 0.03490234375, 0.0, 0.000244140625, 0.0, 0.68474609375, 0.534580078125, 0.0, 0.609658203125, 0.022255859375, 0.020771484375]","[0.0682421875, 0.03427734375, 0.0, 0.000166015625, 0.005869140625, 0.56255859375, 0.0, 0.00033203125, 0.000185546875, 0.0, 0.0, 0.0, 0.000224609375, 0.0, 0.5981640625, 0.44830078125, 0.0, 0.289736328125, 0.0203515625, 0.01908203125]"
formal,20,priviledge_mlp,19,20,2150400,2150400,2048000,0.005450373932909258,0.1791684715077281,"[0.1808027271181345, 0.1795671610161662, 0.17962829489260912, 0.17922449856996536, 0.1766196759417653]",0.180091996544529,0.17581658649850873,0.6638272482943641,0.6734456517455584,0.2712121456209657,0.2838553530919208,0.0889718474680923,0.06777781990509663,0.5927337697722755,0.5988132401013067,0.7774667158233657,0.7992051009723162,0.5125749916939639,0.5683913970284279,0.4698660822173224,0.7299406887548041,0.14436727076623357,1.4722648859024048,0.1540283167269081,0.41234374046325684,82.23346012830734,216.34829711914062,0.4843306798487902,0.9431113004684448,78.5358409090004,16.812034109001615,0.7951184289995581,38,72,35,4.517894736842051,145,708.744827586207,-0.010953824387962193,4.500107274588114,0.37597961934439633,0.4539267734318916,0.06508605353933088,0.039624591400013155,0.37249684360105073,0.14072627080855857,-0.5241379310344828,-3.9007763088724135e-05,79,-0.47028318093800725,3.3868252562562997,66,0.5388494963310312,5.83267211471256,/home/haowei/Documents/End2Race/post-trained/ppo_privilege_mlp_0721_base/checkpoints/actor_u0020.pth,/home/haowei/Documents/End2Race/post-trained/ppo_privilege_mlp_0721_base/checkpoints/critic_u0020.pt,privilege_mlp,privilege_mlp,0.2620689655172414,0.496551724137931,"[-0.6555761694908142, -1.0, -1.0, -0.9184805750846863, -0.9999992251396179, -0.8895053267478943, 0.0, -1.0, -0.8912603259086609, 0.0, 0.0, 0.265380859375, -1.0, -0.5959699153900146, -0.4213521480560303, -0.2364121377468109, -0.904460608959198, 0.42655718326568604, -1.0, -1.0]","[1.0, 1.0, 0.3323969841003418, 0.919662356376648, 1.0, 1.0, 0.7897732257843018, 1.0, 1.0, 0.9749135971069336, 0.9893556833267212, 0.8204110264778137, 0.9930770993232727, 0.5428277254104614, 1.0, 1.0, 0.9012001156806946, 1.0, 1.0, 1.0]","[-0.023041624575853348, 0.01884225197136402, -0.1280786693096161, 0.02840997278690338, 0.04164895415306091, 0.8947702050209045, 0.520531177520752, -0.01533374935388565, 0.007197303231805563, 0.6661746501922607, 0.4861040413379669, 0.7701644897460938, -0.018437813967466354, 0.0027091000229120255, 0.9245133996009827, 0.846575140953064, 0.03714548423886299, 0.9425373673439026, -0.01342014316469431, -0.018779955804347992]","[0.39115601778030396, 0.4100222885608673, 0.1855473518371582, 0.2435225248336792, 0.34092751145362854, 0.2857358157634735, 0.16541461646556854, 0.18087860941886902, 0.16917434334754944, 0.24932265281677246, 0.30922189354896545, 0.042223505675792694, 0.20441459119319916, 0.09403253346681595, 0.15426713228225708, 0.20947277545928955, 0.32491177320480347, 0.06888126581907272, 0.3747313320636749, 0.3796955943107605]","[0.0, 0.043623046875, 0.001611328125, 0.0, 1.953125e-05, 0.0, 0.0, 0.001181640625, 0.0, 0.038798828125, 0.11974609375, 0.0, 0.003779296875, 0.0, 0.0, 0.0, 0.0, 0.0, 0.048115234375, 0.052255859375]","[0.061435546875, 0.023662109375, 0.0, 0.0, 7.8125e-05, 0.01966796875, 0.0, 0.000126953125, 0.00017578125, 0.0, 0.0, 0.0, 0.0, 0.0, 0.600029296875, 0.399970703125, 0.0, 0.001650390625, 0.015556640625, 0.014921875]","[0.06609375, 0.02486328125, 0.0, 0.0, 0.016416015625, 0.732412109375, 0.0, 0.000205078125, 0.0009765625, 0.02875, 0.03447265625, 0.0, 7.8125e-05, 0.0, 0.71458984375, 0.516103515625, 0.0, 0.627294921875, 0.017587890625, 0.01654296875]","[0.062353515625, 0.023896484375, 0.0, 0.0, 0.005615234375, 0.586591796875, 0.0, 0.000126953125, 0.000302734375, 0.0, 0.0, 0.0, 7.8125e-05, 0.0, 0.625068359375, 0.425400390625, 0.0, 0.32009765625, 0.01583984375, 0.0153125]"
formal,1,privilege_gru,0,1,204800,204800,102400,0.014013298388745321,0.18043815083801745,"[0.20987209118902683, 0.16669010370969772, 0.19012890756130219, 0.17180294450372458, 0.163696707226336]",0.22842687677454587,0.17396116385642058,0.10238142722100074,0.6211697350443632,0.34710617631484125,0.18860901186375695,0.10974757723425047,0.15931331584908423,0.11889119774380263,0.6038145037468354,0.027927670144681782,0.5865283103675676,-0.34183769637196176,0.37809008810892236,-0.06262214250085663,0.5033996589338218,0.18558810801885556,2.3920912742614746,0.20425780746154487,0.6774218678474426,101.5652751326561,296.24932861328125,2.5946134328842163,6.131119251251221,91.89117338599863,17.589243274000182,52.57464007300041,54,66,39,3.556666666666632,159,649.0943396226415,-0.23055848805200252,3.503862829655375,0.3090019532907204,0.43090997908191037,0.08736558703054961,0.04760752061569831,0.3284134787783901,0.12027644987074954,-0.6792452830188679,-3.133682274248001e-06,94,-0.7836086370903732,1.7935366908688255,65,0.5692371120957951,5.977257553439001,/home/haowei/Documents/End2Race/post-trained/ppo_privilege_gru_0721_base/checkpoints/actor_u0001.pth,/home/haowei/Documents/End2Race/post-trained/ppo_privilege_gru_0721_base/checkpoints/critic_u0001.pt,privilege_gru,privilege_gru / bs12800 / clip0.15,0.33962264150943394,0.41509433962264153,"[-0.7974785566329956, -1.0, -1.0, -0.9765022993087769, -0.9999999403953552, -0.9999996423721313, 0.0, -1.0, -1.0, 0.0, 0.0, 0.0, -1.0, -0.5856860876083374, -0.6494864821434021, -0.69828861951828, -0.9236561059951782, 0.3832223117351532, -1.0, -1.0]","[1.0, 1.0, 0.28984126448631287, 0.942678689956665, 0.9999998807907104, 1.0, 0.7654470801353455, 1.0, 1.0, 0.9768145084381104, 0.988070547580719, 0.8148320317268372, 1.0, 0.5401376485824585, 1.0, 1.0, 0.8903282880783081, 1.0, 1.0, 1.0]","[-0.03858690708875656, -0.011733190156519413, -0.1257549226284027, 0.015296664088964462, 0.01985001564025879, 0.8845710754394531, 0.5024722814559937, -0.01501957792788744, 0.003104428295046091, 0.6390272974967957, 0.516420304775238, 0.7681918144226074, -0.018090801313519478, 0.002247783588245511, 0.9063897728919983, 0.8758354187011719, 0.017795654013752937, 0.9404789805412292, -0.014011365361511707, -0.019495807588100433]","[0.3831804692745209, 0.43202710151672363, 0.1815650314092636, 0.2464214414358139, 0.3481878340244293, 0.31002676486968994, 0.15550093352794647, 0.18244846165180206, 0.17121689021587372, 0.27460232377052307, 0.29515355825424194, 0.05248052999377251, 0.20928266644477844, 0.08951404690742493, 0.17899273335933685, 0.18756459653377533, 0.33275288343429565, 0.06720450520515442, 0.39347463846206665, 0.3980698585510254]","[0.0, 0.042119140625, 3.90625e-05, 0.0, 1.953125e-05, 9.765625e-06, 0.0, 0.00080078125, 0.000107421875, 0.0567578125, 0.099853515625, 3.90625e-05, 0.00216796875, 0.0, 0.0, 0.0, 0.0, 0.0, 0.049921875, 0.05484375]","[0.05279296875, 0.03470703125, 0.0, 0.0, 9.765625e-06, 0.01578125, 0.0, 0.000185546875, 0.0005078125, 0.0, 0.0, 0.0, 0.000107421875, 0.0, 0.531328125, 0.468681640625, 0.0, 0.00166015625, 0.02037109375, 0.01916015625]","[0.0578125, 0.037197265625, 0.0, 0.0, 0.0091796875, 0.71490234375, 0.0, 0.0002734375, 0.00078125, 0.0205859375, 0.036357421875, 0.0, 0.00013671875, 0.0, 0.648369140625, 0.5808984375, 0.0, 0.59552734375, 0.02294921875, 0.021279296875]","[0.05373046875, 0.0351953125, 0.0, 0.0, 0.002314453125, 0.55138671875, 0.0, 0.000205078125, 0.00052734375, 0.0, 0.0, 0.0, 0.000126953125, 0.0, 0.556201171875, 0.4928125, 0.0, 0.275830078125, 0.020859375, 0.019638671875]"
formal,2,privilege_gru,1,2,307200,307200,204800,0.0025042251959543904,0.08123895628377795,"[0.10307869128882885, 0.09297303762286901, 0.08502770960330963, 0.0701916185207665, 0.05492372438311577]",0.11057521156029715,0.06870094330424868,0.5536425659976361,0.7735511675359874,0.15817760948132095,0.083215387902762,0.06297281363927337,0.05418649870573536,0.4887186175565985,0.7572819336955028,0.7005592309639517,0.7958642557636563,-0.41192211000642487,0.42448180092182347,-0.27858348698022267,0.47420555617821125,0.005739051477285102,0.015216964296996593,0.09640624839812517,0.2292187511920929,29.423925265669823,60.46196746826172,0.9238204680383205,2.048098564147949,93.43062116799956,17.257503182998335,51.48819267500039,41,58,49,3.589024390243867,148,677.8040540540541,-0.09642483765085201,3.2926907355923567,0.4273693713651409,0.44045122986773677,0.10223408787329101,0.04733861932622194,0.3411835265277999,0.1160225163990411,-0.5540540540540541,0.0004231734763610684,84,-0.5420704704038248,2.754616495486525,64,0.488485055337425,3.998913175731261,/home/haowei/Documents/End2Race/post-trained/ppo_privilege_gru_0721_base/checkpoints/actor_u0002.pth,/home/haowei/Documents/End2Race/post-trained/ppo_privilege_gru_0721_base/checkpoints/critic_u0002.pt,privilege_gru,privilege_gru / bs12800 / clip0.15,0.27702702702702703,0.3918918918918919,"[-0.6293599009513855, -1.0, -1.0, -0.9577618837356567, -1.0, -0.8927534222602844, 0.0, -1.0, -0.970978856086731, 0.0, 0.0, 0.0, -1.0, -0.6083583831787109, -0.5298723578453064, -0.37290751934051514, -0.9716368913650513, 0.236477792263031, -1.0, -1.0]","[1.0, 1.0, 0.26365381479263306, 1.0, 1.0, 1.0, 0.7720281481742859, 1.0, 1.0, 0.9794126749038696, 0.9861988425254822, 0.8147993683815002, 1.0, 0.5125770568847656, 1.0, 1.0, 0.90792316198349, 1.0, 1.0, 1.0]","[-0.043686043471097946, -0.002042172010987997, -0.11346334218978882, 0.0050975908525288105, 0.0095395902171731, 0.9025782942771912, 0.5031721591949463, -0.009973273612558842, 0.004127282649278641, 0.6482464671134949, 0.46348315477371216, 0.7703770399093628, -0.012604551389813423, -0.0006976831937208772, 0.8964784741401672, 0.8886720538139343, 0.010495418682694435, 0.939647912979126, -0.0069406479597091675, -0.012403838336467743]","[0.37967509031295776, 0.39056235551834106, 0.17004257440567017, 0.24587562680244446, 0.3487526774406433, 0.25269150733947754, 0.15836624801158905, 0.17805807292461395, 0.16788488626480103, 0.2648390531539917, 0.3032180070877075, 0.0489448681473732, 0.20759472250938416, 0.08633336424827576, 0.18771418929100037, 0.18072770535945892, 0.3348025977611542, 0.07051807641983032, 0.3857704699039459, 0.3906327486038208]","[0.0, 0.02806640625, 0.001884765625, 0.0, 6.8359375e-05, 0.0, 0.0, 0.000361328125, 0.0, 0.045107421875, 0.11568359375, 9.765625e-06, 0.002060546875, 0.0, 0.0, 0.0, 0.0, 0.0, 0.04884765625, 0.053408203125]","[0.05732421875, 0.0305859375, 0.0, 0.00017578125, 1.953125e-05, 0.01873046875, 0.0, 0.000283203125, 0.000146484375, 0.0, 0.0, 0.0, 0.000185546875, 0.0, 0.499072265625, 0.5009375, 0.0, 0.001591796875, 0.0232421875, 0.022470703125]","[0.0618359375, 0.032001953125, 0.0, 0.00025390625, 0.0125390625, 0.724697265625, 0.0, 0.000419921875, 0.000283203125, 0.027548828125, 0.028916015625, 0.0, 0.0003515625, 0.0, 0.627724609375, 0.612431640625, 0.0, 0.6058203125, 0.0259765625, 0.02484375]","[0.05828125, 0.030849609375, 0.0, 0.000185546875, 0.003486328125, 0.588232421875, 0.0, 0.000302734375, 0.000166015625, 0.0, 0.0, 0.0, 0.000322265625, 0.0, 0.526591796875, 0.526650390625, 0.0, 0.2921484375, 0.023701171875, 0.022998046875]"
formal,3,privilege_gru,2,3,409600,409600,307200,0.002000734939065829,0.14330009296536445,"[0.14452865906059742, 0.16626009531319141, 0.12983624543994665, 0.16638008411973715, 0.10949538089334965]",0.1485269746824507,0.08911907437266738,0.4669404421021468,0.7001117745923758,0.22003578945066735,0.12640905078579073,0.07701815991423412,0.05182909795954405,0.35347961609664835,0.6508638868650578,0.6320217127169866,0.7002940366194352,-0.22703645698701622,0.4640916836438036,-0.3057774911819166,0.5258321326489988,0.10286644230422098,0.8599998354911804,0.07893066154792905,0.1961718648672104,43.245581328868866,113.53363037109375,2.063640411198139,6.286658763885498,92.64519099900099,17.647263433000262,52.69052344500051,63,64,32,4.206190476190426,159,649.6792452830189,-0.32244562360956486,4.177056141827316,0.2947445831165943,0.43390675632943554,0.09872791987455612,0.0539147796403971,0.33614238265472146,0.1332807718188274,-0.7924528301886793,0.0005840521055653968,92,-0.865147960017134,2.3847271463669704,67,0.4227575845918734,6.638164613205701,/home/haowei/Documents/End2Race/post-trained/ppo_privilege_gru_0721_base/checkpoints/actor_u0003.pth,/home/haowei/Documents/End2Race/post-trained/ppo_privilege_gru_0721_base/checkpoints/critic_u0003.pt,privilege_gru,privilege_gru / bs12800 / clip0.15,0.39622641509433965,0.4025157232704403,"[-0.6995760798454285, -1.0, -1.0, -1.0, -0.9999999403953552, -0.9999998211860657, 0.0, -1.0, -0.9674186110496521, 0.0, 0.0, 0.0, -1.0, -0.567284107208252, -0.6148625016212463, -0.7528119683265686, -0.9106338024139404, 0.4132143557071686, -1.0, -1.0]","[1.0, 1.0, 0.3346935212612152, 0.9260438680648804, 0.9999999403953552, 1.0, 0.7777864933013916, 1.0, 1.0, 0.9744946956634521, 0.9893630743026733, 0.8204665780067444, 1.0, 0.49760785698890686, 1.0, 1.0, 0.9048219323158264, 1.0, 1.0, 1.0]","[-0.003711773082613945, -0.005626032128930092, -0.13811148703098297, 0.020973455160856247, 0.022261423990130424, 0.8867689371109009, 0.5147976279258728, -0.019211530685424805, 0.003732973011210561, 0.6481075286865234, 0.5127409100532532, 0.7696270942687988, -0.02318700961768627, 0.0022705448791384697, 0.8885751962661743, 0.8860605359077454, 0.006247035693377256, 0.9394302368164062, -0.029650550335645676, -0.0343942753970623]","[0.41157132387161255, 0.4248802959918976, 0.18461868166923523, 0.2573646008968353, 0.36104816198349, 0.2880897521972656, 0.16175051033496857, 0.18481992185115814, 0.17449279129505157, 0.2776692807674408, 0.29594239592552185, 0.05244501307606697, 0.21098360419273376, 0.09445078670978546, 0.19484299421310425, 0.17899389564990997, 0.33593806624412537, 0.06806783378124237, 0.38935336470603943, 0.3940693438053131]","[0.0, 0.040185546875, 0.001640625, 2.9296875e-05, 0.00013671875, 9.765625e-06, 0.0, 0.000458984375, 0.0, 0.059091796875, 0.104013671875, 5.859375e-05, 0.00173828125, 0.0, 0.0, 0.0, 0.0, 0.0, 0.053740234375, 0.05875]","[0.06966796875, 0.031669921875, 0.0, 0.0, 6.8359375e-05, 0.01560546875, 0.0, 7.8125e-05, 0.0003515625, 0.0, 0.0, 0.0, 7.8125e-05, 0.0, 0.4900390625, 0.5099609375, 0.0, 0.001748046875, 0.01583984375, 0.0153515625]","[0.076240234375, 0.033955078125, 0.0, 0.0, 0.010771484375, 0.6937109375, 0.0, 0.000166015625, 0.000517578125, 0.0323828125, 0.042724609375, 0.0, 0.000185546875, 0.0, 0.60275390625, 0.604912109375, 0.0, 0.59001953125, 0.0177734375, 0.01703125]","[0.07087890625, 0.032119140625, 0.0, 0.0, 0.004462890625, 0.542822265625, 0.0, 9.765625e-05, 0.00037109375, 0.0, 0.0, 0.0, 0.000166015625, 0.0, 0.5123828125, 0.531806640625, 0.0, 0.277265625, 0.016142578125, 0.015751953125]"
formal,4,privilege_gru,3,4,512000,512000,409600,0.005776745468174339,0.10867719147354364,"[0.12869879137724638, 0.12119149137288332, 0.13756487518548965, 0.08146051876246929, 0.07447028066962957]",0.12803494725243278,0.08532775202232953,0.6403170669352906,0.8212522305310981,0.1916477602299674,0.1182545149285451,0.06442213427489811,0.05240098911611396,0.541124102494996,0.7794700312331896,0.7097592943269977,0.7611433245796937,-0.11958534777600277,0.5466957807568114,-0.2676761596475194,0.5955436116629649,0.3748586910657468,2.378282308578491,0.188012687896844,0.349921852350235,96.56992954015732,172.8115234375,1.5419982008635997,4.855513572692871,93.58255148599892,17.81880844999978,53.00445629400019,68,60,32,4.1842647058823035,160,637.83125,-0.4101708278491877,3.297867928199827,0.269053852619832,0.4570198788093573,0.10761152214751266,0.05635725320580106,0.32382650697499066,0.11566141391077371,-0.85,0.00034125126504792874,95,-1.0272961690462603,1.6138177191412655,65,0.4917815939003801,5.759172079900802,/home/haowei/Documents/End2Race/post-trained/ppo_privilege_gru_0721_base/checkpoints/actor_u0004.pth,/home/haowei/Documents/End2Race/post-trained/ppo_privilege_gru_0721_base/checkpoints/critic_u0004.pt,privilege_gru,privilege_gru / bs12800 / clip0.15,0.425,0.375,"[-0.7167497277259827, -1.0, -1.0, -1.0, -1.0, -0.9999985098838806, 0.0, -1.0, -1.0, 0.0, 0.0, 0.18336093425750732, -1.0, -0.5265688300132751, -0.5669983625411987, -0.21434104442596436, -0.9236265420913696, 0.3832935690879822, -1.0, -1.0]","[1.0, 1.0, 0.27222099900245667, 0.920504093170166, 0.9999998211860657, 1.0, 0.7942387461662292, 1.0, 1.0, 0.9734410047531128, 0.9882465600967407, 0.8172577023506165, 0.9166865348815918, 0.4788101315498352, 1.0, 1.0, 0.9105383157730103, 1.0, 1.0, 1.0]","[-0.055714406073093414, -0.06509438902139664, -0.1199527159333229, 0.002978719538077712, 0.00847491342574358, 0.8962867856025696, 0.507891058921814, -0.013045907020568848, 0.004022086970508099, 0.6360476016998291, 0.5069511532783508, 0.7725464701652527, -0.01573488861322403, 0.0008533476502634585, 0.8954502940177917, 0.8948987722396851, 0.002974676201120019, 0.9407727718353271, -0.013412504456937313, -0.019633106887340546]","[0.3619222640991211, 0.4121599495410919, 0.1719508171081543, 0.2502952814102173, 0.348922461271286, 0.2740439474582672, 0.16054783761501312, 0.17498235404491425, 0.1650080382823944, 0.2752475440502167, 0.2938768267631531, 0.04573468491435051, 0.20245419442653656, 0.08919519931077957, 0.17825138568878174, 0.17130616307258606, 0.33245038986206055, 0.06716831028461456, 0.3901093006134033, 0.39356014132499695]","[0.0, 0.03451171875, 0.0003515625, 0.0001953125, 4.8828125e-05, 0.0, 0.0, 0.00029296875, 1.953125e-05, 0.05861328125, 0.100166015625, 0.0, 0.0016015625, 0.0, 0.0, 0.0, 0.0, 0.0, 0.049609375, 0.053125]","[0.0463671875, 0.0298828125, 0.0, 0.0, 5.859375e-05, 0.01625, 0.0, 4.8828125e-05, 9.765625e-05, 0.0, 0.0, 0.0, 0.0, 0.0, 0.493798828125, 0.5062109375, 0.0, 0.001591796875, 0.0172265625, 0.015185546875]","[0.049912109375, 0.031083984375, 0.0, 0.0, 0.00791015625, 0.718564453125, 0.0, 9.765625e-05, 0.000166015625, 0.015830078125, 0.029541015625, 0.0, 0.0, 0.0, 0.608115234375, 0.616748046875, 0.0, 0.599423828125, 0.019541015625, 0.017041015625]","[0.0470703125, 0.030126953125, 0.0, 0.0, 0.00359375, 0.559072265625, 0.0, 4.8828125e-05, 0.000126953125, 0.0, 0.0, 0.0, 0.0, 0.0, 0.5182421875, 0.529931640625, 0.0, 0.2712109375, 0.017568359375, 0.0155078125]"
formal,5,privilege_gru,4,5,614400,614400,512000,0.00018505691665721136,0.13429793063551188,"[0.140210323035717, 0.15789456758648157, 0.11880478728562593, 0.11079006502404809, 0.14378991024568677]",0.11865415632705972,0.12939849064483527,0.6682971110764591,0.8176774137772385,0.18682745070624374,0.13299286024801799,0.05048086194787568,0.1258041210416526,0.5545960425578245,0.768537452957987,0.6641326775471069,0.7859791521240712,-0.36694311474599317,0.49244851903381875,-0.11340770348484966,0.5976284223241536,0.0034106669222455817,0.02034442126750946,0.03796874889667379,0.08023437112569809,24.479503989219666,75.59945678710938,2.192218316346407,5.8890700340271,93.65764945199771,17.668143988001248,52.59631369300041,52,65,39,3.7282692307691914,156,657.6089743589744,-0.2137920084170487,3.2954871800693653,0.34359694692278,0.4222158851835388,0.08726414702623558,0.047064824102893796,0.3364388700952324,0.11664037667165018,-0.6666666666666666,-0.00020458851726452037,92,-0.7447193400656033,2.2300558477096977,64,0.5494160308277487,4.827044720336389,/home/haowei/Documents/End2Race/post-trained/ppo_privilege_gru_0721_base/checkpoints/actor_u0005.pth,/home/haowei/Documents/End2Race/post-trained/ppo_privilege_gru_0721_base/checkpoints/critic_u0005.pt,privilege_gru,privilege_gru / bs12800 / clip0.15,0.3333333333333333,0.4166666666666667,"[-0.6954033374786377, -1.0, -1.0, -1.0, -0.9999998807907104, -0.9999959468841553, 0.0, -1.0, -1.0, 0.0, 0.0, 0.0, -1.0, -0.5334944128990173, -0.6511170864105225, -0.2915312945842743, -0.9999335408210754, 0.011530561372637749, -1.0, -1.0]","[1.0, 1.0, 0.2704588770866394, 0.9439586400985718, 1.0, 1.0, 0.7725503444671631, 1.0, 1.0, 0.9766445159912109, 0.9883484244346619, 0.817017674446106, 1.0, 1.0, 1.0, 1.0, 0.8899892568588257, 1.0, 1.0, 1.0]","[-0.057260990142822266, 0.050848111510276794, -0.11652126908302307, -0.0001868920517154038, 0.002375807845965028, 0.9048090577125549, 0.5082585215568542, -0.016462579369544983, 0.002333951648324728, 0.6414077877998352, 0.5169625282287598, 0.7701026201248169, -0.019498931244015694, 0.0015915196854621172, 0.9142058491706848, 0.8650920391082764, 0.02642066404223442, 0.9410914778709412, -0.0187099426984787, -0.024578185752034187]","[0.3771374225616455, 0.4072261452674866, 0.165810689330101, 0.25585705041885376, 0.35147616267204285, 0.24081562459468842, 0.16101214289665222, 0.17758214473724365, 0.16426678001880646, 0.27888306975364685, 0.29066202044487, 0.0516846589744091, 0.20500098168849945, 0.08793654292821884, 0.1740165650844574, 0.19030806422233582, 0.32984068989753723, 0.0701582133769989, 0.38591039180755615, 0.39062708616256714]","[0.0, 0.023466796875, 0.000126953125, 0.000322265625, 2.9296875e-05, 0.0, 0.0, 0.000390625, 1.953125e-05, 0.05892578125, 0.1041796875, 5.859375e-05, 0.001435546875, 0.0, 0.0, 0.0, 0.0, 0.0, 0.050224609375, 0.05443359375]","[0.05421875, 0.03287109375, 0.0, 0.0, 9.765625e-06, 0.0171875, 0.0, 3.90625e-05, 9.765625e-06, 0.0, 0.0, 0.0, 9.765625e-06, 2.9296875e-05, 0.554072265625, 0.445947265625, 0.0, 0.002001953125, 0.015888671875, 0.0148046875]","[0.059306640625, 0.034873046875, 0.0, 0.0, 0.0101171875, 0.71533203125, 0.0, 6.8359375e-05, 9.765625e-05, 0.026875, 0.0291796875, 0.0, 4.8828125e-05, 7.8125e-05, 0.669765625, 0.54533203125, 0.0, 0.611044921875, 0.01798828125, 0.016572265625]","[0.055244140625, 0.03330078125, 0.0, 0.0, 0.003369140625, 0.555517578125, 0.0, 4.8828125e-05, 1.953125e-05, 0.0, 0.0, 0.0, 4.8828125e-05, 3.90625e-05, 0.577763671875, 0.469453125, 0.0, 0.30744140625, 0.01623046875, 0.015146484375]"
formal,6,privilege_gru,5,6,716800,716800,614400,0.004031428864127523,0.0831951791420579,"[0.10057992581278086, 0.09281480312347412, 0.06912767048925161, 0.07971962494775653, 0.07373387133702636]",0.09328875295790112,0.04627428527824841,0.7138602076673269,0.8475376182722726,0.13528161361193972,0.06702698454212544,0.0512958923038625,0.02552158601437139,0.6497369767121657,0.8265588086616389,0.6977499604899382,0.7914159920101751,-0.26280629604263994,0.5105672029454459,-0.2901911950211524,0.5464375546740555,0.030059676782693712,0.30947551131248474,0.1238818330457434,0.3153125047683716,92.1497437953949,199.40211486816406,1.4313657566905023,3.4758081436157227,95.90374643099858,17.521783164000226,52.42464237800232,47,64,42,3.3744680851063498,153,657.9084967320262,-0.16849197400751564,3.5627729724351367,0.36484643759641505,0.47623946525935806,0.09076917294681035,0.04540734240826575,0.32855397624922195,0.11750296354551136,-0.6143790849673203,-0.0001698288349286818,89,-0.6561054914680434,2.4861239111157083,64,0.5095955737110307,5.059988073332468,/home/haowei/Documents/End2Race/post-trained/ppo_privilege_gru_0721_base/checkpoints/actor_u0006.pth,/home/haowei/Documents/End2Race/post-trained/ppo_privilege_gru_0721_base/checkpoints/critic_u0006.pt,privilege_gru,privilege_gru / bs12800 / clip0.15,0.30718954248366015,0.41830065359477125,"[-0.6969818472862244, -1.0, -0.9777782559394836, -0.9211987257003784, -1.0, -0.9999964237213135, 0.0, -1.0, -1.0, 0.0, 0.0, 0.0, -1.0, -0.6170256733894348, -0.5988654494285583, -0.2020568549633026, -0.8863645195960999, 0.4125490188598633, -1.0, -1.0]","[1.0, 1.0, 0.28688281774520874, 0.8675844073295593, 1.0, 1.0, 0.7749639749526978, 1.0, 1.0, 0.9750024080276489, 0.9867845773696899, 0.8176749348640442, 1.0, 0.4707152545452118, 1.0, 1.0, 0.9109354019165039, 1.0, 1.0, 1.0]","[-0.04882979393005371, -0.0219139214605093, -0.12093044072389603, 0.02503899298608303, 0.03965733200311661, 0.8959435820579529, 0.4987344741821289, -0.015032441355288029, 0.0029664377216249704, 0.6503609418869019, 0.48509854078292847, 0.774512767791748, -0.016646485775709152, 0.004548346623778343, 0.9219488501548767, 0.8798321485519409, 0.02085491642355919, 0.9420823454856873, -0.010569407604634762, -0.015796523541212082]","[0.38802507519721985, 0.4055880308151245, 0.17824195325374603, 0.23906102776527405, 0.3484022915363312, 0.27300363779067993, 0.16063843667507172, 0.17528191208839417, 0.16664986312389374, 0.273917019367218, 0.2995297908782959, 0.042361512780189514, 0.20299427211284637, 0.08426526188850403, 0.1491270214319229, 0.18574412167072296, 0.3279927670955658, 0.06752008944749832, 0.37895435094833374, 0.38272640109062195]","[0.0, 0.034921875, 0.0, 0.0, 4.8828125e-05, 0.0, 0.0, 0.00046875, 0.00017578125, 0.057587890625, 0.10837890625, 3.90625e-05, 0.001875, 0.0, 0.0, 0.0, 0.0, 0.0, 0.047197265625, 0.051123046875]","[0.061884765625, 0.02310546875, 0.0, 0.0, 3.90625e-05, 0.01650390625, 0.0, 0.000341796875, 0.000263671875, 0.0, 0.0, 0.0, 4.8828125e-05, 0.0, 0.53791015625, 0.46208984375, 0.0, 0.001650390625, 0.018701171875, 0.01765625]","[0.066328125, 0.025048828125, 0.0, 0.0, 0.013779296875, 0.724365234375, 0.0, 0.000400390625, 0.000478515625, 0.033154296875, 0.025791015625, 0.0, 0.00017578125, 0.0, 0.668486328125, 0.580322265625, 0.0, 0.61826171875, 0.02091796875, 0.019521484375]","[0.06271484375, 0.0234765625, 0.0, 0.0, 0.005556640625, 0.55654296875, 0.0, 0.0003515625, 0.0003125, 0.0, 0.0, 0.0, 0.00015625, 0.0, 0.5649609375, 0.4887890625, 0.0, 0.30185546875, 0.01904296875, 0.018017578125]"
formal,7,privilege_gru,6,7,819200,819200,716800,0.000668186348912414,0.08766973046585917,"[0.11871097609400749, 0.09806366823613644, 0.10039989184588194, 0.06397140864282846, 0.05720270751044154]",0.08642395322557414,0.052102615803311166,0.7360244795963866,0.8262161747941605,0.12491066493034232,0.0702727557985008,0.04793724152080596,0.03393247580812153,0.6629543745880987,0.8161644210183038,0.7817933781316444,0.7927693051352902,-0.11920778607430293,0.4613885098684484,-0.1307174178324658,0.54685512257896,0.0028983925475040417,0.005859386641532183,0.05023925669956952,0.1145312488079071,28.915089309215546,74.66773986816406,1.4159452255815268,4.1246442794799805,95.3674347979977,17.12025815800007,51.158744209998986,34,62,45,4.313529411764655,141,711.1063829787234,0.0006855048623736385,3.4354304995989757,0.4193679184287148,0.44093317495222234,0.07552729411872873,0.042262869194607595,0.36303055764755393,0.11956370143191605,-0.48226950354609927,0.0003607493290029439,77,-0.39251390491485305,2.5787021349810875,64,0.47375354475059955,4.4661818132798725,/home/haowei/Documents/End2Race/post-trained/ppo_privilege_gru_0721_base/checkpoints/actor_u0007.pth,/home/haowei/Documents/End2Race/post-trained/ppo_privilege_gru_0721_base/checkpoints/critic_u0007.pt,privilege_gru,privilege_gru / bs12800 / clip0.15,0.24113475177304963,0.4397163120567376,"[-0.6895849108695984, -1.0, -1.0, -1.0, -1.0, -0.9995567202568054, 0.0, -1.0, -1.0, 0.0, 0.0, 0.0, -1.0, -0.720845103263855, -0.5554895997047424, -0.5320029258728027, -0.9474668502807617, 0.31985390186309814, -1.0, -1.0]","[1.0, 1.0, 0.3225468099117279, 1.0, 1.0, 1.0, 0.7745511531829834, 1.0, 1.0, 0.9767236113548279, 0.9862734079360962, 0.8186918497085571, 0.8402960300445557, 0.5370662808418274, 1.0, 1.0, 0.90877366065979, 1.0, 1.0, 1.0]","[-0.04547791928052902, -0.040385227650403976, -0.11863698810338974, 0.02444337122142315, 0.03896978497505188, 0.8948260545730591, 0.5073708891868591, -0.01704307645559311, 0.00253179669380188, 0.6526591777801514, 0.4805273711681366, 0.7709593772888184, -0.020501310005784035, 0.0029691094532608986, 0.9132401943206787, 0.873020350933075, 0.016058873385190964, 0.9431549310684204, -0.022415341809391975, -0.0271760206669569]","[0.3888523578643799, 0.39936619997024536, 0.17452256381511688, 0.24312278628349304, 0.3486167788505554, 0.2765342891216278, 0.1611354500055313, 0.1739882081747055, 0.16838715970516205, 0.26836466789245605, 0.2966690957546234, 0.04849415645003319, 0.2028326839208603, 0.08463705331087112, 0.16753000020980835, 0.1857251077890396, 0.3247111141681671, 0.069184809923172, 0.3798637390136719, 0.38522475957870483]","[0.0, 0.041005859375, 0.000810546875, 0.000234375, 2.9296875e-05, 0.0, 0.0, 0.000234375, 0.00015625, 0.053984375, 0.118125, 6.8359375e-05, 0.001728515625, 0.0, 0.0, 0.0, 0.0, 0.0, 0.05060546875, 0.054755859375]","[0.05083984375, 0.0215625, 0.0, 0.000283203125, 8.7890625e-05, 0.016728515625, 0.0, 9.765625e-05, 3.90625e-05, 0.0, 0.0, 0.0, 0.0, 0.0, 0.554599609375, 0.445400390625, 0.0, 0.00169921875, 0.016357421875, 0.016005859375]","[0.056728515625, 0.02298828125, 0.0, 0.000322265625, 0.016455078125, 0.72126953125, 0.0, 0.000166015625, 0.00013671875, 0.02400390625, 0.027080078125, 0.0, 0.0, 0.0, 0.664326171875, 0.551474609375, 0.0, 0.62587890625, 0.018349609375, 0.0176953125]","[0.051884765625, 0.02185546875, 0.0, 0.00029296875, 0.00650390625, 0.56287109375, 0.0, 0.000107421875, 5.859375e-05, 0.0, 0.0, 0.0, 0.0, 0.0, 0.57833984375, 0.468115234375, 0.0, 0.315380859375, 0.016689453125, 0.016328125]"
formal,8,privilege_gru,7,8,921600,921600,819200,0.00043107337429315606,0.08324220860376955,"[0.11051598284393549, 0.0934417094103992, 0.08025252167135477, 0.06539645418524742, 0.06660437490791082]",0.09149235476399553,0.0430282479275363,0.6766203844370755,0.8485445320078497,0.14535107477812467,0.06491184212761297,0.03763363474986636,0.021144653727459627,0.6208392685501054,0.8337398069114065,0.6897439623247824,0.7935004767322192,-0.08955811771342553,0.48557577107118777,-0.10929616034539777,0.5305902717138291,0.06505299993601511,0.8403179049491882,0.03377929620910436,0.07640624791383743,22.823099672794342,53.36624526977539,1.1153161235153675,2.2685739994049072,96.50921833300163,17.393511350001063,52.01583822199973,42,64,44,4.223333333333285,150,694.2533333333333,-0.08668366518187197,3.4698324297720458,0.3868965232569633,0.4558507199922493,0.08142788613932557,0.03929876031910098,0.3517700249668851,0.12109243164088014,-0.56,0.0004538782103627238,86,-0.5481953682895975,2.756086650637652,64,0.5334726858691341,4.428928320483889,/home/haowei/Documents/End2Race/post-trained/ppo_privilege_gru_0721_base/checkpoints/actor_u0008.pth,/home/haowei/Documents/End2Race/post-trained/ppo_privilege_gru_0721_base/checkpoints/critic_u0008.pt,privilege_gru,privilege_gru / bs12800 / clip0.15,0.28,0.4266666666666667,"[-0.6120771765708923, -1.0, -1.0, -1.0, -1.0, -0.9999996423721313, 0.0, -1.0, -1.0, 0.0, 0.0, 0.0, -1.0, -0.5581989288330078, -0.5684943795204163, -0.5884404182434082, -0.9766033291816711, 0.21504876017570496, -1.0, -1.0]","[1.0, 1.0, 0.24090838432312012, 0.8944068551063538, 0.999999463558197, 1.0, 0.7670664191246033, 1.0, 1.0, 0.9733335375785828, 0.9893498420715332, 0.8187916278839111, 0.9930770993232727, 0.5933645963668823, 1.0, 1.0, 0.9126084446907043, 1.0, 1.0, 1.0]","[-0.05413318797945976, 0.015644995495676994, -0.11616934835910797, -0.010780323296785355, -0.01688116043806076, 0.8868103623390198, 0.5031018257141113, -0.024428000673651695, 0.002425801707431674, 0.6446683406829834, 0.49952536821365356, 0.7729113698005676, -0.030501713976264, 0.003400457790121436, 0.9208821058273315, 0.8741717338562012, 0.020721692591905594, 0.942551851272583, -0.042743802070617676, -0.049584679305553436]","[0.38315892219543457, 0.4180351197719574, 0.17796555161476135, 0.24927200376987457, 0.3478756546974182, 0.30408698320388794, 0.1564628779888153, 0.1756405234336853, 0.1668606400489807, 0.2743743062019348, 0.30434948205947876, 0.04406147450208664, 0.2071503847837448, 0.08509279787540436, 0.15748809278011322, 0.17878921329975128, 0.32654809951782227, 0.06785453110933304, 0.3746294677257538, 0.37820664048194885]","[0.0, 0.037001953125, 0.001845703125, 0.00017578125, 6.8359375e-05, 1.953125e-05, 0.0, 0.000546875, 7.8125e-05, 0.058115234375, 0.109052734375, 4.8828125e-05, 0.0037109375, 0.0, 0.0, 0.0, 0.0, 0.0, 0.0559375, 0.059990234375]","[0.059638671875, 0.037353515625, 0.0, 0.0, 1.953125e-05, 0.020947265625, 0.0, 3.90625e-05, 0.000283203125, 0.0, 0.0, 0.0, 0.0, 0.0, 0.568193359375, 0.43181640625, 0.0, 0.00162109375, 0.01482421875, 0.013173828125]","[0.064892578125, 0.038251953125, 0.0, 0.0, 0.008310546875, 0.716162109375, 0.0, 8.7890625e-05, 0.00056640625, 0.017978515625, 0.04583984375, 0.0, 1.953125e-05, 0.0, 0.69009765625, 0.55015625, 0.0, 0.623212890625, 0.016513671875, 0.014677734375]","[0.06060546875, 0.037490234375, 0.0, 0.0, 0.002333984375, 0.582333984375, 0.0, 3.90625e-05, 0.000361328125, 0.0, 0.0, 0.0, 1.953125e-05, 0.0, 0.594296875, 0.458046875, 0.0, 0.29658203125, 0.015078125, 0.013515625]"
formal,9,privilege_gru,8,9,1024000,1024000,921600,0.0018792655807192693,0.06213853769004345,"[0.07616687100380659, 0.06695057405158877, 0.062161635840311646, 0.05630133510567248, 0.04911227244883776]",0.07073777515018165,0.039701072919752625,0.7407289050719778,0.8552151508769952,0.11618513843717754,0.06388103085129192,0.025290411863185768,0.015521114988213337,0.6405393122105253,0.8208843136401954,0.8209779538575449,0.8441277754102503,0.00789458077476013,0.4697894850482561,-0.030897862875157785,0.513627927678034,0.0036494575288088527,0.009456511586904526,0.0740087874874007,0.2560156285762787,52.55340677499771,153.24505615234375,0.8706536058336496,2.27974271774292,95.35763881000094,16.99347412899806,51.06111754899757,29,61,51,4.350344827586157,141,724.936170212766,0.07841017143229256,3.4651198773409293,0.4252012549137078,0.4377520260520863,0.08044960516360755,0.03626996336979385,0.3694037448775455,0.11992802071079417,-0.41134751773049644,0.0004259235744492829,77,-0.3450485669204963,2.0246619190976074,64,0.5878839660129918,5.198170858352425,/home/haowei/Documents/End2Race/post-trained/ppo_privilege_gru_0721_base/checkpoints/actor_u0009.pth,/home/haowei/Documents/End2Race/post-trained/ppo_privilege_gru_0721_base/checkpoints/critic_u0009.pt,privilege_gru,privilege_gru / bs12800 / clip0.15,0.20567375886524822,0.4326241134751773,"[-0.6757768988609314, -1.0, -1.0, -1.0, -1.0, -0.9890600442886353, 0.0, -1.0, -1.0, 0.0, 0.0, 0.0, -1.0, -0.6032738089561462, -0.5309889912605286, -0.6725540161132812, -0.9392662048339844, 0.34318938851356506, -1.0, -1.0]","[1.0, 1.0, 0.2676011323928833, 0.9629400968551636, 0.9999995827674866, 1.0, 0.7774186134338379, 1.0, 1.0, 0.9744271636009216, 0.9885463118553162, 0.8142944574356079, 1.0, 0.43547379970550537, 1.0, 1.0, 0.8923996090888977, 1.0, 1.0, 1.0]","[-0.06920410692691803, -0.03258326277136803, -0.11188162118196487, 0.026466351002454758, 0.038719914853572845, 0.9030274748802185, 0.5124698877334595, -0.006211461964994669, 0.00131452817004174, 0.6485276818275452, 0.5167100429534912, 0.7702553272247314, -0.006935562938451767, -0.00041737203719094396, 0.9064213633537292, 0.8754364848136902, 0.01800120435655117, 0.9421376585960388, 0.005885803606361151, 0.003386907046660781]","[0.3793167173862457, 0.41112807393074036, 0.17072269320487976, 0.25312724709510803, 0.33989882469177246, 0.260245680809021, 0.15313492715358734, 0.17169061303138733, 0.16323865950107574, 0.27862125635147095, 0.28327879309654236, 0.047271303832530975, 0.19634471833705902, 0.08579685539007187, 0.17340870201587677, 0.18838509917259216, 0.3278976380825043, 0.06771180778741837, 0.37925082445144653, 0.3816199004650116]","[0.0, 0.037138671875, 0.000556640625, 0.000263671875, 7.8125e-05, 0.0, 0.0, 0.000380859375, 1.953125e-05, 0.057646484375, 0.095966796875, 0.0001171875, 0.001904296875, 0.0, 0.0, 0.0, 0.0, 0.0, 0.042109375, 0.04490234375]","[0.052333984375, 0.022841796875, 0.0, 0.0, 1.953125e-05, 0.016103515625, 0.0, 0.00015625, 0.000244140625, 0.0, 0.0, 0.0, 0.00017578125, 0.0, 0.540859375, 0.459140625, 0.0, 0.00173828125, 0.020234375, 0.018837890625]","[0.056494140625, 0.0237890625, 0.0, 0.000146484375, 0.00912109375, 0.7182421875, 0.0, 0.000302734375, 0.000380859375, 0.024638671875, 0.025556640625, 0.0, 0.0003515625, 0.0, 0.657626953125, 0.5653515625, 0.0, 0.613642578125, 0.02248046875, 0.02076171875]","[0.05314453125, 0.0230078125, 0.0, 0.0, 0.004091796875, 0.5524609375, 0.0, 0.000185546875, 0.00025390625, 0.0, 0.0, 0.0, 0.00033203125, 0.0, 0.56669921875, 0.482177734375, 0.0, 0.3091015625, 0.02060546875, 0.0192578125]"
formal,10,privilege_gru,9,10,1126400,1126400,1024000,0.0006091632679453562,0.07797307232394815,"[0.09782435558736324, 0.08599053649231791, 0.07601080602034926, 0.07215674454346299, 0.05788291897624731]",0.10001307014834397,0.052228897492037234,0.6800530539406682,0.8508910048461742,0.1619492898695028,0.08066753171423968,0.03807685042718514,0.02379026326983475,0.5642040767232992,0.8160247630103936,0.7279259041551485,0.8163701802462926,0.1031415341090633,0.45778424728351796,0.026649170402494066,0.5577033123036971,0.002512538408918772,0.004565645940601826,0.03937988227698952,0.08374999463558197,22.495504766702652,41.701229095458984,0.7912257920950652,1.8611347675323486,94.38536826699783,17.343534029001603,51.889951765999285,37,64,47,4.001081081081037,148,700.027027027027,-0.02092737955399878,3.5114551813297057,0.38888982647067954,0.44992228900080355,0.07978137209838994,0.040373655183713254,0.35812852065787076,0.12137822409879093,-0.5,-0.00043412431066034297,83,-0.45474609114561765,1.6881435315754825,65,0.5330257444783761,5.83968390332356,/home/haowei/Documents/End2Race/post-trained/ppo_privilege_gru_0721_base/checkpoints/actor_u0010.pth,/home/haowei/Documents/End2Race/post-trained/ppo_privilege_gru_0721_base/checkpoints/critic_u0010.pt,privilege_gru,privilege_gru / bs12800 / clip0.15,0.25,0.43243243243243246,"[-0.6565147042274475, -1.0, -1.0, -0.9873740673065186, -1.0, -0.8764861822128296, 0.0, -1.0, -0.9735822081565857, 0.0, 0.0, 0.0, -1.0, -0.5300415754318237, -0.6594533324241638, -0.40281400084495544, -0.8533805012702942, 0.4016508460044861, -1.0, -1.0]","[1.0, 1.0, 0.2843157947063446, 0.9627900719642639, 0.9999985694885254, 1.0, 0.7682451009750366, 1.0, 1.0, 0.9733139872550964, 0.9886732697486877, 0.8182987570762634, 1.0, 0.4743967354297638, 1.0, 1.0, 0.9157928824424744, 1.0, 1.0, 1.0]","[-0.05246301740407944, 0.010775319300591946, -0.11757180839776993, 0.004158657044172287, 0.0077453674748539925, 0.9043717980384827, 0.5111832618713379, -0.015066422522068024, 0.001398035092279315, 0.6459715366363525, 0.5137847661972046, 0.7723772525787354, -0.017499305307865143, 0.0026127954479306936, 0.9233552813529968, 0.8622934818267822, 0.03185424953699112, 0.9423252940177917, -0.016272759065032005, -0.02252349816262722]","[0.3923368752002716, 0.4157569706439972, 0.16899392008781433, 0.25493887066841125, 0.35025113821029663, 0.24415168166160583, 0.15392573177814484, 0.1805717647075653, 0.1699485331773758, 0.28303447365760803, 0.29144033789634705, 0.046919677406549454, 0.20674142241477966, 0.08737967908382416, 0.15798206627368927, 0.1910235583782196, 0.32632023096084595, 0.06767066568136215, 0.3835943043231964, 0.38882318139076233]","[0.0, 0.032373046875, 0.001005859375, 0.0, 0.000107421875, 0.0, 0.0, 0.00056640625, 0.0, 0.05916015625, 0.10123046875, 1.953125e-05, 0.002158203125, 0.0, 0.0, 0.0, 0.0, 0.0, 0.0495703125, 0.05328125]","[0.05978515625, 0.025888671875, 0.0, 0.0, 0.0, 0.017705078125, 0.0, 6.8359375e-05, 0.00013671875, 0.0, 0.0, 0.0, 4.8828125e-05, 0.0, 0.58197265625, 0.41802734375, 0.0, 0.0019921875, 0.019453125, 0.018984375]","[0.064716796875, 0.02701171875, 0.0, 7.8125e-05, 0.009716796875, 0.724326171875, 0.0, 9.765625e-05, 0.00033203125, 0.027861328125, 0.028017578125, 0.0, 0.00013671875, 0.0, 0.697890625, 0.52505859375, 0.0, 0.63048828125, 0.0218359375, 0.02111328125]","[0.0607421875, 0.0260546875, 0.0, 0.0, 0.003603515625, 0.575498046875, 0.0, 7.8125e-05, 0.000146484375, 0.0, 0.0, 0.0, 0.000126953125, 0.0, 0.606953125, 0.44322265625, 0.0, 0.2960546875, 0.019814453125, 0.019423828125]"
formal,11,privilege_gru,10,11,1228800,1228800,1126400,0.0008705570633225079,0.06890235897153615,"[0.09489320404827595, 0.07985489256680012, 0.06687485193833709, 0.055639985017478466, 0.04724886128678918]",0.08497909049759393,0.06341166985743188,0.7233018252607044,0.8688978809234054,0.13862949892764997,0.09126801429341574,0.031328682067537875,0.03555532542144802,0.6477670991893006,0.8472972771841356,0.7750398482536202,0.8451438603699606,0.21513551719452154,0.5083193484862382,0.06299147476871667,0.5541825530403198,0.08701271808386082,1.1923576593399048,0.04776855374802835,0.09804687649011612,25.19303971529007,59.85481262207031,0.7457137878984212,1.78423011302948,93.47925484000007,17.291254455001763,51.68545332099893,38,59,50,3.766578947368383,147,690.5646258503401,-0.05349601972080007,3.100978308129879,0.4419303412720181,0.44563021172771233,0.07299960325704563,0.035491868667292856,0.349225608895764,0.11399784176147837,-0.5170068027210885,0.00028733234304604,82,-0.4627133757562086,2.24946854156321,65,0.46274741404694614,4.1751906290293705,/home/haowei/Documents/End2Race/post-trained/ppo_privilege_gru_0721_base/checkpoints/actor_u0011.pth,/home/haowei/Documents/End2Race/post-trained/ppo_privilege_gru_0721_base/checkpoints/critic_u0011.pt,privilege_gru,privilege_gru / bs12800 / clip0.15,0.2585034013605442,0.4013605442176871,"[-0.6441779732704163, -1.0, -1.0, -1.0, -0.9999999403953552, -0.9007346630096436, 0.0, -1.0, -1.0, 0.0, 0.0, 0.0, -1.0, -0.6303786039352417, -0.6134579181671143, -0.38545525074005127, -0.9100478291511536, 0.4019668996334076, -1.0, -1.0]","[1.0, 1.0, 0.2771000564098358, 0.9247795939445496, 1.0, 1.0, 0.7821590304374695, 1.0, 1.0, 0.9767618179321289, 0.985365629196167, 0.8163287043571472, 1.0, 0.5619250535964966, 1.0, 1.0, 0.915654182434082, 1.0, 1.0, 1.0]","[-0.05751170963048935, 0.0015850524650886655, -0.11155159026384354, -0.0044815419241786, -0.007839847356081009, 0.9035453200340271, 0.5025901794433594, -0.013589246198534966, 0.003979220520704985, 0.6493710279464722, 0.49173298478126526, 0.7717258930206299, -0.018568862229585648, -0.0007719672285020351, 0.92206871509552, 0.8742179870605469, 0.02006206288933754, 0.942871630191803, -0.015977321192622185, -0.019636070355772972]","[0.3661351203918457, 0.41082435846328735, 0.16335414350032806, 0.24822767078876495, 0.3462466895580292, 0.25271621346473694, 0.1563374549150467, 0.17701579630374908, 0.16675585508346558, 0.26776063442230225, 0.3039851486682892, 0.044663138687610626, 0.20726099610328674, 0.08783255517482758, 0.15298746526241302, 0.18538206815719604, 0.3257947266101837, 0.06732530146837234, 0.38571158051490784, 0.38983985781669617]","[0.0, 0.03119140625, 0.00087890625, 4.8828125e-05, 7.8125e-05, 0.0, 0.0, 0.000439453125, 0.000107421875, 0.052099609375, 0.115859375, 2.9296875e-05, 0.003212890625, 0.0, 0.0, 0.0, 0.0, 0.0, 0.047607421875, 0.05123046875]","[0.0433203125, 0.031142578125, 0.0, 0.0, 3.90625e-05, 0.017353515625, 0.0, 0.000302734375, 0.00029296875, 0.0, 0.0, 0.0, 8.7890625e-05, 0.0, 0.556552734375, 0.443466796875, 0.0, 0.00169921875, 0.019736328125, 0.01919921875]","[0.04763671875, 0.033046875, 0.0, 0.0, 0.0063671875, 0.72126953125, 0.0, 0.0004296875, 0.0005078125, 0.01591796875, 0.02591796875, 0.0, 0.000185546875, 0.0, 0.6843359375, 0.56072265625, 0.0, 0.62765625, 0.0220703125, 0.021298828125]","[0.04419921875, 0.031552734375, 0.0, 0.0, 0.00283203125, 0.55990234375, 0.0, 0.000302734375, 0.000361328125, 0.0, 0.0, 0.0, 0.00017578125, 0.0, 0.583212890625, 0.4694140625, 0.0, 0.292978515625, 0.020087890625, 0.0196875]"
formal,12,privilege_gru,11,12,1331200,1331200,1228800,0.000705011827230928,0.07727085379883647,"[0.10527398763224483, 0.08055274095386267, 0.07765296148136258, 0.06162406783550978, 0.0612505110912025]",0.09676801809591147,0.09472771766545016,0.7537315940040399,0.8848864056065504,0.1691485441610995,0.10530822842739905,0.02438749203072347,0.08414720690350125,0.6971063836693961,0.8695263237908126,0.8467160812555885,0.8695269276349787,-0.010299665527024332,0.561895098374061,0.2128398198385054,0.6247931434631393,0.003874855183530597,0.008832313120365143,0.07101562229217961,0.17210936546325684,31.100108236074448,69.1482162475586,0.8619918495416641,2.043818950653076,93.04131509400031,17.54690409899922,52.38576265800293,43,57,53,3.672558139534845,153,678.3790849673203,-0.10112788789534766,3.5620945177226155,0.4114295652158303,0.45225882274095297,0.08639050208246186,0.038257488277060644,0.33827334621999605,0.12242522791019848,-0.5620915032679739,0.00026504124243159974,88,-0.5659631652859808,2.965167367908917,65,0.528187564571971,4.370242043624239,/home/haowei/Documents/End2Race/post-trained/ppo_privilege_gru_0721_base/checkpoints/actor_u0012.pth,/home/haowei/Documents/End2Race/post-trained/ppo_privilege_gru_0721_base/checkpoints/critic_u0012.pt,privilege_gru,privilege_gru / bs12800 / clip0.15,0.28104575163398693,0.37254901960784315,"[-0.7197583913803101, -1.0, -1.0, -0.9687473773956299, -1.0, -0.999995768070221, 0.0, -1.0, -0.9828349947929382, 0.0, 0.0, 0.0, -1.0, -0.5191017389297485, -0.5291889309883118, -0.31417444348335266, -0.8935204148292542, 0.4048483371734619, -1.0, -1.0]","[1.0, 1.0, 0.33966517448425293, 1.0, 0.9999999403953552, 1.0, 0.7745799422264099, 1.0, 1.0, 0.9745020270347595, 0.9893081188201904, 0.815459132194519, 1.0, 0.5351374745368958, 1.0, 1.0, 0.9143838286399841, 1.0, 1.0, 1.0]","[-0.04881678894162178, 0.02344181016087532, -0.1163376048207283, 0.011202624998986721, 0.021691180765628815, 0.8947754502296448, 0.4949868321418762, -0.020781051367521286, 0.0011518470710143447, 0.6533557176589966, 0.4779261648654938, 0.772828221321106, -0.024301083758473396, 0.005099650472402573, 0.9312397837638855, 0.8587602972984314, 0.03473159670829773, 0.9425707459449768, -0.028782110661268234, -0.034568484872579575]","[0.3908883333206177, 0.39588463306427, 0.17740516364574432, 0.22839055955410004, 0.34047389030456543, 0.28847232460975647, 0.16169075667858124, 0.17185865342617035, 0.160648912191391, 0.26608338952064514, 0.2972698509693146, 0.046100810170173645, 0.2020396739244461, 0.07866114377975464, 0.1408262401819229, 0.19445514678955078, 0.3253471255302429, 0.06743520498275757, 0.3734540641307831, 0.3792062997817993]","[0.0, 0.03580078125, 0.00046875, 0.0, 5.859375e-05, 0.0, 0.0, 0.00064453125, 0.0, 0.0464453125, 0.113486328125, 1.953125e-05, 0.00189453125, 0.0, 0.0, 0.0, 0.0, 0.0, 0.053984375, 0.05798828125]","[0.06123046875, 0.026376953125, 0.0, 0.000283203125, 0.0001171875, 0.020068359375, 0.0, 5.859375e-05, 0.0001953125, 0.0, 0.0, 0.0, 1.953125e-05, 0.0, 0.580419921875, 0.41958984375, 0.0, 0.001513671875, 0.017900390625, 0.016962890625]","[0.066240234375, 0.0275390625, 0.0, 0.000322265625, 0.01130859375, 0.7384765625, 0.0, 8.7890625e-05, 0.00041015625, 0.027236328125, 0.03232421875, 0.0, 6.8359375e-05, 0.0, 0.70181640625, 0.5276171875, 0.0, 0.61775390625, 0.019990234375, 0.018798828125]","[0.062177734375, 0.026513671875, 0.0, 0.00029296875, 0.005673828125, 0.59865234375, 0.0, 5.859375e-05, 0.000244140625, 0.0, 0.0, 0.0, 5.859375e-05, 0.0, 0.605537109375, 0.4442578125, 0.0, 0.301748046875, 0.018291015625, 0.01734375]"
formal,13,privilege_gru,12,13,1433600,1433600,1331200,0.0025269625512009952,0.08790387026965618,"[0.11266152886673808, 0.08831370295956731, 0.07586640072986484, 0.07639629486948252, 0.08628142392262816]",0.1044029811549132,0.05022113182871055,0.7571671836546608,0.8972963822371917,0.15536381172632366,0.0740869722768796,0.053442150583502775,0.026355291380541494,0.6873364661828845,0.874896198908478,0.6923128707588286,0.8486752176645483,0.0022777696555311877,0.5849752104442197,-0.07633685030869401,0.6548398349177307,0.0049473695877532,0.01689385250210762,0.09392089593893616,0.2946093678474426,61.42187464237213,204.51153564453125,1.2584727488458156,3.0618879795074463,91.15730148500006,17.477079742999194,52.08516188900103,52,56,43,4.053076923076879,151,664.0794701986755,-0.24626995981073338,2.790794524543971,0.3058932887617478,0.45285112939749406,0.0991051410301963,0.051710210289232485,0.33626291239222783,0.10595597540667613,-0.6887417218543046,0.00025287424466725476,84,-0.7503827989005141,1.9010180220611679,67,0.3857521071077976,3.9063352142239034,/home/haowei/Documents/End2Race/post-trained/ppo_privilege_gru_0721_base/checkpoints/actor_u0013.pth,/home/haowei/Documents/End2Race/post-trained/ppo_privilege_gru_0721_base/checkpoints/critic_u0013.pt,privilege_gru,privilege_gru / bs12800 / clip0.15,0.3443708609271523,0.3708609271523179,"[-0.7017843127250671, -1.0, -1.0, -1.0, -0.9999997615814209, -0.9999999403953552, 0.0, -1.0, -1.0, 0.0, 0.0, 0.0, -1.0, -0.6530201435089111, -0.6685287952423096, -0.3853151202201843, -0.9336118698120117, 0.3582860231399536, -1.0, -1.0]","[1.0, 1.0, 0.2761332392692566, 0.8838807940483093, 0.9999999403953552, 1.0, 0.7828333973884583, 1.0, 0.9705427289009094, 0.9716312289237976, 0.9846169948577881, 0.8196517825126648, 0.9930770993232727, 0.4591693878173828, 1.0, 1.0, 0.882646918296814, 1.0, 1.0, 1.0]","[-0.07587727904319763, -0.05881567299365997, -0.10810477286577225, 0.02253137156367302, 0.03589434549212456, 0.9051659107208252, 0.5057339668273926, -0.014043106697499752, 0.004188509192317724, 0.6198297142982483, 0.5035360455513, 0.771078884601593, -0.01571951061487198, 0.0029572579078376293, 0.9052993655204773, 0.880871593952179, 0.0139205576851964, 0.9409926533699036, -0.012074042111635208, -0.01862255670130253]","[0.3474826514720917, 0.3930234909057617, 0.16755886375904083, 0.23754417896270752, 0.32695651054382324, 0.26962968707084656, 0.15232619643211365, 0.17454743385314941, 0.16195984184741974, 0.28589364886283875, 0.2837764024734497, 0.05044994503259659, 0.19924014806747437, 0.0852055549621582, 0.17537084221839905, 0.18234431743621826, 0.33126401901245117, 0.06846985965967178, 0.37748220562934875, 0.3813876807689667]","[0.0, 0.0355078125, 0.00091796875, 0.000166015625, 2.9296875e-05, 1.953125e-05, 0.0, 0.000302734375, 2.9296875e-05, 0.066943359375, 0.09251953125, 9.765625e-05, 0.001220703125, 0.0, 0.0, 0.0, 0.0, 0.0, 0.048037109375, 0.051875]","[0.037939453125, 0.016171875, 0.0, 0.0, 2.9296875e-05, 0.01720703125, 0.0, 7.8125e-05, 0.0, 0.0, 0.0, 0.0, 0.0, 0.0, 0.531904296875, 0.468125, 0.0, 0.0016015625, 0.01630859375, 0.014970703125]","[0.04234375, 0.01728515625, 0.0, 0.0, 0.0134375, 0.746201171875, 0.0, 0.00013671875, 0.000146484375, 0.0119921875, 0.029228515625, 0.0, 2.9296875e-05, 0.0, 0.64681640625, 0.5778515625, 0.0, 0.615234375, 0.018271484375, 0.0166796875]","[0.038759765625, 0.01626953125, 0.0, 0.0, 0.002294921875, 0.5845703125, 0.0, 9.765625e-05, 0.0, 0.0, 0.0, 0.0, 2.9296875e-05, 0.0, 0.5569140625, 0.4923828125, 0.0, 0.28787109375, 0.01666015625, 0.015380859375]"
formal,14,privilege_gru,13,14,1536000,1536000,1433600,0.003058763638764894,0.07708855629898607,"[0.10191281978040934, 0.0769210415892303, 0.08412839751690626, 0.070965644903481, 0.05151487770490348]",0.08605425953860583,0.04531157475853745,0.7273432707693813,0.8775510297906896,0.14171929967981106,0.07105723788588536,0.03038921939740057,0.019565911631189543,0.6104667575514225,0.8394772338348823,0.8356462794130468,0.9008584453625985,0.11572469474484023,0.47660001960651904,0.02867300927359054,0.555119432136903,0.3125069399207132,3.094435453414917,0.10422851338807959,0.25703123211860657,43.45800316333771,105.06452941894531,1.1933815374970436,2.416738271713257,93.04797384199992,17.2848610109977,51.45124730599855,32,61,52,3.9431249999999554,145,710.4689655172414,0.012739380836352213,2.444065198741511,0.4161744022242859,0.4295080260415579,0.0787528777532392,0.038795193443852516,0.35477977382435893,0.09909089751550162,-0.4413793103448276,0.00024801984131921773,80,-0.352736516534896,1.8017883419981289,65,0.4625558699086577,3.2345597916564435,/home/haowei/Documents/End2Race/post-trained/ppo_privilege_gru_0721_base/checkpoints/actor_u0014.pth,/home/haowei/Documents/End2Race/post-trained/ppo_privilege_gru_0721_base/checkpoints/critic_u0014.pt,privilege_gru,privilege_gru / bs12800 / clip0.15,0.2206896551724138,0.4206896551724138,"[-0.6544625163078308, -1.0, -1.0, -0.9985318183898926, -0.9999998807907104, -0.895738959312439, 0.0, -1.0, -1.0, 0.0, 0.0, 0.01932494342327118, -1.0, -0.9026694297790527, -0.6433549523353577, -0.2116251289844513, -0.9113444685935974, 0.39850160479545593, -1.0, -1.0]","[1.0, 1.0, 0.2660900354385376, 0.9377580881118774, 1.0, 1.0, 0.7778191566467285, 1.0, 1.0, 0.9679234623908997, 0.9856294393539429, 0.8154907822608948, 1.0, 0.5226992964744568, 1.0, 1.0, 0.9171676635742188, 1.0, 1.0, 1.0]","[-0.08437316119670868, -0.008426337502896786, -0.10203181207180023, -2.5451243345742114e-05, -0.006915680132806301, 0.9074771404266357, 0.498890221118927, -0.019314274191856384, 0.00387495756149292, 0.632411003112793, 0.48592185974121094, 0.7700837850570679, -0.02508307248353958, 0.0010618452215567231, 0.9030551314353943, 0.8873701691627502, 0.009320317767560482, 0.9409825205802917, -0.033417195081710815, -0.03948031738400459]","[0.335470050573349, 0.39730697870254517, 0.15738271176815033, 0.26167210936546326, 0.35044747591018677, 0.23199602961540222, 0.15509991347789764, 0.18067003786563873, 0.17245252430438995, 0.2713259756565094, 0.30182141065597534, 0.04610252380371094, 0.21335433423519135, 0.09019371122121811, 0.18373069167137146, 0.17411741614341736, 0.3312607407569885, 0.06931659579277039, 0.39375704526901245, 0.39944255352020264]","[0.0, 0.024951171875, 0.001083984375, 0.0, 3.90625e-05, 0.0, 0.0, 0.00037109375, 0.000234375, 0.05412109375, 0.118994140625, 0.0, 0.0028515625, 0.0, 0.0, 0.0, 0.0, 0.0, 0.05296875, 0.058134765625]","[0.03361328125, 0.023935546875, 0.0, 0.0, 6.8359375e-05, 0.01728515625, 0.0, 0.0003125, 8.7890625e-05, 0.0, 0.0, 0.0, 9.765625e-05, 0.0, 0.5233203125, 0.476689453125, 0.0, 0.00171875, 0.013212890625, 0.013740234375]","[0.03689453125, 0.025595703125, 0.0, 0.0, 0.009072265625, 0.708134765625, 0.0, 0.000380859375, 0.000234375, 0.009755859375, 0.019560546875, 0.0, 0.000224609375, 0.0, 0.652158203125, 0.5919921875, 0.0, 0.6053125, 0.015244140625, 0.0151953125]","[0.03427734375, 0.0241796875, 0.0, 0.0, 0.004130859375, 0.536953125, 0.0, 0.00033203125, 8.7890625e-05, 0.0, 0.0, 0.0, 0.000185546875, 0.0, 0.55076171875, 0.50337890625, 0.0, 0.298271484375, 0.0134765625, 0.0140625]"
formal,15,privilege_gru,14,15,1638400,1638400,1536000,0.0026616714989540213,0.09920719349756837,"[0.13311684969812632, 0.09372243424877524, 0.09861615346744657, 0.10318704508244991, 0.0673934849910438]",0.09934763234823332,0.052222564429348764,0.7420673889552886,0.8642720748252954,0.1669270752751888,0.07898626053362354,0.03176818942127785,0.025458868325073995,0.6880881267190244,0.8476715315075978,0.810695578188436,0.8350366209231977,0.0927021677989103,0.5716786730403117,0.09431573921550808,0.6202741263219196,0.04791829086199868,0.6657530069351196,0.10151855142612476,0.20226562023162842,50.34109565615654,111.52989959716797,1.3545633181929588,2.7691946029663086,93.28971980500137,17.457599469998968,52.131602216999454,46,64,41,4.337173913043428,151,688.4172185430464,-0.13921814112248682,3.426273039209949,0.36679823385339605,0.4457660774999352,0.09433328766545769,0.04783884441368997,0.35028566973923714,0.11951353120101776,-0.609271523178808,0.00025418111606626616,85,-0.6073297313734813,2.770818529613926,66,0.4636528463219758,4.270418998538163,/home/haowei/Documents/End2Race/post-trained/ppo_privilege_gru_0721_base/checkpoints/actor_u0015.pth,/home/haowei/Documents/End2Race/post-trained/ppo_privilege_gru_0721_base/checkpoints/critic_u0015.pt,privilege_gru,privilege_gru / bs12800 / clip0.15,0.304635761589404,0.423841059602649,"[-0.6987629532814026, -1.0, -1.0, -1.0, -0.9999997019767761, -0.9999896287918091, 0.0, -1.0, -1.0, 0.0, 0.0, 0.0, -1.0, -0.5316962003707886, -0.5799955129623413, -0.36323046684265137, -0.9134942889213562, 0.40685153007507324, -1.0, -1.0]","[1.0, 1.0, 0.2787557542324066, 1.0, 1.0, 1.0, 0.7936602830886841, 1.0, 1.0, 0.9749693870544434, 0.9871224164962769, 0.8152132034301758, 1.0, 0.5113528370857239, 1.0, 1.0, 0.9071330428123474, 1.0, 1.0, 1.0]","[-0.05467826500535011, 0.0083511583507061, -0.11523652821779251, 0.013668891973793507, 0.018163485452532768, 0.8917238116264343, 0.5051756501197815, -0.013107415288686752, 0.0059682647697627544, 0.6376546621322632, 0.48337244987487793, 0.771879255771637, -0.015925122424960136, 0.0015333436895161867, 0.9145172238349915, 0.8744310140609741, 0.017797941341996193, 0.9411097764968872, -0.012148493900895119, -0.016774103045463562]","[0.37014394998550415, 0.404901921749115, 0.1769847720861435, 0.26211661100387573, 0.3539338707923889, 0.28184974193573, 0.15775300562381744, 0.17863470315933228, 0.17079678177833557, 0.2731018364429474, 0.2985215187072754, 0.04474417120218277, 0.2053794264793396, 0.0908740907907486, 0.154765784740448, 0.19176296889781952, 0.33064013719558716, 0.06862715631723404, 0.3927564322948456, 0.39680391550064087]","[0.0, 0.0365625, 0.000693359375, 0.0001171875, 2.9296875e-05, 0.0, 0.0, 0.000341796875, 2.9296875e-05, 0.05427734375, 0.11224609375, 0.000146484375, 0.001796875, 0.0, 0.0, 0.0, 0.0, 0.0, 0.042568359375, 0.047685546875]","[0.04962890625, 0.025166015625, 0.0, 0.000166015625, 4.8828125e-05, 0.016376953125, 0.0, 9.765625e-05, 0.00017578125, 0.0, 0.0, 0.0, 4.8828125e-05, 0.0, 0.54115234375, 0.45884765625, 0.0, 0.00197265625, 0.022734375, 0.021376953125]","[0.05462890625, 0.0276171875, 0.0, 0.000244140625, 0.01224609375, 0.706533203125, 0.0, 0.000244140625, 0.000634765625, 0.029365234375, 0.024072265625, 0.0, 0.00013671875, 0.0, 0.655068359375, 0.571279296875, 0.0, 0.610625, 0.025458984375, 0.0237109375]","[0.05056640625, 0.02560546875, 0.0, 0.000185546875, 0.005283203125, 0.53669921875, 0.0, 0.000146484375, 0.0002734375, 0.0, 0.0, 0.0, 0.0001171875, 0.0, 0.56623046875, 0.484140625, 0.0, 0.30033203125, 0.023212890625, 0.021865234375]"
formal,16,privilege_gru,15,16,1740800,1740800,1638400,-0.00011844730364818368,0.053768348740413786,"[0.08362443093210459, 0.06493683205917478, 0.04742480255663395, 0.039553549606353045, 0.03330212854780257]",0.0835899505796186,0.027292102242941495,0.7851347289058033,0.9294969316104371,0.12205786927808113,0.03792235955534323,0.0451220318811561,0.016661844930539762,0.7753276580761675,0.9301895136991284,0.6729501925551717,0.8720116337568453,0.1458595407968258,0.5864059653177948,0.14591779532521287,0.6221777249459888,0.0030878619127906876,0.013597050681710243,0.02432617131853476,0.04937499761581421,15.5838041305542,33.29201889038086,0.42094546668231486,1.0367306470870972,93.46455070299999,17.47885666000002,51.97271517500121,42,62,47,3.4957142857142482,151,674.7152317880794,-0.08371463526207729,3.918785940070931,0.376541351401268,0.4591982847380057,0.09250272570184798,0.0432411844098276,0.3446105055586704,0.12761772008974206,-0.5562913907284768,0.00034852981798707075,86,-0.513940483616246,2.831296517754386,65,0.4855072564065153,5.3576180988282065,/home/haowei/Documents/End2Race/post-trained/ppo_privilege_gru_0721_base/checkpoints/actor_u0016.pth,/home/haowei/Documents/End2Race/post-trained/ppo_privilege_gru_0721_base/checkpoints/critic_u0016.pt,privilege_gru,privilege_gru / bs12800 / clip0.15,0.2781456953642384,0.4105960264900662,"[-0.8131536841392517, -1.0, -1.0, -1.0, -1.0, -0.9664472937583923, 0.0, -1.0, -1.0, 0.0, 0.0, 0.0, -1.0, -0.494446724653244, -0.5719744563102722, -0.3842089772224426, -0.929940938949585, 0.3677089810371399, -1.0, -1.0]","[1.0, 1.0, 0.29010075330734253, 0.9215955138206482, 0.9999998211860657, 1.0, 0.7759664058685303, 1.0, 1.0, 0.9771022200584412, 0.9875454902648926, 0.8192043900489807, 1.0, 0.5200397372245789, 1.0, 1.0, 0.9211138486862183, 1.0, 1.0, 1.0]","[-0.033032383769750595, 0.021533358842134476, -0.12421038746833801, 0.00103710126131773, 0.0018687406554818153, 0.9070637226104736, 0.5103044509887695, -0.01396707072854042, -0.001394663006067276, 0.6638426780700684, 0.4920670986175537, 0.7732164263725281, -0.016275441274046898, 0.002069381531327963, 0.9203994274139404, 0.8747375011444092, 0.022081246599555016, 0.9425607919692993, -0.014574429951608181, -0.020457088947296143]","[0.4028608202934265, 0.4192739725112915, 0.1658593714237213, 0.2552175521850586, 0.3572576642036438, 0.22321292757987976, 0.16282030940055847, 0.17336925864219666, 0.16654729843139648, 0.2655460834503174, 0.3022952377796173, 0.0491439551115036, 0.2015220820903778, 0.0867738276720047, 0.15937486290931702, 0.18273228406906128, 0.32624563574790955, 0.06861211359500885, 0.38296017050743103, 0.38688021898269653]","[0.0, 0.032080078125, 0.0004296875, 0.000361328125, 0.00017578125, 0.0, 0.0, 0.000439453125, 0.000107421875, 0.051552734375, 0.11390625, 0.00015625, 0.00177734375, 0.0, 0.0, 0.0, 0.0, 0.0, 0.047890625, 0.05193359375]","[0.064306640625, 0.040400390625, 0.0, 0.0, 1.953125e-05, 0.018583984375, 0.0, 0.0001171875, 6.8359375e-05, 0.0, 0.0, 0.0, 7.8125e-05, 0.0, 0.56326171875, 0.436748046875, 0.0, 0.001865234375, 0.0177734375, 0.01642578125]","[0.069599609375, 0.042802734375, 0.0, 0.0, 0.009287109375, 0.70888671875, 0.0, 0.000185546875, 0.000244140625, 0.034765625, 0.03494140625, 0.0, 0.000224609375, 0.0, 0.6848828125, 0.551083984375, 0.0, 0.627265625, 0.020078125, 0.018134765625]","[0.06537109375, 0.040791015625, 0.0, 0.0, 0.00220703125, 0.5605859375, 0.0, 0.00013671875, 9.765625e-05, 0.0, 0.0, 0.0, 0.0001953125, 0.0, 0.588701171875, 0.46134765625, 0.0, 0.3040234375, 0.018173828125, 0.016796875]"
formal,17,privilege_gru,16,17,1843200,1843200,1740800,0.003408136779325721,0.061656958004459736,"[0.09141287626698613, 0.076240090187639, 0.05555854458361864, 0.04612228134647012, 0.038950997637584805]",0.08605574956541102,0.030920861067826957,0.7506016142917374,0.9124263044293639,0.13389457461572213,0.043106994352790355,0.038216924515099934,0.018734727782863562,0.703673394927764,0.9134176448957382,0.6869990349096975,0.8267814878809587,0.2439405424622214,0.5341853108598569,0.2103115193612143,0.5832410023398753,0.007387597016058858,0.03965902328491211,0.09365722339134663,0.20140624046325684,52.366724640131,98.85053253173828,0.6640070289373398,1.3002994060516357,93.7691217850006,16.976538955997967,50.57261652300076,27,75,36,4.413333333333282,138,729.8260869565217,0.13087253386144487,4.421189771352382,0.33752038573940146,0.4523927905599934,0.07350137341912084,0.03537994497247453,0.3813594378324349,0.14075134152235863,-0.391304347826087,6.610233273828584e-05,73,-0.26389430503322536,2.9381955780938984,65,0.5742260606200745,6.086706326858064,/home/haowei/Documents/End2Race/post-trained/ppo_privilege_gru_0721_base/checkpoints/actor_u0017.pth,/home/haowei/Documents/End2Race/post-trained/ppo_privilege_gru_0721_base/checkpoints/critic_u0017.pt,privilege_gru,privilege_gru / bs12800 / clip0.15,0.1956521739130435,0.5434782608695652,"[-0.6766390800476074, -1.0, -0.9740909934043884, -0.9095613360404968, -0.9999999403953552, -0.9999999403953552, 0.0, -1.0, -0.9670864343643188, 0.0, 0.0, 0.09263728559017181, -1.0, -0.5029922127723694, -0.6060181856155396, -0.19077225029468536, -0.9315701723098755, 0.36356160044670105, -1.0, -1.0]","[1.0, 1.0, 0.23432694375514984, 0.883782148361206, 0.9999999403953552, 1.0, 0.7735351324081421, 1.0, 1.0, 0.977185070514679, 0.9872767925262451, 0.817999541759491, 1.0, 0.47825518250465393, 1.0, 1.0, 0.9060717225074768, 1.0, 1.0, 1.0]","[-0.01671142503619194, 0.014530186541378498, -0.13034018874168396, 0.00320665561594069, 0.0035562715493142605, 0.8908339142799377, 0.5227403044700623, -0.0169204194098711, 0.0031139464117586613, 0.640404462814331, 0.5051941275596619, 0.7740371227264404, -0.02151777222752571, 0.0013134353794157505, 0.920681357383728, 0.8693484663963318, 0.02598121389746666, 0.9410350322723389, -0.022866489365696907, -0.027670249342918396]","[0.3925330638885498, 0.4133600890636444, 0.17657499015331268, 0.2506423592567444, 0.3518030047416687, 0.2878269553184509, 0.15703028440475464, 0.17897643148899078, 0.16931910812854767, 0.2812547981739044, 0.2930213510990143, 0.04297174513339996, 0.20661596953868866, 0.08964038640260696, 0.15490473806858063, 0.1885540783405304, 0.3302707374095917, 0.06869059056043625, 0.3744950592517853, 0.3777931332588196]","[0.0, 0.035419921875, 0.0, 0.0, 2.9296875e-05, 9.765625e-06, 0.0, 0.00037109375, 0.0, 0.05919921875, 0.105888671875, 0.0, 0.0025390625, 0.0, 0.0, 0.0, 0.0, 0.0, 0.0501953125, 0.053515625]","[0.06001953125, 0.0305078125, 0.0, 0.0, 4.8828125e-05, 0.018486328125, 0.0, 7.8125e-05, 0.0006640625, 0.0, 0.0, 0.0, 7.8125e-05, 0.0, 0.561171875, 0.438828125, 0.0, 0.00154296875, 0.01716796875, 0.016630859375]","[0.064892578125, 0.032861328125, 0.0, 0.0, 0.01095703125, 0.72583984375, 0.0, 9.765625e-05, 0.00107421875, 0.0323828125, 0.030537109375, 0.0, 0.000107421875, 0.0, 0.680185546875, 0.551357421875, 0.0, 0.613935546875, 0.0191015625, 0.0183203125]","[0.060947265625, 0.030947265625, 0.0, 0.0, 0.003662109375, 0.583583984375, 0.0, 7.8125e-05, 0.00072265625, 0.0, 0.0, 0.0, 9.765625e-05, 0.0, 0.586376953125, 0.463564453125, 0.0, 0.302646484375, 0.0174609375, 0.0169921875]"
formal,18,privilege_gru,17,18,1945600,1945600,1843200,0.0034844239356246476,0.05987120559439063,"[0.09247104311361909, 0.06770368572324514, 0.05626630876213312, 0.042561269365251064, 0.040353721007704735]",0.07941081401418443,0.03525746234174334,0.8036430514251972,0.9221635827302107,0.13363582096660362,0.052029128577449006,0.02518580706176521,0.01848579610603767,0.7327300242638914,0.9007060904265656,0.860530903355639,0.9179675560750773,0.14950621982786202,0.6036703702015772,0.2114791315842399,0.6353158595890572,0.058731083185994064,0.843797504901886,0.14825683177332394,0.3572656214237213,63.38696166872978,159.9341583251953,0.7335121128708124,2.0278990268707275,93.87564326500069,17.315403641998273,51.72718955400342,35,80,33,4.024285714285668,148,705.9797297297297,0.05274509162180124,5.708184487660871,0.29744281338531464,0.4684416631425292,0.08479765494246683,0.039803989055807495,0.36139054053685365,0.16387217693835848,-0.47297297297297297,0.0004553471195620895,84,-0.3452974954617157,3.958664420202055,64,0.5751759871689173,8.004429576200566,/home/haowei/Documents/End2Race/post-trained/ppo_privilege_gru_0721_base/checkpoints/actor_u0018.pth,/home/haowei/Documents/End2Race/post-trained/ppo_privilege_gru_0721_base/checkpoints/critic_u0018.pt,privilege_gru,privilege_gru / bs12800 / clip0.15,0.23648648648648649,0.5405405405405406,"[-0.6859246492385864, -1.0, -1.0, -0.9895051717758179, -1.0, -0.9999990463256836, 0.0, -1.0, -1.0, 0.0, 0.0, 0.0, -1.0, -0.628512978553772, -0.5734984278678894, -0.36936306953430176, -0.983055830001831, 0.18330642580986023, -1.0, -1.0]","[1.0, 1.0, 0.2390030324459076, 0.8882854580879211, 1.0, 1.0, 0.7759507894515991, 1.0, 1.0, 0.9770821928977966, 0.9884478449821472, 0.8155403137207031, 1.0, 0.4914686977863312, 1.0, 1.0, 0.9179603457450867, 1.0, 1.0, 1.0]","[0.04348795488476753, -0.05167095363140106, -0.1575234830379486, 0.020394187420606613, 0.039223812520504, 0.8521562814712524, 0.5090910792350769, -0.01953875459730625, 0.006190071813762188, 0.6389482617378235, 0.508377730846405, 0.773719072341919, -0.025743689388036728, 0.0017756414599716663, 0.9211586117744446, 0.8788220882415771, 0.015877947211265564, 0.9423452615737915, -0.03228474780917168, -0.03631998226046562]","[0.4246489703655243, 0.44524112343788147, 0.2063778042793274, 0.2415015548467636, 0.37166815996170044, 0.36645132303237915, 0.16532887518405914, 0.18100617825984955, 0.17509016394615173, 0.28064048290252686, 0.3052584230899811, 0.0413052923977375, 0.20877529680728912, 0.09257642179727554, 0.15038040280342102, 0.17787203192710876, 0.32760313153266907, 0.06694816052913666, 0.387163907289505, 0.3907051086425781]","[0.0, 0.058623046875, 0.0020703125, 0.0, 5.859375e-05, 1.953125e-05, 0.0, 0.0004296875, 8.7890625e-05, 0.058515625, 0.107021484375, 5.859375e-05, 0.00234375, 0.0, 0.0, 0.0, 0.0, 0.0, 0.05205078125, 0.055908203125]","[0.087353515625, 0.04048828125, 0.0, 0.0, 5.859375e-05, 0.014775390625, 0.0, 0.000341796875, 0.00041015625, 0.0, 0.0, 0.0, 9.765625e-06, 0.0, 0.5723828125, 0.4276171875, 0.0, 0.001884765625, 0.016953125, 0.01560546875]","[0.09390625, 0.041923828125, 0.0, 0.0, 0.01623046875, 0.68787109375, 0.0, 0.000498046875, 0.000947265625, 0.03755859375, 0.05224609375, 0.0, 0.0001171875, 0.0, 0.685380859375, 0.549833984375, 0.0, 0.609794921875, 0.018828125, 0.017451171875]","[0.088583984375, 0.04080078125, 0.0, 0.0, 0.005947265625, 0.52806640625, 0.0, 0.000380859375, 0.0005078125, 0.0, 0.0, 0.0, 9.765625e-05, 0.0, 0.597421875, 0.453662109375, 0.0, 0.29642578125, 0.017255859375, 0.016015625]"
formal,19,privilege_gru,18,19,2048000,2048000,1945600,0.00684998379700108,0.0898787041194737,"[0.12323433719575405, 0.10376551281660795, 0.08480726508423686, 0.07282562460750341, 0.0647607808932662]",0.10246664553879431,0.06227340824099854,0.7622251069396635,0.8752636983021697,0.1585929640816759,0.07782618084345883,0.04634032699591277,0.04672063563853824,0.7113309663920583,0.8614154087567005,0.7357928884829519,0.8242871132409977,0.04169137371775207,0.5942282451232472,0.1348538189813607,0.6554843557407976,0.03527784940437414,0.40210872888565063,0.2205175762064755,0.4278906285762787,93.21319898962975,190.20921325683594,0.9375332742929459,1.8747259378433228,93.71559050499854,17.31690688100207,51.65868456200042,46,64,38,4.3178260869564715,148,685.5540540540541,-0.12233268435543902,4.6472725850324075,0.3175665589062599,0.4664929715345565,0.09086306971063271,0.04926488335320208,0.3551058378047778,0.1437751248670995,-0.6216216216216216,0.0004079745943052717,82,-0.5678485340274841,3.658555811092839,66,0.4311870076613442,5.875678273866418,/home/haowei/Documents/End2Race/post-trained/ppo_privilege_gru_0721_base/checkpoints/actor_u0019.pth,/home/haowei/Documents/End2Race/post-trained/ppo_privilege_gru_0721_base/checkpoints/critic_u0019.pt,privilege_gru,privilege_gru / bs12800 / clip0.15,0.3108108108108108,0.43243243243243246,"[-0.6406317949295044, -1.0, -1.0, -0.974831759929657, -0.9999994039535522, -0.9999936819076538, 0.0, -1.0, -1.0, 0.0, 0.0, 0.0022918700706213713, -1.0, -0.7110515236854553, -0.6257545351982117, -0.4608263373374939, -0.9286428689956665, 0.37097489833831787, -1.0, -1.0]","[1.0, 1.0, 0.2485792189836502, 1.0, 1.0, 1.0, 0.8019130229949951, 1.0, 1.0, 0.9758186340332031, 0.9894049167633057, 0.816663920879364, 1.0, 0.4830353260040283, 1.0, 1.0, 0.9216835498809814, 1.0, 1.0, 1.0]","[-0.013682072050869465, -0.0037032482214272022, -0.13127011060714722, 0.013445117510855198, 0.024840040132403374, 0.8922044634819031, 0.5177675485610962, -0.015809865668416023, 0.001802340499125421, 0.6499243378639221, 0.49893561005592346, 0.7728312015533447, -0.018564676865935326, 0.002463239710777998, 0.9241603016853333, 0.8684139847755432, 0.025153355672955513, 0.9423245191574097, -0.01727551966905594, -0.023644864559173584]","[0.4056568741798401, 0.4128159284591675, 0.18355880677700043, 0.24784237146377563, 0.34981852769851685, 0.285003125667572, 0.15974308550357819, 0.1818551868200302, 0.1703890711069107, 0.2784968316555023, 0.2943563163280487, 0.04381917044520378, 0.20569610595703125, 0.0916588082909584, 0.15171456336975098, 0.18654951453208923, 0.3268163204193115, 0.06817512959241867, 0.3833523392677307, 0.3869619071483612]","[0.0, 0.035615234375, 0.0003515625, 0.0, 2.9296875e-05, 0.0, 0.0, 0.000673828125, 9.765625e-06, 0.059169921875, 0.102119140625, 0.0, 0.001689453125, 0.0, 0.0, 0.0, 0.0, 0.0, 0.048447265625, 0.053076171875]","[0.071298828125, 0.030615234375, 0.0, 0.000458984375, 6.8359375e-05, 0.018544921875, 0.0, 0.000283203125, 0.000234375, 0.0, 0.0, 0.0, 1.953125e-05, 0.0, 0.581845703125, 0.418154296875, 0.0, 0.001650390625, 0.021416015625, 0.01923828125]","[0.0766015625, 0.03208984375, 0.0, 0.0005859375, 0.01515625, 0.73220703125, 0.0, 0.000380859375, 0.0003515625, 0.03974609375, 0.0311328125, 0.0, 0.000126953125, 0.0, 0.69498046875, 0.536728515625, 0.0, 0.62703125, 0.023818359375, 0.0214453125]","[0.072373046875, 0.03083984375, 0.0, 0.00048828125, 0.00546875, 0.58650390625, 0.0, 0.00029296875, 0.000263671875, 0.0, 0.0, 0.0, 0.0001171875, 0.0, 0.60705078125, 0.44314453125, 0.0, 0.30767578125, 0.021806640625, 0.019736328125]"
formal,20,privilege_gru,19,20,2150400,2150400,2048000,0.0025735469734535776,0.056795026641339064,"[0.08210923848673701, 0.0557728111743927, 0.04421195015311241, 0.054949034471064806, 0.04693209892138839]",0.0762007306883036,0.031062841662583874,0.8082258970348783,0.9220174622338332,0.12186229503493641,0.04249097358191074,0.030539166341670775,0.01963470974325701,0.7754396777334992,0.9214666967809444,0.7918448580257028,0.8640827169759592,0.06440975414704325,0.5876576477552552,0.09562389257129154,0.621157488539854,0.11873954111419152,1.0881820917129517,0.11695800453890115,0.2409375011920929,38.12199768424034,79.09058380126953,0.8051487386226654,1.8480353355407715,95.74848003599982,17.136171498001204,51.140476261,35,70,38,4.146571428571381,143,705.6853146853147,0.020436447014787612,4.5901949014582435,0.38750104240919125,0.44094332614851667,0.07059413693803678,0.04308485323896454,0.37183622340804245,0.13874796181961996,-0.48951048951048953,-0.0006372487023853982,78,-0.3936489517252749,4.187533945174699,65,0.5173389255028625,5.073388048998499,/home/haowei/Documents/End2Race/post-trained/ppo_privilege_gru_0721_base/checkpoints/actor_u0020.pth,/home/haowei/Documents/End2Race/post-trained/ppo_privilege_gru_0721_base/checkpoints/critic_u0020.pt,privilege_gru,privilege_gru / bs12800 / clip0.15,0.24475524475524477,0.48951048951048953,"[-0.6745579242706299, -1.0, -1.0, -0.9812331199645996, -1.0, -0.9999982118606567, 0.0, -1.0, -1.0, 0.0, 0.0, 0.0, -1.0, -0.7448284029960632, -0.5999520421028137, -0.3895891308784485, -0.9195840358734131, 0.39289334416389465, -1.0, -1.0]","[1.0, 1.0, 0.33099448680877686, 0.8564935326576233, 0.9999994039535522, 1.0, 0.7815673351287842, 1.0, 1.0, 0.9757951498031616, 0.9890020489692688, 0.8213382959365845, 1.0, 0.5399335622787476, 1.0, 1.0, 0.8932545781135559, 1.0, 1.0, 1.0]","[-0.00951959379017353, -0.018493492156267166, -0.13978777825832367, 0.028044672682881355, 0.04165935516357422, 0.8653376698493958, 0.5248145461082458, -0.01712700165808201, 0.00591991376131773, 0.6565878391265869, 0.5151455402374268, 0.7709059715270996, -0.020462220534682274, 0.002722139935940504, 0.908785879611969, 0.8716335892677307, 0.020951520651578903, 0.9419245719909668, -0.020326517522335052, -0.024411769583821297]","[0.4080370366573334, 0.43064650893211365, 0.19708041846752167, 0.2559548020362854, 0.36498281359672546, 0.3412751257419586, 0.1581822633743286, 0.18703094124794006, 0.17707782983779907, 0.27202314138412476, 0.3012489974498749, 0.04877619445323944, 0.21035811305046082, 0.09437110275030136, 0.17046838998794556, 0.19217097759246826, 0.3280385136604309, 0.06940802186727524, 0.38530534505844116, 0.389927476644516]","[0.0, 0.0484765625, 0.000185546875, 0.0, 5.859375e-05, 0.0, 0.0, 0.000654296875, 0.00015625, 0.052412109375, 0.11033203125, 7.8125e-05, 0.00267578125, 0.0, 0.0, 0.0, 0.0, 0.0, 0.053544921875, 0.057548828125]","[0.066884765625, 0.02931640625, 0.0, 0.0, 1.953125e-05, 0.018349609375, 0.0, 0.000400390625, 0.000146484375, 0.0, 0.0, 0.0, 8.7890625e-05, 0.0, 0.541826171875, 0.458173828125, 0.0, 0.0017578125, 0.016982421875, 0.016650390625]","[0.072392578125, 0.030458984375, 0.0, 0.0, 0.01806640625, 0.699384765625, 0.0, 0.000556640625, 0.00044921875, 0.028408203125, 0.038505859375, 0.0, 0.0003515625, 0.0, 0.652978515625, 0.5641796875, 0.0, 0.622265625, 0.019140625, 0.018466796875]","[0.067998046875, 0.029443359375, 0.0, 0.0, 0.006142578125, 0.551455078125, 0.0, 0.0004296875, 0.00021484375, 0.0, 0.0, 0.0, 0.0003125, 0.0, 0.5655078125, 0.4812890625, 0.0, 0.31509765625, 0.017421875, 0.017060546875]"
formal,1,privilege_gru,0,1,204800,204800,102400,0.023810863061807908,0.1669818449765444,"[0.24121064320206642, 0.1818581148982048, 0.15231158211827278, 0.14287292212247849, 0.11665596254169941]",0.18180427050894962,0.10930173778264678,0.24546710856749288,0.5665091782579185,0.30352848750979555,0.15992964500746,0.06008005350810363,0.05867383055783353,0.219728346528697,0.5441062540854253,0.10429733456511048,0.36298531812885826,-0.09982313895863854,0.3192997530685718,-0.025296345291637864,0.4892139764449343,0.1803131372499047,1.245259165763855,0.36706054396927357,0.6300390362739563,160.2655520439148,261.7760314941406,1.5220388039946555,4.833401203155518,92.05468142999962,13.979369019998558,40.2873533460006,54,66,39,3.556666666666632,159,649.0943396226415,-0.23055848805200252,3.503862829655375,0.3090019532907204,0.43090997908191037,0.08736558703054961,0.04760752061569831,0.3284134787783901,0.12027644987074954,-0.6792452830188679,-3.133682274248001e-06,94,-0.7836086370903732,1.7935366908688255,65,0.5692371120957951,5.977257553439001,/home/haowei/Documents/End2Race/post-trained/ppo_privilege_gru_0721_bs25600/checkpoints/actor_u0001.pth,/home/haowei/Documents/End2Race/post-trained/ppo_privilege_gru_0721_bs25600/checkpoints/critic_u0001.pt,batch_25600,privilege_gru / bs25600,0.33962264150943394,0.41509433962264153,"[-0.7974785566329956, -1.0, -1.0, -0.9765022993087769, -0.9999999403953552, -0.9999996423721313, 0.0, -1.0, -1.0, 0.0, 0.0, 0.0, -1.0, -0.5856860876083374, -0.6494864821434021, -0.69828861951828, -0.9236561059951782, 0.3832223117351532, -1.0, -1.0]","[1.0, 1.0, 0.28984126448631287, 0.942678689956665, 0.9999998807907104, 1.0, 0.7654470801353455, 1.0, 1.0, 0.9768145084381104, 0.988070547580719, 0.8148320317268372, 1.0, 0.5401376485824585, 1.0, 1.0, 0.8903282880783081, 1.0, 1.0, 1.0]","[-0.03858690708875656, -0.011733190156519413, -0.1257549226284027, 0.015296664088964462, 0.01985001564025879, 0.8845710754394531, 0.5024722814559937, -0.01501957792788744, 0.003104428295046091, 0.6390272974967957, 0.516420304775238, 0.7681918144226074, -0.018090801313519478, 0.002247783588245511, 0.9063897728919983, 0.8758354187011719, 0.017795654013752937, 0.9404789805412292, -0.014011365361511707, -0.019495807588100433]","[0.3831804692745209, 0.43202710151672363, 0.1815650314092636, 0.2464214414358139, 0.3481878340244293, 0.31002676486968994, 0.15550093352794647, 0.18244846165180206, 0.17121689021587372, 0.27460232377052307, 0.29515355825424194, 0.05248052999377251, 0.20928266644477844, 0.08951404690742493, 0.17899273335933685, 0.18756459653377533, 0.33275288343429565, 0.06720450520515442, 0.39347463846206665, 0.3980698585510254]","[0.0, 0.042119140625, 3.90625e-05, 0.0, 1.953125e-05, 9.765625e-06, 0.0, 0.00080078125, 0.000107421875, 0.0567578125, 0.099853515625, 3.90625e-05, 0.00216796875, 0.0, 0.0, 0.0, 0.0, 0.0, 0.049921875, 0.05484375]","[0.05279296875, 0.03470703125, 0.0, 0.0, 9.765625e-06, 0.01578125, 0.0, 0.000185546875, 0.0005078125, 0.0, 0.0, 0.0, 0.000107421875, 0.0, 0.531328125, 0.468681640625, 0.0, 0.00166015625, 0.02037109375, 0.01916015625]","[0.0578125, 0.037197265625, 0.0, 0.0, 0.0091796875, 0.71490234375, 0.0, 0.0002734375, 0.00078125, 0.0205859375, 0.036357421875, 0.0, 0.00013671875, 0.0, 0.648369140625, 0.5808984375, 0.0, 0.59552734375, 0.02294921875, 0.021279296875]","[0.05373046875, 0.0351953125, 0.0, 0.0, 0.002314453125, 0.55138671875, 0.0, 0.000205078125, 0.00052734375, 0.0, 0.0, 0.0, 0.000126953125, 0.0, 0.556201171875, 0.4928125, 0.0, 0.275830078125, 0.020859375, 0.019638671875]"
formal,2,privilege_gru,1,2,307200,307200,204800,0.011267076551447985,0.09452455509454012,"[0.11998064070940018, 0.10089565813541412, 0.09259434603154659, 0.07919347751885653, 0.07995865307748318]",0.11450473153839616,0.07350632679388597,0.4797535145715638,0.7076217926547267,0.1816347873755226,0.09944474222027405,0.04737467570126972,0.047567911367497856,0.42825820040465634,0.6919607191102586,0.4015143813391815,0.5214562971905958,-0.18247571174270605,0.3540453188098471,-0.08233361756998761,0.4659493755863204,0.3109751203257474,0.9160916805267334,0.22529784496873617,0.44425779581069946,115.32506740093231,221.23971557617188,0.8589409448206424,1.9465025663375854,93.04731872300181,13.6093383740008,38.868046635998326,45,54,49,3.63266666666663,148,667.2094594594595,-0.163794355422461,3.0039238214844644,0.4165570534141682,0.4459124998289612,0.09541133879549876,0.046061942011424724,0.3342443111064054,0.10963568077187553,-0.6081081081081081,0.0004337608073661445,84,-0.6652936454275699,2.0939245368694,64,0.4944234627092445,4.198297882541736,/home/haowei/Documents/End2Race/post-trained/ppo_privilege_gru_0721_bs25600/checkpoints/actor_u0002.pth,/home/haowei/Documents/End2Race/post-trained/ppo_privilege_gru_0721_bs25600/checkpoints/critic_u0002.pt,batch_25600,privilege_gru / bs25600,0.30405405405405406,0.36486486486486486,"[-0.6858382225036621, -1.0, -1.0, -0.9743742942810059, -0.9999999403953552, -0.8956706523895264, 0.0, -1.0, -0.9244171977043152, 0.0, 0.0, 0.0, -1.0, -0.6155985593795776, -0.541474461555481, -0.4932350516319275, -0.9470869302749634, 0.32097718119621277, -1.0, -1.0]","[1.0, 1.0, 0.2602181136608124, 1.0, 0.9999995231628418, 1.0, 0.7692056894302368, 1.0, 1.0, 0.9752752184867859, 0.9864072203636169, 0.8149135112762451, 1.0, 0.5392477512359619, 1.0, 1.0, 0.9153295159339905, 1.0, 1.0, 1.0]","[-0.048682525753974915, -0.0009646675898693502, -0.11188168823719025, 0.006204149220138788, 0.008279699832201004, 0.9019839763641357, 0.5004774332046509, -0.011393287219107151, 0.00585465133190155, 0.6456814408302307, 0.4550739526748657, 0.7710041999816895, -0.014852352440357208, -0.0008536641835235059, 0.9002153873443604, 0.8875546455383301, 0.009898101910948753, 0.9394615888595581, -0.009735636413097382, -0.016001157462596893]","[0.3724215626716614, 0.389649361371994, 0.17261247336864471, 0.24583542346954346, 0.3449195921421051, 0.26005226373672485, 0.15742127597332, 0.17824435234069824, 0.16672031581401825, 0.2638729214668274, 0.30545806884765625, 0.04562806338071823, 0.20766405761241913, 0.08750570565462112, 0.1815599501132965, 0.18355609476566315, 0.3353593945503235, 0.07022181153297424, 0.38439229130744934, 0.38996654748916626]","[0.0, 0.030810546875, 0.001708984375, 0.0, 2.9296875e-05, 0.0, 0.0, 0.000283203125, 0.0, 0.047607421875, 0.12076171875, 2.9296875e-05, 0.002080078125, 0.0, 0.0, 0.0, 0.0, 0.0, 0.0493359375, 0.05435546875]","[0.051171875, 0.028837890625, 0.0, 0.000166015625, 9.765625e-06, 0.0191796875, 0.0, 0.00033203125, 0.0001171875, 0.0, 0.0, 0.0, 0.000185546875, 0.0, 0.50427734375, 0.49572265625, 0.0, 0.001328125, 0.02228515625, 0.021416015625]","[0.055390625, 0.030634765625, 0.0, 0.00025390625, 0.011806640625, 0.7284765625, 0.0, 0.00044921875, 0.000390625, 0.02388671875, 0.0307421875, 0.0, 0.000341796875, 0.0, 0.640517578125, 0.615830078125, 0.0, 0.60025390625, 0.024833984375, 0.023759765625]","[0.05201171875, 0.029267578125, 0.0, 0.0001953125, 0.00384765625, 0.592509765625, 0.0, 0.0003515625, 0.00013671875, 0.0, 0.0, 0.0, 0.0003125, 0.0, 0.533505859375, 0.523828125, 0.0, 0.295380859375, 0.02275390625, 0.0219140625]"
formal,3,privilege_gru,2,3,409600,409600,307200,0.0005540767570346716,0.12636962570250035,"[0.11665195412933826, 0.12737515568733215, 0.1370004154741764, 0.15475768223404884, 0.09606292098760605]",0.11251350217728902,0.14144926141351136,0.5336645014671997,0.6717192539354067,0.17389289361268337,0.15272501184074802,0.05113411074189462,0.1301735109862747,0.4609791156898938,0.6460531234174431,0.5752906900168954,0.5292130727462901,-0.34615223938165174,0.3617888803187013,-0.09338193632655475,0.486055894093162,0.1525244879849197,0.6953277587890625,0.041166990310557594,0.09968749433755875,30.245047509670258,73.19580078125,2.0899291023612023,5.56757116317749,92.10721695900065,13.69766378499844,39.50607975700041,44,70,37,4.382727272727221,151,694.5960264900663,-0.07431289433767739,4.764219632587364,0.3259244630481035,0.42864902801579324,0.09193719881374403,0.045582703776660655,0.3626518825704893,0.14550677741977025,-0.5827814569536424,0.00030990262570534987,86,-0.5484668951051699,3.262257359195434,65,0.5530293220623896,6.75143125584438,/home/haowei/Documents/End2Race/post-trained/ppo_privilege_gru_0721_bs25600/checkpoints/actor_u0003.pth,/home/haowei/Documents/End2Race/post-trained/ppo_privilege_gru_0721_bs25600/checkpoints/critic_u0003.pt,batch_25600,privilege_gru / bs25600,0.2913907284768212,0.46357615894039733,"[-0.6320645809173584, -1.0, -1.0, -0.9909470081329346, -1.0, -0.9999984502792358, 0.0, -1.0, -1.0, 0.0, 0.0, 0.0, -1.0, -0.5858162641525269, -0.5163621306419373, -0.4760456383228302, -0.908162534236908, 0.3990612328052521, -1.0, -1.0]","[1.0, 1.0, 0.3267456591129303, 0.8970698714256287, 0.9999998211860657, 1.0, 0.7693750262260437, 1.0, 1.0, 0.9766771197319031, 0.9892739057540894, 0.8178277015686035, 1.0, 0.5648171305656433, 1.0, 1.0, 0.9169242978096008, 1.0, 1.0, 1.0]","[0.016431260854005814, 0.0022943224757909775, -0.14228160679340363, 0.025166857987642288, 0.03134121745824814, 0.8820540904998779, 0.5207788348197937, -0.019488979130983353, 0.0029907890129834414, 0.6502551436424255, 0.5189131498336792, 0.7692713141441345, -0.023751240223646164, 0.0025767055340111256, 0.9068257808685303, 0.8685856461524963, 0.01921086013317108, 0.9398193359375, -0.030128413811326027, -0.0348174162209034]","[0.4227350056171417, 0.43236660957336426, 0.18739700317382812, 0.2566177248954773, 0.36234065890312195, 0.2998324930667877, 0.1611729860305786, 0.18311993777751923, 0.17218004167079926, 0.2801973819732666, 0.2956574559211731, 0.051876265555620193, 0.20918789505958557, 0.09367123246192932, 0.18156999349594116, 0.19479702413082123, 0.33429309725761414, 0.0685470923781395, 0.3855879008769989, 0.3896917700767517]","[0.0, 0.04484375, 0.00150390625, 0.0, 5.859375e-05, 0.0, 0.0, 0.000634765625, 9.765625e-06, 0.060576171875, 0.103134765625, 7.8125e-05, 0.001845703125, 0.0, 0.0, 0.0, 0.0, 0.0, 0.053037109375, 0.05724609375]","[0.077578125, 0.033564453125, 0.0, 0.0, 3.90625e-05, 0.016142578125, 0.0, 0.0001171875, 8.7890625e-05, 0.0, 0.0, 0.0, 6.8359375e-05, 0.0, 0.5405078125, 0.459501953125, 0.0, 0.00177734375, 0.01541015625, 0.014755859375]","[0.084931640625, 0.034873046875, 0.0, 0.0, 0.0124609375, 0.694443359375, 0.0, 0.00013671875, 0.000224609375, 0.03806640625, 0.04470703125, 0.0, 0.000166015625, 0.0, 0.65634765625, 0.559326171875, 0.0, 0.598681640625, 0.017236328125, 0.01630859375]","[0.078916015625, 0.033857421875, 0.0, 0.0, 0.005341796875, 0.540107421875, 0.0, 0.0001171875, 8.7890625e-05, 0.0, 0.0, 0.0, 0.000146484375, 0.0, 0.563857421875, 0.48181640625, 0.0, 0.2870703125, 0.015693359375, 0.01505859375]"
formal,4,privilege_gru,3,4,512000,512000,409600,-0.00016394114230933177,0.09436975494027137,"[0.10843729414045811, 0.09740019589662552, 0.10521099530160427, 0.08686516433954239, 0.0739351250231266]",0.10829527155148909,0.06385973977237686,0.592122571726027,0.7652954092687729,0.16081419187025034,0.08711133818945083,0.05577635123272784,0.04060814135530289,0.47934039452206356,0.7112108322384973,0.45920980386455457,0.5849383101429911,-0.4254547897611428,0.427764411580519,-0.3819376270789132,0.5138258227376364,0.024187286177766498,0.18465858697891235,0.01722167944535613,0.038359373807907104,17.946614921092987,31.70409393310547,1.2154475301504135,2.7157437801361084,93.09571626800243,14.194842626999161,40.78913564499817,70,55,36,3.9535714285713848,161,624.0683229813665,-0.44411646266129595,3.0863298121771687,0.2769828314977498,0.4662668236354096,0.1039224569786539,0.055675375275323166,0.3139482734225299,0.11149539390442555,-0.8695652173913043,5.0874030528910755e-06,96,-1.0348119800776983,1.2994324969886841,65,0.428295378446006,5.72543969307093,/home/haowei/Documents/End2Race/post-trained/ppo_privilege_gru_0721_bs25600/checkpoints/actor_u0004.pth,/home/haowei/Documents/End2Race/post-trained/ppo_privilege_gru_0721_bs25600/checkpoints/critic_u0004.pt,batch_25600,privilege_gru / bs25600,0.43478260869565216,0.3416149068322981,"[-0.7312338948249817, -1.0, -1.0, -1.0, -0.9999999403953552, -1.0, 0.0, -1.0, -1.0, 0.0, 0.0, 0.0, -1.0, -0.6744518280029297, -0.5489930510520935, -0.38902372121810913, -0.9439075589179993, 0.3302098512649536, -1.0, -1.0]","[1.0, 1.0, 0.26605215668678284, 0.9149150252342224, 1.0, 1.0, 0.7965853214263916, 1.0, 1.0, 0.9744300842285156, 0.984830915927887, 0.8172029256820679, 1.0, 0.5129979252815247, 1.0, 1.0, 0.9075173139572144, 1.0, 1.0, 1.0]","[-0.0634976476430893, -0.06950324028730392, -0.1207037940621376, 0.006372367963194847, 0.015847478061914444, 0.8868163824081421, 0.5023172497749329, -0.014162156730890274, 0.005492225755006075, 0.637047290802002, 0.501911461353302, 0.7727034091949463, -0.01734147220849991, 0.0008955385419540107, 0.901333749294281, 0.8922328352928162, 0.0049118841998279095, 0.9402623176574707, -0.012898667715489864, -0.020567303523421288]","[0.3609839081764221, 0.40945401787757874, 0.1789366602897644, 0.24891026318073273, 0.3538936972618103, 0.2970748841762543, 0.15934094786643982, 0.17862893640995026, 0.16995325684547424, 0.2713126838207245, 0.2974990904331207, 0.04380747675895691, 0.20665277540683746, 0.08886536210775375, 0.17289811372756958, 0.17598338425159454, 0.33365175127983093, 0.06793893128633499, 0.3935931324958801, 0.39804691076278687]","[0.0, 0.039853515625, 0.0003515625, 0.000224609375, 5.859375e-05, 1.953125e-05, 0.0, 0.000556640625, 2.9296875e-05, 0.054921875, 0.1094921875, 3.90625e-05, 0.001533203125, 0.0, 0.0, 0.0, 0.0, 0.0, 0.051279296875, 0.05607421875]","[0.048515625, 0.02501953125, 0.0, 0.0, 1.953125e-05, 0.015380859375, 0.0, 0.000234375, 4.8828125e-05, 0.0, 0.0, 0.0, 9.765625e-06, 0.0, 0.508427734375, 0.49158203125, 0.0, 0.00171875, 0.018486328125, 0.016416015625]","[0.05203125, 0.02638671875, 0.0, 0.0, 0.009443359375, 0.71490234375, 0.0, 0.00029296875, 0.00015625, 0.019296875, 0.027802734375, 0.0, 5.859375e-05, 0.0, 0.6254296875, 0.606669921875, 0.0, 0.59943359375, 0.02095703125, 0.018349609375]","[0.049208984375, 0.02525390625, 0.0, 0.0, 0.0041796875, 0.55125, 0.0, 0.000234375, 5.859375e-05, 0.0, 0.0, 0.0, 4.8828125e-05, 0.0, 0.5337890625, 0.516396484375, 0.0, 0.26626953125, 0.018876953125, 0.0168359375]"
formal,5,privilege_gru,4,5,614400,614400,512000,0.0010205136164218587,0.0700855253264308,"[0.08551334775984287, 0.07770432718098164, 0.06825453974306583, 0.06259631924331188, 0.05635909270495176]",0.08391579408413799,0.05251606721895372,0.6975323688857478,0.8211459344162776,0.12679464844811827,0.07228158681451946,0.0410369397201577,0.032750547623387985,0.6369901991818767,0.7945931667618615,0.5513017039562096,0.6667209288363357,-0.4091134648034949,0.4484991057111549,-0.3420176506136886,0.5181261667747374,0.002755578728974792,0.005230441689491272,0.05005371128208935,0.08464843779802322,30.37486520409584,57.49196243286133,0.8856765300035476,1.1494982242584229,92.68803946700064,13.835770335001143,39.659831783999834,55,59,38,4.355636363636313,152,668.1315789473684,-0.2568540251025137,3.7021569319522567,0.35324807353021315,0.40512326038223745,0.07781872735051874,0.04535725221489919,0.34186180418883394,0.12469355053605599,-0.7236842105263158,0.0002748306989121691,88,-0.8619370029197824,2.949822810513001,64,0.5751350693962305,4.736616348931234,/home/haowei/Documents/End2Race/post-trained/ppo_privilege_gru_0721_bs25600/checkpoints/actor_u0005.pth,/home/haowei/Documents/End2Race/post-trained/ppo_privilege_gru_0721_bs25600/checkpoints/critic_u0005.pt,batch_25600,privilege_gru / bs25600,0.3618421052631579,0.3881578947368421,"[-0.6937118768692017, -1.0, -1.0, -1.0, -1.0, -0.9986928105354309, 0.0, -1.0, -1.0, 0.0, 0.0, 0.0, -1.0, -0.6515235304832458, -0.5521867871284485, -0.3946954607963562, -0.9279714226722717, 0.37265142798423767, -1.0, -1.0]","[1.0, 1.0, 0.2591583728790283, 0.9402945041656494, 1.0, 1.0, 0.7812293767929077, 1.0, 1.0, 0.9766650199890137, 0.9892748594284058, 0.8153108358383179, 1.0, 0.7450516819953918, 1.0, 1.0, 0.9017142653465271, 1.0, 1.0, 1.0]","[-0.04612016677856445, 0.06132679060101509, -0.12100891023874283, -0.001019341521896422, 0.0006734180497005582, 0.9034884572029114, 0.5123163461685181, -0.016547322273254395, 0.0025442650076001883, 0.6399632692337036, 0.5210627913475037, 0.7704445719718933, -0.020940173417329788, 7.56496810936369e-05, 0.926368772983551, 0.8571720123291016, 0.03539808467030525, 0.9413750171661377, -0.01864727959036827, -0.02514791674911976]","[0.38518109917640686, 0.40777483582496643, 0.16904795169830322, 0.25453439354896545, 0.352195680141449, 0.24470171332359314, 0.16118323802947998, 0.17759619653224945, 0.16359713673591614, 0.283463716506958, 0.28749608993530273, 0.04858029633760452, 0.2070796936750412, 0.08821598440408707, 0.15670378506183624, 0.19735054671764374, 0.3282945156097412, 0.06976042687892914, 0.3869033753871918, 0.39095088839530945]","[0.0, 0.023349609375, 0.000234375, 0.000380859375, 4.8828125e-05, 0.0, 0.0, 0.000419921875, 3.90625e-05, 0.063134765625, 0.0951953125, 9.765625e-06, 0.00181640625, 0.0, 0.0, 0.0, 0.0, 0.0, 0.05126953125, 0.055380859375]","[0.05841796875, 0.03341796875, 0.0, 0.0, 4.8828125e-05, 0.01634765625, 0.0, 9.765625e-05, 2.9296875e-05, 0.0, 0.0, 0.0, 2.9296875e-05, 0.0, 0.590361328125, 0.4096484375, 0.0, 0.001845703125, 0.015283203125, 0.013896484375]","[0.063349609375, 0.03564453125, 0.0, 0.0, 0.010703125, 0.7147265625, 0.0, 0.0001171875, 0.000126953125, 0.0301953125, 0.028544921875, 0.0, 5.859375e-05, 0.0, 0.707958984375, 0.51908203125, 0.0, 0.6129296875, 0.017294921875, 0.015478515625]","[0.05935546875, 0.033935546875, 0.0, 0.0, 0.004208984375, 0.553056640625, 0.0, 9.765625e-05, 3.90625e-05, 0.0, 0.0, 0.0, 4.8828125e-05, 0.0, 0.615478515625, 0.43412109375, 0.0, 0.3130078125, 0.01556640625, 0.014248046875]"
formal,6,privilege_gru,5,6,716800,716800,614400,0.006452241119696112,0.0727046150714159,"[0.08617364801466465, 0.08496945537626743, 0.07656304724514484, 0.06072517763823271, 0.05509174708276987]",0.08643711839970665,0.06312224761076791,0.7048509018818905,0.8306310981644371,0.1195915246986719,0.08887951084068817,0.053282712100741404,0.037364984380847684,0.6719610848222042,0.8224655072013629,0.5555234865030811,0.6867323048569837,-0.25430669481044843,0.4647441544674913,-0.37784239869740815,0.5315876143710139,0.09559895935468375,0.35613980889320374,0.1856445288285613,0.30140623450279236,61.06289628148079,97.9906997680664,0.8434452645480632,2.0040738582611084,94.21270663800169,14.153785524998966,40.76655643399863,57,61,42,3.697543859649085,160,646.725,-0.26319668063520674,3.7116049107790325,0.3415212002062038,0.4687575089870498,0.09453859249154305,0.049638671784159,0.3256869836490993,0.12371748258663058,-0.7125,-0.00010114687093660008,94,-0.7633121316902353,2.722431909206995,66,0.44908896177650043,5.120427064533146,/home/haowei/Documents/End2Race/post-trained/ppo_privilege_gru_0721_bs25600/checkpoints/actor_u0006.pth,/home/haowei/Documents/End2Race/post-trained/ppo_privilege_gru_0721_bs25600/checkpoints/critic_u0006.pt,batch_25600,privilege_gru / bs25600,0.35625,0.38125,"[-0.6928883194923401, -1.0, -0.9754080176353455, -0.9137120842933655, -1.0, -0.8317131996154785, 0.0, -1.0, -1.0, 0.0, 0.0, 0.0, -1.0, -0.5867323875427246, -0.5204142332077026, -0.36971327662467957, -0.8783412575721741, 0.41659992933273315, -1.0, -1.0]","[1.0, 1.0, 0.2748148441314697, 0.8683369755744934, 1.0, 1.0, 0.7743080854415894, 1.0, 1.0, 0.9748550653457642, 0.9880506992340088, 0.8135234117507935, 1.0, 0.4986587166786194, 1.0, 1.0, 0.9090899229049683, 1.0, 1.0, 1.0]","[-0.03922637924551964, -0.01288203988224268, -0.12373795360326767, 0.027045564725995064, 0.043203625828027725, 0.9000816345214844, 0.5007073283195496, -0.013926628977060318, 0.0017494808416813612, 0.657497227191925, 0.4851953387260437, 0.7725102305412292, -0.015614112839102745, 0.0037705448921769857, 0.925066351890564, 0.8656054139137268, 0.02810903638601303, 0.9410526156425476, -0.00901961699128151, -0.014330577105283737]","[0.401032030582428, 0.4115822911262512, 0.18039236962795258, 0.24118968844413757, 0.35022374987602234, 0.2559473514556885, 0.16097603738307953, 0.17415514588356018, 0.1641887128353119, 0.27080073952674866, 0.30187565088272095, 0.046776823699474335, 0.2023361474275589, 0.08415818214416504, 0.1446632444858551, 0.20216643810272217, 0.3302308917045593, 0.06817544996738434, 0.37950801849365234, 0.38420483469963074]","[0.0, 0.04046875, 0.0, 0.0, 5.859375e-05, 0.0, 0.0, 0.00046875, 0.000146484375, 0.05408203125, 0.111123046875, 9.765625e-05, 0.001884765625, 0.0, 0.0, 0.0, 0.0, 0.0, 0.0446484375, 0.048984375]","[0.073505859375, 0.02544921875, 0.0, 0.0, 2.9296875e-05, 0.0162890625, 0.0, 0.000205078125, 0.00013671875, 0.0, 0.0, 0.0, 4.8828125e-05, 0.0, 0.555556640625, 0.444453125, 0.0, 0.0016796875, 0.0199609375, 0.019013671875]","[0.078095703125, 0.027265625, 0.0, 0.0, 0.013095703125, 0.7205078125, 0.0, 0.000263671875, 0.000458984375, 0.039091796875, 0.03166015625, 0.0, 0.00013671875, 0.0, 0.679853515625, 0.564638671875, 0.0, 0.611513671875, 0.022373046875, 0.020966796875]","[0.074423828125, 0.02583984375, 0.0, 0.0, 0.003955078125, 0.55205078125, 0.0, 0.000224609375, 0.000185546875, 0.0, 0.0, 0.0, 0.0001171875, 0.0, 0.58263671875, 0.470908203125, 0.0, 0.30017578125, 0.020341796875, 0.019423828125]"
formal,7,privilege_gru,6,7,819200,819200,716800,0.00033315137050493604,0.12533722631633282,"[0.15481404215097427, 0.11790524981915951, 0.12296521663665771, 0.11860247515141964, 0.11239914782345295]",0.08913591489110416,0.07777496593772815,0.7029190099008655,0.7625213205736866,0.1340770524891862,0.12745692914417306,0.04419477729302212,0.028093002731283255,0.6519431862283502,0.7227658043988153,0.6001810079986123,0.6895193736632633,-0.10418720060854725,0.45713499061280716,-0.1924624657100844,0.5428529953398985,0.0023730530316242865,0.0037563566584140062,0.03995117079466581,0.07832030951976776,21.27592894434929,41.101078033447266,2.453085261583328,4.512336730957031,95.87950991400066,13.74875339600112,39.62775228600003,46,62,41,4.345652173912991,149,687.1812080536913,-0.13389824654188737,3.9424341794431457,0.3941678206654576,0.4486901433265375,0.08286237874688715,0.044385692721422725,0.35456972391868125,0.12907593747215965,-0.6174496644295302,-9.4243503198081e-05,85,-0.6228472549593004,3.2565978617834124,64,0.5154871552624891,4.853310538834981,/home/haowei/Documents/End2Race/post-trained/ppo_privilege_gru_0721_bs25600/checkpoints/actor_u0007.pth,/home/haowei/Documents/End2Race/post-trained/ppo_privilege_gru_0721_bs25600/checkpoints/critic_u0007.pt,batch_25600,privilege_gru / bs25600,0.3087248322147651,0.4161073825503356,"[-0.6669723391532898, -1.0, -1.0, -1.0, -0.9999998211860657, -0.9999998807907104, 0.0, -1.0, -1.0, 0.0, 0.0, 0.0, -1.0, -0.6918647289276123, -0.5611196756362915, -0.4735174775123596, -0.934134840965271, 0.3569203317165375, -1.0, -1.0]","[1.0, 1.0, 0.3316531181335449, 1.0, 0.9999999403953552, 1.0, 0.7803477644920349, 1.0, 1.0, 0.9769604802131653, 0.9862139821052551, 0.8189054131507874, 0.9166865348815918, 0.5780205726623535, 1.0, 1.0, 0.9078087210655212, 1.0, 1.0, 1.0]","[-0.03026704117655754, -0.05276956036686897, -0.12775754928588867, 0.025337152183055878, 0.041106559336185455, 0.8898705244064331, 0.5131798982620239, -0.017407886683940887, 0.004205480683594942, 0.652910590171814, 0.48764556646347046, 0.7707760334014893, -0.021188030019402504, 0.0026168469339609146, 0.9004590511322021, 0.8812829852104187, 0.007336578331887722, 0.9411988854408264, -0.021757038310170174, -0.026968996971845627]","[0.40084540843963623, 0.40729594230651855, 0.18084385991096497, 0.24021604657173157, 0.3511975109577179, 0.28871995210647583, 0.16385549306869507, 0.17673321068286896, 0.17010310292243958, 0.2710154950618744, 0.2968476414680481, 0.04739857837557793, 0.2043452262878418, 0.08803679794073105, 0.1861613690853119, 0.17872025072574615, 0.3305908739566803, 0.06982838362455368, 0.3784625828266144, 0.38369596004486084]","[0.0, 0.0436328125, 0.0009765625, 0.00037109375, 9.765625e-06, 9.765625e-06, 0.0, 0.0006640625, 0.00017578125, 0.0546484375, 0.112294921875, 7.8125e-05, 0.00201171875, 0.0, 0.0, 0.0, 0.0, 0.0, 0.050693359375, 0.055087890625]","[0.06236328125, 0.023671875, 0.0, 0.000283203125, 5.859375e-05, 0.017109375, 0.0, 0.000166015625, 0.000302734375, 0.0, 0.0, 0.0, 0.0, 0.0, 0.536962890625, 0.463037109375, 0.0, 0.00181640625, 0.01546875, 0.014775390625]","[0.06767578125, 0.02583984375, 0.0, 0.000322265625, 0.017998046875, 0.721689453125, 0.0, 0.000205078125, 0.00060546875, 0.030029296875, 0.029609375, 0.0, 0.0, 0.0, 0.641318359375, 0.5653125, 0.0, 0.614931640625, 0.01734375, 0.016318359375]","[0.0633984375, 0.024111328125, 0.0, 0.00029296875, 0.0075, 0.567333984375, 0.0, 0.00017578125, 0.0003125, 0.0, 0.0, 0.0, 0.0, 0.0, 0.559521484375, 0.48484375, 0.0, 0.307109375, 0.01580078125, 0.015087890625]"
formal,8,privilege_gru,7,8,921600,921600,819200,0.00045114406078927693,0.07233941275626421,"[0.08767861686646938, 0.08521551918238401, 0.06942958198487759, 0.05903341993689537, 0.060339925810694695]",0.084329629128053,0.047079311229069526,0.7477666725309954,0.8589157629619971,0.12490625428346562,0.07259691362347258,0.043753003972640425,0.02156170883466649,0.7317566467676722,0.8420711140134207,0.5486529292045108,0.7381950982714709,-0.07782344081886208,0.520201160798413,-0.08319821389263665,0.5774874085384066,0.004818088265601539,0.011415963992476463,0.030327147716889158,0.08578124642372131,22.208568572998047,54.89803695678711,0.8048560656607151,1.801561951637268,94.3001884639998,13.992304740997497,39.97771229499995,50,59,43,4.114599999999954,152,672.1907894736842,-0.1932945241192412,3.515154106005926,0.37766230400660133,0.4476967355406522,0.08700828556440282,0.045525542939784634,0.34232650590977276,0.12174484594747675,-0.6578947368421053,0.000528860865614539,88,-0.731769068963089,2.5017178735405388,64,0.5471079750410495,4.908628925645834,/home/haowei/Documents/End2Race/post-trained/ppo_privilege_gru_0721_bs25600/checkpoints/actor_u0008.pth,/home/haowei/Documents/End2Race/post-trained/ppo_privilege_gru_0721_bs25600/checkpoints/critic_u0008.pt,batch_25600,privilege_gru / bs25600,0.32894736842105265,0.3881578947368421,"[-0.6048796772956848, -1.0, -1.0, -1.0, -1.0, -0.9999999403953552, 0.0, -1.0, -1.0, 0.0, 0.0, 0.0, -1.0, -0.5064858198165894, -0.4968719184398651, -0.835319459438324, -0.9733455181121826, 0.22934359312057495, -1.0, -1.0]","[1.0, 1.0, 0.25572824478149414, 0.8985894918441772, 0.9999999403953552, 1.0, 0.7855633497238159, 1.0, 1.0, 0.9744166731834412, 0.9893739223480225, 0.821319580078125, 1.0, 0.5224867463111877, 1.0, 1.0, 0.9137473106384277, 1.0, 1.0, 1.0]","[-0.03731042146682739, 0.02116836979985237, -0.12327058613300323, -0.007856320589780807, -0.012317580170929432, 0.8847478628158569, 0.5087756514549255, -0.023642605170607567, 0.003289720742031932, 0.6474918127059937, 0.4961216449737549, 0.773122251033783, -0.0301109217107296, 0.0025161835364997387, 0.9243715405464172, 0.8726305365562439, 0.021994344890117645, 0.9416549801826477, -0.038991376757621765, -0.04595719650387764]","[0.39755144715309143, 0.4200321435928345, 0.18376153707504272, 0.24895720183849335, 0.3497213125228882, 0.30820369720458984, 0.15844476222991943, 0.17815349996089935, 0.16896870732307434, 0.27751073241233826, 0.30644309520721436, 0.04797954484820366, 0.20955686271190643, 0.08667653799057007, 0.14943109452724457, 0.18461298942565918, 0.3288797438144684, 0.06872871518135071, 0.3770149350166321, 0.38120317459106445]","[0.0, 0.03748046875, 0.00154296875, 0.000166015625, 8.7890625e-05, 9.765625e-06, 0.0, 0.00078125, 0.000107421875, 0.060966796875, 0.1102734375, 0.0004296875, 0.00390625, 0.0, 0.0, 0.0, 0.0, 0.0, 0.05623046875, 0.060693359375]","[0.06966796875, 0.03978515625, 0.0, 0.0, 1.953125e-05, 0.019619140625, 0.0, 9.765625e-05, 0.000205078125, 0.0, 0.0, 0.0, 0.000107421875, 0.0, 0.575517578125, 0.424482421875, 0.0, 0.001484375, 0.017578125, 0.015732421875]","[0.0747265625, 0.04125, 0.0, 0.0, 0.010283203125, 0.719296875, 0.0, 0.000146484375, 0.00046875, 0.024072265625, 0.04998046875, 0.0, 0.00013671875, 0.0, 0.6947265625, 0.54521484375, 0.0, 0.621142578125, 0.019501953125, 0.0173828125]","[0.07064453125, 0.03998046875, 0.0, 0.0, 0.002685546875, 0.58603515625, 0.0, 0.000107421875, 0.0002734375, 0.0, 0.0, 0.0, 0.000126953125, 0.0, 0.601630859375, 0.45126953125, 0.0, 0.289970703125, 0.01794921875, 0.016083984375]"
formal,9,privilege_gru,8,9,1024000,1024000,921600,0.001160703536642771,0.12537882328033448,"[0.14331617206335068, 0.13656098768115044, 0.11569920554757118, 0.13457859307527542, 0.09673915803432465]",0.10089946515844458,0.07068929659383345,0.6757370539695017,0.7687760887443352,0.15516845331243154,0.11020720345981232,0.04663047700445765,0.031171389727854593,0.5797593227114314,0.7107455738962076,0.6029293229374845,0.7107191641032204,-0.06885022281273052,0.45980446382685003,-0.0773961870588812,0.5526319557063382,0.002617773240199295,0.004246318247169256,0.03713867114856839,0.09476562589406967,24.882406651973724,62.92322540283203,2.2348622739315034,3.6085100173950195,91.46548454899676,13.714934188999905,39.659288771999854,42,69,38,4.36190476190471,149,697.4496644295302,-0.06702053595502902,4.193782529211101,0.3536005074530252,0.43951286666890704,0.07241186255331608,0.044532931962071434,0.36222115663764937,0.1341613837627483,-0.5637583892617449,0.00035531290631831276,83,-0.5257905323865405,2.9353085837683546,66,0.5099174898603566,5.776408854540615,/home/haowei/Documents/End2Race/post-trained/ppo_privilege_gru_0721_bs25600/checkpoints/actor_u0009.pth,/home/haowei/Documents/End2Race/post-trained/ppo_privilege_gru_0721_bs25600/checkpoints/critic_u0009.pt,batch_25600,privilege_gru / bs25600,0.28187919463087246,0.46308724832214765,"[-0.6475714445114136, -1.0, -0.9695042371749878, -1.0, -1.0, -0.9999992251396179, 0.0, -1.0, -0.9891675114631653, 0.0, 0.0, 0.0, -1.0, -0.6212373971939087, -0.5266332626342773, -0.5020794868469238, -0.9125165343284607, 0.40903979539871216, -1.0, -1.0]","[1.0, 1.0, 0.2585037648677826, 0.9164348840713501, 1.0, 1.0, 0.7892700433731079, 1.0, 1.0, 0.9745792746543884, 0.9889922738075256, 0.8176401257514954, 1.0, 0.5986895561218262, 1.0, 1.0, 0.8986249566078186, 1.0, 1.0, 1.0]","[-0.03732394799590111, -0.030302995815873146, -0.1260755956172943, 0.027718866243958473, 0.04057171940803528, 0.8948770761489868, 0.5177674293518066, -0.004945716354995966, -0.0004342629690654576, 0.6635388135910034, 0.5182483792304993, 0.7700797319412231, -0.006173858419060707, -0.0016623081173747778, 0.906063437461853, 0.8775102496147156, 0.017678380012512207, 0.942251980304718, 0.0102681340649724, 0.006416561082005501]","[0.3956983685493469, 0.4252585768699646, 0.17649327218532562, 0.2535566985607147, 0.3507588803768158, 0.2733840346336365, 0.1594434231519699, 0.17728103697299957, 0.16904661059379578, 0.2627485394477844, 0.2905080318450928, 0.04837517812848091, 0.2009369283914566, 0.09138582646846771, 0.17363984882831573, 0.18612737953662872, 0.3275565803050995, 0.06787405163049698, 0.385446697473526, 0.3893168270587921]","[0.0, 0.039169921875, 0.0, 0.000244140625, 8.7890625e-05, 9.765625e-06, 0.0, 0.000517578125, 0.0, 0.045908203125, 0.098271484375, 5.859375e-05, 0.00173828125, 0.0, 0.0, 0.0, 0.0, 0.0, 0.040673828125, 0.044111328125]","[0.0607421875, 0.033427734375, 0.0, 0.0, 4.8828125e-05, 0.0151953125, 0.0, 0.00015625, 0.00015625, 0.0, 0.0, 0.0, 9.765625e-05, 0.0, 0.540068359375, 0.45994140625, 0.0, 0.00173828125, 0.02083984375, 0.019619140625]","[0.0651171875, 0.0344140625, 0.0, 0.0, 0.0109765625, 0.705478515625, 0.0, 0.00025390625, 0.000205078125, 0.026376953125, 0.033017578125, 0.0, 0.00017578125, 0.0, 0.6520703125, 0.56681640625, 0.0, 0.612666015625, 0.023388671875, 0.021748046875]","[0.061591796875, 0.033564453125, 0.0, 0.0, 0.00462890625, 0.527275390625, 0.0, 0.000166015625, 0.00015625, 0.0, 0.0, 0.0, 0.00015625, 0.0, 0.56404296875, 0.48291015625, 0.0, 0.305224609375, 0.0212109375, 0.0200390625]"
formal,10,privilege_gru,9,10,1126400,1126400,1024000,0.0012140233165700565,0.0819806793704629,"[0.10377076081931591, 0.09303343296051025, 0.07929901406168938, 0.06967148184776306, 0.06412870716303587]",0.10241206884137613,0.055782253803048756,0.7024508300628853,0.8399300562237759,0.16219959442359172,0.09000260520161203,0.04262454325916051,0.02156190240448546,0.6424384006603474,0.8196967044741639,0.5774649984290481,0.724016010967911,0.043141298044748734,0.4942614359952648,0.003510919692287189,0.5819578953135383,0.00208985606441274,0.00438163336366415,0.034487303579226136,0.10148437321186066,27.510889887809753,54.78828430175781,0.810751560330391,1.4202871322631836,90.36840591500004,13.679566905000684,39.59556514100041,46,73,29,4.445434782608642,148,689.5202702702703,-0.11663786204993123,4.493754457758655,0.3720444579684321,0.4365953028944217,0.08746001963153628,0.04735352128167763,0.36414368682622306,0.14121277965277879,-0.6216216216216216,-0.00037270690731138926,84,-0.6526968941627184,2.9144436734596018,64,0.5869396175981016,6.566599862151161,/home/haowei/Documents/End2Race/post-trained/ppo_privilege_gru_0721_bs25600/checkpoints/actor_u0010.pth,/home/haowei/Documents/End2Race/post-trained/ppo_privilege_gru_0721_bs25600/checkpoints/critic_u0010.pt,batch_25600,privilege_gru / bs25600,0.3108108108108108,0.49324324324324326,"[-0.647042989730835, -1.0, -1.0, -1.0, -1.0, -0.9285085201263428, 0.0, -1.0, -1.0, 0.0, 0.0, 0.04937161132693291, -1.0, -1.0, -0.6450512409210205, -0.4004867672920227, -0.9271044135093689, 0.3748031556606293, -1.0, -1.0]","[1.0, 1.0, 0.2771410346031189, 0.9384705424308777, 1.0, 1.0, 0.7721174359321594, 1.0, 1.0, 0.9773473143577576, 0.988783597946167, 0.820268452167511, 0.9930770993232727, 0.4659850597381592, 1.0, 1.0, 0.9187320470809937, 1.0, 1.0, 1.0]","[-0.014797508716583252, 0.017647307366132736, -0.13319279253482819, -0.0019468225073069334, 0.0024015221279114485, 0.8984358310699463, 0.5294802188873291, -0.01815895549952984, 0.0030798560474067926, 0.6550456881523132, 0.5295970439910889, 0.7709012031555176, -0.021719492971897125, 0.003307153470814228, 0.918891191482544, 0.8548638224601746, 0.03291197866201401, 0.9408368468284607, -0.022881483659148216, -0.02932872250676155]","[0.41801851987838745, 0.4324095845222473, 0.179620623588562, 0.25332191586494446, 0.35241398215293884, 0.26238203048706055, 0.15670880675315857, 0.1809808313846588, 0.16790540516376495, 0.28442683815956116, 0.2897406220436096, 0.050218213349580765, 0.20540525019168854, 0.09096650034189224, 0.1715424507856369, 0.1985679417848587, 0.3300985097885132, 0.06943121552467346, 0.3760277032852173, 0.3804977536201477]","[0.0, 0.037333984375, 0.001435546875, 0.000146484375, 0.000126953125, 0.0, 0.0, 0.00029296875, 0.000107421875, 0.055078125, 0.096923828125, 0.0, 0.002392578125, 3.90625e-05, 0.0, 0.0, 0.0, 0.0, 0.04853515625, 0.052236328125]","[0.077197265625, 0.032724609375, 0.0, 0.0, 4.8828125e-05, 0.018447265625, 0.0, 0.00013671875, 5.859375e-05, 0.0, 0.0, 0.0, 0.0, 0.0, 0.60025390625, 0.39974609375, 0.0, 0.0015625, 0.01671875, 0.01599609375]","[0.082412109375, 0.03408203125, 0.0, 0.0, 0.0107421875, 0.72421875, 0.0, 0.000185546875, 0.00033203125, 0.03791015625, 0.035263671875, 0.0, 9.765625e-06, 0.0, 0.704267578125, 0.5035546875, 0.0, 0.6242578125, 0.018779296875, 0.0177734375]","[0.078271484375, 0.032998046875, 0.0, 0.0, 0.00384765625, 0.58271484375, 0.0, 0.000146484375, 6.8359375e-05, 0.0, 0.0, 0.0, 9.765625e-06, 0.0, 0.62330078125, 0.422587890625, 0.0, 0.297197265625, 0.017021484375, 0.016376953125]"
formal,11,privilege_gru,10,11,1228800,1228800,1126400,0.0006820791262724946,0.10131230913102626,"[0.12083441391587257, 0.10672379098832607, 0.09350431710481644, 0.10703727416694164, 0.07846174947917461]",0.11257223497137599,0.06990685041224334,0.6953807151856167,0.8216074045291147,0.18677618536187338,0.09810274559868343,0.038368284580878556,0.04171095522580324,0.6073790653704327,0.789577800230267,0.6455603036351311,0.7160136577654459,-0.07453500380571654,0.5177297844296774,-0.011432712077406109,0.6079060930864052,0.002351261395670004,0.0063191852532327175,0.03467773416195996,0.09804687649011612,29.16050699353218,79.42259979248047,1.1543296068906783,3.03617262840271,92.08899811599986,13.867328607000672,39.9616998019992,50,63,39,3.958399999999957,152,667.0526315789474,-0.1914975239405869,3.7729669363426637,0.37535085993428374,0.44132367627737845,0.08753102690417702,0.0490956080722999,0.33966258872432453,0.12675814712466596,-0.6578947368421053,-2.3522947472092614e-05,88,-0.7094109929109738,2.8855494628837692,64,0.520633495893695,4.993165962348643,/home/haowei/Documents/End2Race/post-trained/ppo_privilege_gru_0721_bs25600/checkpoints/actor_u0011.pth,/home/haowei/Documents/End2Race/post-trained/ppo_privilege_gru_0721_bs25600/checkpoints/critic_u0011.pt,batch_25600,privilege_gru / bs25600,0.32894736842105265,0.4144736842105263,"[-0.6097372174263, -1.0, -1.0, -0.9944422841072083, -1.0, -0.977885901927948, 0.0, -1.0, -1.0, 0.0, 0.0, 0.0, -1.0, -0.5174644589424133, -0.5372147560119629, -0.8005187511444092, -0.9998772144317627, -0.04635953903198242, -1.0, -1.0]","[1.0, 1.0, 0.26645249128341675, 0.8821166157722473, 1.0, 1.0, 0.7729877233505249, 1.0, 1.0, 0.9754675030708313, 0.9879782795906067, 0.8149227499961853, 1.0, 0.4600488841533661, 1.0, 1.0, 0.9137593507766724, 1.0, 1.0, 1.0]","[-0.02978280559182167, -0.006764499004930258, -0.1260574460029602, 0.004296607803553343, 0.0086153419688344, 0.8944514393806458, 0.5046250820159912, -0.014701489359140396, 0.004244887735694647, 0.6561077833175659, 0.4901917576789856, 0.7705421447753906, -0.019107604399323463, 0.0006059346487745643, 0.9072191715240479, 0.8857470154762268, 0.009073945693671703, 0.9408776760101318, -0.01421237550675869, -0.018511727452278137]","[0.3875215947628021, 0.41691017150878906, 0.1718827784061432, 0.24746237695217133, 0.3567458689212799, 0.2698868215084076, 0.1615595668554306, 0.17836503684520721, 0.16637754440307617, 0.2629278898239136, 0.3065902888774872, 0.051784858107566833, 0.21051184833049774, 0.08806421607732773, 0.17432691156864166, 0.18457643687725067, 0.3316672146320343, 0.06882122904062271, 0.39080753922462463, 0.3959868252277374]","[0.0, 0.037001953125, 0.00087890625, 0.0, 5.859375e-05, 0.0, 0.0, 0.000419921875, 2.9296875e-05, 0.04744140625, 0.10955078125, 3.90625e-05, 0.00328125, 0.0, 0.0, 0.0, 0.0, 0.0, 0.05017578125, 0.054580078125]","[0.054326171875, 0.03560546875, 0.0, 0.0, 5.859375e-05, 0.018037109375, 0.0, 0.00013671875, 7.8125e-05, 0.0, 0.0, 0.0, 0.000244140625, 0.0, 0.523818359375, 0.4762109375, 0.0, 0.001904296875, 0.02126953125, 0.0207421875]","[0.059140625, 0.037470703125, 0.0, 0.0, 0.008876953125, 0.712529296875, 0.0, 0.0001953125, 0.0002734375, 0.01994140625, 0.03544921875, 0.0, 0.0003515625, 0.0, 0.64861328125, 0.592705078125, 0.0, 0.6089453125, 0.0238671875, 0.022900390625]","[0.05529296875, 0.0359765625, 0.0, 0.0, 0.003955078125, 0.54828125, 0.0, 0.000166015625, 0.00013671875, 0.0, 0.0, 0.0, 0.00033203125, 0.0, 0.5503125, 0.501015625, 0.0, 0.27814453125, 0.021796875, 0.0212890625]"
formal,12,privilege_gru,11,12,1331200,1331200,1228800,0.0018329346185783635,0.05965755302459001,"[0.07939566485583782, 0.06791297998279333, 0.05651892442256212, 0.0502689965069294, 0.044191199354827404]",0.08039841624612032,0.04216277750602124,0.7691063281981901,0.8874705561992219,0.12324896314605624,0.055961826182786584,0.03754786934618439,0.028363728829255863,0.7461205566701841,0.8905952727108143,0.6767012341780247,0.7533469658033924,-0.04642075403121197,0.5675694896017481,0.014750911466308025,0.5843191812821632,0.00390890795591986,0.006508782505989075,0.08498534996761009,0.17429687082767487,41.80443874001503,104.91140747070312,0.5250578962266446,1.3046469688415527,93.39975474000312,13.788284128997475,39.73471618900294,40,64,45,4.037499999999955,149,693.6241610738255,-0.04599196185193496,4.260039584807397,0.4198419262849368,0.44304183171085304,0.0845128726136775,0.041363004997928755,0.3541306332216796,0.13656611428913862,-0.5369127516778524,0.00022404231509915983,84,-0.5078632665111706,3.5719848415385362,65,0.5508878780153847,5.14921802226254,/home/haowei/Documents/End2Race/post-trained/ppo_privilege_gru_0721_bs25600/checkpoints/actor_u0012.pth,/home/haowei/Documents/End2Race/post-trained/ppo_privilege_gru_0721_bs25600/checkpoints/critic_u0012.pt,batch_25600,privilege_gru / bs25600,0.2684563758389262,0.42953020134228187,"[-0.6716419458389282, -1.0, -1.0, -0.9614501595497131, -0.9999999403953552, -0.9999998211860657, 0.0, -1.0, -1.0, 0.0, 0.0, 0.0, -1.0, -0.7359751462936401, -0.6406418681144714, -0.7663233876228333, -0.9312753081321716, 0.3581530451774597, -1.0, -1.0]","[1.0, 1.0, 0.3334093689918518, 1.0, 1.0, 1.0, 0.7829500436782837, 1.0, 1.0, 0.9752013683319092, 0.9893781542778015, 0.8183456063270569, 1.0, 0.5639103651046753, 1.0, 1.0, 0.9336628913879395, 1.0, 1.0, 1.0]","[-0.021436192095279694, -0.012341247871518135, -0.12620104849338531, 0.017845449969172478, 0.030337398871779442, 0.8898143172264099, 0.5087995529174805, -0.020012209191918373, 0.001158402650617063, 0.6554487347602844, 0.4886527955532074, 0.7695924639701843, -0.024299832060933113, 0.003908175975084305, 0.9122057557106018, 0.871412456035614, 0.021071262657642365, 0.9402539730072021, -0.02725350111722946, -0.033805254846811295]","[0.40375077724456787, 0.40287238359451294, 0.1853712499141693, 0.23040977120399475, 0.3425910770893097, 0.30027130246162415, 0.16475549340248108, 0.1755455732345581, 0.1626720130443573, 0.26680389046669006, 0.29280543327331543, 0.057617656886577606, 0.20287030935287476, 0.08433722704648972, 0.17060670256614685, 0.19264523684978485, 0.33256223797798157, 0.070050448179245, 0.3748735785484314, 0.3794891834259033]","[0.0, 0.041591796875, 0.001279296875, 0.0, 4.8828125e-05, 9.765625e-06, 0.0, 0.00072265625, 8.7890625e-05, 0.048232421875, 0.103623046875, 0.000244140625, 0.00193359375, 0.0, 0.0, 0.0, 0.0, 0.0, 0.0525390625, 0.05630859375]","[0.067578125, 0.025927734375, 0.0, 0.000302734375, 7.8125e-05, 0.020458984375, 0.0, 0.000224609375, 0.00017578125, 0.0, 0.0, 0.0, 2.9296875e-05, 0.0, 0.559599609375, 0.440400390625, 0.0, 0.001416015625, 0.01869140625, 0.01736328125]","[0.074248046875, 0.02685546875, 0.0, 0.000341796875, 0.0130859375, 0.735947265625, 0.0, 0.000322265625, 0.000478515625, 0.0296484375, 0.03810546875, 0.0, 8.7890625e-05, 0.0, 0.6667578125, 0.547548828125, 0.0, 0.607734375, 0.020712890625, 0.019228515625]","[0.068935546875, 0.026025390625, 0.0, 0.000302734375, 0.005439453125, 0.59466796875, 0.0, 0.00025390625, 0.000224609375, 0.0, 0.0, 0.0, 7.8125e-05, 0.0, 0.58310546875, 0.463759765625, 0.0, 0.290390625, 0.019052734375, 0.017744140625]"
formal,13,privilege_gru,12,13,1433600,1433600,1331200,0.000706921039490993,0.08912892676889897,"[0.10375979356467724, 0.0932212807238102, 0.082185048609972, 0.09628140926361084, 0.07019710168242455]",0.10250871877615765,0.05810100665969559,0.708977274202053,0.8342379536394853,0.1547930753425394,0.08392032230803145,0.050224362209775934,0.03228169101135971,0.6386645782878466,0.8070634637773129,0.5884563321181062,0.7185853588399289,-0.047555251604838984,0.5108837406685139,-0.05221045205680184,0.5919271641607983,0.0023718933880445547,0.005348682403564453,0.029160155565477908,0.06109374761581421,28.748521864414215,59.528560638427734,0.9907215036451816,2.9896860122680664,94.73844873800044,13.512990414998058,38.90617462700175,44,63,37,4.521363636363583,144,693.7083333333334,-0.13459629426777425,3.6656959898958315,0.3433703528563005,0.43755288848091695,0.0792826160929898,0.0472384823724141,0.35295121634253046,0.12379087312181432,-0.6111111111111112,-0.00022727262100792487,79,-0.6390711496780123,2.6365196538281612,65,0.4785346838462074,4.916541075270384,/home/haowei/Documents/End2Race/post-trained/ppo_privilege_gru_0721_bs25600/checkpoints/actor_u0013.pth,/home/haowei/Documents/End2Race/post-trained/ppo_privilege_gru_0721_bs25600/checkpoints/critic_u0013.pt,batch_25600,privilege_gru / bs25600,0.3055555555555556,0.4375,"[-0.6766113638877869, -1.0, -1.0, -1.0, -1.0, -0.9999983310699463, 0.0, -1.0, -1.0, 0.0, 0.0, 0.0, -1.0, -0.5201699733734131, -0.6334214806556702, -0.45464786887168884, -0.9215572476387024, 0.3882424831390381, -1.0, -1.0]","[1.0, 1.0, 0.2668653726577759, 0.8718389272689819, 1.0, 1.0, 0.7729206681251526, 1.0, 1.0, 0.9720255732536316, 0.9886298179626465, 0.8172875642776489, 0.9930770993232727, 0.5059062838554382, 1.0, 1.0, 0.8908925652503967, 1.0, 1.0, 1.0]","[-0.04328285530209541, -0.061563048511743546, -0.1238994300365448, 0.015417155809700489, 0.02351614646613598, 0.8935413956642151, 0.5094404220581055, -0.016763264313340187, 0.0035496733617037535, 0.6305610537528992, 0.5090473890304565, 0.7717006802558899, -0.020762016996741295, 0.0016658453969284892, 0.9011515974998474, 0.8886557817459106, 0.009738490916788578, 0.9395313858985901, -0.022850610315799713, -0.028947310522198677]","[0.3747342824935913, 0.41428980231285095, 0.1811000257730484, 0.24593012034893036, 0.3450140058994293, 0.2867250144481659, 0.15602007508277893, 0.1778317093849182, 0.16652297973632812, 0.27824556827545166, 0.29340890049934387, 0.04824933037161827, 0.20238685607910156, 0.08951492607593536, 0.18576481938362122, 0.17143580317497253, 0.33551403880119324, 0.06823823601007462, 0.3813076913356781, 0.38536006212234497]","[0.0, 0.0406640625, 0.001025390625, 0.00015625, 6.8359375e-05, 0.0, 0.0, 0.00029296875, 7.8125e-05, 0.060087890625, 0.098359375, 4.8828125e-05, 0.001513671875, 0.0, 0.0, 0.0, 0.0, 0.0, 0.0508984375, 0.055087890625]","[0.052783203125, 0.0302734375, 0.0, 0.0, 1.953125e-05, 0.018291015625, 0.0, 9.765625e-06, 0.000263671875, 0.0, 0.0, 0.0, 0.0, 0.0, 0.53541015625, 0.46458984375, 0.0, 0.00146484375, 0.014658203125, 0.01365234375]","[0.0576953125, 0.03150390625, 0.0, 0.0, 0.01591796875, 0.73396484375, 0.0, 3.90625e-05, 0.000390625, 0.015556640625, 0.042099609375, 0.0, 8.7890625e-05, 0.0, 0.6467578125, 0.582275390625, 0.0, 0.59576171875, 0.0163671875, 0.01509765625]","[0.053662109375, 0.03048828125, 0.0, 0.0, 0.002724609375, 0.56798828125, 0.0, 1.953125e-05, 0.000263671875, 0.0, 0.0, 0.0, 8.7890625e-05, 0.0, 0.56064453125, 0.489013671875, 0.0, 0.276259765625, 0.014931640625, 0.013935546875]"
formal,14,privilege_gru,13,14,1536000,1536000,1433600,0.0007546198974890395,0.08558447547256946,"[0.09372025914490223, 0.0893379095941782, 0.08833255991339684, 0.08505582809448242, 0.07147582061588764]",0.08909935044367198,0.06266380393268679,0.7279991807822518,0.8327447906380998,0.14859908557948928,0.09056725693963134,0.02959961530785471,0.03476035092574224,0.6376958945006983,0.7825296746340611,0.7759593805758871,0.8347188215352341,-0.19708196752319168,0.5074809051556699,-0.10820142027658676,0.5722133178203234,0.008665805403434201,0.043031662702560425,0.02300781209487468,0.04632812365889549,16.822540283203125,31.300411224365234,1.280270516127348,2.7087275981903076,94.37717343099939,13.662474668002687,39.52723305000109,44,58,46,4.5424999999999445,148,697.2094594594595,-0.13498461768337988,2.8409281476047044,0.3661361874120966,0.44497161937593854,0.07931323828287404,0.044739286113776915,0.35285163094428046,0.1064453290396312,-0.5945945945945946,0.0003130169273030963,84,-0.6241618649083575,2.317016831777398,64,0.5070605192994031,3.5285617496280435,/home/haowei/Documents/End2Race/post-trained/ppo_privilege_gru_0721_bs25600/checkpoints/actor_u0014.pth,/home/haowei/Documents/End2Race/post-trained/ppo_privilege_gru_0721_bs25600/checkpoints/critic_u0014.pt,batch_25600,privilege_gru / bs25600,0.2972972972972973,0.3918918918918919,"[-0.6499554514884949, -1.0, -1.0, -1.0, -0.9999999403953552, -0.8787840008735657, 0.0, -1.0, -1.0, 0.0, 0.0, 0.0, -1.0, -0.8990904092788696, -0.5849761366844177, -0.2329680621623993, -0.8812419772148132, 0.4115922749042511, -1.0, -1.0]","[1.0, 1.0, 0.2568511366844177, 0.9251564741134644, 0.9999999403953552, 1.0, 0.7753239870071411, 1.0, 1.0, 0.9686118960380554, 0.9859114289283752, 0.8146634697914124, 1.0, 0.5741966962814331, 1.0, 1.0, 0.9113680720329285, 1.0, 1.0, 1.0]","[-0.06672408431768417, 0.0048222714103758335, -0.10588201880455017, 0.004855879582464695, -0.0007557168719358742, 0.9069280028343201, 0.5052198767662048, -0.013339723460376263, 0.004630822688341141, 0.6402549147605896, 0.4869037866592407, 0.7712898850440979, -0.01856161840260029, -0.0012903613969683647, 0.9099903702735901, 0.8850662112236023, 0.015054850839078426, 0.941460132598877, -0.018578028306365013, -0.022949786856770515]","[0.3491152226924896, 0.3993113338947296, 0.15868549048900604, 0.26627179980278015, 0.35130196809768677, 0.23294854164123535, 0.15877962112426758, 0.17782780528068542, 0.1704740822315216, 0.2653357982635498, 0.30042439699172974, 0.04382980987429619, 0.2099972665309906, 0.0904470905661583, 0.17383480072021484, 0.17638979852199554, 0.32968026399612427, 0.06915198266506195, 0.393587201833725, 0.3991180956363678]","[0.0, 0.027490234375, 0.001318359375, 0.000107421875, 2.9296875e-05, 0.0, 0.0, 0.000498046875, 0.0001171875, 0.0488671875, 0.113330078125, 1.953125e-05, 0.00279296875, 0.0, 0.0, 0.0, 0.0, 0.0, 0.04666015625, 0.051240234375]","[0.0378125, 0.02662109375, 0.0, 0.0, 4.8828125e-05, 0.017431640625, 0.0, 0.000146484375, 0.000205078125, 0.0, 0.0, 0.0, 9.765625e-06, 0.0, 0.53625, 0.463759765625, 0.0, 0.00162109375, 0.016435546875, 0.016982421875]","[0.042158203125, 0.028759765625, 0.0, 0.0, 0.00669921875, 0.701064453125, 0.0, 0.000234375, 0.00041015625, 0.012138671875, 0.02326171875, 0.0, 0.00017578125, 0.0, 0.664521484375, 0.583388671875, 0.0, 0.610830078125, 0.0188671875, 0.0187890625]","[0.03859375, 0.0272265625, 0.0, 0.0, 0.00279296875, 0.533173828125, 0.0, 0.00015625, 0.000234375, 0.0, 0.0, 0.0, 0.000126953125, 0.0, 0.5641015625, 0.491279296875, 0.0, 0.308173828125, 0.01677734375, 0.017412109375]"
formal,15,privilege_gru,14,15,1638400,1638400,1536000,-9.500902560777291e-05,0.07359397113323211,"[0.08938129618763924, 0.080244155600667, 0.07146365940570831, 0.06271853111684322, 0.06416221335530281]",0.0900456027663076,0.09275277885850228,0.7336243873689232,0.8484902040324593,0.13965952174391918,0.10808803839094658,0.040431683788696,0.07741751932605799,0.6759571111141742,0.8245666484448348,0.7435655486519321,0.8216770875537281,-0.3622141224141507,0.5089719679194944,-0.15680134815503607,0.5776651658673413,0.041476165171043244,0.3136073350906372,0.02743164007551968,0.0710156261920929,11.613688707351685,23.26162338256836,0.7726164996623993,1.6031559705734253,97.0950172949997,13.88047378900228,39.81288131099791,49,67,35,4.2602040816326046,151,678.6423841059602,-0.16795331328309726,3.862441563075743,0.3528834335992666,0.4381726897469798,0.09403811768488234,0.05177740839075195,0.35251079420424153,0.1283479760124028,-0.6490066225165563,0.00019453901681472263,86,-0.6290386071109032,3.2848707421017456,65,0.44209799855061543,4.626612187749032,/home/haowei/Documents/End2Race/post-trained/ppo_privilege_gru_0721_bs25600/checkpoints/actor_u0015.pth,/home/haowei/Documents/End2Race/post-trained/ppo_privilege_gru_0721_bs25600/checkpoints/critic_u0015.pt,batch_25600,privilege_gru / bs25600,0.32450331125827814,0.44370860927152317,"[-0.6495298743247986, -1.0, -1.0, -1.0, -1.0, -0.9999999403953552, 0.0, -1.0, -1.0, 0.0, 0.0, 0.0, -1.0, -0.57805335521698, -0.7999621629714966, -0.5315818190574646, -0.9115989208221436, 0.4110807776451111, -1.0, -1.0]","[1.0, 1.0, 0.24800534546375275, 1.0, 0.9999999403953552, 1.0, 0.7956857681274414, 1.0, 1.0, 0.9752580523490906, 0.9867624640464783, 0.8139098286628723, 1.0, 0.6300877928733826, 1.0, 1.0, 0.9005832076072693, 1.0, 1.0, 1.0]","[-0.029209079220891, 0.015367737039923668, -0.12701267004013062, 0.003655234584584832, 0.004921465180814266, 0.8891232013702393, 0.515235960483551, -0.015215410850942135, 0.0036400326061993837, 0.6466361284255981, 0.495906800031662, 0.7704271078109741, -0.019369889050722122, 0.0007218135287985206, 0.9082834720611572, 0.8705198764801025, 0.017151277512311935, 0.9402511119842529, -0.01765107735991478, -0.023959267884492874]","[0.38605087995529175, 0.41573062539100647, 0.17938634753227234, 0.25941744446754456, 0.3579060137271881, 0.2855480909347534, 0.15906792879104614, 0.18425554037094116, 0.17551261186599731, 0.27103278040885925, 0.2993524968624115, 0.0468594916164875, 0.21194559335708618, 0.09332877397537231, 0.16803185641765594, 0.19175495207309723, 0.3329053521156311, 0.0697651132941246, 0.3930523991584778, 0.39733290672302246]","[0.0, 0.03701171875, 0.00083984375, 0.000205078125, 5.859375e-05, 1.953125e-05, 0.0, 0.00072265625, 6.8359375e-05, 0.051298828125, 0.11392578125, 7.8125e-05, 0.002314453125, 0.0, 0.0, 0.0, 0.0, 0.0, 0.04724609375, 0.05265625]","[0.0558203125, 0.03037109375, 0.0, 0.00015625, 3.90625e-05, 0.01583984375, 0.0, 0.000107421875, 0.000263671875, 0.0, 0.0, 0.0, 3.90625e-05, 0.0, 0.558818359375, 0.441181640625, 0.0, 0.00169921875, 0.02322265625, 0.02130859375]","[0.060751953125, 0.032177734375, 0.0, 0.000263671875, 0.012919921875, 0.706826171875, 0.0, 0.000224609375, 0.00060546875, 0.0334765625, 0.02927734375, 0.0, 0.00021484375, 0.0, 0.6633203125, 0.552353515625, 0.0, 0.611669921875, 0.02572265625, 0.023564453125]","[0.05671875, 0.0307421875, 0.0, 0.000185546875, 0.005166015625, 0.542529296875, 0.0, 0.0001171875, 0.00029296875, 0.0, 0.0, 0.0, 0.000185546875, 0.0, 0.582578125, 0.4653515625, 0.0, 0.295810546875, 0.0236328125, 0.021728515625]"
formal,16,privilege_gru,15,16,1740800,1740800,1638400,0.0013640037162261365,0.06545567959547043,"[0.07015952654182911, 0.06727338023483753, 0.07627134583890438, 0.054501148872077465, 0.059072996489703655]",0.07344759072308286,0.09297413776813448,0.7681941140672108,0.854643377612654,0.11323522193563218,0.1019561692238544,0.03365995951053354,0.08399210631241455,0.7275026292195665,0.8428706480673458,0.7138062616181804,0.7714701484953201,-0.48984228149316605,0.4932949335607561,-0.2672247794772409,0.5465191950919036,0.003283673041150903,0.006312832701951265,0.06121581816114485,0.1208203062415123,30.969846546649933,83.17017364501953,1.0800623379647731,2.663498640060425,94.02514864399927,13.900860844998533,40.11604311400151,42,66,45,3.6452380952380565,153,680.4575163398692,-0.05979928962857711,4.506545230982461,0.37081069953376966,0.4365606712484589,0.09759010434836557,0.04417740634133454,0.3496429145954244,0.1395100330569184,-0.5490196078431373,6.737056221731365e-05,88,-0.5137471572888079,3.855173155666846,65,0.5547762850498892,5.388402809871295,/home/haowei/Documents/End2Race/post-trained/ppo_privilege_gru_0721_bs25600/checkpoints/actor_u0016.pth,/home/haowei/Documents/End2Race/post-trained/ppo_privilege_gru_0721_bs25600/checkpoints/critic_u0016.pt,batch_25600,privilege_gru / bs25600,0.27450980392156865,0.43137254901960786,"[-0.7810582518577576, -1.0, -1.0, -1.0, -1.0, -0.9999998807907104, 0.0, -1.0, -1.0, 0.0, 0.0, 0.0, -1.0, -0.5347323417663574, -0.4655316174030304, -0.4609435796737671, -0.9208916425704956, 0.38981863856315613, -1.0, -1.0]","[1.0, 1.0, 0.2725670635700226, 0.9316269755363464, 0.9999983310699463, 1.0, 0.7782981991767883, 1.0, 1.0, 0.9765682816505432, 0.9891794323921204, 0.814087450504303, 1.0, 0.5153329968452454, 1.0, 1.0, 0.9151953458786011, 1.0, 1.0, 1.0]","[0.0005738189211115241, -0.0036672758869826794, -0.14105214178562164, 0.01782084070146084, 0.032029587775468826, 0.8827182054519653, 0.5133683085441589, -0.01640833169221878, 0.0016497336328029633, 0.6643446087837219, 0.49443817138671875, 0.7711431980133057, -0.0194007009267807, 0.0032833293080329895, 0.9098767042160034, 0.8770884871482849, 0.0159829780459404, 0.941453754901886, -0.016361169517040253, -0.022251097485423088]","[0.42837968468666077, 0.43140631914138794, 0.1877320110797882, 0.2583940625190735, 0.36831632256507874, 0.29038792848587036, 0.1635660082101822, 0.17436082661151886, 0.16772347688674927, 0.26987478137016296, 0.3076639175415039, 0.054409708827733994, 0.20309071242809296, 0.08640209585428238, 0.17017264664173126, 0.18850567936897278, 0.3295128643512726, 0.07000710815191269, 0.38611456751823425, 0.39089757204055786]","[0.0, 0.04859375, 0.00044921875, 0.0004296875, 7.8125e-05, 9.765625e-06, 0.0, 0.000517578125, 0.000146484375, 0.05314453125, 0.114326171875, 0.000107421875, 0.002236328125, 0.0, 0.0, 0.0, 0.0, 0.0, 0.0479296875, 0.051962890625]","[0.08404296875, 0.0360546875, 0.0, 0.0, 0.0, 0.01662109375, 0.0, 0.000234375, 0.00015625, 0.0, 0.0, 0.0, 0.000146484375, 0.0, 0.53501953125, 0.464990234375, 0.0, 0.00171875, 0.018359375, 0.0171875]","[0.0901171875, 0.03845703125, 0.0, 0.0, 0.0150390625, 0.69474609375, 0.0, 0.00033203125, 0.000361328125, 0.041337890625, 0.04923828125, 0.0, 0.00029296875, 0.0, 0.65181640625, 0.569755859375, 0.0, 0.620869140625, 0.0207421875, 0.019091796875]","[0.0852734375, 0.036337890625, 0.0, 0.0, 0.00302734375, 0.551455078125, 0.0, 0.000234375, 0.000185546875, 0.0, 0.0, 0.0, 0.0002734375, 0.0, 0.559873046875, 0.488330078125, 0.0, 0.307041015625, 0.018720703125, 0.01763671875]"
formal,17,privilege_gru,16,17,1843200,1843200,1740800,0.0007070015708450228,0.05741845471784472,"[0.06756847817450762, 0.06725951936095953, 0.05233217589557171, 0.060685550794005394, 0.03924654936417937]",0.06841320667109914,0.0385152462830819,0.7523426545557219,0.8479118258309116,0.09455642524456997,0.05223548476775062,0.04226998809762828,0.024795007798413184,0.6913459811760831,0.8372472344463727,0.6156697537655327,0.6803561706844528,-0.39812911981243476,0.4501570849007288,-0.44636267659874024,0.48779707273310785,0.00230009754741331,0.0043498151935637,0.02504394529387355,0.0700390636920929,22.87721347808838,45.12946319580078,1.1060266569256783,1.9563970565795898,93.4130875640003,13.455215663001582,38.89516917899891,40,70,33,4.4569999999999474,143,700.8951048951049,-0.0541029035905335,4.302380044928333,0.3341485306974225,0.4599962774300312,0.08251689074288322,0.04180760621001229,0.3676177883325994,0.13783085792583802,-0.5594405594405595,-0.00011099040841147964,77,-0.5416017444063733,2.553508813477432,66,0.5146457440279462,6.342729814954385,/home/haowei/Documents/End2Race/post-trained/ppo_privilege_gru_0721_bs25600/checkpoints/actor_u0017.pth,/home/haowei/Documents/End2Race/post-trained/ppo_privilege_gru_0721_bs25600/checkpoints/critic_u0017.pt,batch_25600,privilege_gru / bs25600,0.27972027972027974,0.48951048951048953,"[-0.6758999228477478, -1.0, -1.0, -0.9234033226966858, -1.0, -0.9999995827674866, 0.0, -1.0, -1.0, 0.0, 0.0, 0.17772671580314636, -1.0, -0.5578502416610718, -0.5180598497390747, -0.4261339008808136, -0.8671391010284424, 0.390198677778244, -1.0, -1.0]","[1.0, 1.0, 0.23614279925823212, 0.8764894604682922, 1.0, 1.0, 0.7734925150871277, 1.0, 1.0, 0.9768059849739075, 0.9873389601707458, 0.8183256387710571, 1.0, 0.48497167229652405, 1.0, 1.0, 0.920730710029602, 1.0, 1.0, 1.0]","[-0.014123626984655857, -0.01078829076141119, -0.13013771176338196, 0.010312174446880817, 0.01143428310751915, 0.8915626406669617, 0.5241630673408508, -0.01877325214445591, 0.004894910845905542, 0.6408704519271851, 0.5077036023139954, 0.7730576992034912, -0.02528587356209755, 0.0008234099950641394, 0.9106230735778809, 0.8781468272209167, 0.01831771247088909, 0.941042959690094, -0.027772223576903343, -0.03251252695918083]","[0.3985688388347626, 0.41272950172424316, 0.1779775470495224, 0.24848297238349915, 0.3509102463722229, 0.2864941656589508, 0.1565762758255005, 0.17929226160049438, 0.16921305656433105, 0.2850422263145447, 0.28929653763771057, 0.044829681515693665, 0.2078784555196762, 0.08893288671970367, 0.16781778633594513, 0.18585099279880524, 0.3305717408657074, 0.06958109140396118, 0.37427467107772827, 0.3778168261051178]","[0.0, 0.034169921875, 0.00130859375, 0.0, 1.953125e-05, 2.9296875e-05, 0.0, 0.000390625, 5.859375e-05, 0.06474609375, 0.09876953125, 0.0, 0.002919921875, 0.0, 0.0, 0.0, 0.0, 0.0, 0.051435546875, 0.0553515625]","[0.064931640625, 0.029384765625, 0.0, 0.0, 4.8828125e-05, 0.017587890625, 0.0, 0.00015625, 0.0005078125, 0.0, 0.0, 0.0, 6.8359375e-05, 0.0, 0.534443359375, 0.46556640625, 0.0, 0.0016796875, 0.015400390625, 0.01447265625]","[0.070341796875, 0.03103515625, 0.0, 0.0, 0.01111328125, 0.725947265625, 0.0, 0.00021484375, 0.0009765625, 0.034521484375, 0.030888671875, 0.0, 0.00015625, 0.0, 0.6515234375, 0.57408203125, 0.0, 0.617939453125, 0.01705078125, 0.015908203125]","[0.0659765625, 0.029619140625, 0.0, 0.0, 0.004912109375, 0.58201171875, 0.0, 0.000166015625, 0.00056640625, 0.0, 0.0, 0.0, 0.000146484375, 0.0, 0.55908203125, 0.488720703125, 0.0, 0.30638671875, 0.0156640625, 0.014775390625]"
formal,18,privilege_gru,17,18,1945600,1945600,1843200,0.00014051569020034904,0.055579445138573644,"[0.07293464243412018, 0.06328804977238178, 0.05628459993749857, 0.04681730177253485, 0.038572631776332855]",0.06678159478065193,0.038615341914694026,0.7951219124126604,0.8900631883292427,0.0964413459898574,0.06091323968972382,0.037121843571446426,0.016317444139664242,0.7464179774560501,0.8693869750463763,0.7662221766661378,0.8445288718594194,-0.23762504012806715,0.5097862654810148,-0.31379292818359317,0.5463320261953476,0.08185971547558438,0.3660237491130829,0.011289062269497663,0.02089843712747097,17.855198621749878,25.84400749206543,0.767119662463665,1.7902392148971558,94.22561322099864,13.870935303999431,39.98844056500093,48,80,25,4.160208333333286,153,679.5359477124183,-0.10419078744151786,6.048948550934385,0.2818113881083467,0.4360080151071291,0.08967053597375241,0.046730380314149396,0.3514079600838815,0.1714214036732596,-0.6274509803921569,0.00043082919349789623,89,-0.6232220902731782,4.461461611854484,64,0.6175871180587599,8.256547575592371,/home/haowei/Documents/End2Race/post-trained/ppo_privilege_gru_0721_bs25600/checkpoints/actor_u0018.pth,/home/haowei/Documents/End2Race/post-trained/ppo_privilege_gru_0721_bs25600/checkpoints/critic_u0018.pt,batch_25600,privilege_gru / bs25600,0.3137254901960784,0.5228758169934641,"[-0.666113555431366, -1.0, -1.0, -0.9372714161872864, -1.0, -0.9999998807907104, 0.0, -1.0, -1.0, 0.0, 0.0, 0.0, -1.0, -0.6039878129959106, -0.5326442718505859, -0.7800682187080383, -0.9785041213035583, 0.20622728765010834, -1.0, -1.0]","[1.0, 1.0, 0.24584326148033142, 0.9240080714225769, 0.9999998807907104, 1.0, 0.7736570239067078, 1.0, 1.0, 0.9765734672546387, 0.9892502427101135, 0.8176777362823486, 1.0, 0.5198246240615845, 1.0, 1.0, 0.9133965373039246, 1.0, 1.0, 1.0]","[0.05274321138858795, -0.0282256118953228, -0.16503046452999115, 0.01898311823606491, 0.03377764672040939, 0.8449527621269226, 0.5107965469360352, -0.01639038883149624, 0.0037613266613334417, 0.6454686522483826, 0.5202123522758484, 0.7709077596664429, -0.02195790223777294, 0.0002973437658511102, 0.9156648516654968, 0.8723357915878296, 0.01781744509935379, 0.9412119388580322, -0.022492850199341774, -0.02746952325105667]","[0.43063119053840637, 0.46053770184516907, 0.20927704870700836, 0.2456827610731125, 0.3820929527282715, 0.37300530076026917, 0.16405394673347473, 0.18314695358276367, 0.17724256217479706, 0.27781999111175537, 0.3064066767692566, 0.04653392732143402, 0.21057598292827606, 0.09407641738653183, 0.15629339218139648, 0.19327889382839203, 0.3306231200695038, 0.0675131306052208, 0.3951514661312103, 0.3990601599216461]","[0.0, 0.060517578125, 0.000732421875, 0.0, 6.8359375e-05, 2.9296875e-05, 0.0, 0.000751953125, 6.8359375e-05, 0.055615234375, 0.104013671875, 0.00015625, 0.002666015625, 0.0, 0.0, 0.0, 0.0, 0.0, 0.050322265625, 0.053779296875]","[0.0935546875, 0.052685546875, 0.0, 0.0, 3.90625e-05, 0.01662109375, 0.0, 0.000166015625, 0.000380859375, 0.0, 0.0, 0.0, 0.0001171875, 0.0, 0.558388671875, 0.441611328125, 0.0, 0.001552734375, 0.021787109375, 0.020419921875]","[0.100166015625, 0.05392578125, 0.0, 0.0, 0.017021484375, 0.673125, 0.0, 0.00021484375, 0.0009375, 0.036728515625, 0.060390625, 0.0, 0.0001953125, 0.0, 0.66951171875, 0.554140625, 0.0, 0.597666015625, 0.02427734375, 0.022607421875]","[0.09490234375, 0.0529296875, 0.0, 0.0, 0.005576171875, 0.51865234375, 0.0, 0.000166015625, 0.000419921875, 0.0, 0.0, 0.0, 0.000185546875, 0.0, 0.5826171875, 0.465986328125, 0.0, 0.292919921875, 0.022275390625, 0.0208984375]"
formal,19,privilege_gru,18,19,2048000,2048000,1945600,0.0002227459447747826,0.0699193762615323,"[0.08243451360613108, 0.07058642990887165, 0.0714072436094284, 0.07235327921807766, 0.05281541496515274]",0.0745544607820022,0.04374757486652342,0.7873639637898218,0.8755480747220264,0.11147711027771853,0.06242829318044201,0.03763181128628588,0.025066856552604835,0.7279460941847784,0.8463988729575153,0.7652972827968625,0.8330897138543677,-0.26552065580492923,0.553950245395175,-0.2498954039790874,0.5912360707657411,0.0018107802170561627,0.004985267296433449,0.02269042850821279,0.06359374523162842,21.04848101735115,46.81726837158203,0.9943634450435639,1.9682867527008057,95.84476552399792,14.035664964998432,40.37329111600047,59,61,36,4.1994915254236815,156,656.2628205128206,-0.29678997475357405,3.6628819635546948,0.3190134365883918,0.4488109594450243,0.0893173245921658,0.05336115747705465,0.3359691569523178,0.12358232157366818,-0.7564102564102564,6.880313069638374e-05,89,-0.8225151537721289,2.000890710066259,67,0.4015613824501781,5.870601688337842,/home/haowei/Documents/End2Race/post-trained/ppo_privilege_gru_0721_bs25600/checkpoints/actor_u0019.pth,/home/haowei/Documents/End2Race/post-trained/ppo_privilege_gru_0721_bs25600/checkpoints/critic_u0019.pt,batch_25600,privilege_gru / bs25600,0.3782051282051282,0.391025641025641,"[-0.6391960382461548, -1.0, -1.0, -1.0, -1.0, -0.8628610372543335, 0.0, -1.0, -1.0, 0.0, 0.0, 0.0, -1.0, -0.7875939011573792, -0.4862854480743408, -0.635384202003479, -0.9662662744522095, 0.25754523277282715, -1.0, -1.0]","[1.0, 1.0, 0.24388650059700012, 1.0, 1.0, 1.0, 0.7933914065361023, 1.0, 1.0, 0.9748738408088684, 0.9873162508010864, 0.81378573179245, 1.0, 0.5949439406394958, 1.0, 1.0, 0.934796929359436, 1.0, 1.0, 1.0]","[-0.03971576318144798, -0.01269978005439043, -0.11792615056037903, 0.015484030358493328, 0.02822256274521351, 0.9059911966323853, 0.5127069354057312, -0.015463671647012234, 0.0022678084205836058, 0.6432490348815918, 0.5019549131393433, 0.7706649899482727, -0.018378792330622673, 0.0018813571659848094, 0.9075734615325928, 0.8742297887802124, 0.016379278153181076, 0.9401771426200867, -0.016578106209635735, -0.02350899949669838]","[0.3850433826446533, 0.40077510476112366, 0.1668674796819687, 0.24756449460983276, 0.34216049313545227, 0.24810130894184113, 0.15783749520778656, 0.18399447202682495, 0.17006690800189972, 0.2792108952999115, 0.28791502118110657, 0.04768648371100426, 0.20905064046382904, 0.09086806327104568, 0.1665046215057373, 0.19226166605949402, 0.33294036984443665, 0.0709950178861618, 0.3873806297779083, 0.3907530903816223]","[0.0, 0.030068359375, 0.000341796875, 3.90625e-05, 9.765625e-05, 0.0, 0.0, 0.000869140625, 0.000224609375, 0.060615234375, 0.102314453125, 0.000185546875, 0.002021484375, 0.0, 0.0, 0.0, 0.0, 0.0, 0.051826171875, 0.05693359375]","[0.0578515625, 0.02392578125, 0.0, 0.00044921875, 7.8125e-05, 0.018671875, 0.0, 0.00037109375, 0.000234375, 0.0, 0.0, 0.0, 8.7890625e-05, 0.0, 0.5425, 0.4575, 0.0, 0.0017578125, 0.022255859375, 0.02017578125]","[0.06337890625, 0.025380859375, 0.0, 0.00060546875, 0.014091796875, 0.735185546875, 0.0, 0.000498046875, 0.0004296875, 0.034208984375, 0.023623046875, 0.0, 0.00017578125, 0.0, 0.650078125, 0.565400390625, 0.0, 0.61599609375, 0.024765625, 0.0223828125]","[0.058876953125, 0.024208984375, 0.0, 0.000498046875, 0.00509765625, 0.585283203125, 0.0, 0.000380859375, 0.000263671875, 0.0, 0.0, 0.0, 0.000166015625, 0.0, 0.565703125, 0.480634765625, 0.0, 0.29705078125, 0.022734375, 0.0206640625]"
formal,20,privilege_gru,19,20,2150400,2150400,2048000,7.060542673587022e-05,0.055561444256454706,"[0.06294168531894684, 0.05807241518050432, 0.06083575636148453, 0.05782005190849304, 0.0381373125128448]",0.06399338300759093,0.03278309755758564,0.7991271888961249,0.8907417132031176,0.09309294479167902,0.046269661491097784,0.03489382122350284,0.0192965336240735,0.7593856932380354,0.8797230532468002,0.720501600177144,0.8106886282060017,-0.20257043832426005,0.5059131967245604,-0.1964947166779848,0.5474609543703782,0.0011900411333772287,0.0021657811012119055,0.01132812473224476,0.024960936978459358,17.35038048028946,34.910701751708984,0.9125378929078579,2.115131139755249,94.66944965400035,13.53142985500017,38.93277326799944,36,65,43,4.4052777777777266,144,710.1319444444445,-0.005899796738774782,3.833051963304344,0.432038717702978,0.4364469452267497,0.06918173029731443,0.04111626776989714,0.3666086862455126,0.12734068910403595,-0.5,0.0001508279116766016,79,-0.43188922765667553,3.0462579153710787,65,0.5118412039152892,4.78930934463862,/home/haowei/Documents/End2Race/post-trained/ppo_privilege_gru_0721_bs25600/checkpoints/actor_u0020.pth,/home/haowei/Documents/End2Race/post-trained/ppo_privilege_gru_0721_bs25600/checkpoints/critic_u0020.pt,batch_25600,privilege_gru / bs25600,0.25,0.4513888888888889,"[-0.6731981039047241, -1.0, -1.0, -0.9821000099182129, -0.9999995827674866, -0.9999990463256836, 0.0, -1.0, -1.0, 0.0, 0.0, 0.0, -1.0, -0.8111335635185242, -0.5628355145454407, -0.4942481815814972, -0.8513568043708801, 0.44030624628067017, -1.0, -1.0]","[1.0, 1.0, 0.32908138632774353, 0.8887051939964294, 0.9999995231628418, 1.0, 0.7774919867515564, 1.0, 1.0, 0.9737293720245361, 0.9886221289634705, 0.8181942701339722, 1.0, 0.483517587184906, 1.0, 1.0, 0.8978476524353027, 1.0, 1.0, 1.0]","[-0.04482436180114746, 0.012175017967820168, -0.124081552028656, 0.014390560798346996, 0.019394218921661377, 0.8837498426437378, 0.5119835138320923, -0.014854852110147476, 0.0032691671513020992, 0.6649207472801208, 0.4980016052722931, 0.7703350186347961, -0.01911742053925991, 0.000994011526927352, 0.9131940603256226, 0.8594386577606201, 0.03128286078572273, 0.9411206245422363, -0.015814445912837982, -0.021511901170015335]","[0.38670864701271057, 0.41920405626296997, 0.18703873455524445, 0.2603899836540222, 0.3562265932559967, 0.30322596430778503, 0.15692391991615295, 0.1824461817741394, 0.17227216064929962, 0.25402113795280457, 0.3069758415222168, 0.04998134821653366, 0.20695370435714722, 0.09216351807117462, 0.17983511090278625, 0.19561098515987396, 0.3296458423137665, 0.06869196891784668, 0.3798016309738159, 0.3840711712837219]","[0.0, 0.041044921875, 0.000947265625, 0.0, 6.8359375e-05, 9.765625e-06, 0.0, 0.0008984375, 5.859375e-05, 0.043525390625, 0.11728515625, 1.953125e-05, 0.0026171875, 0.0, 0.0, 0.0, 0.0, 0.0, 0.04767578125, 0.051591796875]","[0.05853515625, 0.029365234375, 0.0, 0.0, 3.90625e-05, 0.018642578125, 0.0, 0.000244140625, 0.0001171875, 0.0, 0.0, 0.0, 3.90625e-05, 0.0, 0.58185546875, 0.41814453125, 0.0, 0.0017578125, 0.016357421875, 0.015458984375]","[0.06328125, 0.03025390625, 0.0, 0.0, 0.013251953125, 0.710107421875, 0.0, 0.000419921875, 0.00046875, 0.021845703125, 0.03705078125, 0.0, 0.000244140625, 0.0, 0.68896484375, 0.529013671875, 0.0, 0.61361328125, 0.018388671875, 0.0170703125]","[0.059482421875, 0.029501953125, 0.0, 0.0, 0.004072265625, 0.557294921875, 0.0, 0.00025390625, 0.000166015625, 0.0, 0.0, 0.0, 0.000234375, 0.0, 0.605361328125, 0.44216796875, 0.0, 0.297939453125, 0.016611328125, 0.01576171875]"
formal,1,privilege_gru,0,1,204800,204800,102400,0.00875629255548116,0.19549923092126847,"[0.20305875688791275, 0.2212975099682808, 0.21745040267705917, 0.17893821001052856, 0.15675127506256104]",0.18695605968356716,0.13970847162081035,0.2948889379770354,0.513705572954174,0.293942426501384,0.23210411075377654,0.07996969286575034,0.04731283248784417,0.2799776170143995,0.4978544436408169,0.29224796314902257,0.493847759799686,0.015807556585174895,0.3599149365450001,-0.08912821226442247,0.5144397176853371,0.057102592510054784,0.11845307797193527,0.2014453038573265,0.41306638717651367,102.70021790266037,213.29798889160156,2.1052053302526472,3.5332882404327393,92.62708277799902,12.137114508001105,34.03523332199984,54,66,39,3.556666666666632,159,649.0943396226415,-0.23055848805200252,3.503862829655375,0.3090019532907204,0.43090997908191037,0.08736558703054961,0.04760752061569831,0.3284134787783901,0.12027644987074954,-0.6792452830188679,-3.133682274248001e-06,94,-0.7836086370903732,1.7935366908688255,65,0.5692371120957951,5.977257553439001,/home/haowei/Documents/End2Race/post-trained/ppo_privilege_gru_0721_bs51200/checkpoints/actor_u0001.pth,/home/haowei/Documents/End2Race/post-trained/ppo_privilege_gru_0721_bs51200/checkpoints/critic_u0001.pt,batch_51200,privilege_gru / bs51200,0.33962264150943394,0.41509433962264153,"[-0.7974785566329956, -1.0, -1.0, -0.9765022993087769, -0.9999999403953552, -0.9999996423721313, 0.0, -1.0, -1.0, 0.0, 0.0, 0.0, -1.0, -0.5856860876083374, -0.6494864821434021, -0.69828861951828, -0.9236561059951782, 0.3832223117351532, -1.0, -1.0]","[1.0, 1.0, 0.28984126448631287, 0.942678689956665, 0.9999998807907104, 1.0, 0.7654470801353455, 1.0, 1.0, 0.9768145084381104, 0.988070547580719, 0.8148320317268372, 1.0, 0.5401376485824585, 1.0, 1.0, 0.8903282880783081, 1.0, 1.0, 1.0]","[-0.03858690708875656, -0.011733190156519413, -0.1257549226284027, 0.015296664088964462, 0.01985001564025879, 0.8845710754394531, 0.5024722814559937, -0.01501957792788744, 0.003104428295046091, 0.6390272974967957, 0.516420304775238, 0.7681918144226074, -0.018090801313519478, 0.002247783588245511, 0.9063897728919983, 0.8758354187011719, 0.017795654013752937, 0.9404789805412292, -0.014011365361511707, -0.019495807588100433]","[0.3831804692745209, 0.43202710151672363, 0.1815650314092636, 0.2464214414358139, 0.3481878340244293, 0.31002676486968994, 0.15550093352794647, 0.18244846165180206, 0.17121689021587372, 0.27460232377052307, 0.29515355825424194, 0.05248052999377251, 0.20928266644477844, 0.08951404690742493, 0.17899273335933685, 0.18756459653377533, 0.33275288343429565, 0.06720450520515442, 0.39347463846206665, 0.3980698585510254]","[0.0, 0.042119140625, 3.90625e-05, 0.0, 1.953125e-05, 9.765625e-06, 0.0, 0.00080078125, 0.000107421875, 0.0567578125, 0.099853515625, 3.90625e-05, 0.00216796875, 0.0, 0.0, 0.0, 0.0, 0.0, 0.049921875, 0.05484375]","[0.05279296875, 0.03470703125, 0.0, 0.0, 9.765625e-06, 0.01578125, 0.0, 0.000185546875, 0.0005078125, 0.0, 0.0, 0.0, 0.000107421875, 0.0, 0.531328125, 0.468681640625, 0.0, 0.00166015625, 0.02037109375, 0.01916015625]","[0.0578125, 0.037197265625, 0.0, 0.0, 0.0091796875, 0.71490234375, 0.0, 0.0002734375, 0.00078125, 0.0205859375, 0.036357421875, 0.0, 0.00013671875, 0.0, 0.648369140625, 0.5808984375, 0.0, 0.59552734375, 0.02294921875, 0.021279296875]","[0.05373046875, 0.0351953125, 0.0, 0.0, 0.002314453125, 0.55138671875, 0.0, 0.000205078125, 0.00052734375, 0.0, 0.0, 0.0, 0.000126953125, 0.0, 0.556201171875, 0.4928125, 0.0, 0.275830078125, 0.020859375, 0.019638671875]"
formal,2,privilege_gru,1,2,307200,307200,204800,0.0017614225769650993,0.14101724326610565,"[0.16165469586849213, 0.15870175510644913, 0.14295049011707306, 0.12311280891299248, 0.11866646632552147]",0.14984383335208423,0.10830790562813394,0.4251452239534409,0.5846691182218459,0.24887831710124828,0.1737105523201738,0.05080934960292023,0.042905258936094065,0.34006117054058216,0.5274327312299278,0.606899977258279,0.5865997131059002,-0.048490894425805495,0.3721535326265635,-0.05535313877694193,0.5105502985604289,0.004228421716252345,0.00691984873265028,0.0926757799461484,0.17863281071186066,62.596843957901,110.8017807006836,1.1238433092832565,2.2829391956329346,94.207055365001,11.883111957999063,33.38662023000143,50,50,53,3.6471999999999634,153,657.7516339869281,-0.22542396666384057,2.61103162500941,0.4187999133171111,0.44728884982045,0.1011872914875641,0.045610314528535686,0.32580641169774005,0.10188734290612186,-0.6535947712418301,0.00047704997412758497,89,-0.7393027556978687,1.5947488390817817,64,0.4891887243366049,4.024299874190018,/home/haowei/Documents/End2Race/post-trained/ppo_privilege_gru_0721_bs51200/checkpoints/actor_u0002.pth,/home/haowei/Documents/End2Race/post-trained/ppo_privilege_gru_0721_bs51200/checkpoints/critic_u0002.pt,batch_51200,privilege_gru / bs51200,0.32679738562091504,0.32679738562091504,"[-0.6905651092529297, -1.0, -1.0, -0.9671486616134644, -1.0, -0.8787420988082886, 0.0, -1.0, -0.8384619355201721, 0.0, 0.0, 0.0, -1.0, -0.5648521780967712, -0.6139621138572693, -0.29500851035118103, -0.9034141302108765, 0.39494580030441284, -1.0, -1.0]","[1.0, 1.0, 0.26261457800865173, 1.0, 0.9999995827674866, 1.0, 0.767970085144043, 1.0, 1.0, 0.9751088619232178, 0.986007034778595, 0.8187497854232788, 1.0, 0.6471188068389893, 1.0, 1.0, 0.9187044501304626, 1.0, 1.0, 1.0]","[-0.06547512859106064, 0.01793399266898632, -0.10752467811107635, 0.0030404157005250454, 0.0030685325618833303, 0.9043892621994019, 0.49493342638015747, -0.009136187843978405, 0.0034592309966683388, 0.6509856581687927, 0.45529744029045105, 0.7714881896972656, -0.012316807173192501, -0.0018642802024260163, 0.9203311204910278, 0.8685575723648071, 0.028249511495232582, 0.940681517124176, -0.0038379321340471506, -0.010031980462372303]","[0.3640376627445221, 0.38679417967796326, 0.16581027209758759, 0.2495909035205841, 0.3510519564151764, 0.24301254749298096, 0.15767525136470795, 0.17923259735107422, 0.16947874426841736, 0.2577609717845917, 0.3045518100261688, 0.04484891891479492, 0.20976726710796356, 0.08659098297357559, 0.1613050252199173, 0.19415608048439026, 0.3310229778289795, 0.06947968155145645, 0.3907396197319031, 0.3963768184185028]","[0.0, 0.025546875, 0.00119140625, 0.0, 3.90625e-05, 0.0, 0.0, 0.000380859375, 0.0, 0.04484375, 0.122841796875, 9.765625e-06, 0.002109375, 0.0, 0.0, 0.0, 0.0, 0.0, 0.04826171875, 0.053486328125]","[0.048583984375, 0.02986328125, 0.0, 0.00017578125, 4.8828125e-05, 0.019013671875, 0.0, 0.000166015625, 7.8125e-05, 0.0, 0.0, 0.0, 0.000224609375, 0.0, 0.560009765625, 0.44, 0.0, 0.001474609375, 0.025126953125, 0.024033203125]","[0.052578125, 0.032177734375, 0.0, 0.00025390625, 0.0112890625, 0.72091796875, 0.0, 0.0003125, 0.000166015625, 0.023466796875, 0.02662109375, 0.0, 0.000361328125, 0.0, 0.689658203125, 0.561201171875, 0.0, 0.608271484375, 0.02798828125, 0.0266015625]","[0.049375, 0.030302734375, 0.0, 0.0001953125, 0.00333984375, 0.57732421875, 0.0, 0.000166015625, 9.765625e-05, 0.0, 0.0, 0.0, 0.00033203125, 0.0, 0.589033203125, 0.467421875, 0.0, 0.30123046875, 0.0256640625, 0.024560546875]"
formal,3,privilege_gru,2,3,409600,409600,307200,0.002383067698684016,0.13372515588998796,"[0.14989080280065536, 0.14157205075025558, 0.1391167864203453, 0.1267356388270855, 0.11131050065159798]",0.15007850430870376,0.10263334030541003,0.526895464683703,0.677166049904889,0.23327868699104237,0.147498897859678,0.06687832162636526,0.057767782751142055,0.43643517561726874,0.6221037449906254,0.5648690749956848,0.5798726764352857,-0.026788491529839576,0.4649304673659791,-0.010089725206205458,0.5630718974396248,0.046543668404920024,0.1717054545879364,0.10369628667831421,0.1832617074251175,51.457866966724396,94.75688171386719,0.945531177520752,2.227731704711914,92.7570922149971,12.139035208998394,34.04521348599883,61,58,38,3.798524590163893,157,636.7579617834394,-0.3375405744896439,3.3048000747921904,0.30459313496072205,0.4329198066494731,0.10735749819876049,0.05351188356793247,0.32346432034087774,0.1154975642274155,-0.7770700636942676,0.0005676046363303471,93,-0.8733991370210832,1.1994759925599006,64,0.4411288991888534,6.364099131785988,/home/haowei/Documents/End2Race/post-trained/ppo_privilege_gru_0721_bs51200/checkpoints/actor_u0003.pth,/home/haowei/Documents/End2Race/post-trained/ppo_privilege_gru_0721_bs51200/checkpoints/critic_u0003.pt,batch_51200,privilege_gru / bs51200,0.3885350318471338,0.36942675159235666,"[-0.6493879556655884, -1.0, -1.0, -0.9994849562644958, -1.0, -0.9999992251396179, 0.0, -1.0, -1.0, 0.0, 0.0, 0.0, -1.0, -0.6011910438537598, -0.6081226468086243, -0.4890114665031433, -0.9185093641281128, 0.39539918303489685, -1.0, -1.0]","[1.0, 1.0, 0.33268097043037415, 0.932063639163971, 0.9999999403953552, 1.0, 0.771183431148529, 1.0, 1.0, 0.9738802909851074, 0.9893415570259094, 0.8171972036361694, 1.0, 0.5530230402946472, 1.0, 1.0, 0.9074788689613342, 1.0, 1.0, 1.0]","[-0.03378131985664368, 0.010633937083184719, -0.12200520187616348, 0.02608073502779007, 0.02775578759610653, 0.8982511162757874, 0.5070836544036865, -0.01656150259077549, 0.0038663113955408335, 0.6327921152114868, 0.5048703551292419, 0.770691990852356, -0.020375404506921768, 0.0011206978233531117, 0.91032874584198, 0.8631357550621033, 0.02522318810224533, 0.9403498768806458, -0.023078620433807373, -0.027049927040934563]","[0.38375359773635864, 0.4053822457790375, 0.17326082289218903, 0.25082650780677795, 0.34806638956069946, 0.26727744936943054, 0.15997016429901123, 0.18254506587982178, 0.16907744109630585, 0.2824651896953583, 0.2916506826877594, 0.04886891692876816, 0.2107258439064026, 0.08998969942331314, 0.17059652507305145, 0.19916023313999176, 0.3324573040008545, 0.06787502765655518, 0.3876851201057434, 0.39292290806770325]","[0.0, 0.030869140625, 0.00056640625, 0.0, 9.765625e-05, 9.765625e-06, 0.0, 0.000400390625, 2.9296875e-05, 0.06064453125, 0.1066796875, 0.00017578125, 0.00193359375, 0.0, 0.0, 0.0, 0.0, 0.0, 0.05162109375, 0.05609375]","[0.053134765625, 0.026240234375, 0.0, 0.0, 3.90625e-05, 0.015302734375, 0.0, 0.0001171875, 6.8359375e-05, 0.0, 0.0, 0.0, 2.9296875e-05, 0.0, 0.537490234375, 0.462509765625, 0.0, 0.001953125, 0.01787109375, 0.01779296875]","[0.058564453125, 0.027548828125, 0.0, 0.0, 0.010390625, 0.706728515625, 0.0, 0.00021484375, 0.000205078125, 0.0223828125, 0.03251953125, 0.0, 0.000146484375, 0.0, 0.651259765625, 0.555263671875, 0.0, 0.5974609375, 0.0199609375, 0.0196484375]","[0.054140625, 0.026435546875, 0.0, 0.0, 0.004306640625, 0.549267578125, 0.0, 0.000126953125, 0.000107421875, 0.0, 0.0, 0.0, 0.00013671875, 0.0, 0.559072265625, 0.48388671875, 0.0, 0.281142578125, 0.0182421875, 0.018154296875]"
formal,4,privilege_gru,3,4,512000,512000,409600,0.006641892972402363,0.12723977342247964,"[0.14085908234119415, 0.13307775557041168, 0.13186164945363998, 0.12053490802645683, 0.1098654717206955]",0.14117685214945114,0.099291791584438,0.593407411489432,0.7173517234992767,0.21315308245351494,0.15046780176436925,0.06920062184538733,0.048115781404506744,0.5233349934255269,0.6635183963228135,0.550855390001082,0.6440325500363719,-0.015740171704431986,0.48901557560868075,-0.04967415223909825,0.589251189531896,0.0900241476317751,0.1758180558681488,0.19895019009709358,0.32130858302116394,124.8435822725296,192.93092346191406,0.9319580972194672,2.2334063053131104,93.23002016499959,12.193953993999457,34.05262088800009,59,63,36,4.230677966101645,158,659.246835443038,-0.28795149577259205,3.5853179513909623,0.2978847187344153,0.46105081439051077,0.08420584971809647,0.04944757109288726,0.33705685938000807,0.12171933192091788,-0.7468354430379747,0.00010775596445670493,91,-0.8453822852554435,1.8872352866718385,67,0.4691559944205345,5.891669033322908,/home/haowei/Documents/End2Race/post-trained/ppo_privilege_gru_0721_bs51200/checkpoints/actor_u0004.pth,/home/haowei/Documents/End2Race/post-trained/ppo_privilege_gru_0721_bs51200/checkpoints/critic_u0004.pt,batch_51200,privilege_gru / bs51200,0.37341772151898733,0.3987341772151899,"[-0.7237037420272827, -1.0, -1.0, -1.0, -0.9999999403953552, -0.9863963723182678, 0.0, -1.0, -1.0, 0.0, 0.0, 0.26665568351745605, -1.0, -0.5102107524871826, -0.5079815983772278, -0.43759241700172424, -0.9212749600410461, 0.3889119327068329, -1.0, -1.0]","[1.0, 1.0, 0.27491289377212524, 0.9192922115325928, 0.9999999403953552, 1.0, 0.7924168109893799, 1.0, 1.0, 0.9741156697273254, 0.9848572611808777, 0.8150949478149414, 0.9930770993232727, 0.46166959404945374, 1.0, 1.0, 0.9090198874473572, 1.0, 1.0, 1.0]","[-0.06294357031583786, -0.06687884032726288, -0.11904618889093399, 0.0007261286955326796, 0.006905280519276857, 0.8961438536643982, 0.5098063945770264, -0.01568750850856304, 0.0037135055754333735, 0.6435860991477966, 0.5138120651245117, 0.7725650668144226, -0.018951497972011566, 0.0014500117395073175, 0.9015238285064697, 0.8912039399147034, 0.005668484140187502, 0.9408051371574402, -0.020522315055131912, -0.02879299968481064]","[0.3610677123069763, 0.41358691453933716, 0.17139112949371338, 0.2526620924472809, 0.3504006862640381, 0.2726021409034729, 0.15723861753940582, 0.17441794276237488, 0.16745087504386902, 0.2707332670688629, 0.29148632287979126, 0.04343842342495918, 0.20230594277381897, 0.08708769083023071, 0.17251816391944885, 0.17231498658657074, 0.33213376998901367, 0.06801579892635345, 0.38550958037376404, 0.38874921202659607]","[0.0, 0.038125, 0.0002734375, 0.00025390625, 7.8125e-05, 0.0, 0.0, 0.000263671875, 2.9296875e-05, 0.05283203125, 0.1011328125, 0.0, 0.001474609375, 0.0, 0.0, 0.0, 0.0, 0.0, 0.0505859375, 0.054814453125]","[0.044912109375, 0.0241015625, 0.0, 0.0, 2.9296875e-05, 0.01677734375, 0.0, 5.859375e-05, 3.90625e-05, 0.0, 0.0, 0.0, 0.0, 0.0, 0.51091796875, 0.48908203125, 0.0, 0.001513671875, 0.014189453125, 0.011533203125]","[0.048544921875, 0.02533203125, 0.0, 0.0, 0.007998046875, 0.7159765625, 0.0, 0.000146484375, 0.00015625, 0.019970703125, 0.024189453125, 0.0, 4.8828125e-05, 0.0, 0.627236328125, 0.60171875, 0.0, 0.606103515625, 0.016181640625, 0.013037109375]","[0.045634765625, 0.024345703125, 0.0, 0.0, 0.003720703125, 0.55296875, 0.0, 8.7890625e-05, 5.859375e-05, 0.0, 0.0, 0.0, 4.8828125e-05, 0.0, 0.535625, 0.513681640625, 0.0, 0.272353515625, 0.0144140625, 0.011845703125]"
formal,5,privilege_gru,4,5,614400,614400,512000,9.33109549805522e-05,0.10368997156620026,"[0.11664505675435066, 0.11319972947239876, 0.10426954180002213, 0.09510117396712303, 0.0892343558371067]",0.11621390215842624,0.0840596182830722,0.6632716275408155,0.7610785278597105,0.1840086740262497,0.1257180337694356,0.04841913029060281,0.04240120279670884,0.6069249340814538,0.7293803691383844,0.5745021206013816,0.6549148050427718,-0.010510659195618643,0.4961111105596643,0.03381596266032602,0.5861788590430267,0.0005786105938022645,0.0016865128418430686,0.005888671614229679,0.021113280206918716,13.673347055912018,31.315059661865234,0.7091855347156525,1.1553781032562256,93.81814923300044,11.88608075799857,33.305932485000085,45,60,46,3.9653333333332896,151,679.7615894039735,-0.13352910190310047,3.295084972081244,0.38157909713093785,0.4141250236367615,0.0864550533802836,0.04437004928546879,0.3458857032654015,0.11672313511861238,-0.5960264900662252,-0.00011145022088915999,87,-0.6259193763023757,2.474412879243168,64,0.5358139273584144,4.410686098283002,/home/haowei/Documents/End2Race/post-trained/ppo_privilege_gru_0721_bs51200/checkpoints/actor_u0005.pth,/home/haowei/Documents/End2Race/post-trained/ppo_privilege_gru_0721_bs51200/checkpoints/critic_u0005.pt,batch_51200,privilege_gru / bs51200,0.2980132450331126,0.3973509933774834,"[-0.6838619709014893, -1.0, -1.0, -1.0, -1.0, -0.9940744042396545, 0.0, -1.0, -1.0, 0.0, 0.0, 0.014232205227017403, -1.0, -0.5475586652755737, -0.6745520830154419, -0.5244121551513672, -0.9565123319625854, 0.2916918694972992, -1.0, -1.0]","[1.0, 1.0, 0.25707948207855225, 0.937337338924408, 1.0, 1.0, 0.771926999092102, 1.0, 1.0, 0.9762642979621887, 0.9892851710319519, 0.8160247802734375, 1.0, 0.5251436829566956, 1.0, 1.0, 0.9032866358757019, 1.0, 1.0, 1.0]","[-0.05051582306623459, 0.06241040304303169, -0.11617591232061386, 0.0038413582369685173, 0.005332400090992451, 0.9047167897224426, 0.5063546895980835, -0.015729600563645363, 0.001186519511975348, 0.6444013714790344, 0.5117630362510681, 0.7684745192527771, -0.019636116921901703, -0.00012995982251595706, 0.931810200214386, 0.8416483998298645, 0.042430948466062546, 0.9418865442276001, -0.017349369823932648, -0.02354338951408863]","[0.37970104813575745, 0.39879724383354187, 0.16631583869457245, 0.25360429286956787, 0.35258591175079346, 0.23951905965805054, 0.1604820191860199, 0.17746394872665405, 0.16386978328227997, 0.2755187451839447, 0.29063501954078674, 0.050543978810310364, 0.2061329483985901, 0.08537217974662781, 0.1500665694475174, 0.20780619978904724, 0.3259616792201996, 0.06955315172672272, 0.3856768310070038, 0.3906899690628052]","[0.0, 0.019453125, 0.00037109375, 0.00025390625, 4.8828125e-05, 0.0, 0.0, 0.000400390625, 5.859375e-05, 0.056943359375, 0.104384765625, 0.0, 0.001982421875, 0.0, 0.0, 0.0, 0.0, 0.0, 0.05029296875, 0.054580078125]","[0.056953125, 0.02974609375, 0.0, 0.0, 2.9296875e-05, 0.017392578125, 0.0, 4.8828125e-05, 9.765625e-06, 0.0, 0.0, 0.0, 1.953125e-05, 0.0, 0.61748046875, 0.38251953125, 0.0, 0.001796875, 0.01611328125, 0.0149609375]","[0.061484375, 0.03166015625, 0.0, 0.0, 0.011435546875, 0.71357421875, 0.0, 7.8125e-05, 6.8359375e-05, 0.028466796875, 0.024794921875, 0.0, 3.90625e-05, 0.0, 0.72703125, 0.48693359375, 0.0, 0.615712890625, 0.0182421875, 0.016748046875]","[0.05794921875, 0.030087890625, 0.0, 0.0, 0.00404296875, 0.550908203125, 0.0, 5.859375e-05, 9.765625e-06, 0.0, 0.0, 0.0, 2.9296875e-05, 0.0, 0.6408984375, 0.405556640625, 0.0, 0.314599609375, 0.016455078125, 0.01529296875]"
formal,6,privilege_gru,5,6,716800,716800,614400,0.00013764150236966755,0.09468655809760093,"[0.10284656286239624, 0.09865080192685127, 0.08994888886809349, 0.08932295441627502, 0.09266358241438866]",0.10391039276569958,0.10469620150882246,0.6997881950380518,0.7799241574377047,0.1493746407570025,0.14250782278947274,0.05844614477439671,0.06688458022817219,0.671050069426585,0.7614976328676307,0.6360912506631607,0.7129400643139946,0.12795080393850866,0.5325168473026509,-0.043619100533535404,0.5847844719091294,0.0011739539663540022,0.0019304390298202634,0.011997069930657744,0.0237890612334013,12.747672617435455,25.917112350463867,0.8042944461107254,2.330077648162842,93.45741202800127,12.145014672998514,34.05142855200029,49,62,45,3.466938775510168,156,657.6153846153846,-0.18083260327429712,3.4053334043940753,0.3653082672750662,0.472683206117259,0.08762834360804166,0.044520307317301985,0.32955571684364526,0.11779453646204129,-0.6282051282051282,2.2271625144523103e-05,92,-0.623712567096651,2.1098988070592095,64,0.4558073447203366,5.267520638062944,/home/haowei/Documents/End2Race/post-trained/ppo_privilege_gru_0721_bs51200/checkpoints/actor_u0006.pth,/home/haowei/Documents/End2Race/post-trained/ppo_privilege_gru_0721_bs51200/checkpoints/critic_u0006.pt,batch_51200,privilege_gru / bs51200,0.3141025641025641,0.3974358974358974,"[-0.6924813389778137, -1.0, -0.9322706460952759, -0.9443213939666748, -1.0, -0.8448265790939331, 0.0, -1.0, -1.0, 0.0, 0.0, 0.0, -1.0, -0.6114648580551147, -0.6205830574035645, -0.24575161933898926, -0.8672652244567871, 0.4162910282611847, -1.0, -1.0]","[1.0, 1.0, 0.26983335614204407, 0.9001107811927795, 0.9999997615814209, 1.0, 0.7701773643493652, 1.0, 1.0, 0.9749523997306824, 0.9867032170295715, 0.8164137005805969, 1.0, 0.5130490064620972, 1.0, 1.0, 0.909231424331665, 1.0, 1.0, 1.0]","[-0.051003094762563705, -0.011252467520534992, -0.11750221252441406, 0.018552716821432114, 0.0270066000521183, 0.9059610962867737, 0.49931517243385315, -0.011540813371539116, 0.0011018556542694569, 0.6557633280754089, 0.48030632734298706, 0.7734407186508179, -0.013259905390441418, 0.0016591603634878993, 0.9290777444839478, 0.8668414950370789, 0.030160170048475266, 0.9423456788063049, -0.007117545232176781, -0.012558233924210072]","[0.38516107201576233, 0.40710151195526123, 0.1734565645456314, 0.24163715541362762, 0.3454303443431854, 0.2436792254447937, 0.16086897253990173, 0.17167456448078156, 0.1619766801595688, 0.26562264561653137, 0.30193454027175903, 0.04100307077169418, 0.19918988645076752, 0.08316078037023544, 0.14075806736946106, 0.19300177693367004, 0.32658836245536804, 0.06695552170276642, 0.3755704462528229, 0.37955334782600403]","[0.0, 0.03578125, 0.0, 0.0, 5.859375e-05, 0.0, 0.0, 0.000517578125, 6.8359375e-05, 0.04880859375, 0.11294921875, 5.859375e-05, 0.001884765625, 0.0, 0.0, 0.0, 0.0, 0.0, 0.04306640625, 0.04708984375]","[0.06203125, 0.02763671875, 0.0, 0.0, 3.90625e-05, 0.017451171875, 0.0, 0.0001171875, 6.8359375e-05, 0.0, 0.0, 0.0, 4.8828125e-05, 0.0, 0.57400390625, 0.426005859375, 0.0, 0.001796875, 0.017880859375, 0.01677734375]","[0.0662109375, 0.0297265625, 0.0, 0.0, 0.010791015625, 0.7315625, 0.0, 0.00015625, 0.00021484375, 0.03123046875, 0.0306640625, 0.0, 0.000126953125, 0.0, 0.696181640625, 0.54541015625, 0.0, 0.615888671875, 0.02009765625, 0.01853515625]","[0.06283203125, 0.02818359375, 0.0, 0.0, 0.0026171875, 0.55841796875, 0.0, 0.000126953125, 6.8359375e-05, 0.0, 0.0, 0.0, 0.000107421875, 0.0, 0.60025390625, 0.451220703125, 0.0, 0.299658203125, 0.018310546875, 0.01716796875]"
formal,7,privilege_gru,6,7,819200,819200,716800,0.000518159807543439,0.10829398334026337,"[0.12066340073943138, 0.11371535807847977, 0.1041872538626194, 0.10176314041018486, 0.10114076361060143]",0.1194814648176072,0.11151493976182464,0.7036135202449033,0.7869480377171918,0.1877243000128474,0.16682132991899037,0.05123862962236702,0.056208549604658896,0.6508377190883667,0.7554366868729145,0.670579134983911,0.7123368321039558,0.3379522710268117,0.5664004226206875,0.177456189679408,0.6344382462073171,0.08261370319873096,0.16457076370716095,0.031035156222060323,0.06658203154802322,13.092598676681519,23.342254638671875,0.858221361041069,2.2384185791015625,93.6991836979978,11.80448355399858,33.09835445400313,40,58,49,3.9052499999999584,147,688.578231292517,-0.07185143264971762,3.5186388711513708,0.39530971464847053,0.43683301541717856,0.08534600515581457,0.04797837659831805,0.3512184679975941,0.12099478344641616,-0.54421768707483,0.00015300298110220006,83,-0.5444423866370136,2.7154870466747703,64,0.5410399608025568,4.560226393519463,/home/haowei/Documents/End2Race/post-trained/ppo_privilege_gru_0721_bs51200/checkpoints/actor_u0007.pth,/home/haowei/Documents/End2Race/post-trained/ppo_privilege_gru_0721_bs51200/checkpoints/critic_u0007.pt,batch_51200,privilege_gru / bs51200,0.272108843537415,0.3945578231292517,"[-0.6923992037773132, -1.0, -1.0, -1.0, -0.9999998807907104, -1.0, 0.0, -1.0, -1.0, 0.0, 0.0, 0.0, -1.0, -0.7870553135871887, -0.43690064549446106, -0.6043115854263306, -0.9333885908126831, 0.358867347240448, -1.0, -1.0]","[1.0, 1.0, 0.33735308051109314, 1.0, 1.0, 1.0, 0.7764319777488708, 1.0, 1.0, 0.9769206047058105, 0.9865552186965942, 0.8175292611122131, 0.9166865348815918, 0.521177351474762, 1.0, 1.0, 0.9164108633995056, 1.0, 1.0, 1.0]","[-0.044521041214466095, -0.0344381257891655, -0.1194247305393219, 0.026384031400084496, 0.03704880550503731, 0.896981418132782, 0.5075937509536743, -0.017064837738871574, 0.003845521481707692, 0.6473340392112732, 0.4768817126750946, 0.7693025469779968, -0.021220631897449493, 0.001604786841198802, 0.9127886891365051, 0.8612716197967529, 0.021026119589805603, 0.9427321553230286, -0.023046785965561867, -0.028147967532277107]","[0.38880297541618347, 0.3977128565311432, 0.1742723435163498, 0.23886804282665253, 0.3453456163406372, 0.27392280101776123, 0.1616208255290985, 0.17428162693977356, 0.16700614988803864, 0.2704853415489197, 0.2984987497329712, 0.05040590837597847, 0.20428211987018585, 0.08363403379917145, 0.17489127814769745, 0.19640511274337769, 0.32556235790252686, 0.07004562020301819, 0.37976330518722534, 0.3852404057979584]","[0.0, 0.0404296875, 0.001904296875, 0.000224609375, 4.8828125e-05, 9.765625e-06, 0.0, 0.000498046875, 0.00013671875, 0.056181640625, 0.12546875, 8.7890625e-05, 0.00189453125, 0.0, 0.0, 0.0, 0.0, 0.0, 0.050947265625, 0.055322265625]","[0.055869140625, 0.020126953125, 0.0, 0.00029296875, 6.8359375e-05, 0.017626953125, 0.0, 0.0001171875, 0.000107421875, 0.0, 0.0, 0.0, 0.0, 0.0, 0.57740234375, 0.422607421875, 0.0, 0.001494140625, 0.014873046875, 0.01439453125]","[0.0614453125, 0.0217578125, 0.0, 0.00033203125, 0.016259765625, 0.728974609375, 0.0, 0.000146484375, 0.00025390625, 0.02734375, 0.0275, 0.0, 0.0, 0.0, 0.678720703125, 0.52697265625, 0.0, 0.631181640625, 0.016787109375, 0.01595703125]","[0.056943359375, 0.020283203125, 0.0, 0.00029296875, 0.00626953125, 0.568486328125, 0.0, 0.0001171875, 0.000166015625, 0.0, 0.0, 0.0, 0.0, 0.0, 0.5989453125, 0.444755859375, 0.0, 0.31548828125, 0.015234375, 0.014765625]"
formal,8,privilege_gru,7,8,921600,921600,819200,0.0009704011846043414,0.12238152772188186,"[0.13247250020503998, 0.12689121812582016, 0.12762398272752762, 0.10943654179573059, 0.11548339575529099]",0.12306012280077926,0.0935665308337104,0.7038441429322361,0.7750004410302795,0.2092315963243294,0.1525180821894673,0.0368886492772291,0.03461497947795343,0.6446557197054951,0.7402433235071555,0.6954185134979473,0.6918216871428841,0.39815197390285617,0.561742008688794,0.38956435368754455,0.6446117414435345,0.15147181893000378,0.5527903437614441,0.04825683555100113,0.17033202946186066,29.657742381095886,89.78685760498047,1.5488420307636261,2.8264482021331787,92.3795976750007,11.80204516700178,33.10225539499879,37,68,42,3.9886486486486046,147,699.0340136054422,-0.018101690119009452,3.7512497799306934,0.38736747306177577,0.4511061581558118,0.0847248032210725,0.041171211541895944,0.35814698354290964,0.1268794470862365,-0.5034013605442177,0.0002732397960621215,83,-0.47642271326363955,2.9178664508806214,64,0.5762833867716827,4.832043784792505,/home/haowei/Documents/End2Race/post-trained/ppo_privilege_gru_0721_bs51200/checkpoints/actor_u0008.pth,/home/haowei/Documents/End2Race/post-trained/ppo_privilege_gru_0721_bs51200/checkpoints/critic_u0008.pt,batch_51200,privilege_gru / bs51200,0.25170068027210885,0.46258503401360546,"[-0.5894763469696045, -1.0, -1.0, -1.0, -1.0, -0.9999990463256836, 0.0, -1.0, -1.0, 0.0, 0.0, 0.0, -1.0, -0.5659934282302856, -0.604939341545105, -0.6954002380371094, -0.973655641078949, 0.22802333533763885, -1.0, -1.0]","[1.0, 1.0, 0.24566109478473663, 0.8926700353622437, 1.0, 1.0, 0.7841726541519165, 1.0, 1.0, 0.9736776351928711, 0.9893931150436401, 0.819305419921875, 1.0, 0.5400615930557251, 1.0, 1.0, 0.903593897819519, 1.0, 1.0, 1.0]","[-0.04008710756897926, 0.02908414788544178, -0.12191791832447052, -0.012331889010965824, -0.01923617161810398, 0.8817498683929443, 0.5100401043891907, -0.023915037512779236, 0.0029936418868601322, 0.640730082988739, 0.5027809739112854, 0.7724170684814453, -0.03065626136958599, 0.001715329592116177, 0.929080605506897, 0.8626987934112549, 0.028909413143992424, 0.9427980780601501, -0.04191754013299942, -0.0481947660446167]","[0.3888658285140991, 0.42285317182540894, 0.18308112025260925, 0.2509922683238983, 0.353304386138916, 0.312317818403244, 0.15511618554592133, 0.17940810322761536, 0.1712515950202942, 0.28185561299324036, 0.3042459189891815, 0.04360935837030411, 0.2099841833114624, 0.08720920234918594, 0.14257441461086273, 0.1869114488363266, 0.32522886991500854, 0.06773502379655838, 0.37609273195266724, 0.3801206350326538]","[0.0, 0.035654296875, 0.001435546875, 0.00015625, 0.0001171875, 1.953125e-05, 0.0, 0.00083984375, 9.765625e-06, 0.060595703125, 0.110888671875, 0.0001171875, 0.0044921875, 0.0, 0.0, 0.0, 0.0, 0.0, 0.056396484375, 0.060244140625]","[0.0610546875, 0.042734375, 0.0, 0.0, 2.9296875e-05, 0.018505859375, 0.0, 0.000107421875, 0.000419921875, 0.0, 0.0, 0.0, 0.00013671875, 0.0, 0.6005078125, 0.3994921875, 0.0, 0.00142578125, 0.017255859375, 0.0155078125]","[0.06642578125, 0.04400390625, 0.0, 0.0, 0.0101953125, 0.715224609375, 0.0, 0.00013671875, 0.000732421875, 0.018671875, 0.047314453125, 0.0, 0.000166015625, 0.0, 0.709169921875, 0.5136328125, 0.0, 0.62392578125, 0.018994140625, 0.01732421875]","[0.06205078125, 0.042919921875, 0.0, 0.0, 0.002763671875, 0.5785546875, 0.0, 0.000107421875, 0.00048828125, 0.0, 0.0, 0.0, 0.00015625, 0.0, 0.624716796875, 0.423310546875, 0.0, 0.296396484375, 0.017568359375, 0.0159765625]"
formal,9,privilege_gru,8,9,1024000,1024000,921600,0.0001273734872953014,0.12465450912714005,"[0.1345103234052658, 0.12618230283260345, 0.14482266455888748, 0.11315439268946648, 0.104602862149477]",0.1338243211398693,0.09799723196049033,0.7006484971843903,0.7842694387354755,0.22254454133862125,0.1438578188915003,0.04510410094111738,0.05213664502948034,0.629181818099726,0.7532833566491608,0.7138016874369915,0.7237401368807642,0.28658837627510164,0.5762996744922309,0.33052758840897695,0.6673141330312962,0.0008314944122684853,0.0020495327189564705,0.006069335649954155,0.01347656175494194,10.283702790737152,22.239524841308594,0.9906425833702087,2.682288646697998,93.99483684400184,11.73235713900067,33.00211053900057,40,65,41,4.748249999999942,146,710.9109589041096,-0.044406709261585325,4.14135274096124,0.3371634265876343,0.4402375952971012,0.07659149906162822,0.0437775125643075,0.3703483415760904,0.13315731594379943,-0.547945205479452,3.283869797687132e-05,80,-0.5171419223096667,3.0722972381854072,66,0.5286056701906345,5.437177592810737,/home/haowei/Documents/End2Race/post-trained/ppo_privilege_gru_0721_bs51200/checkpoints/actor_u0009.pth,/home/haowei/Documents/End2Race/post-trained/ppo_privilege_gru_0721_bs51200/checkpoints/critic_u0009.pt,batch_51200,privilege_gru / bs51200,0.273972602739726,0.4452054794520548,"[-0.6428670287132263, -1.0, -1.0, -1.0, -1.0, -0.999998152256012, 0.0, -1.0, -0.9611650109291077, 0.0, 0.0, 0.0, -1.0, -0.7830983400344849, -0.4308741092681885, -0.8270402550697327, -0.9683966040611267, 0.24941526353359222, -1.0, -1.0]","[1.0, 1.0, 0.25862917304039, 0.9072217345237732, 1.0, 1.0, 0.7869069576263428, 1.0, 1.0, 0.9745690822601318, 0.9887184500694275, 0.81482994556427, 1.0, 0.534959614276886, 1.0, 1.0, 0.9065056443214417, 1.0, 1.0, 1.0]","[-0.039650268852710724, -0.002778611844405532, -0.12512311339378357, 0.02255573682487011, 0.031087065115571022, 0.892952024936676, 0.5184455513954163, -0.0036027776077389717, -0.00033138610888272524, 0.6624333262443542, 0.5162143111228943, 0.7693854570388794, -0.005022398661822081, -0.0032279356382787228, 0.922503650188446, 0.8559768795967102, 0.03394729644060135, 0.9422338604927063, 0.012204395607113838, 0.008543767035007477]","[0.39691412448883057, 0.42649751901626587, 0.1785866916179657, 0.2547406852245331, 0.35126063227653503, 0.2801254093647003, 0.15947481989860535, 0.17461873590946198, 0.16574124991893768, 0.2650570273399353, 0.29113930463790894, 0.045296184718608856, 0.1988549530506134, 0.08985459059476852, 0.15817475318908691, 0.19491808116436005, 0.3263568580150604, 0.06798818707466125, 0.38026219606399536, 0.3846408724784851]","[0.0, 0.0354296875, 0.000986328125, 0.000224609375, 3.90625e-05, 0.0, 0.0, 0.000751953125, 0.0, 0.047373046875, 0.096513671875, 3.90625e-05, 0.002568359375, 0.0, 0.0, 0.0, 0.0, 0.0, 0.040302734375, 0.043798828125]","[0.063076171875, 0.03908203125, 0.0, 0.0, 3.90625e-05, 0.014970703125, 0.0, 0.00013671875, 0.00013671875, 0.0, 0.0, 0.0, 1.953125e-05, 0.0, 0.6037890625, 0.3962109375, 0.0, 0.0018359375, 0.02103515625, 0.019853515625]","[0.067587890625, 0.03982421875, 0.0, 0.0, 0.00994140625, 0.70626953125, 0.0, 0.0001953125, 0.0002734375, 0.02462890625, 0.035830078125, 0.0, 3.90625e-05, 0.0, 0.709150390625, 0.500244140625, 0.0, 0.613984375, 0.0234375, 0.021884765625]","[0.063994140625, 0.039248046875, 0.0, 0.0, 0.0048828125, 0.535419921875, 0.0, 0.00013671875, 0.000146484375, 0.0, 0.0, 0.0, 3.90625e-05, 0.0, 0.6264453125, 0.418212890625, 0.0, 0.3037109375, 0.021416015625, 0.020244140625]"
formal,10,privilege_gru,9,10,1126400,1126400,1024000,-3.6818496809587486e-05,0.12099678590893745,"[0.13420475274324417, 0.12642179802060127, 0.12041458860039711, 0.11455360427498817, 0.10938918590545654]",0.1311989119733607,0.1045040966385517,0.7161217326067055,0.7940901372804026,0.2066079658750656,0.13956890428425783,0.05578985807165576,0.0694392889928456,0.6713380304845034,0.7822738789380714,0.6428903569200455,0.6441374125282536,0.22076685502179544,0.6145486573250388,0.3174841934330277,0.6797754663827982,0.002100169212208125,0.0031741803977638483,0.02747070277109742,0.059687498956918716,27.644639253616333,50.92070388793945,0.8762484669685364,1.7205212116241455,94.0352065420011,11.562455598002998,32.53787231200113,40,66,36,4.781499999999941,142,709.3380281690141,-0.05086230941694093,4.448444994971444,0.3667970302805425,0.4414511249873911,0.07890464614701777,0.046556841046215824,0.37163442475505953,0.14060370970716893,-0.5633802816901409,0.00027983781097136863,78,-0.5440311196161645,2.862482289851833,64,0.5501871780133628,6.381337041835968,/home/haowei/Documents/End2Race/post-trained/ppo_privilege_gru_0721_bs51200/checkpoints/actor_u0010.pth,/home/haowei/Documents/End2Race/post-trained/ppo_privilege_gru_0721_bs51200/checkpoints/critic_u0010.pt,batch_51200,privilege_gru / bs51200,0.28169014084507044,0.4647887323943662,"[-0.6336228251457214, -1.0, -1.0, -0.9873548746109009, -1.0, -0.921021044254303, 0.0, -1.0, -1.0, 0.0, 0.0, 0.03029223158955574, -1.0, -0.546554684638977, -0.674177885055542, -0.4079667329788208, -0.96225506067276, 0.27214914560317993, -1.0, -1.0]","[1.0, 1.0, 0.27684491872787476, 0.9393407702445984, 0.9999999403953552, 1.0, 0.7794065475463867, 1.0, 1.0, 0.9768437147140503, 0.9884209036827087, 0.8168753981590271, 1.0, 0.5617748498916626, 1.0, 1.0, 0.9100733995437622, 1.0, 1.0, 1.0]","[-0.010707538574934006, 0.017800098285079002, -0.1307520717382431, 0.00894191674888134, 0.01568937487900257, 0.9019676446914673, 0.5262566208839417, -0.015739303082227707, 0.002886261325329542, 0.6498960256576538, 0.5226123332977295, 0.7695190906524658, -0.01840861514210701, 0.002534388331696391, 0.9266752600669861, 0.8477969169616699, 0.03953361138701439, 0.9423859119415283, -0.017752092331647873, -0.023622259497642517]","[0.4149194061756134, 0.4286516010761261, 0.17540454864501953, 0.25247281789779663, 0.34996750950813293, 0.2529412806034088, 0.15680432319641113, 0.1801014393568039, 0.16753414273262024, 0.2873428761959076, 0.2924942672252655, 0.05062088742852211, 0.20499162375926971, 0.08935055136680603, 0.16510003805160522, 0.2001763880252838, 0.325127512216568, 0.0685899555683136, 0.3791826069355011, 0.38336095213890076]","[0.0, 0.039111328125, 0.00119140625, 0.0, 3.90625e-05, 0.0, 0.0, 0.000498046875, 5.859375e-05, 0.0609765625, 0.099296875, 0.0, 0.00203125, 0.0, 0.0, 0.0, 0.0, 0.0, 0.047109375, 0.050947265625]","[0.07330078125, 0.030732421875, 0.0, 0.0, 3.90625e-05, 0.01919921875, 0.0, 8.7890625e-05, 2.9296875e-05, 0.0, 0.0, 0.0, 1.953125e-05, 0.0, 0.620009765625, 0.379990234375, 0.0, 0.00158203125, 0.017841796875, 0.017158203125]","[0.078994140625, 0.032119140625, 0.0, 0.0, 0.010869140625, 0.728759765625, 0.0, 8.7890625e-05, 0.000234375, 0.03662109375, 0.034462890625, 0.0, 9.765625e-05, 0.0, 0.725078125, 0.490380859375, 0.0, 0.633369140625, 0.02015625, 0.0191015625]","[0.074375, 0.031015625, 0.0, 0.0, 0.004052734375, 0.58400390625, 0.0, 8.7890625e-05, 3.90625e-05, 0.0, 0.0, 0.0, 8.7890625e-05, 0.0, 0.64365234375, 0.403642578125, 0.0, 0.303662109375, 0.01822265625, 0.017578125]"
formal,11,privilege_gru,10,11,1228800,1228800,1126400,0.001517718920949207,0.10965639874339103,"[0.12207027524709702, 0.11709731817245483, 0.11089402437210083, 0.10309777036309242, 0.09512260556221008]",0.12146634357960837,0.08693707864041694,0.7718066093441143,0.8361165622448014,0.19593010276500133,0.13294621215565722,0.047002584394215334,0.04092794512517668,0.7234829945413438,0.8102538370389328,0.7228258529888056,0.7604910928842143,0.11245532926237417,0.6409069374310282,0.1011840944305743,0.7278090309383957,0.04913739504612746,0.09835141897201538,0.08259277045726776,0.14833983778953552,60.54857885837555,98.93638610839844,0.5925563618540763,1.093375563621521,95.5297673540008,12.004287626001314,33.67900801200085,52,57,44,3.9534615384614957,153,662.4705882352941,-0.2343499304043542,2.9986589089138485,0.38137593448345,0.4497425164411675,0.08397254489413529,0.04634077428153797,0.3342987940615434,0.11116289726086731,-0.6797385620915033,-7.30596352616244e-05,89,-0.7896937404067469,1.9293850042982514,64,0.5379250553802232,4.485617932519913,/home/haowei/Documents/End2Race/post-trained/ppo_privilege_gru_0721_bs51200/checkpoints/actor_u0011.pth,/home/haowei/Documents/End2Race/post-trained/ppo_privilege_gru_0721_bs51200/checkpoints/critic_u0011.pt,batch_51200,privilege_gru / bs51200,0.33986928104575165,0.37254901960784315,"[-0.6031927466392517, -1.0, -1.0, -1.0, -1.0, -0.9805911183357239, 0.0, -1.0, -0.9662905931472778, 0.0, 0.0, 0.1534513682126999, -1.0, -0.5626859664916992, -0.44284769892692566, -0.5066567063331604, -0.9279995560646057, 0.3725813329219818, -1.0, -1.0]","[1.0, 1.0, 0.25785359740257263, 0.8736606240272522, 0.9999996423721313, 1.0, 0.7847229242324829, 1.0, 1.0, 0.9772680997848511, 0.9884546995162964, 0.8169378638267517, 1.0, 0.46945780515670776, 1.0, 1.0, 0.9256294965744019, 1.0, 1.0, 1.0]","[-0.062405891716480255, 0.012417787685990334, -0.10948098450899124, -0.002953465562313795, -0.007860812358558178, 0.9115519523620605, 0.5016059875488281, -0.013046537525951862, 0.0031020755413919687, 0.6455835103988647, 0.47662776708602905, 0.7721204161643982, -0.01797335222363472, -0.0013342136517167091, 0.9305542707443237, 0.8645690083503723, 0.027623174712061882, 0.9427412152290344, -0.015712982043623924, -0.0205156859010458]","[0.3577178120613098, 0.3933105170726776, 0.158647820353508, 0.23816713690757751, 0.3339093029499054, 0.24030646681785583, 0.1603068858385086, 0.17382191121578217, 0.16044816374778748, 0.2678740620613098, 0.30324456095695496, 0.04407791048288345, 0.20578111708164215, 0.08511549234390259, 0.14456228911876678, 0.1920420378446579, 0.325697660446167, 0.06677436828613281, 0.38201212882995605, 0.38712820410728455]","[0.0, 0.0272265625, 0.00134765625, 2.9296875e-05, 8.7890625e-05, 0.0, 0.0, 0.000263671875, 0.0, 0.05400390625, 0.11921875, 0.0, 0.00357421875, 0.0, 0.0, 0.0, 0.0, 0.0, 0.047099609375, 0.051611328125]","[0.0426171875, 0.02833984375, 0.0, 0.0, 2.9296875e-05, 0.017734375, 0.0, 9.765625e-05, 0.0001171875, 0.0, 0.0, 0.0, 1.953125e-05, 0.0, 0.602275390625, 0.397724609375, 0.0, 0.00166015625, 0.01869140625, 0.018134765625]","[0.0461328125, 0.030419921875, 0.0, 0.0, 0.005322265625, 0.739833984375, 0.0, 0.000146484375, 0.000322265625, 0.014228515625, 0.02802734375, 0.0, 4.8828125e-05, 0.0, 0.715185546875, 0.522138671875, 0.0, 0.6234375, 0.020966796875, 0.02001953125]","[0.04328125, 0.028662109375, 0.0, 0.0, 0.002001953125, 0.57525390625, 0.0, 0.000107421875, 0.00015625, 0.0, 0.0, 0.0, 3.90625e-05, 0.0, 0.627685546875, 0.424404296875, 0.0, 0.28328125, 0.0191015625, 0.01857421875]"
formal,12,privilege_gru,11,12,1331200,1331200,1228800,0.00046074810037666225,0.09512292370200157,"[0.10345141589641571, 0.10069618746638298, 0.0934535339474678, 0.09193692356348038, 0.08607655763626099]",0.09259908867893685,0.07291214999896094,0.794588400899376,0.8381733175988595,0.13777408828174204,0.11664154634046396,0.047424089076131694,0.029182753657457917,0.7754752767332868,0.8178736068938277,0.7913160177112579,0.8554245976385633,0.3263654513222947,0.5974648451933143,0.2950505119882018,0.6667063126149473,0.002128768725960961,0.004954097326844931,0.04229003845830448,0.109375,34.09839600324631,76.84681701660156,1.4095101654529572,2.1935198307037354,95.49193204300173,11.652770102999057,32.71119266599999,30,66,48,3.7796666666666274,144,712.0763888888889,0.09899740854309988,4.970068138199574,0.42401036598196856,0.4467968443916139,0.07168127525206182,0.03249419798508673,0.3642228204050633,0.15142203319427236,-0.4166666666666667,1.9221610430752547e-05,79,-0.27891322191742696,4.608670928000498,65,0.5583041747951248,5.40930474751845,/home/haowei/Documents/End2Race/post-trained/ppo_privilege_gru_0721_bs51200/checkpoints/actor_u0012.pth,/home/haowei/Documents/End2Race/post-trained/ppo_privilege_gru_0721_bs51200/checkpoints/critic_u0012.pt,batch_51200,privilege_gru / bs51200,0.20833333333333334,0.4583333333333333,"[-0.6733816266059875, -1.0, -1.0, -0.9638181328773499, -1.0, -0.9999999403953552, 0.0, -1.0, -0.9445800185203552, 0.0, 0.0, 0.0, -1.0, -0.5039143562316895, -0.5058223009109497, -0.7794765830039978, -0.9483802914619446, 0.3171353340148926, -1.0, -1.0]","[1.0, 1.0, 0.3285309076309204, 1.0, 1.0, 1.0, 0.7878473401069641, 1.0, 1.0, 0.9750621318817139, 0.9893903732299805, 0.8173498511314392, 0.9166865348815918, 0.7796342968940735, 1.0, 1.0, 0.9104589819908142, 1.0, 1.0, 1.0]","[0.0033367646392434835, 0.027530016377568245, -0.13764843344688416, 0.018564602360129356, 0.03313480690121651, 0.8739457130432129, 0.5074986815452576, -0.021232832223176956, 0.0021784224081784487, 0.6701673865318298, 0.4899119436740875, 0.7710699439048767, -0.025591276586055756, 0.004150004591792822, 0.9367895722389221, 0.8440090417861938, 0.04320516064763069, 0.9424713850021362, -0.028922846540808678, -0.03554888069629669]","[0.42619743943214417, 0.41960105299949646, 0.1960175782442093, 0.23343339562416077, 0.3547009527683258, 0.3308951258659363, 0.16722863912582397, 0.17711560428142548, 0.16690321266651154, 0.25761041045188904, 0.3053012192249298, 0.0473862960934639, 0.2069970816373825, 0.08370654284954071, 0.1374187171459198, 0.2024856060743332, 0.3243083357810974, 0.06885380297899246, 0.37520864605903625, 0.3814377784729004]","[0.0, 0.047294921875, 0.001591796875, 0.0, 6.8359375e-05, 1.953125e-05, 0.0, 0.00103515625, 0.0, 0.044091796875, 0.115634765625, 0.0001171875, 0.0030078125, 0.0, 0.0, 0.0, 0.0, 0.0, 0.0537890625, 0.058203125]","[0.083876953125, 0.034150390625, 0.0, 0.00029296875, 6.8359375e-05, 0.020537109375, 0.0, 3.90625e-05, 0.00025390625, 0.0, 0.0, 0.0, 0.0, 0.0, 0.623076171875, 0.376923828125, 0.0, 0.001630859375, 0.019697265625, 0.018603515625]","[0.090830078125, 0.035146484375, 0.0, 0.000341796875, 0.015078125, 0.7233984375, 0.0, 5.859375e-05, 0.000615234375, 0.03646484375, 0.04662109375, 0.0, 0.0, 0.0, 0.728388671875, 0.479873046875, 0.0, 0.62125, 0.02177734375, 0.0205859375]","[0.085224609375, 0.034375, 0.0, 0.000302734375, 0.00666015625, 0.57982421875, 0.0, 3.90625e-05, 0.000302734375, 0.0, 0.0, 0.0, 0.0, 0.0, 0.6453515625, 0.398671875, 0.0, 0.305107421875, 0.020146484375, 0.018974609375]"
formal,13,privilege_gru,12,13,1433600,1433600,1331200,0.0006069671553268208,0.10786721035838127,"[0.12396460771560669, 0.11342132091522217, 0.11070725321769714, 0.10056917369365692, 0.09067369624972343]",0.12099020047268126,0.09043620137864063,0.7557259331693531,0.832241220894366,0.19000907428905212,0.12915424255040028,0.05197132665631039,0.05171816020688094,0.688370888299451,0.7936288024200122,0.708578353837688,0.7752648026671328,0.10475366192297543,0.6217348890301584,0.19308457011787822,0.7018371789234877,0.0028103580255992577,0.006061416584998369,0.06515624781604856,0.16181640326976776,27.76859211921692,64.5201644897461,0.7178678572177887,1.5207630395889282,93.1240296750002,11.946203366998816,33.483314007000445,44,64,43,3.9634090909090487,151,682.3774834437086,-0.11075991383195567,3.60682860330355,0.3401651332987391,0.44886727316298536,0.07481922898366589,0.045489852020191596,0.3499890429108502,0.12213713649855208,-0.5827814569536424,-0.00010463628771559577,85,-0.5551301746044727,3.036580271152838,66,0.46153511898113436,4.341239334103708,/home/haowei/Documents/End2Race/post-trained/ppo_privilege_gru_0721_bs51200/checkpoints/actor_u0013.pth,/home/haowei/Documents/End2Race/post-trained/ppo_privilege_gru_0721_bs51200/checkpoints/critic_u0013.pt,batch_51200,privilege_gru / bs51200,0.2913907284768212,0.423841059602649,"[-0.6633384227752686, -1.0, -1.0, -1.0, -0.9999998807907104, -0.9999998807907104, 0.0, -1.0, -1.0, 0.0, 0.0, 0.0, -1.0, -0.6861943006515503, -0.536125659942627, -0.48153477907180786, -0.9257268905639648, 0.3781927525997162, -1.0, -1.0]","[1.0, 1.0, 0.2753976583480835, 0.8705427050590515, 0.9999999403953552, 1.0, 0.7807092666625977, 1.0, 1.0, 0.9715836048126221, 0.9894806146621704, 0.817899763584137, 0.9930770993232727, 0.521378755569458, 1.0, 1.0, 0.8916202783584595, 1.0, 1.0, 1.0]","[-0.04623565822839737, -0.0501236766576767, -0.12184876203536987, 0.02088002674281597, 0.029997317120432854, 0.8869954943656921, 0.509535551071167, -0.013661661185324192, 0.0034504812210798264, 0.6413972973823547, 0.5039957165718079, 0.773270845413208, -0.016878550872206688, 0.00029759370954707265, 0.9179025888442993, 0.8723424673080444, 0.021237090229988098, 0.9414937496185303, -0.015470840968191624, -0.02132641337811947]","[0.37565985321998596, 0.4186878204345703, 0.18457108736038208, 0.25047120451927185, 0.35172781348228455, 0.2980383634567261, 0.15612195432186127, 0.1783289611339569, 0.17041225731372833, 0.271257221698761, 0.2953982353210449, 0.041296664625406265, 0.2030603438615799, 0.09031945466995239, 0.15755240619182587, 0.18347576260566711, 0.3293730914592743, 0.06868401914834976, 0.38392284512519836, 0.3877924978733063]","[0.0, 0.04150390625, 0.001689453125, 0.000146484375, 1.953125e-05, 1.953125e-05, 0.0, 0.000380859375, 8.7890625e-05, 0.060390625, 0.1041796875, 1.953125e-05, 0.001845703125, 0.0, 0.0, 0.0, 0.0, 0.0, 0.048359375, 0.052548828125]","[0.04986328125, 0.032841796875, 0.0, 0.0, 1.953125e-05, 0.0169140625, 0.0, 9.765625e-05, 4.8828125e-05, 0.0, 0.0, 0.0, 0.0, 0.0, 0.57013671875, 0.42986328125, 0.0, 0.00166015625, 0.017333984375, 0.01587890625]","[0.055322265625, 0.033935546875, 0.0, 0.0, 0.0143359375, 0.724990234375, 0.0, 0.00015625, 8.7890625e-05, 0.01216796875, 0.04265625, 0.0, 7.8125e-05, 0.0, 0.67798828125, 0.540400390625, 0.0, 0.618251953125, 0.019365234375, 0.0176171875]","[0.050908203125, 0.03306640625, 0.0, 0.0, 0.00291015625, 0.562431640625, 0.0, 0.000107421875, 5.859375e-05, 0.0, 0.0, 0.0, 7.8125e-05, 0.0, 0.59380859375, 0.45224609375, 0.0, 0.293115234375, 0.01763671875, 0.01626953125]"
formal,14,privilege_gru,13,14,1536000,1536000,1433600,-1.3141931212601321e-05,0.09986458271741867,"[0.10108592361211777, 0.09189462661743164, 0.1011318564414978, 0.09687402099370956, 0.10833648592233658]",0.10170082092545928,0.14353979324452662,0.7534904064550154,0.8140458388021938,0.15893296924389846,0.16694623103702724,0.04446867260702013,0.12013335545202601,0.6902655149098675,0.7757583225091867,0.7957607065912634,0.8303176567598666,-0.07559176073793424,0.5513926050336565,0.1867214112071281,0.6339414801568127,0.10720731746958334,0.29066047072410583,0.01911621051840484,0.03769531100988388,12.506710886955261,28.364341735839844,1.359135054051876,3.732386827468872,94.33295641499717,11.666424420000112,32.79439879200072,33,61,51,3.9084848484848043,145,706.8827586206896,-0.0006132607390240873,2.5723970157675837,0.38755452018580916,0.4291448915284682,0.0796293561199255,0.038121738256987225,0.35504461627099093,0.09956384919607277,-0.45517241379310347,-4.93124129843496e-05,81,-0.3990751899783532,1.8952279844477284,64,0.5036901184545017,3.429439071031776,/home/haowei/Documents/End2Race/post-trained/ppo_privilege_gru_0721_bs51200/checkpoints/actor_u0014.pth,/home/haowei/Documents/End2Race/post-trained/ppo_privilege_gru_0721_bs51200/checkpoints/critic_u0014.pt,batch_51200,privilege_gru / bs51200,0.22758620689655173,0.4206896551724138,"[-0.6376456022262573, -1.0, -1.0, -0.9898158311843872, -1.0, -0.9999881386756897, 0.0, -1.0, -1.0, 0.0, 0.0, 0.10839512944221497, -1.0, -0.7450955510139465, -0.5304805040359497, -0.36252593994140625, -0.8914652466773987, 0.40796512365341187, -1.0, -1.0]","[1.0, 1.0, 0.2659803032875061, 0.9308727383613586, 1.0, 1.0, 0.7849789261817932, 1.0, 1.0, 0.968437135219574, 0.9851522445678711, 0.8177422881126404, 1.0, 0.5442637801170349, 1.0, 1.0, 0.9129975438117981, 1.0, 1.0, 1.0]","[-0.08624009042978287, -0.0006262474344111979, -0.10039183497428894, 0.005479785613715649, 0.0006255212938413024, 0.9083555340766907, 0.5007315278053284, -0.019198378548026085, 0.004342713858932257, 0.6366896033287048, 0.4838612675666809, 0.7696558237075806, -0.024914970621466637, 0.0005989373894408345, 0.9215595722198486, 0.8668881058692932, 0.026034586131572723, 0.942054808139801, -0.03260132670402527, -0.037828411906957626]","[0.33420899510383606, 0.39216348528862, 0.15602603554725647, 0.2605924606323242, 0.3452400267124176, 0.2363896667957306, 0.15659458935260773, 0.1807820051908493, 0.17350344359874725, 0.2719161808490753, 0.3007369637489319, 0.044422417879104614, 0.21294987201690674, 0.08880610764026642, 0.1591213345527649, 0.18753795325756073, 0.32740065455436707, 0.06874168664216995, 0.3927665948867798, 0.3979790508747101]","[0.0, 0.024287109375, 0.00115234375, 0.0, 8.7890625e-05, 0.0, 0.0, 0.000615234375, 0.000166015625, 0.05474609375, 0.119833984375, 0.0, 0.004140625, 0.0, 0.0, 0.0, 0.0, 0.0, 0.051845703125, 0.05638671875]","[0.03126953125, 0.01923828125, 0.0, 0.0, 3.90625e-05, 0.017587890625, 0.0, 0.000263671875, 0.00033203125, 0.0, 0.0, 0.0, 8.7890625e-05, 0.0, 0.58634765625, 0.41365234375, 0.0, 0.00185546875, 0.01361328125, 0.014248046875]","[0.03439453125, 0.02087890625, 0.0, 0.0, 0.00787109375, 0.71216796875, 0.0, 0.0004296875, 0.000615234375, 0.00896484375, 0.015908203125, 0.0, 0.000185546875, 0.0, 0.699384765625, 0.53267578125, 0.0, 0.611181640625, 0.015693359375, 0.01578125]","[0.031875, 0.01947265625, 0.0, 0.0, 0.00345703125, 0.541533203125, 0.0, 0.000283203125, 0.00037109375, 0.0, 0.0, 0.0, 0.000166015625, 0.0, 0.61203125, 0.43998046875, 0.0, 0.31326171875, 0.01390625, 0.014609375]"
formal,15,privilege_gru,14,15,1638400,1638400,1536000,-0.0002824113382757787,0.09062514156103134,"[0.09995661303400993, 0.09123685956001282, 0.08862113952636719, 0.08952339366078377, 0.083787702023983]",0.09838157547688521,0.0894694768753277,0.7788124616314287,0.8301753495659586,0.15614686538160058,0.14805346837274178,0.040616285572169876,0.03088548537791362,0.7294953201721981,0.796392125183869,0.8111012181406428,0.848109958299476,0.07814657657786939,0.5772388758071848,-0.05215825367758953,0.6533397302961697,0.009069205694103744,0.03466527536511421,0.009702148177893832,0.02070312388241291,10.83655834197998,19.1262264251709,0.951303406059742,1.9221653938293457,94.01717157200255,11.841413057001773,33.230940076999104,43,61,44,4.373255813953437,148,694.6283783783783,-0.10962251424850486,3.379386784662174,0.37957256469732403,0.44920694764644115,0.08904977652362968,0.04520969512556692,0.35273993837422163,0.1183124547539403,-0.581081081081081,0.000406173704414279,84,-0.6201901190854466,2.6639822393368418,64,0.5604974670999814,4.318355250401673,/home/haowei/Documents/End2Race/post-trained/ppo_privilege_gru_0721_bs51200/checkpoints/actor_u0015.pth,/home/haowei/Documents/End2Race/post-trained/ppo_privilege_gru_0721_bs51200/checkpoints/critic_u0015.pt,batch_51200,privilege_gru / bs51200,0.2905405405405405,0.41216216216216217,"[-0.6264639496803284, -1.0, -1.0, -1.0, -1.0, -0.9999998211860657, 0.0, -1.0, -1.0, 0.0, 0.0, 0.0, -1.0, -0.7426841855049133, -0.5550930500030518, -0.4636586010456085, -0.926933228969574, 0.3752262592315674, -1.0, -1.0]","[1.0, 1.0, 0.2529391050338745, 1.0, 1.0, 1.0, 0.7964460849761963, 1.0, 1.0, 0.9749612212181091, 0.9870836138725281, 0.8161018490791321, 0.9930770993232727, 0.46815818548202515, 1.0, 1.0, 0.9131425023078918, 1.0, 1.0, 1.0]","[-0.04991436004638672, 0.016583019867539406, -0.11651583015918732, 0.013288156129419804, 0.01720649190247059, 0.8934868574142456, 0.5063412189483643, -0.011927511543035507, 0.003658030414953828, 0.6411094069480896, 0.4841080904006958, 0.7723540663719177, -0.015724169090390205, -0.0004114934417884797, 0.9377099871635437, 0.8538963198661804, 0.03572537750005722, 0.9420425295829773, -0.010163023136556149, -0.01580345816910267]","[0.3729875385761261, 0.4024909734725952, 0.17587144672870636, 0.25846225023269653, 0.35267192125320435, 0.2778374254703522, 0.15768879652023315, 0.1821838617324829, 0.17247849702835083, 0.2715372145175934, 0.29971131682395935, 0.04118671268224716, 0.21110586822032928, 0.0907527282834053, 0.1286270171403885, 0.19406530261039734, 0.3266064524650574, 0.06831163167953491, 0.39412426948547363, 0.3977653980255127]","[0.0, 0.035634765625, 0.00056640625, 5.859375e-05, 4.8828125e-05, 9.765625e-06, 0.0, 0.000517578125, 3.90625e-05, 0.053837890625, 0.1222265625, 1.953125e-05, 0.00294921875, 0.0, 0.0, 0.0, 0.0, 0.0, 0.042216796875, 0.0471875]","[0.05365234375, 0.023173828125, 0.0, 0.000166015625, 3.90625e-05, 0.01458984375, 0.0, 0.000166015625, 0.000205078125, 0.0, 0.0, 0.0, 0.0, 0.0, 0.628427734375, 0.371572265625, 0.0, 0.001728515625, 0.024169921875, 0.022548828125]","[0.057666015625, 0.02505859375, 0.0, 0.000263671875, 0.012373046875, 0.71140625, 0.0, 0.00029296875, 0.000634765625, 0.03462890625, 0.022744140625, 0.0, 7.8125e-05, 0.0, 0.735478515625, 0.49458984375, 0.0, 0.619931640625, 0.0269921875, 0.024931640625]","[0.054482421875, 0.023486328125, 0.0, 0.0001953125, 0.0050390625, 0.539892578125, 0.0, 0.0001953125, 0.000224609375, 0.0, 0.0, 0.0, 7.8125e-05, 0.0, 0.6532421875, 0.397861328125, 0.0, 0.301533203125, 0.02466796875, 0.023056640625]"
formal,16,privilege_gru,15,16,1740800,1740800,1638400,0.00141966406081373,0.10478297770023345,"[0.10609794780611992, 0.127997525036335, 0.08958753943443298, 0.09386368468403816, 0.10636819154024124]",0.086833806510115,0.0796898039928121,0.7919194877464646,0.8309525933641149,0.13248778394784505,0.11252150519140418,0.041179829072384974,0.04685810279422003,0.7725062950317291,0.8206009325104008,0.7607299681869152,0.7752724999106964,0.07892541257866384,0.5792794357918063,0.1814606265485557,0.6396972957163155,0.030570242274552573,0.06341064721345901,0.04368164110928774,0.08025390654802322,38.02307438850403,59.82522201538086,2.2021389424800875,3.600015163421631,95.10628847100088,11.909043700001348,33.42055092800001,41,67,42,3.6968292682926425,150,682.38,-0.05917805933898666,4.507454050510488,0.36964213214443487,0.45568429967144475,0.0887881696164442,0.03986432504885634,0.351213973279644,0.13607491822626752,-0.5466666666666666,0.00019971582176850984,85,-0.4739820256930513,3.958688253741958,65,0.4832578966624826,5.225070861669332,/home/haowei/Documents/End2Race/post-trained/ppo_privilege_gru_0721_bs51200/checkpoints/actor_u0016.pth,/home/haowei/Documents/End2Race/post-trained/ppo_privilege_gru_0721_bs51200/checkpoints/critic_u0016.pt,batch_51200,privilege_gru / bs51200,0.2733333333333333,0.44666666666666666,"[-0.8015755414962769, -1.0, -1.0, -1.0, -1.0, -1.0, 0.0, -1.0, -1.0, 0.0, 0.0, 0.0, -1.0, -0.493421733379364, -0.3009178936481476, -0.6656166911125183, -0.9139062762260437, 0.40592527389526367, -1.0, -1.0]","[1.0, 1.0, 0.28012022376060486, 0.9280179738998413, 0.9999998807907104, 1.0, 0.7751562595367432, 1.0, 1.0, 0.9767860174179077, 0.9889976382255554, 0.8207406997680664, 1.0, 0.5553433895111084, 1.0, 1.0, 0.9031316637992859, 1.0, 1.0, 1.0]","[-0.01250524166971445, 0.020824221894145012, -0.135755717754364, 0.012783949263393879, 0.017300503328442574, 0.8886973857879639, 0.5138620138168335, -0.01607123762369156, 0.00046671603922732174, 0.6697096824645996, 0.5000866651535034, 0.7739217281341553, -0.019341330975294113, 0.0016702743014320731, 0.9306886792182922, 0.8634467124938965, 0.0290704183280468, 0.9426712989807129, -0.017577089369297028, -0.02470242977142334]","[0.4222908318042755, 0.4300302565097809, 0.17923960089683533, 0.25733867287635803, 0.3643808364868164, 0.27808159589767456, 0.1639045923948288, 0.1740553081035614, 0.16622859239578247, 0.2670016288757324, 0.30198657512664795, 0.04567417874932289, 0.20303794741630554, 0.08469900488853455, 0.14586396515369415, 0.1880558580160141, 0.32545286417007446, 0.06841803342103958, 0.38078588247299194, 0.3867165446281433]","[0.0, 0.03830078125, 0.000283203125, 0.000283203125, 0.00013671875, 9.765625e-06, 0.0, 0.000615234375, 8.7890625e-05, 0.047294921875, 0.11037109375, 8.7890625e-05, 0.002216796875, 0.0, 0.0, 0.0, 0.0, 0.0, 0.049345703125, 0.054423828125]","[0.074140625, 0.04150390625, 0.0, 0.0, 2.9296875e-05, 0.017158203125, 0.0, 9.765625e-06, 0.000205078125, 0.0, 0.0, 0.0, 2.9296875e-05, 0.0, 0.602197265625, 0.397802734375, 0.0, 0.001875, 0.017314453125, 0.015927734375]","[0.079453125, 0.04462890625, 0.0, 0.0, 0.01302734375, 0.6990625, 0.0, 1.953125e-05, 0.000322265625, 0.036064453125, 0.041337890625, 0.0, 8.7890625e-05, 0.0, 0.716689453125, 0.512880859375, 0.0, 0.6260546875, 0.019462890625, 0.017666015625]","[0.0751953125, 0.04201171875, 0.0, 0.0, 0.00244140625, 0.55166015625, 0.0, 9.765625e-06, 0.000234375, 0.0, 0.0, 0.0, 7.8125e-05, 0.0, 0.6269921875, 0.42291015625, 0.0, 0.30501953125, 0.017626953125, 0.016318359375]"
formal,17,privilege_gru,16,17,1843200,1843200,1740800,0.0009276542946459188,0.098928202688694,"[0.09410111233592033, 0.08987855911254883, 0.08455226570367813, 0.13473833352327347, 0.09137074276804924]",0.08762907911545145,0.08425050541189352,0.7738450734695743,0.8320268709608764,0.13730558368974233,0.12522412380059592,0.03795257454116056,0.043276887023191116,0.7390002840869887,0.8187447647732972,0.7398172430870635,0.7251124522092002,0.2637344550200217,0.5615261436715637,0.12359799284892233,0.6202083632368005,0.0036121379779069374,0.005963889416307211,0.08013183437287807,0.14722655713558197,61.623656034469604,107.50482940673828,1.8455593496561051,3.9359116554260254,94.20126079699912,11.617716407999978,32.70040773200162,38,68,37,4.465263157894684,143,706.06993006993,-0.030353081635249423,4.002465100849104,0.3517406211986479,0.43947016198041,0.06730839123551831,0.037264148385696395,0.36892194630319913,0.13206755088827324,-0.5314685314685315,0.00012595264180960698,79,-0.5176334945066059,2.51224763452105,64,0.5711336780028311,5.841952285847798,/home/haowei/Documents/End2Race/post-trained/ppo_privilege_gru_0721_bs51200/checkpoints/actor_u0017.pth,/home/haowei/Documents/End2Race/post-trained/ppo_privilege_gru_0721_bs51200/checkpoints/critic_u0017.pt,batch_51200,privilege_gru / bs51200,0.26573426573426573,0.4755244755244755,"[-0.7068936824798584, -1.0, -1.0, -0.911872386932373, -1.0, -0.9999999403953552, 0.0, -1.0, -1.0, 0.0, 0.0, 0.21038572490215302, -1.0, -0.4571995735168457, -0.5731140971183777, -0.257890522480011, -0.8637683987617493, 0.42938753962516785, -1.0, -1.0]","[1.0, 1.0, 0.23763881623744965, 0.9031730890274048, 1.0, 1.0, 0.7732874751091003, 1.0, 1.0, 0.9769690632820129, 0.9871245622634888, 0.8175914883613586, 1.0, 0.4555777609348297, 1.0, 1.0, 0.9031203389167786, 1.0, 1.0, 1.0]","[-0.03330349549651146, 0.020131854340434074, -0.12591513991355896, 0.008836374618113041, 0.010984621942043304, 0.8869413733482361, 0.5190517902374268, -0.019719045609235764, 0.005237515550106764, 0.6551026701927185, 0.5068691372871399, 0.7727600932121277, -0.02524118684232235, 0.001715426566079259, 0.9363564848899841, 0.8550665378570557, 0.037200260907411575, 0.9426808953285217, -0.02819197252392769, -0.03244344890117645]","[0.39574697613716125, 0.41385844349861145, 0.17918556928634644, 0.2559954524040222, 0.35662755370140076, 0.29366761445999146, 0.1562068909406662, 0.1794648915529251, 0.17185713350772858, 0.2729678452014923, 0.29438212513923645, 0.0425589457154274, 0.2101518213748932, 0.08657138794660568, 0.13438642024993896, 0.19545112550258636, 0.3245617151260376, 0.06820672750473022, 0.37585243582725525, 0.3796566426753998]","[0.0, 0.0358203125, 0.00109375, 0.0, 3.90625e-05, 9.765625e-06, 0.0, 0.00029296875, 3.90625e-05, 0.05619140625, 0.110712890625, 0.0, 0.003291015625, 0.0, 0.0, 0.0, 0.0, 0.0, 0.05123046875, 0.054931640625]","[0.060205078125, 0.028232421875, 0.0, 0.0, 3.90625e-05, 0.018232421875, 0.0, 8.7890625e-05, 0.000419921875, 0.0, 0.0, 0.0, 9.765625e-05, 0.0, 0.615966796875, 0.384033203125, 0.0, 0.001689453125, 0.0156640625, 0.015009765625]","[0.06509765625, 0.0300390625, 0.0, 0.0, 0.0121484375, 0.713701171875, 0.0, 0.00013671875, 0.00076171875, 0.0315234375, 0.031015625, 0.0, 0.0001171875, 0.0, 0.72765625, 0.501923828125, 0.0, 0.626630859375, 0.017431640625, 0.01654296875]","[0.061171875, 0.028525390625, 0.0, 0.0, 0.004345703125, 0.567705078125, 0.0, 9.765625e-05, 0.000458984375, 0.0, 0.0, 0.0, 0.000107421875, 0.0, 0.640283203125, 0.40900390625, 0.0, 0.3153515625, 0.01599609375, 0.0153515625]"
formal,18,privilege_gru,17,18,1945600,1945600,1843200,0.0004230498128166005,0.14310657754540443,"[0.12379882857203484, 0.17064236104488373, 0.1184736005961895, 0.19601834565401077, 0.10659975185990334]",0.09445121026503676,0.16633632661209888,0.8056699399857686,0.8160020610661319,0.14712402751066272,0.2240358741425529,0.041778393019410824,0.10863677908164482,0.7673084113395285,0.7922158868065367,0.7805514782186577,0.7398095203938746,0.5203362524871892,0.6563306176593761,0.24155013761444452,0.6939788454886908,0.02636535275494678,0.09910033643245697,0.05142089817672968,0.09632812440395355,42.509587705135345,76.74610137939453,2.8478984475135802,5.004884243011475,92.98141407500225,11.823584642999776,33.24136132900094,42,80,27,3.888095238095196,149,684.0939597315436,-0.04315956428129928,5.80286591089917,0.30596687957109636,0.4407836432548877,0.08102005399988961,0.04468540870977939,0.35392310658311965,0.16630435816275976,-0.5637583892617449,0.00037136023456626707,85,-0.5070541439988532,4.1042454773028485,64,0.5729504244060769,8.058846174269284,/home/haowei/Documents/End2Race/post-trained/ppo_privilege_gru_0721_bs51200/checkpoints/actor_u0018.pth,/home/haowei/Documents/End2Race/post-trained/ppo_privilege_gru_0721_bs51200/checkpoints/critic_u0018.pt,batch_51200,privilege_gru / bs51200,0.28187919463087246,0.5369127516778524,"[-0.7080503106117249, -1.0, -1.0, -0.926124095916748, -1.0, -0.9999999403953552, 0.0, -1.0, -1.0, 0.0, 0.0, 0.0, -1.0, -0.5811194181442261, -0.5076459646224976, -0.8719578385353088, -0.9889184832572937, 0.14845967292785645, -1.0, -1.0]","[1.0, 1.0, 0.25335147976875305, 0.8801689743995667, 1.0, 1.0, 0.7767895460128784, 1.0, 1.0, 0.9768938422203064, 0.9893245100975037, 0.8149361610412598, 1.0, 0.4744773209095001, 1.0, 1.0, 0.9149584770202637, 1.0, 1.0, 1.0]","[0.04807845130562782, -0.03952271118760109, -0.16141529381275177, 0.012519014067947865, 0.025783708319067955, 0.8525573015213013, 0.5130425095558167, -0.016871768981218338, 0.0034726792946457863, 0.6413677930831909, 0.5228981971740723, 0.7721930742263794, -0.023420002311468124, -0.0004971286398358643, 0.9242222309112549, 0.8691835999488831, 0.021434742957353592, 0.9419305920600891, -0.025763478130102158, -0.030509470030665398]","[0.4264017343521118, 0.45204874873161316, 0.2043527364730835, 0.2429407835006714, 0.3793168067932129, 0.358815461397171, 0.16542915999889374, 0.17999950051307678, 0.17464731633663177, 0.2801283895969391, 0.30045443773269653, 0.04748344048857689, 0.20927493274211884, 0.09124112129211426, 0.1486300826072693, 0.18571388721466064, 0.3282041549682617, 0.0680922195315361, 0.3866877257823944, 0.3903852105140686]","[0.0, 0.055947265625, 0.00115234375, 0.0, 8.7890625e-05, 1.953125e-05, 0.0, 0.000439453125, 0.000126953125, 0.0569140625, 0.1022265625, 0.000234375, 0.00251953125, 0.0, 0.0, 0.0, 0.0, 0.0, 0.049521484375, 0.0533203125]","[0.090791015625, 0.04837890625, 0.0, 0.0, 6.8359375e-05, 0.015947265625, 0.0, 0.000166015625, 0.000400390625, 0.0, 0.0, 0.0, 2.9296875e-05, 0.0, 0.59529296875, 0.404716796875, 0.0, 0.0016796875, 0.0201171875, 0.0184375]","[0.096923828125, 0.049453125, 0.0, 0.0, 0.01677734375, 0.68658203125, 0.0, 0.00025390625, 0.00083984375, 0.037724609375, 0.05556640625, 0.0, 0.000126953125, 0.0, 0.697646484375, 0.51607421875, 0.0, 0.60689453125, 0.0221875, 0.020517578125]","[0.09201171875, 0.04857421875, 0.0, 0.0, 0.0065625, 0.52623046875, 0.0, 0.00017578125, 0.00046875, 0.0, 0.0, 0.0, 9.765625e-05, 0.0, 0.618046875, 0.4279296875, 0.0, 0.294345703125, 0.020478515625, 0.018896484375]"
formal,19,privilege_gru,18,19,2048000,2048000,1945600,0.0010221901861946492,0.12065607011318207,"[0.13352549076080322, 0.1283849962055683, 0.12236596643924713, 0.11233659833669662, 0.10666729882359505]",0.13440310542847678,0.10542058003918302,0.7425101733724294,0.8110233095761987,0.2131122446382122,0.15684358887018532,0.055693966218741287,0.0539975712081807,0.6696401342220665,0.7590119432005923,0.7722044802949378,0.8220825045147231,0.4279331102752129,0.628861730151206,0.5150963924723567,0.7194766189978825,0.02925802512123482,0.10879278182983398,0.0639257812872529,0.1171875,51.25391185283661,87.05520629882812,0.9209449112415313,1.3988332748413086,92.24261034499796,11.853260346000752,33.211624763000145,38,62,48,3.9560526315789026,148,696.168918918919,-0.028374896512398703,4.000924176131402,0.3438147510042266,0.4636756227102494,0.08506183503799077,0.0425867655625907,0.35470452745139164,0.1305512498250505,-0.5135135135135135,-0.00011716027532734015,82,-0.4154113837530165,2.8064903654323397,66,0.4524886179380658,5.484917698515085,/home/haowei/Documents/End2Race/post-trained/ppo_privilege_gru_0721_bs51200/checkpoints/actor_u0019.pth,/home/haowei/Documents/End2Race/post-trained/ppo_privilege_gru_0721_bs51200/checkpoints/critic_u0019.pt,batch_51200,privilege_gru / bs51200,0.25675675675675674,0.4189189189189189,"[-0.6967722177505493, -1.0, -0.9682013392448425, -0.9940651655197144, -1.0, -0.9999994039535522, 0.0, -1.0, -0.9108453989028931, 0.0, 0.0, 0.10191618651151657, -1.0, -0.641597330570221, -0.3615056872367859, -0.5079959630966187, -0.9077048301696777, 0.40598228573799133, -1.0, -1.0]","[1.0, 1.0, 0.2763071358203888, 1.0, 0.9999999403953552, 1.0, 0.7741994261741638, 1.0, 1.0, 0.975563108921051, 0.9875662922859192, 0.8170557618141174, 1.0, 0.5826172828674316, 1.0, 1.0, 0.9138809442520142, 1.0, 1.0, 1.0]","[-0.03448966145515442, 0.013030964881181717, -0.12153949588537216, 0.008855692110955715, 0.01569008082151413, 0.8968045115470886, 0.5107463598251343, -0.016608476638793945, 0.0016348512144759297, 0.6493814587593079, 0.49401748180389404, 0.7731979489326477, -0.0200793594121933, 0.0015829933108761907, 0.9358862042427063, 0.8563845157623291, 0.03343197703361511, 0.943217396736145, -0.022014424204826355, -0.028187694028019905]","[0.3986540138721466, 0.4058760106563568, 0.17891459167003632, 0.2535450756549835, 0.349203884601593, 0.27165400981903076, 0.15689636766910553, 0.1786595731973648, 0.16851089894771576, 0.2786549925804138, 0.2927387058734894, 0.04028993472456932, 0.20542100071907043, 0.0878213569521904, 0.13211289048194885, 0.19089443981647491, 0.3234388530254364, 0.06821002066135406, 0.3855592906475067, 0.3888625204563141]","[0.0, 0.028896484375, 0.0, 0.0, 6.8359375e-05, 9.765625e-06, 0.0, 0.000634765625, 0.0, 0.0568359375, 0.105205078125, 0.0, 0.00216796875, 0.0, 0.0, 0.0, 0.0, 0.0, 0.050458984375, 0.05474609375]","[0.064921875, 0.033330078125, 0.0, 0.0004296875, 3.90625e-05, 0.017958984375, 0.0, 0.0001171875, 0.00017578125, 0.0, 0.0, 0.0, 0.0001171875, 0.0, 0.617607421875, 0.382412109375, 0.0, 0.00216796875, 0.020146484375, 0.018349609375]","[0.07068359375, 0.034931640625, 0.0, 0.00083984375, 0.01275390625, 0.729375, 0.0, 0.000185546875, 0.000556640625, 0.034248046875, 0.030029296875, 0.0, 0.000263671875, 0.0, 0.72287109375, 0.490869140625, 0.0, 0.635498046875, 0.022548828125, 0.020322265625]","[0.066123046875, 0.033603515625, 0.0, 0.000458984375, 0.004677734375, 0.583876953125, 0.0, 0.00013671875, 0.00025390625, 0.0, 0.0, 0.0, 0.000244140625, 0.0, 0.640166015625, 0.40466796875, 0.0, 0.313408203125, 0.020595703125, 0.018740234375]"
formal,20,privilege_gru,19,20,2150400,2150400,2048000,9.287137450897376e-05,0.08776509761810303,"[0.09055428206920624, 0.09857648611068726, 0.08641985058784485, 0.07618512958288193, 0.08708973973989487]",0.09106289749293361,0.06529822115273992,0.8072511787312302,0.8617407126749194,0.1453527339646048,0.1017175530139195,0.036773061021262446,0.028878889291560333,0.7815336859998808,0.8463429684205447,0.7842550890432196,0.8312802393150613,0.43022074667745613,0.6113768943701391,0.4315296913422014,0.6872232128055166,0.0009338893200037668,0.0034383677411824465,0.006621093685680535,0.025624999776482582,8.974566638469696,22.339820861816406,1.1299317866563796,2.3224244117736816,93.48595987999943,11.679008330000215,32.92483044799883,35,69,41,4.1482857142856675,145,707.0275862068966,0.01167907826333293,4.062716467253739,0.43024810297874916,0.44977258285619515,0.06800096325811465,0.036908750447737386,0.3664594908163742,0.12782137454260784,-0.4827586206896552,0.00015683359400604774,81,-0.41309176047305723,3.2742842106142596,64,0.5492796710390767,5.060576042063078,/home/haowei/Documents/End2Race/post-trained/ppo_privilege_gru_0721_bs51200/checkpoints/actor_u0020.pth,/home/haowei/Documents/End2Race/post-trained/ppo_privilege_gru_0721_bs51200/checkpoints/critic_u0020.pt,batch_51200,privilege_gru / bs51200,0.2413793103448276,0.47586206896551725,"[-0.7093846201896667, -1.0, -1.0, -0.9906296730041504, -0.9999999403953552, -0.9999999403953552, 0.0, -1.0, -1.0, 0.0, 0.0, 0.0, -1.0, -0.6374640464782715, -0.44167840480804443, -0.511694073677063, -0.9276998043060303, 0.37332701683044434, -1.0, -1.0]","[1.0, 1.0, 0.34568339586257935, 0.873016893863678, 0.9999998807907104, 1.0, 0.7809344530105591, 1.0, 1.0, 0.9750005006790161, 0.9885318279266357, 0.8174422383308411, 1.0, 0.5121240615844727, 1.0, 1.0, 0.8933425545692444, 1.0, 1.0, 1.0]","[-0.049715738743543625, 0.0037455083802342415, -0.12234915792942047, 0.020777316763997078, 0.025598488748073578, 0.8822588920593262, 0.5149150490760803, -0.014553720131516457, 0.002424522303044796, 0.6626220941543579, 0.5048470497131348, 0.7727159261703491, -0.01895115338265896, -0.00025204214034602046, 0.9223292469978333, 0.8618069291114807, 0.0331224761903286, 0.9417722225189209, -0.016895228996872902, -0.022310080006718636]","[0.3878377676010132, 0.4165128767490387, 0.18398618698120117, 0.25961971282958984, 0.35711362957954407, 0.3059605360031128, 0.15724007785320282, 0.18093134462833405, 0.1716906577348709, 0.2647337019443512, 0.30030903220176697, 0.04265264421701431, 0.20658142864704132, 0.08928230404853821, 0.1593891978263855, 0.18714837729930878, 0.32761257886886597, 0.06856466829776764, 0.37902989983558655, 0.3835674226284027]","[0.0, 0.036103515625, 0.000234375, 0.0, 2.9296875e-05, 9.765625e-06, 0.0, 0.00072265625, 0.00015625, 0.05009765625, 0.1174609375, 0.000126953125, 0.0025, 0.0, 0.0, 0.0, 0.0, 0.0, 0.049775390625, 0.05380859375]","[0.0556640625, 0.0286328125, 0.0, 0.0, 3.90625e-05, 0.018056640625, 0.0, 0.000361328125, 0.0001171875, 0.0, 0.0, 0.0, 6.8359375e-05, 0.0, 0.598427734375, 0.401572265625, 0.0, 0.001875, 0.01595703125, 0.014833984375]","[0.059833984375, 0.030107421875, 0.0, 0.0, 0.012314453125, 0.705712890625, 0.0, 0.000478515625, 0.00037109375, 0.024345703125, 0.030546875, 0.0, 0.0002734375, 0.0, 0.705146484375, 0.512783203125, 0.0, 0.6130078125, 0.0178515625, 0.016474609375]","[0.05650390625, 0.02890625, 0.0, 0.0, 0.0040234375, 0.55677734375, 0.0, 0.00037109375, 0.00013671875, 0.0, 0.0, 0.0, 0.000244140625, 0.0, 0.622568359375, 0.425302734375, 0.0, 0.304443359375, 0.016259765625, 0.015205078125]"
formal,1,privilege_gru,0,1,204800,204800,102400,0.011209946781163715,0.12238986529409886,"[0.16074550803750753, 0.13047780003398657, 0.11567096784710884, 0.11288011912256479, 0.09217493142932653]",0.14804628702754621,0.07139069270163334,0.47918570748975653,0.7488194427423085,0.2327425849828228,0.11090304770149474,0.06334998907226956,0.031878337701771925,0.4676577676384034,0.7342100260395144,0.42689686305028063,0.6653439337003462,0.07112908310216653,0.4418020816176223,0.0660456296156076,0.5330269559684901,0.3433067961258348,2.8735873699188232,0.2540087839588523,0.4762499928474426,66.98073983192444,128.4951629638672,1.4179328121244907,3.3546371459960938,230.23846734899996,48.3428583729999,159.8163171660001,47,68,37,3.808936170212726,152,670.4078947368421,-0.15186829461062287,3.7685067949515307,0.3210929756654264,0.4390043794655749,0.0870300325493538,0.04566631275187668,0.3405659229616812,0.1261396150758906,-0.618421052631579,-0.00015278001661573598,87,-0.6906989663541178,2.1043524152858786,65,0.5693358352614395,5.995913426196327,/home/haowei/Documents/End2Race/post-trained/ppo_privilege_gru_0721_clip010/checkpoints/actor_u0001.pth,/home/haowei/Documents/End2Race/post-trained/ppo_privilege_gru_0721_clip010/checkpoints/critic_u0001.pt,clip_010,privilege_gru / clip0.10,0.3092105263157895,0.4473684210526316,"[-0.7974787950515747, -1.0, -1.0, -0.9699302911758423, -1.0, -0.9999969601631165, 0.0, -1.0, -1.0, 1.107003095877799e-18, 1.6459047509087726e-18, 0.0, -1.0, -0.5856860876083374, -0.4909038245677948, -0.46511274576187134, -0.8630882501602173, 0.4206897020339966, -1.0, -1.0]","[1.0, 1.0, 0.27543485164642334, 0.942678689956665, 0.9999997019767761, 1.0, 0.7682541012763977, 1.0, 1.0, 0.9767576456069946, 0.987186074256897, 0.81683349609375, 1.0, 0.4925428628921509, 1.0, 1.0, 0.9072045683860779, 1.0, 1.0, 1.0]","[-0.03273262828588486, -0.011109868064522743, -0.12634991109371185, 0.013567255809903145, 0.019010696560144424, 0.8878678679466248, 0.5068411827087402, -0.013775000348687172, 0.0023298400919884443, 0.6400827169418335, 0.51141756772995, 0.7692668437957764, -0.017083434388041496, 0.001454309094697237, 0.9090383052825928, 0.8745105266571045, 0.02103777602314949, 0.9405444264411926, -0.013579914346337318, -0.018287159502506256]","[0.38772720098495483, 0.42680662870407104, 0.18134652078151703, 0.2437070608139038, 0.34360751509666443, 0.3057781159877777, 0.15516582131385803, 0.17988835275173187, 0.16869471967220306, 0.27825677394866943, 0.2943410277366638, 0.050074800848960876, 0.2070007026195526, 0.08883913606405258, 0.17114630341529846, 0.1884012222290039, 0.33225464820861816, 0.06775722652673721, 0.3879372179508209, 0.3922475576400757]","[0.0, 0.0414453125, 2.9296875e-05, 0.0, 3.90625e-05, 0.0, 0.0, 0.000576171875, 0.000166015625, 0.059970703125, 0.103251953125, 0.000107421875, 0.0019140625, 0.0, 0.0, 0.0, 0.0, 0.0, 0.04912109375, 0.05369140625]","[0.053818359375, 0.032900390625, 0.0, 0.0, 1.953125e-05, 0.01783203125, 0.0, 0.000126953125, 0.00044921875, 0.0, 0.0, 0.0, 0.000107421875, 0.0, 0.5363671875, 0.4636328125, 0.0, 0.00158203125, 0.02076171875, 0.019755859375]","[0.0593359375, 0.035341796875, 0.0, 0.0, 0.009306640625, 0.721435546875, 0.0, 0.000185546875, 0.00072265625, 0.021611328125, 0.0344140625, 0.0, 0.000146484375, 0.0, 0.651328125, 0.57361328125, 0.0, 0.598740234375, 0.023212890625, 0.021826171875]","[0.054833984375, 0.033408203125, 0.0, 0.0, 0.002919921875, 0.56380859375, 0.0, 0.000126953125, 0.000478515625, 0.0, 0.0, 0.0, 0.00013671875, 0.0, 0.5603125, 0.4873046875, 0.0, 0.283916015625, 0.02119140625, 0.020185546875]"
formal,2,privilege_gru,1,2,307200,307200,204800,0.0013246036106195902,0.12157168667763471,"[0.1674459078349173, 0.14128509629517794, 0.11160896020010114, 0.09899459034204483, 0.08852387871593237]",0.15478345736936497,0.16525117774764883,0.5270822442674741,0.7471240640339759,0.265195005542104,0.17714069930071635,0.04437190919662587,0.15336165619458136,0.4245117905058301,0.7295244989521268,0.6393031115014015,0.5656535565806013,-0.34477070445502533,0.468539055715008,-0.05667211531742169,0.570315541707338,0.11939425705451867,0.7203378081321716,0.0643603500793688,0.20320312678813934,35.551293313503265,114.6480484008789,1.3409333780407906,2.7576160430908203,225.63842090000003,50.560110127999906,148.92008145699992,56,51,50,3.9114285714285293,157,654.1656050955414,-0.28449101391082016,2.7140146429507515,0.4173985664740139,0.4457945897688607,0.1008020011561993,0.04909038167965836,0.3250351271383987,0.10330712559371842,-0.7133757961783439,0.0005425295354065809,93,-0.8155967824176944,1.8571144967341007,64,0.4872720559507311,3.9591976679218224,/home/haowei/Documents/End2Race/post-trained/ppo_privilege_gru_0721_clip010/checkpoints/actor_u0002.pth,/home/haowei/Documents/End2Race/post-trained/ppo_privilege_gru_0721_clip010/checkpoints/critic_u0002.pt,clip_010,privilege_gru / clip0.10,0.35668789808917195,0.3248407643312102,"[-0.6303220391273499, -1.0, -0.9528749585151672, -0.964201033115387, -0.9999999403953552, -0.9759345054626465, 0.0, -1.0, -0.8721902966499329, 2.929843951160772e-18, 2.514023359157662e-18, 0.0, -1.0, -0.5841450095176697, -0.5322542190551758, -0.37141409516334534, -0.9266405701637268, 0.3759485185146332, -1.0, -1.0]","[1.0, 1.0, 0.26270341873168945, 1.0, 1.0, 1.0, 0.7667617797851562, 1.0, 1.0, 0.9751161336898804, 0.9877120852470398, 0.8197985887527466, 1.0, 0.5508419871330261, 1.0, 1.0, 0.9084468483924866, 1.0, 1.0, 1.0]","[-0.06795522570610046, 0.009119290858507156, -0.10301593691110611, 0.003827881533652544, 0.005480355117470026, 0.9095255136489868, 0.49362459778785706, -0.010919204913079739, 0.004177468828856945, 0.6481921672821045, 0.45407840609550476, 0.772126317024231, -0.01415439322590828, -0.0007907625986263156, 0.9177937507629395, 0.8773937821388245, 0.0226999931037426, 0.9406564235687256, -0.008619774132966995, -0.015151304192841053]","[0.36298662424087524, 0.3812984228134155, 0.16094838082790375, 0.24647049605846405, 0.34536147117614746, 0.23173484206199646, 0.15856635570526123, 0.17659850418567657, 0.16419251263141632, 0.2590307295322418, 0.30076760053634644, 0.04670506343245506, 0.20770302414894104, 0.08450374752283096, 0.16003915667533875, 0.190798819065094, 0.33138373494148254, 0.07003344595432281, 0.38695961236953735, 0.39283981919288635]","[0.0, 0.023974609375, 0.0, 0.0, 2.9296875e-05, 0.0, 0.0, 0.00037109375, 0.0, 0.045537109375, 0.116552734375, 9.765625e-06, 0.0020703125, 0.0, 0.0, 0.0, 0.0, 0.0, 0.0484375, 0.05359375]","[0.052939453125, 0.028125, 0.0, 0.000166015625, 4.8828125e-05, 0.0179296875, 0.0, 0.00017578125, 0.000205078125, 0.0, 0.0, 0.0, 3.90625e-05, 0.0, 0.535751953125, 0.464248046875, 0.0, 0.0013671875, 0.023076171875, 0.022177734375]","[0.056416015625, 0.029873046875, 0.0, 0.00025390625, 0.01203125, 0.726005859375, 0.0, 0.000263671875, 0.000322265625, 0.030400390625, 0.024794921875, 0.0, 0.00017578125, 0.0, 0.671123046875, 0.5865234375, 0.0, 0.609951171875, 0.02576171875, 0.0245703125]","[0.053642578125, 0.028447265625, 0.0, 0.000185546875, 0.00310546875, 0.57955078125, 0.0, 0.00017578125, 0.000224609375, 0.0, 0.0, 0.0, 0.00015625, 0.0, 0.564453125, 0.491943359375, 0.0, 0.305087890625, 0.0235546875, 0.022685546875]"
formal,3,privilege_gru,2,3,409600,409600,307200,0.003691177540167734,0.10610039662569762,"[0.13272929191589355, 0.11762712895870209, 0.0924196531996131, 0.09455585107207298, 0.09317005798220634]",0.11114981415040705,0.07156550544680416,0.6201138370848421,0.7809875271204474,0.16390145537866085,0.08371850183014877,0.058398172922153255,0.05941250906345957,0.5145802289716119,0.7554194669442927,0.5102478960449346,0.5723840903773366,-0.375165449100175,0.46955516836179356,-0.2864010427099015,0.5392484141792027,0.009660111504199445,0.09554561227560043,0.16115234151948243,0.3465625047683716,66.11883491277695,156.1166534423828,1.4621711172163487,2.9071669578552246,228.14133271600008,50.04737230499995,155.35772075,57,58,42,3.848421052631537,157,649.2738853503184,-0.2765932778544646,3.477573497962897,0.31120568165747337,0.42751989904845045,0.10400510324986736,0.051285481718065386,0.33005783252279214,0.11918302191827167,-0.7261146496815286,0.00028051738600015023,92,-0.8054776669919034,1.5227677594337021,65,0.47198154984775637,6.244375466342681,/home/haowei/Documents/End2Race/post-trained/ppo_privilege_gru_0721_clip010/checkpoints/actor_u0003.pth,/home/haowei/Documents/End2Race/post-trained/ppo_privilege_gru_0721_clip010/checkpoints/critic_u0003.pt,clip_010,privilege_gru / clip0.10,0.3630573248407643,0.36942675159235666,"[-0.6887000799179077, -1.0, -0.9972925782203674, -0.9918666481971741, -0.9999999403953552, -0.9999997019767761, 0.0, -1.0, -1.0, 2.840492470079465e-19, 1.6511244673691354e-18, 0.0, -1.0, -0.5919510126113892, -0.6696327328681946, -0.6438277959823608, -0.9071135520935059, 0.419345498085022, -1.0, -1.0]","[1.0, 1.0, 0.33431148529052734, 0.9314246773719788, 0.9999997019767761, 1.0, 0.7699459791183472, 1.0, 1.0, 0.9765299558639526, 0.9884337186813354, 0.8188512325286865, 1.0, 0.5344061255455017, 1.0, 1.0, 0.9078267216682434, 1.0, 1.0, 1.0]","[-0.02633100561797619, 0.0033029348123818636, -0.12602201104164124, 0.023173145949840546, 0.02650740183889866, 0.8985571265220642, 0.5072284936904907, -0.016836609691381454, 0.0020481208339333534, 0.645164966583252, 0.5079982280731201, 0.7694551944732666, -0.020726973190903664, 0.0015964120393618941, 0.900892436504364, 0.8728749752044678, 0.01576421782374382, 0.9397340416908264, -0.023864176124334335, -0.028260964900255203]","[0.3995234966278076, 0.41080453991889954, 0.17103895545005798, 0.2563362717628479, 0.35632485151290894, 0.25529104471206665, 0.15962204337120056, 0.18105122447013855, 0.16891971230506897, 0.2789745330810547, 0.29349833726882935, 0.05362912267446518, 0.21006639301776886, 0.08956393599510193, 0.17993000149726868, 0.1958715319633484, 0.3348121643066406, 0.06773588061332703, 0.38983792066574097, 0.39485570788383484]","[0.0, 0.0330078125, 0.0, 0.0, 2.9296875e-05, 1.953125e-05, 0.0, 0.0003515625, 3.90625e-05, 0.058115234375, 0.107705078125, 0.00021484375, 0.00142578125, 0.0, 0.0, 0.0, 0.0, 0.0, 0.0524609375, 0.057138671875]","[0.06166015625, 0.0271875, 0.0, 0.0, 1.953125e-05, 0.0158203125, 0.0, 0.000146484375, 7.8125e-05, 0.0, 0.0, 0.0, 9.765625e-05, 0.0, 0.514462890625, 0.485537109375, 0.0, 0.001669921875, 0.018154296875, 0.0177734375]","[0.067744140625, 0.0286328125, 0.0, 0.0, 0.011318359375, 0.70001953125, 0.0, 0.00025390625, 0.00015625, 0.02919921875, 0.0338671875, 0.0, 0.00021484375, 0.0, 0.62685546875, 0.576904296875, 0.0, 0.5903125, 0.02021484375, 0.019658203125]","[0.06291015625, 0.02751953125, 0.0, 0.0, 0.0040234375, 0.54744140625, 0.0, 0.00017578125, 7.8125e-05, 0.0, 0.0, 0.0, 0.0001953125, 0.0, 0.535966796875, 0.507275390625, 0.0, 0.278203125, 0.018505859375, 0.018193359375]"
formal,4,privilege_gru,3,4,512000,512000,409600,0.0030037955735633393,0.07899233903735876,"[0.12571736704558134, 0.08784252405166626, 0.07674039900302887, 0.054196803364902735, 0.0504646017216146]",0.0853099032805706,0.04417297195278533,0.7132046630182367,0.8491014371911989,0.12493434083028186,0.061028453406302835,0.04568546573085935,0.02731749049926781,0.6042377787993671,0.808879224396899,0.5589804965641298,0.7059838885282619,-0.36045408452908645,0.4756057655237772,-0.3473343808777321,0.5399927864589678,0.02944052594495588,0.403639018535614,0.14160155813442543,0.36640623211860657,79.10445082187653,195.11500549316406,1.1274389445781707,3.600033760070801,243.1427961999998,49.28423708399987,144.5140235419999,55,61,35,4.225636363636315,151,662.523178807947,-0.2652183849451571,3.817016890099153,0.30419746813889936,0.45961698421290115,0.0973832377498995,0.04882507533733458,0.33697633852503317,0.12654129877883344,-0.7284768211920529,-0.0002592010569706405,87,-0.8233677587356915,2.4612558708247247,64,0.49351592005135037,5.660004525675328,/home/haowei/Documents/End2Race/post-trained/ppo_privilege_gru_0721_clip010/checkpoints/actor_u0004.pth,/home/haowei/Documents/End2Race/post-trained/ppo_privilege_gru_0721_clip010/checkpoints/critic_u0004.pt,clip_010,privilege_gru / clip0.10,0.36423841059602646,0.40397350993377484,"[-0.7272045016288757, -1.0, -1.0, -1.0, -0.9999999403953552, -0.9999962449073792, 0.0, -1.0, -1.0, 4.264862071225804e-19, 7.262342306328353e-19, 0.08374868333339691, -1.0, -0.8237486481666565, -0.5972171425819397, -0.29167017340660095, -0.9020757079124451, 0.41854071617126465, -1.0, -1.0]","[1.0, 1.0, 0.27349111437797546, 0.9204630851745605, 0.9999999403953552, 1.0, 0.787647008895874, 1.0, 1.0, 0.9741589426994324, 0.9884490966796875, 0.81482994556427, 0.9930770993232727, 0.5054216980934143, 1.0, 1.0, 0.9081980586051941, 1.0, 1.0, 1.0]","[-0.051029279828071594, -0.07455648481845856, -0.12307862192392349, 0.0063758050091564655, 0.014059330336749554, 0.8909915685653687, 0.5068804621696472, -0.015340686775743961, 0.0032857637852430344, 0.6419528722763062, 0.5035386681556702, 0.7732480764389038, -0.01897341199219227, 0.001318922732025385, 0.9031974673271179, 0.893907368183136, 0.004822496324777603, 0.9407097101211548, -0.01995038613677025, -0.026012904942035675]","[0.37398016452789307, 0.41417592763900757, 0.1771933138370514, 0.2535570561885834, 0.3552563488483429, 0.28266480565071106, 0.15718330442905426, 0.17401732504367828, 0.16614359617233276, 0.27401861548423767, 0.29713886976242065, 0.04547257721424103, 0.20153366029262543, 0.08733190596103668, 0.16901850700378418, 0.17108730971813202, 0.3325488269329071, 0.06733300536870956, 0.38466572761535645, 0.3883005678653717]","[0.0, 0.03966796875, 0.000263671875, 0.000302734375, 9.765625e-05, 0.0, 0.0, 0.000361328125, 8.7890625e-05, 0.05341796875, 0.106337890625, 0.0, 0.001708984375, 0.0, 0.0, 0.0, 0.0, 0.0, 0.04927734375, 0.0531640625]","[0.053017578125, 0.02931640625, 0.0, 0.0, 4.8828125e-05, 0.016875, 0.0, 0.0001171875, 9.765625e-06, 0.0, 0.0, 0.0, 0.0, 0.0, 0.502431640625, 0.497568359375, 0.0, 0.001884765625, 0.0144921875, 0.012744140625]","[0.056865234375, 0.031025390625, 0.0, 0.0, 0.01060546875, 0.716767578125, 0.0, 0.00015625, 0.000126953125, 0.0203125, 0.031953125, 0.0, 9.765625e-06, 0.0, 0.619384765625, 0.60904296875, 0.0, 0.601201171875, 0.016533203125, 0.0144140625]","[0.0537890625, 0.029560546875, 0.0, 0.0, 0.003681640625, 0.552001953125, 0.0, 0.0001171875, 9.765625e-06, 0.0, 0.0, 0.0, 9.765625e-06, 0.0, 0.527060546875, 0.521708984375, 0.0, 0.269404296875, 0.014775390625, 0.013056640625]"
formal,5,privilege_gru,4,5,614400,614400,512000,0.0045613895974065954,0.06378990905359387,"[0.0898218909278512, 0.06821225211024284, 0.06058851582929492, 0.05494512617588043, 0.045381760224699974]",0.08451535858682055,0.041634652302230526,0.6710192580447096,0.8542677509395824,0.129680179120962,0.06105825737524073,0.03935053805267914,0.02221104722922031,0.519028451845799,0.7963765000331975,0.5430914759454625,0.7358151786886186,-0.2725317389129259,0.46262636237920307,-0.3393886440680353,0.504996193456999,0.04649759013875154,0.6685150265693665,0.14333495707251132,0.2926562428474426,45.73807945847511,95.456298828125,0.743717846646905,1.479365348815918,244.82567636900012,50.527972694000255,144.7021954060001,54,56,43,4.289444444444395,153,669.0392156862745,-0.26170180472826754,2.780796355166442,0.3653241145088439,0.4171894074616141,0.08474225117080615,0.04764655804625848,0.33820058449975987,0.10601069172222645,-0.7058823529411765,-3.072800907739522e-05,89,-0.7918535789576868,1.432819643414418,64,0.4755405063095185,4.6553264699465995,/home/haowei/Documents/End2Race/post-trained/ppo_privilege_gru_0721_clip010/checkpoints/actor_u0005.pth,/home/haowei/Documents/End2Race/post-trained/ppo_privilege_gru_0721_clip010/checkpoints/critic_u0005.pt,clip_010,privilege_gru / clip0.10,0.35294117647058826,0.3660130718954248,"[-0.6977691650390625, -1.0, -0.9643360376358032, -1.0, -1.0, -0.9857696294784546, 0.0, -1.0, -1.0, 3.333281959586693e-20, 2.4906648643337187e-19, 0.02843671292066574, -1.0, -0.45007312297821045, -0.6479783654212952, -0.31233394145965576, -0.9698804616928101, 0.2435813844203949, -1.0, -1.0]","[1.0, 1.0, 0.2606634497642517, 0.9774184226989746, 0.9999975562095642, 1.0, 0.7666462659835815, 0.9552700519561768, 1.0, 0.9767627716064453, 0.9866237044334412, 0.814320981502533, 0.9166865348815918, 0.707946240901947, 1.0, 1.0, 0.8943861722946167, 1.0, 1.0, 1.0]","[-0.07944028079509735, 0.05185813829302788, -0.1037348285317421, 0.0015188539400696754, 0.0027086467016488314, 0.915693998336792, 0.5028548240661621, -0.019016696140170097, 0.00379507546313107, 0.6420655846595764, 0.5042781233787537, 0.7690905928611755, -0.02285896986722946, 0.002342699095606804, 0.9132128357887268, 0.8669902086257935, 0.023873165249824524, 0.9408880472183228, -0.024505633860826492, -0.03138016536831856]","[0.3544803559780121, 0.3870665729045868, 0.1518998146057129, 0.25203588604927063, 0.3417772948741913, 0.2119210660457611, 0.15963715314865112, 0.17479872703552246, 0.16244341433048248, 0.27318117022514343, 0.287881076335907, 0.05101613700389862, 0.20603449642658234, 0.084178626537323, 0.17292526364326477, 0.19417154788970947, 0.3303840458393097, 0.07114851474761963, 0.38426730036735535, 0.3883744776248932]","[0.0, 0.01640625, 0.0, 0.00052734375, 4.8828125e-05, 0.0, 0.0, 0.000546875, 3.90625e-05, 0.060986328125, 0.1040625, 0.0, 0.001552734375, 0.0, 0.0, 0.0, 0.0, 0.0, 0.05203125, 0.0565234375]","[0.042998046875, 0.0239453125, 0.0, 0.0, 0.0, 0.0171484375, 0.0, 0.0, 2.9296875e-05, 0.0, 0.0, 0.0, 0.0, 0.0, 0.548017578125, 0.4519921875, 0.0, 0.00169921875, 0.014404296875, 0.0128125]","[0.046943359375, 0.025322265625, 0.0, 0.000302734375, 0.009501953125, 0.72697265625, 0.0, 9.765625e-06, 0.000166015625, 0.025322265625, 0.017705078125, 0.0, 0.0, 0.0, 0.670205078125, 0.55751953125, 0.0, 0.612568359375, 0.016318359375, 0.0144140625]","[0.043759765625, 0.024267578125, 0.0, 0.0, 0.004208984375, 0.559345703125, 0.0, 0.0, 2.9296875e-05, 0.0, 0.0, 0.0, 0.0, 0.0, 0.5731640625, 0.47693359375, 0.0, 0.3158984375, 0.0146875, 0.01314453125]"
formal,6,privilege_gru,5,6,716800,716800,614400,0.0011715361144160052,0.07538647362962365,"[0.1006956729106605, 0.08207577094435692, 0.07613212801516056, 0.06258205184713006, 0.05544674443081021]",0.0849190682300663,0.039715758283444494,0.7405162846538429,0.8813835557525967,0.13234784560607987,0.056463400131338534,0.03749029085405274,0.022968116435550447,0.651776831777418,0.8479902068764874,0.6564460684184801,0.7819341458607785,-0.311139675799709,0.5409060707119715,-0.2807892153161868,0.5718909611125718,0.0016619696957059192,0.0033074866514652967,0.06630859291180968,0.1896093636751175,39.60393515229225,122.45083618164062,0.9551867861300707,2.431844711303711,233.4179314510002,50.57261760599977,152.79605798800003,63,60,43,3.5693650793650424,166,631.8493975903615,-0.32635905794834313,3.328557764185411,0.3329201261906657,0.4616801838837227,0.09552330209319612,0.05033919492627693,0.31682859356150095,0.11586931783791753,-0.7590361445783133,-2.0824769448282307e-05,100,-0.8617102576793585,2.150451106274099,66,0.4847791234622862,5.113567851929825,/home/haowei/Documents/End2Race/post-trained/ppo_privilege_gru_0721_clip010/checkpoints/actor_u0006.pth,/home/haowei/Documents/End2Race/post-trained/ppo_privilege_gru_0721_clip010/checkpoints/critic_u0006.pt,clip_010,privilege_gru / clip0.10,0.3795180722891566,0.3614457831325301,"[-0.6962897777557373, -1.0, -0.9847823977470398, -0.9158018231391907, -0.9999999403953552, -0.9999670386314392, 0.0, -1.0, -1.0, 4.311624659204958e-20, 2.174903296248685e-18, 0.0, -1.0, -0.5411790013313293, -0.6191667318344116, -0.38934260606765747, -0.9720815420150757, 0.2346433699131012, -1.0, -1.0]","[1.0, 1.0, 0.27970242500305176, 0.8714795112609863, 0.9999999403953552, 1.0, 0.7660261988639832, 1.0, 1.0, 0.9751488566398621, 0.9869921803474426, 0.8155108094215393, 1.0, 0.4798943102359772, 1.0, 1.0, 0.905907392501831, 1.0, 1.0, 1.0]","[-0.046639665961265564, -0.02775963954627514, -0.12194729596376419, 0.025082707405090332, 0.04005499929189682, 0.8997455835342407, 0.5006906390190125, -0.012078355997800827, 0.0012401059502735734, 0.6566901206970215, 0.4923313558101654, 0.7721045017242432, -0.013099262490868568, 0.0027944082394242287, 0.9088835716247559, 0.8790770173072815, 0.015600848011672497, 0.9408749341964722, -0.0066450308077037334, -0.01256784237921238]","[0.3953290283679962, 0.4139401614665985, 0.17717677354812622, 0.23989012837409973, 0.34831997752189636, 0.2602768838405609, 0.16034241020679474, 0.1742059290409088, 0.16443021595478058, 0.2709302008152008, 0.3012343943119049, 0.04741142317652702, 0.20087449252605438, 0.08472804725170135, 0.16741740703582764, 0.19175618886947632, 0.3315293490886688, 0.068442702293396, 0.3776908814907074, 0.382646769285202]","[0.0, 0.03857421875, 0.0, 0.0, 3.90625e-05, 0.0, 0.0, 0.00033203125, 0.000146484375, 0.0527734375, 0.107333984375, 0.000361328125, 0.00205078125, 0.0, 0.0, 0.0, 0.0, 0.0, 0.04447265625, 0.04908203125]","[0.06794921875, 0.02654296875, 0.0, 0.0, 3.90625e-05, 0.01751953125, 0.0, 0.000166015625, 9.765625e-05, 0.0, 0.0, 0.0, 2.9296875e-05, 0.0, 0.51462890625, 0.48537109375, 0.0, 0.0015625, 0.019599609375, 0.018291015625]","[0.072548828125, 0.028505859375, 0.0, 0.0, 0.013154296875, 0.72486328125, 0.0, 0.000244140625, 0.000322265625, 0.035166015625, 0.030302734375, 0.0, 0.000224609375, 0.0, 0.64044921875, 0.596142578125, 0.0, 0.60859375, 0.021884765625, 0.0203125]","[0.06884765625, 0.027041015625, 0.0, 0.0, 0.003916015625, 0.555849609375, 0.0, 0.000185546875, 0.0001171875, 0.0, 0.0, 0.0, 0.0001953125, 0.0, 0.540888671875, 0.5104296875, 0.0, 0.29484375, 0.02, 0.018740234375]"
formal,7,privilege_gru,6,7,819200,819200,716800,0.0040730565196098745,0.07704306012019516,"[0.10618141060695052, 0.08392549119889736, 0.0683213397860527, 0.06655866373330355, 0.06022839527577162]",0.09071485223364627,0.050875694804117584,0.72500593375845,0.8488482304836501,0.13954504601644202,0.07101710804746128,0.041884658450850515,0.030734281560773916,0.6167095366896027,0.8138341791948548,0.6582489226417921,0.7050294652535959,-0.23354672265360193,0.5347639331724646,-0.2725180615498391,0.5714358057892779,0.045611041323154494,0.6300526261329651,0.1546630820066639,0.4365624785423279,28.10931596159935,90.69965362548828,0.8966743133962154,2.4333150386810303,244.14876157399976,52.038705817999926,150.0051173480001,54,54,45,4.072592592592548,153,661.3856209150326,-0.25751005361898405,3.339182898073893,0.3806897377795029,0.4379445490525781,0.08895555159872066,0.04920110148035703,0.3344257626751843,0.11387297086896557,-0.7058823529411765,7.356577804252767e-05,88,-0.8218898733378951,2.423664535414094,65,0.5065733946158494,4.5786539121363905,/home/haowei/Documents/End2Race/post-trained/ppo_privilege_gru_0721_clip010/checkpoints/actor_u0007.pth,/home/haowei/Documents/End2Race/post-trained/ppo_privilege_gru_0721_clip010/checkpoints/critic_u0007.pt,clip_010,privilege_gru / clip0.10,0.35294117647058826,0.35294117647058826,"[-0.7096980214118958, -1.0, -1.0, -1.0, -1.0, -0.9999975562095642, 0.0, -1.0, -1.0, 8.099376190940535e-19, 4.318626846487796e-18, 0.004113990813493729, -1.0, -0.6704209446907043, -0.5203811526298523, -0.46474578976631165, -0.9148509502410889, 0.40379172563552856, -1.0, -1.0]","[1.0, 1.0, 0.33618754148483276, 1.0, 1.0, 1.0, 0.7766718864440918, 1.0, 1.0, 0.9770953059196472, 0.9871166348457336, 0.8170896172523499, 0.9166865348815918, 0.5136253833770752, 1.0, 1.0, 0.912609875202179, 1.0, 1.0, 1.0]","[-0.056762367486953735, -0.04632844775915146, -0.11915414035320282, 0.025202026590704918, 0.039107177406549454, 0.8895713686943054, 0.5046007633209229, -0.019352037459611893, 0.002300430554896593, 0.6535335779190063, 0.47696593403816223, 0.7697842121124268, -0.02286340668797493, 0.004262132570147514, 0.9027680158615112, 0.8784198760986328, 0.007579462137073278, 0.9409338235855103, -0.026715535670518875, -0.0327310673892498]","[0.3836160898208618, 0.39884263277053833, 0.17906561493873596, 0.2403174340724945, 0.35023242235183716, 0.29103758931159973, 0.16159912943840027, 0.17674218118190765, 0.17039303481578827, 0.26257407665252686, 0.2997957766056061, 0.04862263798713684, 0.20584636926651, 0.08644876629114151, 0.17632748186588287, 0.19070057570934296, 0.3311788737773895, 0.07078957557678223, 0.38170766830444336, 0.38744378089904785]","[0.0, 0.040634765625, 0.0009375, 0.000244140625, 5.859375e-05, 0.0, 0.0, 0.000654296875, 5.859375e-05, 0.048154296875, 0.125283203125, 0.0, 0.00169921875, 0.0, 0.0, 0.0, 0.0, 0.0, 0.051220703125, 0.056044921875]","[0.055009765625, 0.022236328125, 0.0, 0.000283203125, 9.765625e-05, 0.01626953125, 0.0, 0.0001171875, 0.00013671875, 0.0, 0.0, 0.0, 0.0, 0.0, 0.517900390625, 0.482099609375, 0.0, 0.001904296875, 0.015087890625, 0.014609375]","[0.0595703125, 0.024052734375, 0.0, 0.000322265625, 0.01724609375, 0.718857421875, 0.0, 0.000146484375, 0.000244140625, 0.026728515625, 0.029951171875, 0.0, 0.0, 0.0, 0.631455078125, 0.58529296875, 0.0, 0.61529296875, 0.017080078125, 0.01615234375]","[0.055859375, 0.022529296875, 0.0, 0.000283203125, 0.0066796875, 0.5553125, 0.0, 0.0001171875, 0.00015625, 0.0, 0.0, 0.0, 0.0, 0.0, 0.54107421875, 0.505009765625, 0.0, 0.3037890625, 0.015439453125, 0.014990234375]"
formal,8,privilege_gru,7,8,921600,921600,819200,0.002699221210204994,0.08708713371306658,"[0.08999366359785199, 0.07099690474569798, 0.08116113161668181, 0.10655109863728285, 0.08673286996781826]",0.07961483415737147,0.04362548431984273,0.7447028335494241,0.8561975714377583,0.11304954160120946,0.059207486005599906,0.04618012671353349,0.028043482634085556,0.659995431346958,0.826968596748747,0.5820491922093717,0.7242010375701838,-0.22024706401616698,0.4765744609008247,-0.2214166073146788,0.5507826001007095,0.07066953411936992,0.5535526275634766,0.1202001937199384,0.2501562535762787,30.022343918681145,73.56490325927734,1.4963159762322902,3.7504119873046875,223.76154417799944,49.12029373799942,151.55713130000004,43,57,51,3.949767441860422,151,684.6622516556291,-0.10967276190246544,3.060507372061056,0.38788109506580365,0.4497544880306655,0.082076958199313,0.04237897211234182,0.34738222636597005,0.11262492870842858,-0.5695364238410596,-0.00014349313580444868,86,-0.5741339880886716,1.8752690727514016,65,0.5048451681285151,4.628668814224597,/home/haowei/Documents/End2Race/post-trained/ppo_privilege_gru_0721_clip010/checkpoints/actor_u0008.pth,/home/haowei/Documents/End2Race/post-trained/ppo_privilege_gru_0721_clip010/checkpoints/critic_u0008.pt,clip_010,privilege_gru / clip0.10,0.2847682119205298,0.37748344370860926,"[-0.6124943494796753, -1.0, -1.0, -1.0, -1.0, -0.9999998211860657, 0.0, -1.0, -1.0, 4.5100837058497557e-20, 1.5008724857728595e-18, 0.0, -1.0, -0.5241779088973999, -0.4543735682964325, -0.7808850407600403, -0.9768915772438049, 0.2137354612350464, -1.0, -1.0]","[1.0, 1.0, 0.24009647965431213, 0.8871395587921143, 0.9999998807907104, 1.0, 0.7597267031669617, 1.0, 1.0, 0.9732065200805664, 0.9890288710594177, 0.8199986219406128, 0.9930770993232727, 0.5499915480613708, 1.0, 1.0, 0.9074974060058594, 1.0, 1.0, 1.0]","[-0.06111196056008339, 0.015279536135494709, -0.1109502911567688, -0.013856228440999985, -0.02315330319106579, 0.8959962725639343, 0.5041066408157349, -0.02173415571451187, 0.0021694249007850885, 0.6457858085632324, 0.49162527918815613, 0.7709354162216187, -0.02739555574953556, 0.0020317325834184885, 0.9177663922309875, 0.873028039932251, 0.019640116021037102, 0.9425897002220154, -0.03760309889912605, -0.04358038306236267]","[0.37784406542778015, 0.4074041545391083, 0.17096278071403503, 0.2513224184513092, 0.3423880338668823, 0.2821822762489319, 0.15595003962516785, 0.17549367249011993, 0.16791470348834991, 0.272673636674881, 0.30352509021759033, 0.05175258591771126, 0.20709361135959625, 0.08463063091039658, 0.15784405171871185, 0.1872507780790329, 0.3264520764350891, 0.06832487881183624, 0.3748438358306885, 0.3780934512615204]","[0.0, 0.029677734375, 0.000458984375, 0.000166015625, 5.859375e-05, 9.765625e-06, 0.0, 0.000595703125, 7.8125e-05, 0.053740234375, 0.11232421875, 0.000185546875, 0.004208984375, 0.0, 0.0, 0.0, 0.0, 0.0, 0.053671875, 0.05755859375]","[0.0575, 0.034755859375, 0.0, 0.0, 9.765625e-06, 0.018720703125, 0.0, 8.7890625e-05, 0.0005078125, 0.0, 0.0, 0.0, 0.0, 0.0, 0.556787109375, 0.443212890625, 0.0, 0.001376953125, 0.01583984375, 0.01408203125]","[0.06287109375, 0.03591796875, 0.0, 0.0, 0.00595703125, 0.725, 0.0, 0.0001171875, 0.000908203125, 0.021533203125, 0.037880859375, 0.0, 7.8125e-05, 0.0, 0.676357421875, 0.552998046875, 0.0, 0.62724609375, 0.01767578125, 0.015703125]","[0.058525390625, 0.035078125, 0.0, 0.0, 0.00197265625, 0.579697265625, 0.0, 9.765625e-05, 0.00060546875, 0.0, 0.0, 0.0, 7.8125e-05, 0.0, 0.58201171875, 0.468173828125, 0.0, 0.302646484375, 0.01619140625, 0.0144140625]"
formal,9,privilege_gru,8,9,1024000,1024000,921600,0.003188110778646669,0.07137426943518221,"[0.10925995791330934, 0.07991623017005622, 0.06578309880569577, 0.0552991412114352, 0.04661291907541454]",0.07211120394247356,0.04633657614639866,0.7511403230184489,0.8731611952311267,0.1165631742003594,0.07427512484537954,0.02765923368458772,0.018398027447417784,0.6328061994720354,0.8329343030278771,0.7137308887048329,0.7782107907746332,-0.0690992597702757,0.46995591274775655,-0.17199689267919951,0.5308890557336147,0.0032800235904869614,0.005520849023014307,0.13829589751549065,0.24921874701976776,49.06984341144562,123.03646850585938,1.0379593651741743,2.985609531402588,227.5552709069998,59.62134364299982,144.70722094400026,39,60,47,4.137179487179441,146,696.8150684931506,-0.06184783322571384,3.3371494514475333,0.39464087031630724,0.4411469378022558,0.08265230131399251,0.0411534313053553,0.35471751024336173,0.11742820580561508,-0.5342465753424658,0.00025302606777514596,82,-0.5673280915236859,1.9760606537280374,64,0.5857987477185629,5.081044473525637,/home/haowei/Documents/End2Race/post-trained/ppo_privilege_gru_0721_clip010/checkpoints/actor_u0009.pth,/home/haowei/Documents/End2Race/post-trained/ppo_privilege_gru_0721_clip010/checkpoints/critic_u0009.pt,clip_010,privilege_gru / clip0.10,0.2671232876712329,0.410958904109589,"[-0.6552754640579224, -1.0, -1.0, -1.0, -1.0, -0.9926630258560181, 0.0, -1.0, -1.0, 3.05039937328457e-19, 1.615031888906456e-18, 0.0, -1.0, -0.880307137966156, -0.4652458727359772, -0.63783860206604, -0.975592851638794, 0.21958725154399872, -1.0, -1.0]","[1.0, 1.0, 0.2850882411003113, 0.9031926989555359, 0.9999991655349731, 1.0, 0.7728171944618225, 1.0, 1.0, 0.9741130471229553, 0.9881096482276917, 0.8175171613693237, 0.9930770993232727, 0.6005452871322632, 1.0, 1.0, 0.9021385908126831, 1.0, 1.0, 1.0]","[-0.06627083569765091, -0.038424644619226456, -0.11251581460237503, 0.019119972363114357, 0.028191398829221725, 0.904209315776825, 0.5081167221069336, -0.00705902511253953, 0.0011993178632110357, 0.652309238910675, 0.5073139667510986, 0.7702916860580444, -0.008245139382779598, -0.0003310749016236514, 0.8976958394050598, 0.8867906928062439, 0.009110156446695328, 0.9405009746551514, 0.0025371068622916937, -0.001212084200233221]","[0.37841957807540894, 0.4074707329273224, 0.16793572902679443, 0.2531064450740814, 0.34468403458595276, 0.2511046230792999, 0.1562909483909607, 0.17270919680595398, 0.16529136896133423, 0.2730574607849121, 0.28777310252189636, 0.04626027122139931, 0.19850370287895203, 0.08711480349302292, 0.18427035212516785, 0.17807063460350037, 0.3326941728591919, 0.06884030252695084, 0.3824630379676819, 0.38684141635894775]","[0.0, 0.034990234375, 0.0008984375, 0.00025390625, 1.953125e-05, 0.0, 0.0, 0.00037109375, 0.000126953125, 0.051650390625, 0.10466796875, 3.90625e-05, 0.001865234375, 0.0, 0.0, 0.0, 0.0, 0.0, 0.04244140625, 0.046064453125]","[0.053232421875, 0.0255078125, 0.0, 0.0, 9.765625e-06, 0.015576171875, 0.0, 0.000263671875, 0.000234375, 0.0, 0.0, 0.0, 0.0, 0.0, 0.517431640625, 0.482568359375, 0.0, 0.00177734375, 0.02015625, 0.018818359375]","[0.057265625, 0.026259765625, 0.0, 0.0, 0.00919921875, 0.7096484375, 0.0, 0.000361328125, 0.000419921875, 0.02482421875, 0.026767578125, 0.0, 6.8359375e-05, 0.0, 0.632607421875, 0.586806640625, 0.0, 0.60095703125, 0.022431640625, 0.0209765625]","[0.054033203125, 0.0256640625, 0.0, 0.0, 0.0038671875, 0.540625, 0.0, 0.00029296875, 0.000263671875, 0.0, 0.0, 0.0, 4.8828125e-05, 0.0, 0.54123046875, 0.50513671875, 0.0, 0.29271484375, 0.0205859375, 0.019306640625]"
formal,10,privilege_gru,9,10,1126400,1126400,1024000,0.0014932044859597426,0.07711858600378037,"[0.11208221036940813, 0.09122248133644462, 0.06300448579713702, 0.051981300581246614, 0.06730245193466544]",0.09335742086339643,0.11182318123602959,0.6895585030873181,0.8656743408348677,0.14514525402987755,0.11658572383593122,0.04156958769691526,0.10706063863612797,0.5960549929222567,0.8400934778747488,0.5531717016343158,0.734152403346326,-0.30598758097387985,0.4964323446123805,-0.038670954057000696,0.548179764660266,0.05589103115922626,0.8631880879402161,0.07734863136829517,0.2175000011920929,37.704712599515915,98.8987808227539,1.008318530395627,2.969771146774292,237.53977386499992,53.43540163800026,145.67260662200079,44,57,44,4.542727272727219,145,695.0896551724138,-0.11268613352202067,4.026792927147068,0.3847969736177011,0.4393927845792014,0.07357241797579364,0.04416026410345903,0.362091451088927,0.13221593201252074,-0.6068965517241379,-9.69648993304731e-05,81,-0.578063284386111,2.383222097346777,64,0.47630682304034366,6.10693725861306,/home/haowei/Documents/End2Race/post-trained/ppo_privilege_gru_0721_clip010/checkpoints/actor_u0010.pth,/home/haowei/Documents/End2Race/post-trained/ppo_privilege_gru_0721_clip010/checkpoints/critic_u0010.pt,clip_010,privilege_gru / clip0.10,0.30344827586206896,0.3931034482758621,"[-0.653664231300354, -1.0, -1.0, -0.9916729927062988, -0.9999997615814209, -0.8904763460159302, 0.0, -1.0, -1.0, 9.444114923973984e-20, 3.210169463695552e-18, 0.0, -1.0, -1.0, -0.6339332461357117, -0.2529502213001251, -0.9999868869781494, -0.05883210524916649, -1.0, -1.0]","[1.0, 1.0, 0.255709171295166, 0.9526923298835754, 1.0, 1.0, 0.7733126282691956, 1.0, 1.0, 0.976972758769989, 0.9885562658309937, 0.816162109375, 0.9166865348815918, 0.7359355688095093, 1.0, 1.0, 0.8715078830718994, 1.0, 1.0, 1.0]","[-0.04028945043683052, 0.018423717468976974, -0.12211509048938751, -0.001977986888960004, 0.0006034462130628526, 0.902904748916626, 0.5211623907089233, -0.01570894755423069, 0.0016964866081252694, 0.6539350152015686, 0.5340445637702942, 0.7703883647918701, -0.018764561042189598, 0.0020439380314201117, 0.9174371957778931, 0.8614572286605835, 0.031976815313100815, 0.9412220120429993, -0.01689664088189602, -0.023387739434838295]","[0.40877214074134827, 0.4266751706600189, 0.17307148873806, 0.25693124532699585, 0.351465106010437, 0.24792106449604034, 0.15339352190494537, 0.17949019372463226, 0.16806790232658386, 0.283855676651001, 0.28448426723480225, 0.05207151174545288, 0.2043464332818985, 0.08907634019851685, 0.17631316184997559, 0.19136375188827515, 0.3292509913444519, 0.06880016624927521, 0.37504276633262634, 0.3796146810054779]","[0.0, 0.0326953125, 0.001142578125, 0.0, 4.8828125e-05, 0.0, 0.0, 0.00044921875, 0.0001171875, 0.05642578125, 0.087646484375, 4.8828125e-05, 0.00205078125, 3.90625e-05, 0.0, 0.0, 0.0, 0.0, 0.04796875, 0.0516796875]","[0.069599609375, 0.0299609375, 0.0, 0.0, 3.90625e-05, 0.017890625, 0.0, 0.00015625, 6.8359375e-05, 0.0, 0.0, 0.0, 0.0, 0.0, 0.584912109375, 0.415087890625, 0.0, 0.00125, 0.016689453125, 0.015947265625]","[0.07513671875, 0.031318359375, 0.0, 3.90625e-05, 0.010439453125, 0.7274609375, 0.0, 0.000205078125, 0.000283203125, 0.033642578125, 0.03232421875, 0.0, 0.0, 0.0, 0.6977734375, 0.52216796875, 0.0, 0.622978515625, 0.018818359375, 0.017705078125]","[0.07080078125, 0.030244140625, 0.0, 0.0, 0.00380859375, 0.582333984375, 0.0, 0.00015625, 7.8125e-05, 0.0, 0.0, 0.0, 0.0, 0.0, 0.608642578125, 0.439345703125, 0.0, 0.296630859375, 0.01701171875, 0.01630859375]"
formal,11,privilege_gru,10,11,1228800,1228800,1126400,0.005576801247370922,0.0687403338495642,"[0.08781676180660725, 0.07124707289040089, 0.058364890050143, 0.0483276741579175, 0.07794527034275234]",0.07746373187012788,0.05865679068908463,0.7640896617239032,0.8873389913226687,0.12714633655850982,0.08858441983033609,0.027781127181745927,0.028729161547833178,0.6471494096209018,0.8584179197355253,0.6944940047045474,0.7294247053338684,-0.2093003010687778,0.5146205268922927,-0.3567977570468483,0.5723134646281126,0.12213414415309672,1.1430341005325317,0.23754393844865263,0.3482031226158142,109.33434349298477,211.79098510742188,0.9352324932813645,2.6435322761535645,235.60821972600024,50.243803262000256,149.034519885,60,54,46,3.923166666666624,160,647.11875,-0.3205871000301234,2.7931618346158738,0.3666283836613034,0.43412414841358604,0.10274015880391758,0.04891636349832936,0.32278701333290916,0.10644280355940258,-0.75,0.00018308307756484252,96,-0.8915010462953376,1.7158367972568522,64,0.5357838193676978,4.409149390654406,/home/haowei/Documents/End2Race/post-trained/ppo_privilege_gru_0721_clip010/checkpoints/actor_u0011.pth,/home/haowei/Documents/End2Race/post-trained/ppo_privilege_gru_0721_clip010/checkpoints/critic_u0011.pt,clip_010,privilege_gru / clip0.10,0.375,0.3375,"[-0.6044059991836548, -1.0, -1.0, -1.0, -1.0, -0.9786251783370972, 0.0, -1.0, -1.0, 1.6917298330611744e-18, 1.431951590339788e-18, 0.0, -1.0, -0.6408293843269348, -0.36574527621269226, -0.8686912655830383, -0.9528839588165283, 0.3033350706100464, -1.0, -1.0]","[1.0, 1.0, 0.2591303884983063, 0.886411726474762, 0.9999995827674866, 1.0, 0.7803802490234375, 1.0, 1.0, 0.9751682877540588, 0.9858241677284241, 0.8157986998558044, 1.0, 0.48957765102386475, 1.0, 1.0, 0.9129438400268555, 1.0, 1.0, 1.0]","[-0.054786279797554016, 0.0036887230817228556, -0.11466577649116516, 0.004168091807514429, 0.00839928351342678, 0.8986909985542297, 0.4975050091743469, -0.012045477516949177, 0.003581762546673417, 0.6477658152580261, 0.4789438545703888, 0.7691496014595032, -0.015322071500122547, 0.00011236563295824453, 0.9092455506324768, 0.8792070150375366, 0.012540394440293312, 0.9410399794578552, -0.007731540594249964, -0.012418922036886215]","[0.3638347089290619, 0.40654945373535156, 0.16421453654766083, 0.2450699806213379, 0.3505728542804718, 0.2638310492038727, 0.15781450271606445, 0.17845261096954346, 0.1669473797082901, 0.26422184705734253, 0.30918654799461365, 0.04982590675354004, 0.21059304475784302, 0.0865388736128807, 0.16595827043056488, 0.19033272564411163, 0.3310982584953308, 0.06884299963712692, 0.3909585773944855, 0.39615386724472046]","[0.0, 0.032412109375, 0.00015625, 2.9296875e-05, 4.8828125e-05, 0.0, 0.0, 0.000546875, 4.8828125e-05, 0.046767578125, 0.1256640625, 7.8125e-05, 0.003056640625, 0.0, 0.0, 0.0, 0.0, 0.0, 0.04861328125, 0.053251953125]","[0.0416796875, 0.033125, 0.0, 0.0, 9.765625e-06, 0.01708984375, 0.0, 0.000234375, 0.000205078125, 0.0, 0.0, 0.0, 1.953125e-05, 0.0, 0.516884765625, 0.483125, 0.0, 0.00171875, 0.022841796875, 0.021923828125]","[0.04625, 0.0349609375, 0.0, 0.0, 0.00841796875, 0.719013671875, 0.0, 0.00041015625, 0.000361328125, 0.014931640625, 0.02744140625, 0.0, 0.00013671875, 0.0, 0.64556640625, 0.596552734375, 0.0, 0.614384765625, 0.02546875, 0.02427734375]","[0.042578125, 0.033447265625, 0.0, 0.0, 0.00376953125, 0.554228515625, 0.0, 0.00029296875, 0.000224609375, 0.0, 0.0, 0.0, 9.765625e-05, 0.0, 0.5429296875, 0.50873046875, 0.0, 0.288408203125, 0.02328125, 0.022412109375]"
formal,12,privilege_gru,11,12,1331200,1331200,1228800,0.0024401003028247104,0.06946672089397907,"[0.08787296339869499, 0.08314637281000614, 0.06523096188902855, 0.05395571002736688, 0.0571275963447988]",0.07890281673606948,0.03951400896985868,0.7715513961170994,0.8940896031736645,0.12193965877728179,0.05295531308308417,0.03586597469485719,0.026072704856633214,0.6825890863957071,0.8641342954233344,0.7386394860352368,0.8180662257947617,-0.2440979372036554,0.5526065398344421,-0.1886348711562323,0.586552807111966,0.0031620147074863728,0.007771829143166542,0.13188964524306357,0.32609373331069946,40.80382615327835,109.19271087646484,0.9254233706742525,1.9517067670822144,225.77604112500012,49.12694587199985,154.004968921,56,52,52,3.5346428571428206,160,643.7125,-0.2707412754880805,2.792904799962534,0.37021024313146345,0.4358589377259404,0.10112511463851348,0.04886916080751385,0.3221792714369391,0.10687354462815982,-0.7,0.00020590844682046887,94,-0.7850948738234719,1.6628761412196598,66,0.4618229403229315,4.4023395563539,/home/haowei/Documents/End2Race/post-trained/ppo_privilege_gru_0721_clip010/checkpoints/actor_u0012.pth,/home/haowei/Documents/End2Race/post-trained/ppo_privilege_gru_0721_clip010/checkpoints/critic_u0012.pt,clip_010,privilege_gru / clip0.10,0.35,0.325,"[-0.7031960487365723, -1.0, -0.9574081301689148, -0.9696599245071411, -0.9999999403953552, -0.9999995231628418, 0.0, -1.0, -1.0, 3.3309053662892515e-19, 1.2076589823066204e-18, 0.0, -1.0, -0.644375205039978, -0.6575435996055603, -0.7155098915100098, -0.9799134731292725, 0.19942325353622437, -1.0, -1.0]","[1.0, 1.0, 0.3294275999069214, 1.0, 1.0, 1.0, 0.7755619287490845, 1.0, 1.0, 0.9737772345542908, 0.9883922338485718, 0.8176670074462891, 1.0, 0.8108110427856445, 1.0, 1.0, 0.955657958984375, 1.0, 1.0, 1.0]","[-0.07619690150022507, -0.0033501514699310064, -0.10685434192419052, 0.009149419143795967, 0.011559044942259789, 0.9047495126724243, 0.4957534670829773, -0.016556983813643456, 0.0008582970476709306, 0.649262547492981, 0.47839659452438354, 0.7704195380210876, -0.020081553608179092, 0.0015906213084235787, 0.9142049551010132, 0.8704410791397095, 0.022477641701698303, 0.942231297492981, -0.020289218053221703, -0.026962989941239357]","[0.3626083731651306, 0.38304126262664795, 0.16624721884727478, 0.2335992008447647, 0.33804482221603394, 0.25932568311691284, 0.15926238894462585, 0.17628124356269836, 0.1631801724433899, 0.2634735405445099, 0.29087942838668823, 0.05405253544449806, 0.20604151487350464, 0.0835934653878212, 0.17048342525959015, 0.1863820105791092, 0.3270116150379181, 0.0694589614868164, 0.38232797384262085, 0.3874952495098114]","[0.0, 0.02634765625, 0.0, 0.0, 6.8359375e-05, 9.765625e-06, 0.0, 0.0005078125, 4.8828125e-05, 0.046953125, 0.115625, 0.000234375, 0.001826171875, 0.0, 0.0, 0.0, 0.0, 0.0, 0.052412109375, 0.056806640625]","[0.046728515625, 0.026201171875, 0.0, 0.000283203125, 2.9296875e-05, 0.0202734375, 0.0, 0.000166015625, 0.000146484375, 0.0, 0.0, 0.0, 2.9296875e-05, 0.0, 0.557763671875, 0.44224609375, 0.0, 0.001669921875, 0.01892578125, 0.017451171875]","[0.05080078125, 0.02677734375, 0.0, 0.00033203125, 0.0090234375, 0.733466796875, 0.0, 0.0001953125, 0.000419921875, 0.02013671875, 0.02794921875, 0.0, 0.000126953125, 0.0, 0.669658203125, 0.543154296875, 4.8828125e-05, 0.6210546875, 0.021064453125, 0.019345703125]","[0.047548828125, 0.026318359375, 0.0, 0.00029296875, 0.004130859375, 0.582548828125, 0.0, 0.000166015625, 0.000185546875, 0.0, 0.0, 0.0, 8.7890625e-05, 0.0, 0.580830078125, 0.464404296875, 0.0, 0.29587890625, 0.019326171875, 0.017880859375]"
formal,13,privilege_gru,12,13,1433600,1433600,1331200,0.004519251081219977,0.05804960187524557,"[0.09242839924991131, 0.0662995483726263, 0.052816751413047314, 0.04288665787316859, 0.03581665246747434]",0.08044107557997464,0.041407941171360214,0.770452776581085,0.9137583425740025,0.112636441632508,0.050381558325959405,0.048245709527441304,0.032434324016761,0.6741245640159907,0.8926093165372214,0.6769522874308538,0.8429670267254687,-0.09184358219665001,0.560070559865781,-0.20226452463566488,0.5820302573548811,0.004462634927185717,0.01066213846206665,0.19235839159227908,0.38734373450279236,97.46103861927986,200.05860900878906,0.645459021627903,1.5472848415374756,242.81857645400032,50.07023545999982,146.400847891,45,56,48,4.169999999999955,149,684.3288590604027,-0.15550999008283425,2.8366693849891043,0.3430038654799767,0.44361226479275667,0.0893484920977087,0.050590977110563304,0.3434634806046461,0.10510566452106447,-0.6040268456375839,-5.2289570960977764e-05,82,-0.5468358488791469,1.9999565731456317,67,0.3234261356081752,3.8607059606781315,/home/haowei/Documents/End2Race/post-trained/ppo_privilege_gru_0721_clip010/checkpoints/actor_u0013.pth,/home/haowei/Documents/End2Race/post-trained/ppo_privilege_gru_0721_clip010/checkpoints/critic_u0013.pt,clip_010,privilege_gru / clip0.10,0.30201342281879195,0.37583892617449666,"[-0.7238678932189941, -1.0, -1.0, -1.0, -0.9999999403953552, -0.9999914765357971, 0.0, -1.0, -1.0, 3.2359062578769505e-19, 6.042310097925223e-20, 0.0, -1.0, -0.7002824544906616, -0.6612799763679504, -0.4844045639038086, -0.9403106570243835, 0.296731173992157, -1.0, -1.0]","[1.0, 1.0, 0.2763443887233734, 0.9228090047836304, 0.9999998807907104, 1.0, 0.7666328549385071, 1.0, 1.0, 0.9711808562278748, 0.9851722717285156, 0.8188260793685913, 0.9930770993232727, 0.5281137228012085, 1.0, 1.0, 0.9549610614776611, 1.0, 1.0, 1.0]","[-0.06988931447267532, -0.055054329335689545, -0.10889764875173569, 0.005522808525711298, 0.009707758203148842, 0.9080448150634766, 0.5029498338699341, -0.014483341947197914, 0.0018799463286995888, 0.6234996318817139, 0.498764306306839, 0.7687991857528687, -0.01797344535589218, 0.0016829525120556355, 0.8957369327545166, 0.8812627196311951, 0.012370562180876732, 0.9398420453071594, -0.019532835111021996, -0.02483314834535122]","[0.3518732488155365, 0.3979000747203827, 0.1661706268787384, 0.23988701403141022, 0.32948338985443115, 0.25888821482658386, 0.15363697707653046, 0.17379841208457947, 0.1623094528913498, 0.28441473841667175, 0.2924156188964844, 0.05484053120017052, 0.2001776099205017, 0.08426742255687714, 0.1956009715795517, 0.18458040058612823, 0.33431532979011536, 0.0695841908454895, 0.3773602247238159, 0.38169780373573303]","[0.0, 0.031875, 0.00119140625, 0.000166015625, 6.8359375e-05, 0.0, 0.0, 0.00041015625, 6.8359375e-05, 0.065966796875, 0.0993359375, 0.00013671875, 0.00208984375, 0.0, 0.0, 0.0, 0.0, 0.0, 0.049775390625, 0.053369140625]","[0.040107421875, 0.0215625, 0.0, 0.0, 7.8125e-05, 0.019111328125, 0.0, 0.000126953125, 5.859375e-05, 0.0, 0.0, 0.0, 0.0, 0.0, 0.518466796875, 0.481533203125, 0.0, 0.001640625, 0.014892578125, 0.014765625]","[0.04453125, 0.023603515625, 0.0, 0.0, 0.010400390625, 0.75328125, 0.0, 0.00015625, 0.00017578125, 0.014296875, 0.02916015625, 0.0, 9.765625e-06, 0.0, 0.63650390625, 0.5909375, 2.9296875e-05, 0.60544921875, 0.016650390625, 0.016279296875]","[0.040947265625, 0.0219140625, 0.0, 0.0, 0.00310546875, 0.59208984375, 0.0, 0.000126953125, 6.8359375e-05, 0.0, 0.0, 0.0, 9.765625e-06, 0.0, 0.543701171875, 0.5061328125, 0.0, 0.28376953125, 0.01515625, 0.015078125]"
formal,14,privilege_gru,13,14,1536000,1536000,1433600,0.0027063782115146484,0.06689064283855259,"[0.08733314229175448, 0.07994367275387049, 0.06629286939278245, 0.06398599687963724, 0.03689753287471831]",0.07811082029335355,0.03321921416888625,0.7506003768901505,0.8985095277309204,0.12167990211285844,0.04661400695031536,0.034541738473848664,0.01982442138745714,0.6720637941857537,0.8830279609268117,0.7578986849604123,0.851870583589185,-0.0013345182148498224,0.5228625012281999,-0.04963452640821174,0.5516586983544612,0.19173944324589684,0.785028338432312,0.09132323949597776,0.1654687523841858,44.26540830731392,122.1278305053711,0.8805250529199838,2.1321024894714355,226.84488406699984,49.72589796900047,147.92779513099958,39,58,52,3.907692307692265,149,692.8859060402684,-0.07560146201628493,2.463479979433765,0.3896089547725784,0.4372984631662987,0.08736775535249898,0.04175444131494966,0.3486533524783968,0.09918184175605303,-0.5234899328859061,5.327663517135442e-05,83,-0.5062417036493257,1.8381842233626444,66,0.46596126609799365,3.249836763583811,/home/haowei/Documents/End2Race/post-trained/ppo_privilege_gru_0721_clip010/checkpoints/actor_u0014.pth,/home/haowei/Documents/End2Race/post-trained/ppo_privilege_gru_0721_clip010/checkpoints/critic_u0014.pt,clip_010,privilege_gru / clip0.10,0.26174496644295303,0.38926174496644295,"[-0.6629835367202759, -1.0, -1.0, -0.985369086265564, -1.0, -0.8877730965614319, 0.0, -1.0, -0.9733093976974487, 1.6242872644791e-19, 5.887793845174871e-18, 0.01827503740787506, -1.0, -0.6222734451293945, -0.5873802304267883, -0.22999297082424164, -0.8832970261573792, 0.40793290734291077, -1.0, -1.0]","[1.0, 1.0, 0.26416879892349243, 0.9474649429321289, 0.9999975562095642, 1.0, 0.7710323929786682, 1.0, 1.0, 0.9688231945037842, 0.9855666756629944, 0.8150306344032288, 1.0, 0.5038102269172668, 1.0, 1.0, 0.913011908531189, 1.0, 1.0, 1.0]","[-0.07427053153514862, 0.0232817605137825, -0.10221586376428604, 0.006242803763598204, 8.235724817495793e-05, 0.9037143588066101, 0.4996122419834137, -0.014544984325766563, 0.00423411512747407, 0.6357777118682861, 0.48757657408714294, 0.7684600949287415, -0.01986871473491192, -0.000980448443442583, 0.9226992726325989, 0.8617206811904907, 0.028879793360829353, 0.9413155913352966, -0.020005177706480026, -0.024977460503578186]","[0.3453088104724884, 0.4019198417663574, 0.15745563805103302, 0.2697111666202545, 0.3573724925518036, 0.23620982468128204, 0.15478715300559998, 0.17924028635025024, 0.17308969795703888, 0.2672369182109833, 0.30285337567329407, 0.04566885903477669, 0.21195383369922638, 0.08935994654893875, 0.15924587845802307, 0.19504904747009277, 0.32935842871665955, 0.06825073063373566, 0.3946117162704468, 0.3989408612251282]","[0.0, 0.0263671875, 0.000986328125, 0.0, 4.8828125e-05, 0.0, 0.0, 0.000185546875, 0.0, 0.049609375, 0.1197265625, 0.0, 0.00310546875, 0.0, 0.0, 0.0, 0.0, 0.0, 0.046640625, 0.051123046875]","[0.038349609375, 0.027041015625, 0.0, 0.0, 0.0, 0.016513671875, 0.0, 0.0001953125, 8.7890625e-05, 0.0, 0.0, 0.0, 0.00013671875, 0.0, 0.575146484375, 0.42486328125, 0.0, 0.002119140625, 0.01701171875, 0.016875]","[0.042451171875, 0.029052734375, 0.0, 0.0, 0.008408203125, 0.7005859375, 0.0, 0.000283203125, 0.000185546875, 0.012744140625, 0.02166015625, 0.0, 0.000361328125, 0.0, 0.7003125, 0.539775390625, 0.0, 0.60087890625, 0.019384765625, 0.01869140625]","[0.039228515625, 0.027451171875, 0.0, 0.0, 0.00318359375, 0.532451171875, 0.0, 0.000224609375, 0.000107421875, 0.0, 0.0, 0.0, 0.0002734375, 0.0, 0.6019140625, 0.452021484375, 0.0, 0.300478515625, 0.0173828125, 0.01724609375]"
formal,15,privilege_gru,14,15,1638400,1638400,1536000,0.0021056440744337546,0.06800749856047332,"[0.09267538692802191, 0.0742054064758122, 0.061632901430130005, 0.05952742509543896, 0.05199637287296355]",0.08065223511531204,0.03772224593385512,0.8045893649666577,0.9094260185671288,0.12476126693334433,0.049282796205360704,0.036543203297279746,0.02616169566234954,0.756338479680774,0.9026917877586187,0.7498084563882601,0.8118780146174813,-0.04096468000067034,0.6341409452404982,-0.021356941175118323,0.6420554421071227,0.05272413731203414,0.7998908162117004,0.14085937186609954,0.431953102350235,69.40461713075638,190.16571044921875,0.8341448083519936,1.6655499935150146,220.99868064899965,49.07473963099983,145.37629462599944,46,56,49,4.013043478260825,151,678.5430463576159,-0.1624841890213522,2.860420345492083,0.39248717734984284,0.4275729037712052,0.08839414428713949,0.04727764691035263,0.33858006718036754,0.10790154856730842,-0.609271523178808,0.0003057184097796833,86,-0.6471999071563149,2.118588211028548,65,0.47883199189567544,3.841921323397683,/home/haowei/Documents/End2Race/post-trained/ppo_privilege_gru_0721_clip010/checkpoints/actor_u0015.pth,/home/haowei/Documents/End2Race/post-trained/ppo_privilege_gru_0721_clip010/checkpoints/critic_u0015.pt,clip_010,privilege_gru / clip0.10,0.304635761589404,0.3708609271523179,"[-0.7256549000740051, -1.0, -1.0, -1.0, -1.0, -0.9999996423721313, 0.0, -1.0, -1.0, 8.761900298710289e-19, 2.204753969809039e-18, 0.0, -1.0, -0.7293364405632019, -0.42458218336105347, -0.691772997379303, -0.920325517654419, 0.39115339517593384, -1.0, -1.0]","[1.0, 1.0, 0.2810089886188507, 1.0, 1.0, 1.0, 0.7800776362419128, 1.0, 1.0, 0.9750972986221313, 0.9867649674415588, 0.816676139831543, 1.0, 0.5314149856567383, 1.0, 1.0, 0.9022166728973389, 1.0, 1.0, 1.0]","[-0.0779811292886734, 0.022502638399600983, -0.10717249661684036, 0.007084806449711323, 0.00897823367267847, 0.8976230621337891, 0.49593043327331543, -0.015863828361034393, 0.0032731620594859123, 0.6433212757110596, 0.4859387278556824, 0.7694825530052185, -0.019171763211488724, 0.0022238788660615683, 0.9311093688011169, 0.848309338092804, 0.03593335300683975, 0.9422872066497803, -0.016848690807819366, -0.0236870888620615]","[0.3631615936756134, 0.4015100598335266, 0.1724926382303238, 0.25815659761428833, 0.35229429602622986, 0.26505228877067566, 0.15609343349933624, 0.18231786787509918, 0.17183580994606018, 0.27247560024261475, 0.2979966700077057, 0.05095250904560089, 0.21240584552288055, 0.08614221215248108, 0.14065764844417572, 0.20438522100448608, 0.32584935426712036, 0.06863011419773102, 0.3968157172203064, 0.4006767272949219]","[0.0, 0.033232421875, 0.00021484375, 0.00029296875, 7.8125e-05, 9.765625e-06, 0.0, 0.000615234375, 0.00025390625, 0.054052734375, 0.115732421875, 0.00025390625, 0.002353515625, 0.0, 0.0, 0.0, 0.0, 0.0, 0.049306640625, 0.05478515625]","[0.04623046875, 0.025048828125, 0.0, 0.00013671875, 3.90625e-05, 0.01447265625, 0.0, 0.000166015625, 0.000224609375, 0.0, 0.0, 0.0, 2.9296875e-05, 0.0, 0.6080859375, 0.391923828125, 0.0, 0.00205078125, 0.023466796875, 0.021455078125]","[0.049970703125, 0.02720703125, 0.0, 0.000244140625, 0.011484375, 0.706865234375, 0.0, 0.000263671875, 0.000654296875, 0.025966796875, 0.025791015625, 0.0, 0.00017578125, 0.0, 0.7140625, 0.5037109375, 0.0, 0.619619140625, 0.02609375, 0.023759765625]","[0.04693359375, 0.025498046875, 0.0, 0.000166015625, 0.00439453125, 0.53740234375, 0.0, 0.000205078125, 0.0002734375, 0.0, 0.0, 0.0, 0.000166015625, 0.0, 0.6322265625, 0.4160546875, 0.0, 0.3075390625, 0.023876953125, 0.02197265625]"
formal,16,privilege_gru,15,16,1740800,1740800,1638400,0.005806199218350239,0.05778157133609056,"[0.08307050867006183, 0.0646898983977735, 0.05343102104961872, 0.04269649018533528, 0.04501993837766349]",0.07125616789624574,0.03505847143264496,0.8399172038521889,0.9341813813785051,0.101663056541465,0.049316198946978675,0.040849279251026493,0.02080074391831125,0.8054363651497909,0.9221021839473349,0.7735967237080053,0.9012005006946109,0.06013164058028707,0.6155970315720112,-0.01587795213428535,0.666988995928924,0.006193514852639054,0.025210492312908173,0.21952636318746954,0.5841405987739563,109.55631643533707,254.2866973876953,0.623555039986968,1.6230902671813965,228.53991993600084,48.12036707700008,149.00100511500023,48,57,47,3.7335416666666266,152,665.2697368421053,-0.1733510085426572,3.5877059353479113,0.39785493303003916,0.4529936858743245,0.08446727699634532,0.04022020714852395,0.3366574901654702,0.12134198411138628,-0.631578947368421,0.00022846454890741697,87,-0.6364435037759961,2.46188489607545,65,0.4464804850773501,5.094574095604896,/home/haowei/Documents/End2Race/post-trained/ppo_privilege_gru_0721_clip010/checkpoints/actor_u0016.pth,/home/haowei/Documents/End2Race/post-trained/ppo_privilege_gru_0721_clip010/checkpoints/critic_u0016.pt,clip_010,privilege_gru / clip0.10,0.3157894736842105,0.375,"[-0.8218294382095337, -1.0, -1.0, -1.0, -1.0, -0.9809278249740601, 0.0, -1.0, -0.9307079911231995, 1.2237998868463383e-19, 5.312659301169814e-18, 0.0, -1.0, -0.4527287781238556, -0.6091353297233582, -0.5857489705085754, -0.9226207137107849, 0.38570839166641235, -1.0, -1.0]","[1.0, 1.0, 0.2759873867034912, 0.9731313586235046, 0.9999994039535522, 1.0, 0.7681112885475159, 0.931833028793335, 1.0, 0.9767831563949585, 0.9893492460250854, 0.8173279166221619, 0.9166865348815918, 0.5082396864891052, 1.0, 1.0, 0.9085017442703247, 1.0, 1.0, 1.0]","[-0.053001824766397476, 0.0097958380356431, -0.1197267696261406, 0.005820940714329481, 0.007763357367366552, 0.9008561968803406, 0.5041000247001648, -0.014545470476150513, -0.0002964652085211128, 0.6732940077781677, 0.4840710759162903, 0.7734583020210266, -0.017657674849033356, 0.0014893868938088417, 0.9234588742256165, 0.873342752456665, 0.024966008961200714, 0.9425318241119385, -0.017352072522044182, -0.022453177720308304]","[0.3999662399291992, 0.4091472327709198, 0.17016661167144775, 0.26417064666748047, 0.3605935275554657, 0.24202176928520203, 0.16070319712162018, 0.16801200807094574, 0.1624433398246765, 0.2536446452140808, 0.30475106835365295, 0.04707795009016991, 0.19774314761161804, 0.08348239213228226, 0.15864332020282745, 0.18390211462974548, 0.32622164487838745, 0.06860340386629105, 0.376834899187088, 0.3812318742275238]","[0.0, 0.032978515625, 0.000703125, 0.000546875, 5.859375e-05, 0.0, 0.0, 0.00033203125, 0.0, 0.04484375, 0.12228515625, 2.9296875e-05, 0.00130859375, 0.0, 0.0, 0.0, 0.0, 0.0, 0.044697265625, 0.048671875]","[0.066591796875, 0.03255859375, 0.0, 0.0, 2.9296875e-05, 0.01748046875, 0.0, 0.0, 3.90625e-05, 0.0, 0.0, 0.0, 0.0, 0.0, 0.563740234375, 0.43626953125, 0.0, 0.00154296875, 0.012685546875, 0.0117578125]","[0.071552734375, 0.035302734375, 0.0, 0.000400390625, 0.011484375, 0.69890625, 0.0, 0.0, 5.859375e-05, 0.03330078125, 0.035361328125, 0.0, 0.0, 0.0, 0.690361328125, 0.55130859375, 0.0, 0.623681640625, 0.01453125, 0.01310546875]","[0.067587890625, 0.033125, 0.0, 0.0, 0.001572265625, 0.542392578125, 0.0, 0.0, 3.90625e-05, 0.0, 0.0, 0.0, 0.0, 0.0, 0.5904296875, 0.46185546875, 0.0, 0.30779296875, 0.012880859375, 0.0120703125]"
formal,17,privilege_gru,16,17,1843200,1843200,1740800,0.0029485266775737262,0.049357179645448924,"[0.07966330740600824, 0.061184317572042346, 0.04363484773784876, 0.03425845340825617, 0.028044972103089094]",0.07218544837373209,0.024176997192691,0.8079239503566344,0.9359135558187519,0.1162468727302325,0.03281120560146556,0.02812402401723169,0.015542788783916439,0.7538534130700242,0.9330125529432585,0.7096447987180045,0.8231276165308818,0.14871568657230114,0.5841758288876301,0.1324350645034656,0.6108355506853141,0.14187289567489642,1.3669047355651855,0.12754882546141744,0.2523437440395355,34.801952570676804,61.151397705078125,0.4336794525384903,1.2440348863601685,237.0421971630003,50.446812546999354,148.05257560899918,35,70,42,4.119428571428524,147,707.6054421768707,0.02551422900642142,4.184952482936999,0.3560556171200917,0.4494751251513525,0.07580912880490547,0.035190507003216125,0.36689768874317585,0.13477562807965157,-0.47619047619047616,3.1388374070172195e-05,82,-0.4025532257982821,2.9163336859903533,65,0.565537787375432,5.7853638883158425,/home/haowei/Documents/End2Race/post-trained/ppo_privilege_gru_0721_clip010/checkpoints/actor_u0017.pth,/home/haowei/Documents/End2Race/post-trained/ppo_privilege_gru_0721_clip010/checkpoints/critic_u0017.pt,clip_010,privilege_gru / clip0.10,0.23809523809523808,0.47619047619047616,"[-0.687400758266449, -1.0, -1.0, -0.9221482872962952, -1.0, -0.9999993443489075, 0.0, -1.0, -1.0, 1.1575528010445563e-19, 2.7735287356744825e-18, 0.0, -1.0, -0.507863461971283, -0.627201497554779, -0.2488010674715042, -0.9916303157806396, 0.12910950183868408, -1.0, -1.0]","[1.0, 1.0, 0.24594387412071228, 0.8862502574920654, 1.0, 1.0, 0.7688393592834473, 1.0, 1.0, 0.9769206047058105, 0.9872201681137085, 0.8144068121910095, 1.0, 0.590885579586029, 1.0, 1.0, 0.9060789942741394, 1.0, 1.0, 1.0]","[-0.01954423077404499, 0.0027986858040094376, -0.13000421226024628, 0.005376456771045923, 0.004201160743832588, 0.8861843347549438, 0.5183491706848145, -0.02136026695370674, 0.005555387586355209, 0.6407241821289062, 0.5130774974822998, 0.7724300622940063, -0.02893245778977871, 0.0009730948368087411, 0.9321273565292358, 0.8560488820075989, 0.035199955105781555, 0.9417608380317688, -0.03596039116382599, -0.04190077632665634]","[0.39737847447395325, 0.4203123450279236, 0.17838247120380402, 0.24711379408836365, 0.35658398270606995, 0.2961958348751068, 0.15557825565338135, 0.17980051040649414, 0.17086966335773468, 0.2835802733898163, 0.29244574904441833, 0.04232556372880936, 0.2104758620262146, 0.08673974126577377, 0.14156119525432587, 0.19574931263923645, 0.3274480998516083, 0.06841558963060379, 0.3743452727794647, 0.3779594600200653]","[0.0, 0.035791015625, 0.001171875, 0.0, 5.859375e-05, 1.953125e-05, 0.0, 0.000283203125, 3.90625e-05, 0.065078125, 0.099453125, 9.765625e-06, 0.002568359375, 0.0, 0.0, 0.0, 0.0, 0.0, 0.055185546875, 0.058974609375]","[0.065771484375, 0.0317578125, 0.0, 0.0, 4.8828125e-05, 0.015830078125, 0.0, 8.7890625e-05, 0.000595703125, 0.0, 0.0, 0.0, 6.8359375e-05, 0.0, 0.59970703125, 0.40029296875, 0.0, 0.001494140625, 0.01552734375, 0.014267578125]","[0.0702734375, 0.03337890625, 0.0, 0.0, 0.010888671875, 0.72525390625, 0.0, 0.0001171875, 0.000888671875, 0.0369921875, 0.0312109375, 0.0, 0.00015625, 0.0, 0.716005859375, 0.51787109375, 0.0, 0.616669921875, 0.017255859375, 0.015771484375]","[0.066640625, 0.031962890625, 0.0, 0.0, 0.00466796875, 0.579208984375, 0.0, 9.765625e-05, 0.000634765625, 0.0, 0.0, 0.0, 0.000146484375, 0.0, 0.6255859375, 0.4257421875, 0.0, 0.305849609375, 0.015849609375, 0.014599609375]"
formal,18,privilege_gru,17,18,1945600,1945600,1843200,0.0011659784271796508,0.07077417951077222,"[0.08417680952697992, 0.10218883398920298, 0.06559115462005138, 0.05764024751260877, 0.04427385190501809]",0.08254714440527385,0.04722762504408844,0.823578737076969,0.9139958508794159,0.1348294000030186,0.07315223662258978,0.03026488880752911,0.021303013465587085,0.7523089319430375,0.8912520680414394,0.8211146969334295,0.8842744648206302,0.16221477810632023,0.6421041550774496,0.07860789735169192,0.6839996374409799,0.10157257649771054,0.8171870112419128,0.06510742066893727,0.1159374937415123,26.158907771110535,49.68967056274414,0.7828462827950716,2.072964668273926,222.58657718300128,49.078738711999904,144.39537128200027,43,69,35,4.237906976744139,147,689.952380952381,-0.0862967529882153,5.112840419827132,0.2882740823878202,0.43253118068280455,0.09116666411106464,0.047204110180281575,0.34510614366319364,0.15338549135446072,-0.5850340136054422,0.00024562559957247887,82,-0.5708827856389949,3.268638402529102,65,0.5250271651250759,7.439372195495417,/home/haowei/Documents/End2Race/post-trained/ppo_privilege_gru_0721_clip010/checkpoints/actor_u0018.pth,/home/haowei/Documents/End2Race/post-trained/ppo_privilege_gru_0721_clip010/checkpoints/critic_u0018.pt,clip_010,privilege_gru / clip0.10,0.2925170068027211,0.46938775510204084,"[-0.6079322099685669, -1.0, -1.0, -0.9927771091461182, -0.9999998807907104, -0.9999999403953552, 0.0, -1.0, -0.9710256457328796, 1.037049258654802e-18, 1.2165120275690764e-17, 0.0, -1.0, -0.5457647442817688, -0.6525747179985046, -0.5945611000061035, -0.9754877686500549, 0.2200535386800766, -1.0, -1.0]","[1.0, 1.0, 0.24524882435798645, 1.0, 1.0, 1.0, 0.764542281627655, 1.0, 1.0, 0.9749370813369751, 0.9893587231636047, 0.8176462054252625, 1.0, 0.49681589007377625, 1.0, 1.0, 0.9159891605377197, 1.0, 1.0, 1.0]","[0.026217391714453697, -0.012530756182968616, -0.15193387866020203, 0.020088206976652145, 0.03777015581727028, 0.849625825881958, 0.4992174804210663, -0.017520025372505188, 0.002667031018063426, 0.6420695781707764, 0.5131904482841492, 0.7695382833480835, -0.022007489576935768, 0.0018613707507029176, 0.9208878874778748, 0.8664425015449524, 0.02130752243101597, 0.9414024949073792, -0.020515013486146927, -0.02555367909371853]","[0.420057088136673, 0.4521186947822571, 0.2066756784915924, 0.25044554471969604, 0.3790949583053589, 0.36489707231521606, 0.16008387506008148, 0.18607595562934875, 0.1807522177696228, 0.2738010287284851, 0.3061318099498749, 0.048671044409275055, 0.214708149433136, 0.09310296177864075, 0.15388081967830658, 0.19385722279548645, 0.32973188161849976, 0.06805691123008728, 0.4042844772338867, 0.40773752331733704]","[0.0, 0.0526953125, 0.000859375, 0.0, 1.953125e-05, 4.8828125e-05, 0.0, 0.000615234375, 0.0, 0.05078125, 0.103857421875, 0.0002734375, 0.00263671875, 0.0, 0.0, 0.0, 0.0, 0.0, 0.051630859375, 0.0553515625]","[0.0853125, 0.050966796875, 0.0, 0.000283203125, 6.8359375e-05, 0.0143359375, 0.0, 0.00015625, 0.000634765625, 0.0, 0.0, 0.0, 5.859375e-05, 0.0, 0.575615234375, 0.424384765625, 0.0, 0.001669921875, 0.0225390625, 0.020888671875]","[0.09181640625, 0.052509765625, 0.0, 0.000322265625, 0.018408203125, 0.672001953125, 0.0, 0.000185546875, 0.00099609375, 0.030947265625, 0.053740234375, 0.0, 0.000107421875, 0.0, 0.688310546875, 0.538779296875, 0.0, 0.603515625, 0.025146484375, 0.023251953125]","[0.08662109375, 0.05125, 0.0, 0.000283203125, 0.00693359375, 0.51009765625, 0.0, 0.00015625, 0.000673828125, 0.0, 0.0, 0.0, 8.7890625e-05, 0.0, 0.60029296875, 0.449462890625, 0.0, 0.2973828125, 0.0230078125, 0.021396484375]"
formal,19,privilege_gru,18,19,2048000,2048000,1945600,0.002885482468809819,0.0851864286698401,"[0.09681985760107636, 0.09892505081370473, 0.08270062692463398, 0.08850042754784226, 0.05898618046194315]",0.09638530121779185,0.06089071326753313,0.7927030429172863,0.916501770134695,0.16002550475912503,0.07485307973701642,0.03274509767645871,0.04692834679804982,0.7091071203567978,0.8920672888566867,0.835571706123287,0.9047553734955763,0.015940786643427317,0.6212740760485223,0.1647669342966765,0.6811606188045193,0.03678535855869995,0.5408904552459717,0.1121874984819442,0.23164062201976776,48.77485355734825,106.0250473022461,1.0116283126175403,2.462589979171753,226.46952384999895,51.455320076000135,146.1760336210009,49,69,37,3.632244897959148,155,661.9225806451612,-0.16919951505852818,3.619964749127461,0.3474886580312808,0.4472876417683226,0.09283562990131117,0.0480504330765091,0.3408166136126199,0.12223812181714379,-0.632258064516129,3.81402783726125e-06,89,-0.6328696474944179,2.18453274408086,66,0.4560526332262323,5.555623058963031,/home/haowei/Documents/End2Race/post-trained/ppo_privilege_gru_0721_clip010/checkpoints/actor_u0019.pth,/home/haowei/Documents/End2Race/post-trained/ppo_privilege_gru_0721_clip010/checkpoints/critic_u0019.pt,clip_010,privilege_gru / clip0.10,0.3161290322580645,0.44516129032258067,"[-0.657057523727417, -1.0, -1.0, -1.0, -1.0, -0.9999999403953552, 0.0, -1.0, -1.0, 3.470829687745073e-19, 5.168717880466705e-18, 0.0, -1.0, -0.6266229748725891, -0.5892558693885803, -0.40383654832839966, -0.9187735319137573, 0.3916921615600586, -1.0, -1.0]","[1.0, 1.0, 0.26595667004585266, 1.0, 0.9999998211860657, 1.0, 0.7818030118942261, 1.0, 1.0, 0.9749792814254761, 0.9885683655738831, 0.8184260725975037, 1.0, 0.5589566826820374, 1.0, 1.0, 0.9200963377952576, 1.0, 1.0, 1.0]","[-0.04997255653142929, -0.00229957839474082, -0.11752206087112427, 0.012092228047549725, 0.02093631587922573, 0.8987969160079956, 0.5123116970062256, -0.01870189607143402, 0.0014179130084812641, 0.6391964554786682, 0.5079337954521179, 0.7721975445747375, -0.02284456416964531, 0.0025919375475496054, 0.9222469329833984, 0.8678134679794312, 0.025687022134661674, 0.9416211843490601, -0.026454642415046692, -0.032770682126283646]","[0.3831404149532318, 0.40378236770629883, 0.1693640798330307, 0.24948672950267792, 0.3456728756427765, 0.2692023813724518, 0.15412743389606476, 0.18168148398399353, 0.1665581613779068, 0.2853891849517822, 0.2869812250137329, 0.044204164296388626, 0.2087523490190506, 0.08671440184116364, 0.1518847942352295, 0.18621757626533508, 0.32886308431625366, 0.06778664141893387, 0.38424935936927795, 0.3887377083301544]","[0.0, 0.025205078125, 0.000185546875, 0.000166015625, 2.9296875e-05, 9.765625e-06, 0.0, 0.000791015625, 6.8359375e-05, 0.05828125, 0.0976953125, 0.000205078125, 0.002060546875, 0.0, 0.0, 0.0, 0.0, 0.0, 0.053798828125, 0.058828125]","[0.055947265625, 0.028798828125, 0.0, 0.00013671875, 9.765625e-06, 0.01837890625, 0.0, 0.00017578125, 0.00013671875, 0.0, 0.0, 0.0, 3.90625e-05, 0.0, 0.572724609375, 0.427275390625, 0.0, 0.00185546875, 0.018193359375, 0.01701171875]","[0.06083984375, 0.03005859375, 0.0, 0.000244140625, 0.0125, 0.727607421875, 0.0, 0.000302734375, 0.00044921875, 0.0273828125, 0.02716796875, 0.0, 0.000205078125, 0.0, 0.68560546875, 0.542724609375, 0.0, 0.613583984375, 0.020380859375, 0.0188671875]","[0.05685546875, 0.028974609375, 0.0, 0.000166015625, 0.004521484375, 0.57916015625, 0.0, 0.000205078125, 0.000166015625, 0.0, 0.0, 0.0, 0.00017578125, 0.0, 0.59755859375, 0.45234375, 0.0, 0.29388671875, 0.018544921875, 0.01740234375]"
formal,20,privilege_gru,19,20,2150400,2150400,2048000,0.0011608702896024337,0.044489801931194964,"[0.06644349964335561, 0.05191694456152618, 0.03771844622679055, 0.03306511393748224, 0.03330500528682023]",0.061082986345332005,0.03034626131782507,0.8443355260998969,0.9426720189391673,0.08222730690718304,0.03801415920259423,0.039938665783480966,0.02267836343305591,0.8279529455868565,0.9405154526274596,0.731486410747149,0.8886337357075038,-0.03442014782917738,0.613384111729444,0.05813471135043301,0.6163738593575088,0.0019973642678814893,0.0034182744566351175,0.07979003735817969,0.18789061903953552,19.814684361219406,51.0743408203125,0.5548351895064115,1.213275671005249,230.2331727740002,49.85137432400006,147.3739736690004,29,58,54,4.015862068965474,141,718.0567375886525,0.07046857067689463,3.575431879451533,0.448393768557536,0.4542692180133221,0.06267086977086525,0.036564173564375066,0.3629127935728797,0.1190689043518146,-0.41134751773049644,-0.00016560951730322567,76,-0.2706212596203319,2.707109583278112,65,0.4692812953321133,4.590701025746609,/home/haowei/Documents/End2Race/post-trained/ppo_privilege_gru_0721_clip010/checkpoints/actor_u0020.pth,/home/haowei/Documents/End2Race/post-trained/ppo_privilege_gru_0721_clip010/checkpoints/critic_u0020.pt,clip_010,privilege_gru / clip0.10,0.20567375886524822,0.41134751773049644,"[-0.6819586753845215, -1.0, -1.0, -1.0, -1.0, -0.9001460671424866, 0.0, -1.0, -0.9898235201835632, 1.0129796469980042e-18, 8.378637794111207e-20, 0.0, -1.0, -0.7596280574798584, -0.6848046183586121, -0.541706383228302, -0.8628822565078735, 0.263365238904953, -1.0, -1.0]","[1.0, 1.0, 0.324552446603775, 0.9007244110107422, 1.0, 1.0, 0.7767722010612488, 1.0, 0.9978074431419373, 0.9734935760498047, 0.9885751008987427, 0.8197814226150513, 0.9930770993232727, 0.4848296344280243, 1.0, 1.0, 0.9646962285041809, 1.0, 1.0, 1.0]","[-0.05764729157090187, 0.017304223030805588, -0.11463743448257446, 0.017521172761917114, 0.022068465128540993, 0.8903418183326721, 0.5031676292419434, -0.012492932379245758, 0.005394835490733385, 0.6688231825828552, 0.4859360158443451, 0.7719795107841492, -0.01623392291367054, 0.0001025344681693241, 0.9251367449760437, 0.8540185689926147, 0.03822120651602745, 0.9430239796638489, -0.010201463475823402, -0.015436079353094101]","[0.380911260843277, 0.4091671109199524, 0.18177908658981323, 0.25499844551086426, 0.3501822054386139, 0.2904927730560303, 0.1566467136144638, 0.1771257072687149, 0.168960303068161, 0.24987465143203735, 0.3077377676963806, 0.04633782058954239, 0.2037939727306366, 0.08709358423948288, 0.15700840950012207, 0.1989738494157791, 0.323384553194046, 0.06890341639518738, 0.3763969838619232, 0.37974807620048523]","[0.0, 0.04154296875, 0.00087890625, 9.765625e-06, 4.8828125e-05, 0.0, 0.0, 0.000625, 0.0, 0.0358203125, 0.12626953125, 0.000234375, 0.002099609375, 0.0, 0.0, 0.0, 0.0, 0.0, 0.04751953125, 0.051181640625]","[0.052431640625, 0.02455078125, 0.0, 0.0, 2.9296875e-05, 0.019189453125, 0.0, 0.000244140625, 0.0, 0.0, 0.0, 0.0, 0.0, 0.0, 0.585810546875, 0.414189453125, 0.0, 0.001572265625, 0.016240234375, 0.015224609375]","[0.05755859375, 0.02576171875, 0.0, 0.0, 0.01267578125, 0.71662109375, 0.0, 0.000283203125, 9.765625e-05, 0.0225, 0.031494140625, 0.0, 0.00015625, 0.0, 0.700654296875, 0.52498046875, 6.8359375e-05, 0.63267578125, 0.018505859375, 0.016845703125]","[0.053466796875, 0.024794921875, 0.0, 0.0, 0.004208984375, 0.571826171875, 0.0, 0.000244140625, 9.765625e-06, 0.0, 0.0, 0.0, 0.00015625, 0.0, 0.610947265625, 0.438974609375, 0.0, 0.315166015625, 0.016611328125, 0.015576171875]"
formal,1,privilege_gru,0,1,204800,204800,102400,0.003287748450943262,0.12238986529409886,"[0.16074550803750753, 0.13047780003398657, 0.11567096784710884, 0.11288011912256479, 0.09217493142932653]",0.14804628702754621,0.07139069270163334,0.47918570748975653,0.7488194427423085,0.2327425849828228,0.11090304770149474,0.06334998907226956,0.031878337701771925,0.4676577676384034,0.7342100260395144,0.42689686305028063,0.6653439337003462,0.07112908310216653,0.4418020816176223,0.0660456296156076,0.5330269559684901,0.3249206571443938,2.756199836730957,0.06883300561457872,0.1649218648672104,24.337085634469986,72.16077423095703,1.4179328121244907,3.3546371459960938,225.86645283899998,49.56330485599938,149.34524628600047,47,68,37,3.808936170212726,152,670.4078947368421,-0.15186829461062287,3.7685067949515307,0.3210929756654264,0.4390043794655749,0.0870300325493538,0.04566631275187668,0.3405659229616812,0.1261396150758906,-0.618421052631579,-0.00015278001661573598,87,-0.6906989663541178,2.1043524152858786,65,0.5693358352614395,5.995913426196327,/home/haowei/Documents/End2Race/post-trained/ppo_privilege_gru_0721_clip020/checkpoints/actor_u0001.pth,/home/haowei/Documents/End2Race/post-trained/ppo_privilege_gru_0721_clip020/checkpoints/critic_u0001.pt,clip_020,privilege_gru / clip0.20,0.3092105263157895,0.4473684210526316,"[-0.7974787950515747, -1.0, -1.0, -0.9699302911758423, -1.0, -0.9999969601631165, 0.0, -1.0, -1.0, 1.107003095877799e-18, 1.6459047509087726e-18, 0.0, -1.0, -0.5856860876083374, -0.4909038245677948, -0.46511274576187134, -0.8630882501602173, 0.4206897020339966, -1.0, -1.0]","[1.0, 1.0, 0.27543485164642334, 0.942678689956665, 0.9999997019767761, 1.0, 0.7682541012763977, 1.0, 1.0, 0.9767576456069946, 0.987186074256897, 0.81683349609375, 1.0, 0.4925428628921509, 1.0, 1.0, 0.9072045683860779, 1.0, 1.0, 1.0]","[-0.03273262828588486, -0.011109868064522743, -0.12634991109371185, 0.013567255809903145, 0.019010696560144424, 0.8878678679466248, 0.5068411827087402, -0.013775000348687172, 0.0023298400919884443, 0.6400827169418335, 0.51141756772995, 0.7692668437957764, -0.017083434388041496, 0.001454309094697237, 0.9090383052825928, 0.8745105266571045, 0.02103777602314949, 0.9405444264411926, -0.013579914346337318, -0.018287159502506256]","[0.38772720098495483, 0.42680662870407104, 0.18134652078151703, 0.2437070608139038, 0.34360751509666443, 0.3057781159877777, 0.15516582131385803, 0.17988835275173187, 0.16869471967220306, 0.27825677394866943, 0.2943410277366638, 0.050074800848960876, 0.2070007026195526, 0.08883913606405258, 0.17114630341529846, 0.1884012222290039, 0.33225464820861816, 0.06775722652673721, 0.3879372179508209, 0.3922475576400757]","[0.0, 0.0414453125, 2.9296875e-05, 0.0, 3.90625e-05, 0.0, 0.0, 0.000576171875, 0.000166015625, 0.059970703125, 0.103251953125, 0.000107421875, 0.0019140625, 0.0, 0.0, 0.0, 0.0, 0.0, 0.04912109375, 0.05369140625]","[0.053818359375, 0.032900390625, 0.0, 0.0, 1.953125e-05, 0.01783203125, 0.0, 0.000126953125, 0.00044921875, 0.0, 0.0, 0.0, 0.000107421875, 0.0, 0.5363671875, 0.4636328125, 0.0, 0.00158203125, 0.02076171875, 0.019755859375]","[0.0593359375, 0.035341796875, 0.0, 0.0, 0.009306640625, 0.721435546875, 0.0, 0.000185546875, 0.00072265625, 0.021611328125, 0.0344140625, 0.0, 0.000146484375, 0.0, 0.651328125, 0.57361328125, 0.0, 0.598740234375, 0.023212890625, 0.021826171875]","[0.054833984375, 0.033408203125, 0.0, 0.0, 0.002919921875, 0.56380859375, 0.0, 0.000126953125, 0.000478515625, 0.0, 0.0, 0.0, 0.00013671875, 0.0, 0.5603125, 0.4873046875, 0.0, 0.283916015625, 0.02119140625, 0.020185546875]"
formal,2,privilege_gru,1,2,307200,307200,204800,0.0036184568974562126,0.10684143844991922,"[0.15666885767132044, 0.12572933873161674, 0.0974814398214221, 0.08291594590991735, 0.07141161011531949]",0.15084255427910173,0.05680107473016461,0.5267276536039535,0.8211670114993388,0.25733295360418684,0.08410327616750227,0.04435215495401662,0.029498873292826956,0.44194296000928024,0.8076844903359607,0.6457345327071882,0.732328070130807,-0.027710548696055923,0.48981563284573393,-0.029417760399744565,0.5635640959837869,0.10081931259424892,1.3050854206085205,0.08783691251301207,0.17585937678813934,47.870418548583984,92.15142059326172,0.8163747943937778,1.8533689975738525,233.2838167610007,53.31776448600067,150.91251158900013,51,53,49,4.078431372548975,153,669.281045751634,-0.2201162785581101,3.0788303204774903,0.42006355947709906,0.44467298586676024,0.09842207545743285,0.04928260866893618,0.3351019271870136,0.11089682910410115,-0.6666666666666666,0.0005516318174417986,89,-0.7294564278530276,2.424071664319792,64,0.48818486655513443,3.9893540766967894,/home/haowei/Documents/End2Race/post-trained/ppo_privilege_gru_0721_clip020/checkpoints/actor_u0002.pth,/home/haowei/Documents/End2Race/post-trained/ppo_privilege_gru_0721_clip020/checkpoints/critic_u0002.pt,clip_020,privilege_gru / clip0.20,0.3333333333333333,0.3464052287581699,"[-0.6289379000663757, -1.0, -1.0, -0.9743397235870361, -1.0, -0.9767652153968811, 0.0, -1.0, -0.9707769155502319, 1.3333086479316144e-18, 3.9285876130215856e-18, 0.0, -1.0, -0.6146717071533203, -0.5783240795135498, -0.36153534054756165, -0.9234157204627991, 0.3838011920452118, -1.0, -1.0]","[1.0, 1.0, 0.26289716362953186, 1.0, 1.0, 1.0, 0.7638928890228271, 1.0, 1.0, 0.9753133058547974, 0.9874703288078308, 0.816731333732605, 1.0, 0.4854391813278198, 1.0, 1.0, 0.9093490839004517, 1.0, 1.0, 1.0]","[-0.04612596333026886, -0.0016808141954243183, -0.11263183504343033, 0.004084908869117498, 0.008015102706849575, 0.900926947593689, 0.49967098236083984, -0.012373027391731739, 0.006120701320469379, 0.6455035209655762, 0.46334707736968994, 0.770965039730072, -0.015572035685181618, 4.0669994632480666e-05, 0.8993029594421387, 0.8868124485015869, 0.011936383321881294, 0.9390186071395874, -0.011444090865552425, -0.017805982381105423]","[0.3820434808731079, 0.3909641206264496, 0.1707652062177658, 0.24653305113315582, 0.3493352234363556, 0.2577764689922333, 0.15681970119476318, 0.17762689292430878, 0.16615378856658936, 0.26901766657829285, 0.3013683259487152, 0.048131003975868225, 0.20779164135456085, 0.0851178839802742, 0.18245829641819, 0.18467111885547638, 0.3364754319190979, 0.0705561637878418, 0.38533297181129456, 0.3906831741333008]","[0.0, 0.0299609375, 0.0009765625, 0.0, 9.765625e-06, 0.0, 0.0, 0.000322265625, 0.0, 0.05279296875, 0.117236328125, 2.9296875e-05, 0.0019140625, 0.0, 0.0, 0.0, 0.0, 0.0, 0.0494921875, 0.054296875]","[0.06095703125, 0.03033203125, 0.0, 0.000166015625, 4.8828125e-05, 0.018193359375, 0.0, 0.0003125, 0.000126953125, 0.0, 0.0, 0.0, 8.7890625e-05, 0.0, 0.49701171875, 0.50298828125, 0.0, 0.001630859375, 0.022080078125, 0.021123046875]","[0.065615234375, 0.032041015625, 0.0, 0.00025390625, 0.013330078125, 0.725576171875, 0.0, 0.000478515625, 0.00025390625, 0.032333984375, 0.030732421875, 0.0, 0.000263671875, 0.0, 0.622626953125, 0.609609375, 0.0, 0.599716796875, 0.024658203125, 0.023388671875]","[0.06193359375, 0.030634765625, 0.0, 0.000185546875, 0.004140625, 0.582275390625, 0.0, 0.00033203125, 0.000146484375, 0.0, 0.0, 0.0, 0.00021484375, 0.0, 0.522587890625, 0.527392578125, 0.0, 0.291201171875, 0.02255859375, 0.0215625]"
formal,3,privilege_gru,2,3,409600,409600,307200,0.0003943464841722477,0.10439005019143224,"[0.15292473323643208, 0.11296042334288359, 0.0932668698951602, 0.09001462534070015, 0.07278359914198518]",0.14961047635935848,0.054817081031156144,0.5903029509193808,0.8499901235952,0.2465512390641218,0.08765321875775058,0.05266971365459508,0.02198094330456172,0.49204824890211696,0.8134211618548568,0.6489442594830196,0.8309258634718174,0.025466528842312926,0.5303639591583723,0.015075287944608818,0.6039067322356548,0.0421273965400178,0.6141466498374939,0.03440917868283577,0.11992187052965164,28.062293589115143,83.62639617919922,1.030288141965866,2.8677072525024414,223.50529224599995,48.539510275000794,149.03549001700048,57,63,33,4.299122807017494,153,662.124183006536,-0.26106879606830985,4.455463881441572,0.3076266389166922,0.4217027449995739,0.09046308022153775,0.05008594158308129,0.3451011324848721,0.1385038704676407,-0.7450980392156863,0.0004242401948636741,89,-0.8392898086809946,3.0424870432116076,64,0.5430197995962048,6.420384797105118,/home/haowei/Documents/End2Race/post-trained/ppo_privilege_gru_0721_clip020/checkpoints/actor_u0003.pth,/home/haowei/Documents/End2Race/post-trained/ppo_privilege_gru_0721_clip020/checkpoints/critic_u0003.pt,clip_020,privilege_gru / clip0.20,0.37254901960784315,0.4117647058823529,"[-0.6951508522033691, -1.0, -1.0, -0.9945104122161865, -1.0, -0.9999994039535522, 0.0, -1.0, -1.0, 1.1535639810344607e-19, 6.299388268030871e-19, 0.0, -1.0, -0.6548312306404114, -0.6095253825187683, -0.60047847032547, -0.9309403300285339, 0.36517128348350525, -1.0, -1.0]","[1.0, 1.0, 0.3372553884983063, 0.9337291121482849, 1.0, 1.0, 0.7693156599998474, 1.0, 1.0, 0.9766201376914978, 0.9888542890548706, 0.8192864060401917, 1.0, 0.5130670070648193, 1.0, 1.0, 0.9177036285400391, 1.0, 1.0, 1.0]","[-0.0024774421472102404, 0.0002026680449489504, -0.13818439841270447, 0.026662129908800125, 0.03232257440686226, 0.8861257433891296, 0.5164685249328613, -0.02044275589287281, 0.005252898205071688, 0.6502735614776611, 0.5246537327766418, 0.7697970867156982, -0.02390345185995102, 0.0038609695620834827, 0.8975528478622437, 0.877399742603302, 0.013503589667379856, 0.9391291737556458, -0.02909141592681408, -0.03353840485215187]","[0.41825661063194275, 0.4302501082420349, 0.18348141014575958, 0.2610877454280853, 0.3643273413181305, 0.2849861681461334, 0.1591026335954666, 0.1864505112171173, 0.17526429891586304, 0.2805294692516327, 0.29092100262641907, 0.049698058515787125, 0.21357253193855286, 0.09334122389554977, 0.18123261630535126, 0.19097787141799927, 0.3364068567752838, 0.06887701153755188, 0.3910401165485382, 0.39515259861946106]","[0.0, 0.042880859375, 0.001259765625, 0.0, 3.90625e-05, 9.765625e-06, 0.0, 0.00048828125, 9.765625e-05, 0.055673828125, 0.100439453125, 8.7890625e-05, 0.00189453125, 0.0, 0.0, 0.0, 0.0, 0.0, 0.055166015625, 0.059677734375]","[0.07154296875, 0.03171875, 0.0, 0.0, 4.8828125e-05, 0.01458984375, 0.0, 0.00017578125, 0.00015625, 0.0, 0.0, 0.0, 2.9296875e-05, 0.0, 0.511875, 0.488125, 0.0, 0.001728515625, 0.016845703125, 0.016142578125]","[0.078232421875, 0.03330078125, 0.0, 0.0, 0.01279296875, 0.6873046875, 0.0, 0.00021484375, 0.0003515625, 0.03380859375, 0.04302734375, 0.0, 0.000126953125, 0.0, 0.6201171875, 0.581220703125, 0.0, 0.593251953125, 0.01876953125, 0.017822265625]","[0.072890625, 0.031962890625, 0.0, 0.0, 0.005341796875, 0.5316015625, 0.0, 0.0001953125, 0.000185546875, 0.0, 0.0, 0.0, 0.0001171875, 0.0, 0.53283203125, 0.508974609375, 0.0, 0.27982421875, 0.01716796875, 0.0165234375]"
formal,4,privilege_gru,3,4,512000,512000,409600,0.002924511614983416,0.09509202232584357,"[0.1337697273120284, 0.1091518085449934, 0.09575565438717604, 0.0762659446336329, 0.06051697675138712]",0.12291739631380647,0.05567847771067952,0.7140558935267527,0.8764500729667483,0.19199534525820652,0.07468988444258025,0.053839447369406414,0.03666707097877882,0.6661543837574617,0.8653081551391412,0.6614363523899678,0.7546420115009043,0.014307288885097478,0.6406011833145797,-0.03975851374891135,0.6534495698753893,0.19452191820601,2.2492358684539795,0.08792480234114919,0.17015624046325684,43.05607298016548,118.6212158203125,0.8549444202333689,1.5535812377929688,224.85428941100145,49.30302827500054,149.74430378100078,63,59,37,4.1636507936507465,159,647.9937106918239,-0.3365132562379302,3.8024049924984236,0.30135260597219093,0.45875887017959927,0.09010048776162416,0.050061306156116654,0.3291877050218151,0.1264133316382679,-0.7924528301886793,0.00033853729066595466,93,-0.9083972962815579,2.268422335738974,66,0.46932334564172695,5.963926008841285,/home/haowei/Documents/End2Race/post-trained/ppo_privilege_gru_0721_clip020/checkpoints/actor_u0004.pth,/home/haowei/Documents/End2Race/post-trained/ppo_privilege_gru_0721_clip020/checkpoints/critic_u0004.pt,clip_020,privilege_gru / clip0.20,0.39622641509433965,0.3710691823899371,"[-0.6987437009811401, -1.0, -1.0, -1.0, -0.9999999403953552, -0.9999994039535522, 0.0, -1.0, -1.0, 2.0285158249260743e-19, 1.682552367562475e-17, 0.0, -1.0, -0.6368293166160583, -0.45246151089668274, -0.42421215772628784, -0.9107446074485779, 0.41297003626823425, -1.0, -1.0]","[1.0, 1.0, 0.2798766493797302, 0.9430174231529236, 1.0, 1.0, 0.7981515526771545, 1.0, 1.0, 0.9742386341094971, 0.989067018032074, 0.8204977512359619, 0.9930770993232727, 0.47385215759277344, 1.0, 1.0, 0.9061216115951538, 1.0, 1.0, 1.0]","[-0.03925435245037079, -0.07891137152910233, -0.12922562658786774, 0.009396865032613277, 0.020493023097515106, 0.8869813680648804, 0.5076971650123596, -0.01390817016363144, 0.002507703611627221, 0.6500996947288513, 0.511813759803772, 0.7734436988830566, -0.01707840897142887, 0.0012866201577708125, 0.8909478783607483, 0.9041617512702942, -0.0038003178779035807, 0.9408331513404846, -0.01677987165749073, -0.023143120110034943]","[0.39079520106315613, 0.42043793201446533, 0.18284150958061218, 0.2525492310523987, 0.3604261577129364, 0.28834351897239685, 0.15973436832427979, 0.17373938858509064, 0.16690510511398315, 0.2703876197338104, 0.29835575819015503, 0.04357513040304184, 0.20027904212474823, 0.08730372041463852, 0.17724937200546265, 0.16449306905269623, 0.33221760392189026, 0.06708681583404541, 0.384817510843277, 0.3891206979751587]","[0.0, 0.043017578125, 0.00021484375, 0.000263671875, 6.8359375e-05, 1.953125e-05, 0.0, 0.000263671875, 4.8828125e-05, 0.0503125, 0.107353515625, 2.9296875e-05, 0.00109375, 0.0, 0.0, 0.0, 0.0, 0.0, 0.04919921875, 0.053427734375]","[0.063916015625, 0.029970703125, 0.0, 0.0, 3.90625e-05, 0.01609375, 0.0, 0.000107421875, 2.9296875e-05, 0.0, 0.0, 0.0, 0.0, 0.0, 0.469169921875, 0.53083984375, 0.0, 0.00181640625, 0.016220703125, 0.0144921875]","[0.068310546875, 0.031455078125, 0.0, 0.0, 0.011396484375, 0.70974609375, 0.0, 0.000146484375, 0.00017578125, 0.0263671875, 0.036416015625, 0.0, 1.953125e-05, 0.0, 0.5883984375, 0.639951171875, 0.0, 0.603369140625, 0.018408203125, 0.016328125]","[0.064794921875, 0.0301953125, 0.0, 0.0, 0.00361328125, 0.5533984375, 0.0, 0.0001171875, 3.90625e-05, 0.0, 0.0, 0.0, 1.953125e-05, 0.0, 0.493271484375, 0.55505859375, 0.0, 0.26890625, 0.01654296875, 0.014892578125]"
formal,5,privilege_gru,4,5,614400,614400,512000,0.0016352223426110424,0.12238249611109495,"[0.13263865932822227, 0.14868931751698256, 0.12043974455446005, 0.11410515569150448, 0.0960396034643054]",0.11757924025580373,0.06837722324651797,0.7498096026685857,0.8649772460470821,0.18836781853892376,0.10662438132516704,0.04679066197268372,0.030130065167868904,0.6388126090672519,0.8173597349625732,0.7186107806767066,0.808640209318089,0.028815976155177624,0.610327007409761,-0.04167376137231713,0.6852830429082215,0.039047916525814796,0.5440094470977783,0.057714842152563506,0.23859374225139618,29.52457746863365,91.3969497680664,1.8467105828225612,3.716320276260376,225.0373163769982,51.87343408800007,152.6733905669971,54,56,45,4.004259259259213,155,660.7935483870967,-0.25534531124783877,2.922201039415314,0.3585298156502171,0.4213743463141582,0.08841217482124714,0.046791788405439225,0.3327760668512342,0.10862430980723019,-0.6967741935483871,2.8505642083964172e-05,91,-0.8121484114764279,1.7410163859242669,64,0.5363590968896864,4.601697968597896,/home/haowei/Documents/End2Race/post-trained/ppo_privilege_gru_0721_clip020/checkpoints/actor_u0005.pth,/home/haowei/Documents/End2Race/post-trained/ppo_privilege_gru_0721_clip020/checkpoints/critic_u0005.pt,clip_020,privilege_gru / clip0.20,0.34838709677419355,0.36129032258064514,"[-0.6989557147026062, -1.0, -0.9648663401603699, -1.0, -1.0, -0.9947435855865479, 0.0, -1.0, -1.0, 1.2156807730920065e-18, 3.01766985269859e-18, 0.0, -1.0, -0.5875347852706909, -0.6417106986045837, -0.41639289259910583, -0.9483783841133118, 0.31714099645614624, -1.0, -1.0]","[1.0, 1.0, 0.2585298418998718, 0.955956220626831, 1.0, 1.0, 0.7665349245071411, 1.0, 0.9991356134414673, 0.9766330718994141, 0.9871717095375061, 0.8202183246612549, 0.9930770993232727, 0.5349603295326233, 1.0, 1.0, 0.8957490921020508, 1.0, 1.0, 1.0]","[-0.07720396667718887, 0.02678694576025009, -0.10609878599643707, 0.00175334548112005, 0.005821472965180874, 0.9093336462974548, 0.5007425546646118, -0.01960546337068081, 0.002843243535608053, 0.6436104774475098, 0.49249640107154846, 0.7693277597427368, -0.023220622912049294, 0.0030804965645074844, 0.8934906125068665, 0.8851626515388489, 0.008109289221465588, 0.9392150044441223, -0.02545909583568573, -0.03227837383747101]","[0.35889527201652527, 0.38843750953674316, 0.15806588530540466, 0.2520500123500824, 0.3459116220474243, 0.23163241147994995, 0.15843112766742706, 0.17621995508670807, 0.16261515021324158, 0.27399078011512756, 0.292263388633728, 0.04985440522432327, 0.20714929699897766, 0.08517678827047348, 0.18559995293617249, 0.18610547482967377, 0.3357081711292267, 0.07167800515890121, 0.38928186893463135, 0.39302927255630493]","[0.0, 0.0215625, 0.0, 0.000546875, 9.765625e-05, 0.0, 0.0, 0.000205078125, 3.90625e-05, 0.057578125, 0.116708984375, 9.765625e-06, 0.0018359375, 0.0, 0.0, 0.0, 0.0, 0.0, 0.054423828125, 0.058564453125]","[0.04328125, 0.0210546875, 0.0, 0.0, 2.9296875e-05, 0.017197265625, 0.0, 6.8359375e-05, 0.0, 0.0, 0.0, 0.0, 0.0, 0.0, 0.4947265625, 0.5052734375, 0.0, 0.001552734375, 0.014501953125, 0.01287109375]","[0.047216796875, 0.023046875, 0.0, 4.8828125e-05, 0.010712890625, 0.717197265625, 0.0, 8.7890625e-05, 8.7890625e-05, 0.0260546875, 0.015869140625, 0.0, 3.90625e-05, 0.0, 0.61501953125, 0.604365234375, 0.0, 0.605068359375, 0.016484375, 0.014443359375]","[0.044072265625, 0.0213671875, 0.0, 0.0, 0.004384765625, 0.5551171875, 0.0, 6.8359375e-05, 9.765625e-06, 0.0, 0.0, 0.0, 3.90625e-05, 0.0, 0.518671875, 0.527958984375, 0.0, 0.3053125, 0.014833984375, 0.013193359375]"
formal,6,privilege_gru,5,6,716800,716800,614400,0.0007986139916101864,0.09969303272664547,"[0.1278553418815136, 0.11153711564838886, 0.09969343338161707, 0.09326894814148545, 0.06611032458022237]",0.09659177461384562,0.04821409943601084,0.7697233077817162,0.8875337861254194,0.1460083699851766,0.06754218352169397,0.04717517924251461,0.02888601535032774,0.729129849559282,0.8747091689592761,0.7415245926448742,0.8657917354032945,0.049022616417869355,0.5567758270769104,0.08639768869562203,0.645196044809856,0.05028854402597062,0.7406477332115173,0.021254882325592916,0.043046873062849045,21.991636961698532,47.604278564453125,1.6826438799500465,3.7468793392181396,243.0964489470025,53.34902911399695,152.92845253300038,40,67,42,3.6332499999999626,149,682.771812080537,-0.06432076415756463,3.994361815556349,0.3963088508396453,0.464719474530079,0.08504246711814487,0.04280167771951381,0.34240288923324275,0.1303220791285355,-0.5369127516778524,-0.000132980841490534,85,-0.5011160431500087,3.2688819738160753,64,0.5157979657542752,4.957889730367651,/home/haowei/Documents/End2Race/post-trained/ppo_privilege_gru_0721_clip020/checkpoints/actor_u0006.pth,/home/haowei/Documents/End2Race/post-trained/ppo_privilege_gru_0721_clip020/checkpoints/critic_u0006.pt,clip_020,privilege_gru / clip0.20,0.2684563758389262,0.44966442953020136,"[-0.7158960700035095, -1.0, -0.9264934659004211, -0.9376539587974548, -0.9999999403953552, -0.8348061442375183, 0.0, -1.0, -1.0, 2.5430919916099844e-20, 4.334719283413497e-19, 0.0, -1.0, -0.5689517259597778, -0.5181280970573425, -0.20528259873390198, -0.9358149170875549, 0.35249173641204834, -1.0, -1.0]","[1.0, 1.0, 0.2839473485946655, 0.880558431148529, 0.9999998807907104, 1.0, 0.7631985545158386, 1.0, 1.0, 0.9745015501976013, 0.9867131114006042, 0.81760573387146, 1.0, 0.4856698513031006, 1.0, 1.0, 0.9050077199935913, 1.0, 1.0, 1.0]","[-0.03179669380187988, -0.032692305743694305, -0.12441819906234741, 0.02039862424135208, 0.03510432690382004, 0.8992264270782471, 0.5005470514297485, -0.012728576548397541, 0.001231775851920247, 0.6582791209220886, 0.49683287739753723, 0.7736418843269348, -0.014052396640181541, 0.0038794856518507004, 0.8887441158294678, 0.9002190232276917, -0.0009431440266780555, 0.9395191669464111, -0.008962034247815609, -0.013746384531259537]","[0.40075212717056274, 0.41530412435531616, 0.17427542805671692, 0.2416730374097824, 0.3545180857181549, 0.2543488144874573, 0.15714839100837708, 0.1723039448261261, 0.1651010513305664, 0.26900723576545715, 0.3001960217952728, 0.042176760733127594, 0.20134271681308746, 0.0823659598827362, 0.1818011850118637, 0.17071445286273956, 0.3356178402900696, 0.06883591413497925, 0.3813943862915039, 0.38542503118515015]","[0.0, 0.039228515625, 0.0, 0.0, 4.8828125e-05, 0.0, 0.0, 0.000166015625, 0.000126953125, 0.049326171875, 0.109375, 7.8125e-05, 0.001689453125, 0.0, 0.0, 0.0, 0.0, 0.0, 0.0456640625, 0.049521484375]","[0.068798828125, 0.02767578125, 0.0, 0.0, 3.90625e-05, 0.0160546875, 0.0, 9.765625e-05, 6.8359375e-05, 0.0, 0.0, 0.0, 3.90625e-05, 0.0, 0.46470703125, 0.5353125, 0.0, 0.001806640625, 0.02064453125, 0.019375]","[0.07337890625, 0.02947265625, 0.0, 0.0, 0.01423828125, 0.72501953125, 0.0, 0.000146484375, 0.00017578125, 0.036884765625, 0.03095703125, 0.0, 0.000107421875, 0.0, 0.58263671875, 0.64048828125, 0.0, 0.59884765625, 0.02306640625, 0.021494140625]","[0.069736328125, 0.027958984375, 0.0, 0.0, 0.004326171875, 0.55498046875, 0.0, 9.765625e-05, 8.7890625e-05, 0.0, 0.0, 0.0, 9.765625e-05, 0.0, 0.48951171875, 0.55828125, 0.0, 0.29248046875, 0.02103515625, 0.0198828125]"
formal,7,privilege_gru,6,7,819200,819200,716800,0.0028893281376807245,0.07541507603600621,"[0.1058192141354084, 0.08600316103547812, 0.06762566929683089, 0.06402046605944633, 0.05360686965286732]",0.08195744265117638,0.04302192863083116,0.7422502400193662,0.8706210190711723,0.12498414663637884,0.06496884997784609,0.038930738665973914,0.021075007283816238,0.6641773131351757,0.8368007272250637,0.7652128688313199,0.8631771323677325,0.11801785453704725,0.4990239417050898,0.07308553093087085,0.5629580486215366,0.3147614167039865,4.324038505554199,0.07032714691013098,0.21203124523162842,29.20403379201889,82.48069763183594,0.8208258297294379,2.2253904342651367,229.27466419100165,47.67207004800002,150.04060385000048,32,63,49,3.871874999999956,144,708.2638888888889,0.028495948720744877,3.092915781605975,0.43009794209258817,0.4443779125613575,0.06839083558929951,0.034404664090791154,0.36101164400318386,0.1118021217242421,-0.4444444444444444,0.00012662743776344825,79,-0.3511306344440972,2.351376605115431,65,0.48988825749032217,3.994171088417559,/home/haowei/Documents/End2Race/post-trained/ppo_privilege_gru_0721_clip020/checkpoints/actor_u0007.pth,/home/haowei/Documents/End2Race/post-trained/ppo_privilege_gru_0721_clip020/checkpoints/critic_u0007.pt,clip_020,privilege_gru / clip0.20,0.2222222222222222,0.4375,"[-0.7167128324508667, -1.0, -0.9940757155418396, -1.0, -1.0, -0.9985910654067993, 0.0, -1.0, -1.0, 7.164286248564785e-20, 4.449991399567342e-18, 0.0, -1.0, -0.735557496547699, -0.5398932099342346, -0.4719401001930237, -0.9822530150413513, 0.18756075203418732, -1.0, -1.0]","[1.0, 1.0, 0.32918041944503784, 1.0, 0.9999999403953552, 1.0, 0.7729125022888184, 1.0, 1.0, 0.9763935804367065, 0.9862979650497437, 0.8200663328170776, 0.9166865348815918, 0.6546388864517212, 1.0, 1.0, 0.9048444628715515, 1.0, 1.0, 1.0]","[-0.08164861798286438, -0.05850856006145477, -0.1059413030743599, 0.023393018171191216, 0.037190426141023636, 0.9023347496986389, 0.5049130320549011, -0.018480682745575905, 0.0022594165056943893, 0.6576507687568665, 0.4926237165927887, 0.7730588316917419, -0.020927002653479576, 0.004701218102127314, 0.8879601955413818, 0.9040316939353943, -0.0051299710758030415, 0.9423691630363464, -0.024799861013889313, -0.0293765589594841]","[0.3640250563621521, 0.3939100503921509, 0.16555842757225037, 0.24698619544506073, 0.34240397810935974, 0.25962451100349426, 0.15843214094638824, 0.16971278190612793, 0.16481271386146545, 0.26181721687316895, 0.2891300618648529, 0.04488980025053024, 0.19931560754776, 0.08242131024599075, 0.1876835972070694, 0.15903131663799286, 0.3274233937263489, 0.06902439892292023, 0.37895652651786804, 0.38377004861831665]","[0.0, 0.037001953125, 0.0, 0.000263671875, 7.8125e-05, 0.0, 0.0, 0.000380859375, 0.00021484375, 0.049345703125, 0.11224609375, 0.000107421875, 0.00166015625, 0.0, 0.0, 0.0, 0.0, 0.0, 0.049833984375, 0.053759765625]","[0.037529296875, 0.017666015625, 0.0, 0.000283203125, 6.8359375e-05, 0.01609375, 0.0, 9.765625e-05, 1.953125e-05, 0.0, 0.0, 0.0, 0.0, 0.0, 0.479384765625, 0.520625, 0.0, 0.001689453125, 0.014521484375, 0.0141015625]","[0.04203125, 0.01912109375, 0.0, 0.000322265625, 0.01462890625, 0.72033203125, 0.0, 0.000107421875, 0.0001171875, 0.016533203125, 0.01908203125, 0.0, 0.0, 0.0, 0.586962890625, 0.623271484375, 0.0, 0.62060546875, 0.016376953125, 0.0156640625]","[0.0383984375, 0.0178515625, 0.0, 0.000283203125, 0.00552734375, 0.560546875, 0.0, 0.000107421875, 3.90625e-05, 0.0, 0.0, 0.0, 0.0, 0.0, 0.501240234375, 0.5433203125, 0.0, 0.305361328125, 0.014794921875, 0.014482421875]"
formal,8,privilege_gru,7,8,921600,921600,819200,0.0028213245534152165,0.06887113759294153,"[0.09361851401627064, 0.0880244285799563, 0.06385593535378575, 0.048473712988197803, 0.050383097026497126]",0.07926832478710233,0.05285393217478451,0.7600113955026977,0.8611974585049719,0.12529479830455217,0.06938292769090108,0.03324185126965252,0.03632493665866794,0.6944575050029643,0.8430741200933691,0.7720821041771079,0.7960468944848647,0.17967490967562638,0.5949617402230997,0.09507065226724536,0.5737736898206856,0.06930909411225003,0.8155558109283447,0.06475585850421339,0.12812499701976776,29.81094738841057,62.559017181396484,0.821622097119689,2.12957763671875,228.67149838800105,52.44283431800068,151.36079108600097,38,55,55,3.8339473684210112,148,693.0337837837837,-0.05279428571953106,3.1141014454271114,0.4143989655098696,0.44666864131264183,0.09244803426604521,0.044102030085041856,0.34638834890126025,0.11417499235396047,-0.5135135135135135,0.00015588653876171609,84,-0.4673041060450406,2.304182118118621,64,0.49124985345770034,4.177120562519505,/home/haowei/Documents/End2Race/post-trained/ppo_privilege_gru_0721_clip020/checkpoints/actor_u0008.pth,/home/haowei/Documents/End2Race/post-trained/ppo_privilege_gru_0721_clip020/checkpoints/critic_u0008.pt,clip_020,privilege_gru / clip0.20,0.25675675675675674,0.3716216216216216,"[-0.6702504754066467, -1.0, -1.0, -1.0, -0.9999999403953552, -0.9999998211860657, 0.0, -1.0, -1.0, 1.1229377481016556e-19, 1.5301435125189672e-18, 0.0, -1.0, -0.5777551531791687, -0.5135997533798218, -0.6751492619514465, -0.959565281867981, 0.28148624300956726, -1.0, -1.0]","[1.0, 1.0, 0.2413410097360611, 0.8850379586219788, 0.9999998807907104, 1.0, 0.7563274502754211, 1.0, 1.0, 0.97320955991745, 0.9880902767181396, 0.8206825256347656, 0.9930770993232727, 0.5210649371147156, 1.0, 1.0, 0.9099470376968384, 1.0, 1.0, 1.0]","[-0.04484538733959198, -0.004679666832089424, -0.11821760982275009, -0.01211782731115818, -0.016087010502815247, 0.8846527934074402, 0.5000871419906616, -0.025990044698119164, 0.0022839875891804695, 0.6417831182479858, 0.4871087968349457, 0.7719293236732483, -0.032817594707012177, 0.003497807774692774, 0.8975925445556641, 0.8969555497169495, 0.003503716317936778, 0.9404039978981018, -0.04829435795545578, -0.05465933308005333]","[0.39372727274894714, 0.4151659905910492, 0.1795714944601059, 0.24710093438625336, 0.35042229294776917, 0.3074823319911957, 0.1542501449584961, 0.17539824545383453, 0.16680866479873657, 0.2798440456390381, 0.306609183549881, 0.0557740293443203, 0.207153782248497, 0.08381772041320801, 0.1786755472421646, 0.1673203408718109, 0.3327353000640869, 0.07040680944919586, 0.3730308413505554, 0.37842410802841187]","[0.0, 0.03623046875, 0.001513671875, 0.00017578125, 9.765625e-05, 1.953125e-05, 0.0, 0.00029296875, 0.000146484375, 0.061708984375, 0.11259765625, 0.000458984375, 0.002587890625, 0.0, 0.0, 0.0, 0.0, 0.0, 0.056044921875, 0.06099609375]","[0.064345703125, 0.040703125, 0.0, 0.0, 4.8828125e-05, 0.02015625, 0.0, 5.859375e-05, 0.000400390625, 0.0, 0.0, 0.0, 0.0, 0.0, 0.488349609375, 0.511650390625, 0.0, 0.001572265625, 0.013935546875, 0.013154296875]","[0.0700390625, 0.041591796875, 0.0, 0.0, 0.009716796875, 0.716630859375, 0.0, 0.000146484375, 0.0006640625, 0.020048828125, 0.047197265625, 0.0, 4.8828125e-05, 0.0, 0.617685546875, 0.617138671875, 0.0, 0.61642578125, 0.015517578125, 0.01458984375]","[0.065322265625, 0.040927734375, 0.0, 0.0, 0.00408203125, 0.5825, 0.0, 7.8125e-05, 0.0004296875, 0.0, 0.0, 0.0, 1.953125e-05, 0.0, 0.5144140625, 0.536328125, 0.0, 0.28888671875, 0.01419921875, 0.013544921875]"
formal,9,privilege_gru,8,9,1024000,1024000,921600,0.0012278605983419566,0.0766034265048802,"[0.1247838675044477, 0.08934139925986528, 0.06895046727731824, 0.0575998779386282, 0.04234152054414153]",0.07739653519687431,0.038077158039884346,0.7825136861912508,0.9099531331249163,0.12147707886365618,0.048569189199859225,0.03331599153009244,0.027585126879909442,0.6966932562973189,0.8889957542578762,0.7976310903095206,0.8761414769891439,0.14160689502280177,0.5778994241484752,0.22223764567302168,0.592165571328908,0.006748587795882485,0.022768659517169,0.06137206935090944,0.1385156214237213,24.66961169242859,43.910579681396484,1.0116113990545272,4.166727066040039,225.85582750200047,52.201687369000865,152.21774219299914,25,61,53,4.351999999999949,139,734.3884892086331,0.14864474625308854,4.035383460370116,0.46656158991075053,0.4309926204697227,0.05832200766836503,0.029041127090309215,0.37702115641432904,0.1313048417809709,-0.3597122302158273,3.097827361598436e-05,75,-0.20410399235871998,2.833164918062244,64,0.5620221743138017,5.444233314637153,/home/haowei/Documents/End2Race/post-trained/ppo_privilege_gru_0721_clip020/checkpoints/actor_u0009.pth,/home/haowei/Documents/End2Race/post-trained/ppo_privilege_gru_0721_clip020/checkpoints/critic_u0009.pt,clip_020,privilege_gru / clip0.20,0.17985611510791366,0.43884892086330934,"[-0.6745705008506775, -1.0, -1.0, -1.0, -0.9999999403953552, -0.991427481174469, 0.0, -1.0, -1.0, 2.838802695184384e-19, 1.4159884520835866e-18, 0.04303606599569321, -1.0, -0.6347788572311401, -0.6066051125526428, -0.5737875699996948, -0.9463034868240356, 0.32327958941459656, -1.0, -1.0]","[1.0, 1.0, 0.26740437746047974, 0.9020333886146545, 1.0, 1.0, 0.7717887759208679, 1.0, 1.0, 0.9793316125869751, 0.9881761074066162, 0.8154671788215637, 1.0, 0.5749909281730652, 1.0, 1.0, 0.8952011466026306, 1.0, 1.0, 1.0]","[-0.04797741770744324, -0.04372987896203995, -0.12067195028066635, 0.00847536139190197, 0.02003399282693863, 0.8939746618270874, 0.5146957039833069, -0.007900204509496689, 0.0013677484821528196, 0.6710435748100281, 0.52691650390625, 0.7682059407234192, -0.008343910798430443, 0.0009077512659132481, 0.8733289241790771, 0.9008625149726868, -0.00695414375513792, 0.9401935338973999, -0.001143480185419321, -0.0039296699687838554]","[0.3998033106327057, 0.42997732758522034, 0.17659448087215424, 0.25881510972976685, 0.35732483863830566, 0.27009809017181396, 0.15535397827625275, 0.17062270641326904, 0.16810858249664307, 0.2571442425251007, 0.2907490134239197, 0.05218062922358513, 0.19642561674118042, 0.0864889994263649, 0.2014557421207428, 0.17523348331451416, 0.33350804448127747, 0.06945338100194931, 0.37566524744033813, 0.37727952003479004]","[0.0, 0.039140625, 0.000693359375, 0.000263671875, 0.000166015625, 0.0, 0.0, 0.00033203125, 3.90625e-05, 0.0402734375, 0.09810546875, 0.0, 0.002099609375, 0.0, 0.0, 0.0, 0.0, 0.0, 0.04166015625, 0.04435546875]","[0.062685546875, 0.035126953125, 0.0, 0.0, 3.90625e-05, 0.0150390625, 0.0, 0.0001953125, 8.7890625e-05, 0.0, 0.0, 0.0, 4.8828125e-05, 0.0, 0.458876953125, 0.5411328125, 0.0, 0.002109375, 0.01794921875, 0.0159375]","[0.06767578125, 0.035947265625, 0.0, 0.0, 0.009716796875, 0.70412109375, 0.0, 0.000283203125, 0.000498046875, 0.029453125, 0.031494140625, 0.0, 0.00021484375, 0.0, 0.57232421875, 0.64404296875, 0.0, 0.60638671875, 0.02005859375, 0.017734375]","[0.0636328125, 0.035283203125, 0.0, 0.0, 0.004658203125, 0.538544921875, 0.0, 0.0001953125, 0.000126953125, 0.0, 0.0, 0.0, 0.000166015625, 0.0, 0.48359375, 0.56412109375, 0.0, 0.300380859375, 0.018271484375, 0.016318359375]"
formal,10,privilege_gru,9,10,1126400,1126400,1024000,0.0011082381172673461,0.07644518646411598,"[0.11406041029840708, 0.08385647693648934, 0.06801828742027283, 0.06048391479998827, 0.05580684286542237]",0.09753183078960147,0.0568295671316624,0.7623171047435766,0.9010397594288952,0.16200711142055998,0.08723847782816854,0.0330565501586429,0.026420656435156266,0.6252904095368569,0.8600788659875216,0.7841654396218387,0.8664979951917776,0.276002576363345,0.5894712842305081,0.14832397899701846,0.6399496966370846,0.008013367706153074,0.03135759383440018,0.060585936647839844,0.09648437052965164,31.093632400035858,61.12450408935547,0.9300690654665231,2.958284378051758,221.60355173000062,47.89784580000196,143.9877048189992,39,57,51,4.179743589743543,147,698.6462585034013,-0.06455961446290882,3.1784545559109776,0.405625739996724,0.45510630659928997,0.08886994208506105,0.04142960045610146,0.35145737646603736,0.11486624088894497,-0.5306122448979592,-0.00027098691993207536,82,-0.5354607372251909,1.2104344402007163,65,0.5295002634833548,5.661187624960845,/home/haowei/Documents/End2Race/post-trained/ppo_privilege_gru_0721_clip020/checkpoints/actor_u0010.pth,/home/haowei/Documents/End2Race/post-trained/ppo_privilege_gru_0721_clip020/checkpoints/critic_u0010.pt,clip_020,privilege_gru / clip0.20,0.2653061224489796,0.3877551020408163,"[-0.6640393733978271, -1.0, -1.0, -0.9951795339584351, -0.9999999403953552, -0.8854562640190125, 0.0, -1.0, -1.0, 6.043776534054914e-19, 2.323666662935095e-19, 0.0, -1.0, -1.0, -0.6064928770065308, -0.41244104504585266, -0.9260193705558777, 0.37747594714164734, -1.0, -1.0]","[1.0, 1.0, 0.28274595737457275, 0.9576437473297119, 0.9999976754188538, 1.0, 0.7715813517570496, 1.0, 1.0, 0.973762571811676, 0.9884495139122009, 0.8214278221130371, 0.9930770993232727, 0.48305490612983704, 1.0, 1.0, 0.9146600365638733, 1.0, 1.0, 1.0]","[-0.06718270480632782, -0.001424539485014975, -0.10972309112548828, 0.006895776372402906, 0.007923592813313007, 0.9119316935539246, 0.5030885338783264, -0.01487448439002037, 0.0016195642529055476, 0.641444981098175, 0.505368173122406, 0.7728121876716614, -0.01690523326396942, 0.0027512197848409414, 0.9064774513244629, 0.8860642313957214, 0.01597834751009941, 0.9404885768890381, -0.01591072976589203, -0.02279568649828434]","[0.3783545196056366, 0.4012715518474579, 0.16128982603549957, 0.2487460821866989, 0.3414086103439331, 0.22810813784599304, 0.1524444967508316, 0.1787361055612564, 0.16480571031570435, 0.2820057272911072, 0.28735488653182983, 0.047192610800266266, 0.20652157068252563, 0.08440990746021271, 0.17123429477214813, 0.17685285210609436, 0.33266976475715637, 0.06793911010026932, 0.3868878483772278, 0.39249420166015625]","[0.0, 0.02732421875, 0.00103515625, 0.0, 3.90625e-05, 0.0, 0.0, 0.000400390625, 0.000107421875, 0.059521484375, 0.10060546875, 2.9296875e-05, 0.001416015625, 2.9296875e-05, 0.0, 0.0, 0.0, 0.0, 0.050869140625, 0.055146484375]","[0.055126953125, 0.02185546875, 0.0, 0.0, 0.0, 0.017744140625, 0.0, 0.000205078125, 0.0001171875, 0.0, 0.0, 0.0, 0.0, 0.0, 0.52224609375, 0.47775390625, 0.0, 0.00150390625, 0.021005859375, 0.0205078125]","[0.0602734375, 0.02302734375, 0.0, 5.859375e-05, 0.008837890625, 0.7301953125, 0.0, 0.00025390625, 0.000224609375, 0.025654296875, 0.023115234375, 0.0, 4.8828125e-05, 0.0, 0.63998046875, 0.57771484375, 0.0, 0.610654296875, 0.0234765625, 0.0227734375]","[0.056064453125, 0.022080078125, 0.0, 0.0, 0.002763671875, 0.580341796875, 0.0, 0.000224609375, 0.00013671875, 0.0, 0.0, 0.0, 1.953125e-05, 0.0, 0.545771484375, 0.50087890625, 0.0, 0.280087890625, 0.021435546875, 0.021005859375]"
formal,11,privilege_gru,10,11,1228800,1228800,1126400,-7.960530660033882e-05,0.10509508242830634,"[0.12084691040217876, 0.10371083579957485, 0.09460365306586027, 0.1065472555346787, 0.09976675733923912]",0.10073771584486481,0.05171748605397388,0.7636382714037331,0.8897815104273449,0.16224492415073033,0.06472417773821601,0.03923050753899929,0.03871079436973175,0.6753684200381904,0.8682922278206848,0.7007444189824086,0.802299518640584,0.10048174571225417,0.5839084588130754,0.17092965914295405,0.6513056430956422,0.1898679758283106,1.4947259426116943,0.029750976060313405,0.07710937410593033,15.485576122999191,42.76587677001953,1.647006930783391,3.9695851802825928,216.47984284099948,53.05055369599722,152.8861553780007,39,59,50,4.375128205128154,148,704.4797297297297,-0.060563248988049004,2.8856516033291015,0.4580539788218207,0.44322176077744047,0.08048307446348484,0.03954952120791745,0.3571755211447373,0.10901248678227914,-0.527027027027027,0.00027577011196158757,83,-0.49506739981642295,1.9987816906210525,65,0.49426512822356694,4.0181162610947645,/home/haowei/Documents/End2Race/post-trained/ppo_privilege_gru_0721_clip020/checkpoints/actor_u0011.pth,/home/haowei/Documents/End2Race/post-trained/ppo_privilege_gru_0721_clip020/checkpoints/critic_u0011.pt,clip_020,privilege_gru / clip0.20,0.2635135135135135,0.39864864864864863,"[-0.6590283513069153, -1.0, -1.0, -0.9902142882347107, -1.0, -0.967261016368866, 0.0, -1.0, -1.0, 3.8202835112515223e-19, 2.497874684290065e-17, 0.0, -1.0, -0.6078776121139526, -0.4841056764125824, -0.8797832131385803, -0.9999942779541016, -0.20590610802173615, -1.0, -1.0]","[1.0, 1.0, 0.2758716642856598, 0.8851364254951477, 0.9999999403953552, 1.0, 0.7619230151176453, 1.0, 1.0, 0.9750341176986694, 0.985025942325592, 0.8180344700813293, 1.0, 0.4815990924835205, 1.0, 1.0, 0.919622540473938, 1.0, 1.0, 1.0]","[-0.0756661593914032, -0.022111529484391212, -0.10576507449150085, -0.007638703566044569, -0.008267064578831196, 0.9009101986885071, 0.5045206546783447, -0.014904038049280643, 0.0030768318101763725, 0.6471089124679565, 0.49533575773239136, 0.7705388069152832, -0.01854139007627964, 0.0011980499839410186, 0.8864497542381287, 0.9036579728126526, -0.006079795304685831, 0.9409881830215454, -0.017112670466303825, -0.021829232573509216]","[0.35613545775413513, 0.41381797194480896, 0.16241760551929474, 0.2529846727848053, 0.35129016637802124, 0.2551253139972687, 0.15358847379684448, 0.17553181946277618, 0.1687556505203247, 0.2700555920600891, 0.30480337142944336, 0.04810991510748863, 0.20569472014904022, 0.08730052411556244, 0.18657484650611877, 0.1712580919265747, 0.3312527537345886, 0.06956513971090317, 0.3843092918395996, 0.38806962966918945]","[0.0, 0.032119140625, 0.000771484375, 0.0, 5.859375e-05, 0.0, 0.0, 0.00025390625, 1.953125e-05, 0.054580078125, 0.117255859375, 3.90625e-05, 0.003046875, 0.0, 0.0, 0.0, 0.0, 0.0, 0.046103515625, 0.050107421875]","[0.040771484375, 0.031123046875, 0.0, 0.0, 1.953125e-05, 0.016171875, 0.0, 0.000146484375, 0.00025390625, 0.0, 0.0, 0.0, 5.859375e-05, 0.0, 0.454951171875, 0.54505859375, 0.0, 0.001708984375, 0.016474609375, 0.015625]","[0.04443359375, 0.0328125, 0.0, 0.0, 0.0088671875, 0.71640625, 0.0, 0.0003125, 0.000517578125, 0.01306640625, 0.026259765625, 0.0, 0.00017578125, 0.0, 0.58263671875, 0.65140625, 0.0, 0.618271484375, 0.01865234375, 0.01740234375]","[0.04150390625, 0.031435546875, 0.0, 0.0, 0.003857421875, 0.5521484375, 0.0, 0.00017578125, 0.00029296875, 0.0, 0.0, 0.0, 0.000126953125, 0.0, 0.480830078125, 0.569912109375, 0.0, 0.290498046875, 0.0168359375, 0.016025390625]"
formal,12,privilege_gru,11,12,1331200,1331200,1228800,5.077442530820875e-05,0.077243856433779,"[0.0927341696806252, 0.08151824586093426, 0.08125758543610573, 0.0638737203553319, 0.06683556083589792]",0.08850775386153822,0.04408241988252146,0.7891560954182129,0.8950753787851853,0.13219776484424217,0.06108641318059149,0.04481774287883429,0.027078426584451417,0.7325293769083812,0.877557810582639,0.7734909548011797,0.8693462120823497,0.1446080947075859,0.5949055442095534,0.1514904349946505,0.6478292577107587,0.0029572557050414616,0.005384531337767839,0.02577636680143769,0.05921874940395355,15.120985269546509,40.51194763183594,0.9737824395298957,2.0199241638183594,239.11545828399903,48.03825193400189,148.38463354099804,39,51,60,3.3379487179486844,150,678.7866666666666,-0.07954434085464027,2.7389573560986022,0.41674766559893844,0.4541786082430718,0.09528272064236805,0.038680055538667706,0.3341894858254624,0.10621102856569598,-0.52,5.514475420141716e-05,85,-0.4641370223369333,1.5689144669964672,65,0.4233845503145121,4.269013441847548,/home/haowei/Documents/End2Race/post-trained/ppo_privilege_gru_0721_clip020/checkpoints/actor_u0012.pth,/home/haowei/Documents/End2Race/post-trained/ppo_privilege_gru_0721_clip020/checkpoints/critic_u0012.pt,clip_020,privilege_gru / clip0.20,0.26,0.34,"[-0.7261475920677185, -1.0, -0.9326062202453613, -0.9735153317451477, -1.0, -0.9871089458465576, 0.0, -1.0, -0.9422010183334351, 5.0542229521971415e-19, 2.9500985024348987e-18, 0.0, -1.0, -0.5271394848823547, -0.66596519947052, -0.3010532259941101, -0.9153879880905151, 0.4025728106498718, -1.0, -1.0]","[1.0, 1.0, 0.2536482512950897, 1.0, 0.9999987483024597, 1.0, 0.7716589570045471, 1.0, 1.0, 0.9738917946815491, 0.9874531626701355, 0.8175931572914124, 1.0, 0.4968520700931549, 1.0, 1.0, 0.9095028042793274, 1.0, 1.0, 1.0]","[-0.07569460570812225, 0.004393304698169231, -0.10215350985527039, 0.004125688690692186, 0.011898373253643513, 0.9113796353340149, 0.4884812831878662, -0.018583064898848534, 0.0006844967720098794, 0.640208899974823, 0.4783354699611664, 0.7704290151596069, -0.02078111656010151, 0.004705375526100397, 0.896736204624176, 0.8957571983337402, 0.0029441891238093376, 0.9406801462173462, -0.025130953639745712, -0.03150689974427223]","[0.3625572621822357, 0.37925052642822266, 0.16048254072666168, 0.2258615791797638, 0.330940306186676, 0.24490554630756378, 0.1594521701335907, 0.16807880997657776, 0.15505573153495789, 0.2742898464202881, 0.2886117398738861, 0.05105553939938545, 0.20051375031471252, 0.07515516132116318, 0.17604497075080872, 0.17176008224487305, 0.33251821994781494, 0.06788889318704605, 0.379104346036911, 0.384876549243927]","[0.0, 0.027705078125, 0.0, 0.0, 4.8828125e-05, 0.0, 0.0, 0.00046875, 0.0, 0.05099609375, 0.109599609375, 1.953125e-05, 0.00185546875, 0.0, 0.0, 0.0, 0.0, 0.0, 0.05431640625, 0.058232421875]","[0.044326171875, 0.022861328125, 0.0, 0.0002734375, 0.0, 0.01939453125, 0.0, 6.8359375e-05, 0.00021484375, 0.0, 0.0, 0.0, 2.9296875e-05, 0.0, 0.48830078125, 0.51169921875, 0.0, 0.001650390625, 0.0187890625, 0.017685546875]","[0.049208984375, 0.023740234375, 0.0, 0.000322265625, 0.00826171875, 0.745712890625, 0.0, 0.000166015625, 0.000556640625, 0.020126953125, 0.02244140625, 0.0, 0.000107421875, 0.0, 0.60912109375, 0.617724609375, 0.0, 0.604853515625, 0.021025390625, 0.019677734375]","[0.045341796875, 0.023037109375, 0.0, 0.0002734375, 0.0038671875, 0.59923828125, 0.0, 7.8125e-05, 0.000234375, 0.0, 0.0, 0.0, 9.765625e-05, 0.0, 0.5129296875, 0.536181640625, 0.0, 0.281357421875, 0.019208984375, 0.018125]"
formal,13,privilege_gru,12,13,1433600,1433600,1331200,0.001168560705136823,0.09749685903079808,"[0.14856148697435856, 0.12019586097449064, 0.08635863056406379, 0.07286056852899492, 0.05950774811208248]",0.11539061198937621,0.04738330033573102,0.6930492501830925,0.8739948912912631,0.16572889328431178,0.06316602452087992,0.06505233069444058,0.031600576150582114,0.5846195930479873,0.8417016537385473,0.6664290492068453,0.8382445972874193,0.11416577423507704,0.5596181626043676,0.12162510065990773,0.6128630440001542,0.10364341650973075,1.402037262916565,0.07514160027494654,0.1720312535762787,27.02546301484108,63.32018280029297,0.9594479966908693,2.6909584999084473,232.24397188100193,51.12604607400135,145.466806198001,40,63,45,3.79274999999996,148,686.2905405405405,-0.08820304403353514,2.976752070810877,0.37531184170107784,0.44734476229014336,0.08816868492971097,0.04125469059601064,0.34138881799761006,0.11067464331685696,-0.5405405405405406,0.0002740351925383926,82,-0.4084330785525374,2.536632189992019,66,0.30965851400522515,3.5235676803130938,/home/haowei/Documents/End2Race/post-trained/ppo_privilege_gru_0721_clip020/checkpoints/actor_u0013.pth,/home/haowei/Documents/End2Race/post-trained/ppo_privilege_gru_0721_clip020/checkpoints/critic_u0013.pt,clip_020,privilege_gru / clip0.20,0.2702702702702703,0.42567567567567566,"[-0.7427867650985718, -1.0, -0.9822146892547607, -1.0, -1.0, -0.9989340305328369, 0.0, -1.0, -1.0, 1.531177591682235e-18, 1.4342811377398905e-18, 0.0, -1.0, -0.6369151473045349, -0.5868526697158813, -0.5431308150291443, -0.9137146472930908, 0.40635642409324646, -1.0, -1.0]","[1.0, 1.0, 0.3332483768463135, 0.8667773008346558, 0.9999999403953552, 1.0, 0.7720935940742493, 1.0, 1.0, 0.9788923263549805, 0.9884057641029358, 0.8204498291015625, 1.0, 0.4562094807624817, 1.0, 1.0, 0.9108331799507141, 1.0, 1.0, 1.0]","[-0.08193229883909225, -0.071653813123703, -0.10849954932928085, 0.024127356708049774, 0.037813711911439896, 0.9028374552726746, 0.49729853868484497, -0.014054609462618828, 0.0035392730496823788, 0.63170325756073, 0.4994345009326935, 0.7697039246559143, -0.0158524289727211, 0.002520224079489708, 0.8822977542877197, 0.9003267884254456, -0.00017189030768349767, 0.9393695592880249, -0.01597486063838005, -0.021423382684588432]","[0.34221151471138, 0.39759212732315063, 0.16880914568901062, 0.23994897305965424, 0.33664655685424805, 0.26517602801322937, 0.15108346939086914, 0.17480838298797607, 0.16327762603759766, 0.27478402853012085, 0.29264387488365173, 0.054119665175676346, 0.20086465775966644, 0.08419539779424667, 0.19397975504398346, 0.17456309497356415, 0.33598312735557556, 0.06933347880840302, 0.37942445278167725, 0.3828323185443878]","[0.0, 0.0381640625, 0.0, 0.000166015625, 0.000146484375, 0.0, 0.0, 0.000439453125, 7.8125e-05, 0.06099609375, 0.106533203125, 0.0004296875, 0.0013671875, 0.0, 0.0, 0.0, 0.0, 0.0, 0.050302734375, 0.0534375]","[0.035517578125, 0.01833984375, 0.0, 0.0, 2.9296875e-05, 0.01759765625, 0.0, 6.8359375e-05, 0.000107421875, 0.0, 0.0, 0.0, 2.9296875e-05, 0.0, 0.45119140625, 0.54880859375, 0.0, 0.001689453125, 0.017744140625, 0.016181640625]","[0.03916015625, 0.01966796875, 0.0, 0.0, 0.014150390625, 0.74091796875, 0.0, 9.765625e-05, 0.000185546875, 0.014306640625, 0.026884765625, 0.0, 0.00013671875, 0.0, 0.570302734375, 0.648388671875, 0.0, 0.598203125, 0.01962890625, 0.017890625]","[0.036220703125, 0.018603515625, 0.0, 0.0, 0.003701171875, 0.578916015625, 0.0, 6.8359375e-05, 0.0001171875, 0.0, 0.0, 0.0, 0.000126953125, 0.0, 0.475498046875, 0.571728515625, 0.0, 0.284052734375, 0.018046875, 0.0165234375]"
formal,14,privilege_gru,13,14,1536000,1536000,1433600,0.00032182743971131966,0.07222959948703647,"[0.08703361451625824, 0.07264303974807262, 0.06974359136074781, 0.08166549168527126, 0.05006226012483239]",0.08203426128802181,0.05760042303202609,0.7740010491233156,0.8935340880323723,0.12433885589179886,0.08582625257817852,0.039729666684244797,0.029374593485873637,0.6943760334072209,0.8577124685140508,0.8135377787191107,0.9128791246746915,0.24072582763629755,0.5537890069490692,0.10117044665967001,0.5984088868950852,0.0679773408389883,0.956183671951294,0.02370117139071226,0.04984374716877937,20.3956738114357,54.761390686035156,0.9148300610482692,2.6760735511779785,230.9588427000017,47.24452751799981,149.53843839599722,37,55,54,3.7524324324323928,146,692.3561643835617,-0.0725442532816148,2.1111605454216025,0.4260025632920337,0.44566278503029305,0.08131416797215071,0.03877262103964687,0.343017427171949,0.09179137651689476,-0.5068493150684932,-0.0005037419019652934,81,-0.47294184977589115,1.330853374009475,65,0.42641275158048336,3.083543328258253,/home/haowei/Documents/End2Race/post-trained/ppo_privilege_gru_0721_clip020/checkpoints/actor_u0014.pth,/home/haowei/Documents/End2Race/post-trained/ppo_privilege_gru_0721_clip020/checkpoints/critic_u0014.pt,clip_020,privilege_gru / clip0.20,0.2534246575342466,0.3767123287671233,"[-0.6806483268737793, -1.0, -0.8698686957359314, -1.0, -0.9999997019767761, -0.8095284104347229, 0.0, -1.0, -1.0, 5.092382861805744e-19, 3.5604417824181226e-18, 0.0, -1.0, -0.8822569251060486, -0.572338342666626, -0.1543821394443512, -0.943961501121521, 0.3300555944442749, -1.0, -1.0]","[1.0, 1.0, 0.28235137462615967, 0.9421284198760986, 0.9999998807907104, 1.0, 0.7772578597068787, 1.0, 1.0, 0.9685601592063904, 0.9844972491264343, 0.8172732591629028, 1.0, 0.5698354244232178, 1.0, 1.0, 0.9069695472717285, 1.0, 1.0, 1.0]","[-0.10877599567174911, -0.029636161401867867, -0.09393300116062164, -0.0009662194643169641, -0.003195866709575057, 0.9124906659126282, 0.49250590801239014, -0.019826963543891907, 0.004338318016380072, 0.6434837579727173, 0.4771207571029663, 0.7710660696029663, -0.024127505719661713, 0.0033364894334226847, 0.8915724158287048, 0.8980385065078735, 0.0023216961417347193, 0.9404597282409668, -0.030895955860614777, -0.03664383292198181]","[0.3218569755554199, 0.3855699896812439, 0.14669741690158844, 0.2643897533416748, 0.3486567735671997, 0.21447961032390594, 0.15415653586387634, 0.17962241172790527, 0.1732911914587021, 0.2637292444705963, 0.298818439245224, 0.04849383234977722, 0.21335579454898834, 0.08650949597358704, 0.1883721500635147, 0.16688722372055054, 0.3328040838241577, 0.06959032267332077, 0.3968087434768677, 0.40220776200294495]","[0.0, 0.02177734375, 0.0, 0.000224609375, 3.90625e-05, 0.0, 0.0, 0.00037109375, 9.765625e-05, 0.0512890625, 0.12193359375, 0.000205078125, 0.0027734375, 0.0, 0.0, 0.0, 0.0, 0.0, 0.0522265625, 0.0571875]","[0.02384765625, 0.017666015625, 0.0, 0.0, 9.765625e-06, 0.017197265625, 0.0, 0.00025390625, 0.000244140625, 0.0, 0.0, 0.0, 9.765625e-05, 0.0, 0.472734375, 0.527265625, 0.0, 0.001689453125, 0.015791015625, 0.01625]","[0.026904296875, 0.019345703125, 0.0, 0.0, 0.008251953125, 0.711591796875, 0.0, 0.000283203125, 0.00037109375, 0.008994140625, 0.0111328125, 0.0, 0.00029296875, 0.0, 0.6008203125, 0.626025390625, 0.0, 0.60609375, 0.01791015625, 0.01806640625]","[0.02443359375, 0.0179296875, 0.0, 0.0, 0.003740234375, 0.540849609375, 0.0, 0.000263671875, 0.0002734375, 0.0, 0.0, 0.0, 0.000166015625, 0.0, 0.49775390625, 0.550849609375, 0.0, 0.297978515625, 0.016171875, 0.01666015625]"
formal,15,privilege_gru,14,15,1638400,1638400,1536000,0.001137165406216667,0.06803185166791081,"[0.08971167262643576, 0.07790406653657556, 0.07556380331516266, 0.046850268729031086, 0.050129447132349014]",0.08534360694951891,0.05375203584806248,0.7661057607061437,0.8964536828974066,0.1374827357579187,0.06572539462301605,0.033204478141119174,0.0417786770731089,0.6883473323683444,0.8753462656477974,0.8505705456553896,0.9103403674929912,0.14316315408505076,0.5498322521415266,0.27220120887786836,0.5985862619107319,0.008055403074104107,0.06662382185459137,0.038325194516801275,0.11414062231779099,22.909501314163208,59.41582107543945,0.7195211697369814,1.9960204362869263,227.25032536500294,49.386918936001166,147.74980222399972,29,57,57,3.916896551724095,143,717.1958041958042,0.0700728488423026,3.0646919327868205,0.4326526100610967,0.45124566432128677,0.08122737843120514,0.03517062319133584,0.36337750786250844,0.11221700236228181,-0.40559440559440557,7.274421191799516e-05,78,-0.26420801238152525,2.7564019488769183,65,0.471209882310896,3.4346399134787045,/home/haowei/Documents/End2Race/post-trained/ppo_privilege_gru_0721_clip020/checkpoints/actor_u0015.pth,/home/haowei/Documents/End2Race/post-trained/ppo_privilege_gru_0721_clip020/checkpoints/critic_u0015.pt,clip_020,privilege_gru / clip0.20,0.20279720279720279,0.3986013986013986,"[-0.6725820302963257, -1.0, -0.990239679813385, -1.0, -1.0, -0.9999999403953552, 0.0, -1.0, -1.0, 2.001037996501011e-18, 1.1778150295887431e-17, 0.0, -1.0, -0.7944875955581665, -0.4849407374858856, -0.2357667237520218, -0.9487341642379761, 0.31607508659362793, -1.0, -1.0]","[1.0, 1.0, 0.2622937560081482, 1.0, 1.0, 1.0, 0.8127369284629822, 1.0, 1.0, 0.9741166830062866, 0.9867621064186096, 0.8170989155769348, 0.9930770993232727, 0.5029178857803345, 1.0, 1.0, 0.9104797840118408, 1.0, 1.0, 1.0]","[-0.06439685076475143, -0.010851550847291946, -0.11238832771778107, 0.005366392899304628, 0.00492988433688879, 0.8920788764953613, 0.5050396919250488, -0.009444176219403744, 0.002407258842140436, 0.637159526348114, 0.48465412855148315, 0.7734783291816711, -0.012122946791350842, -0.0005421072710305452, 0.9018110632896423, 0.8945343494415283, 0.003576240735128522, 0.9414478540420532, -0.007485418114811182, -0.012602719478309155]","[0.36717987060546875, 0.40683433413505554, 0.17331166565418243, 0.2710411250591278, 0.3645135164260864, 0.2673978805541992, 0.1523224264383316, 0.17919813096523285, 0.17252372205257416, 0.27277493476867676, 0.3023059368133545, 0.039971303194761276, 0.20682448148727417, 0.09059490263462067, 0.16374225914478302, 0.16855764389038086, 0.3301048278808594, 0.06898810714483261, 0.3964889645576477, 0.39979660511016846]","[0.0, 0.03310546875, 0.0, 0.000224609375, 3.90625e-05, 9.765625e-06, 0.0, 0.000146484375, 8.7890625e-05, 0.052666015625, 0.122333984375, 2.9296875e-05, 0.001630859375, 0.0, 0.0, 0.0, 0.0, 0.0, 0.042978515625, 0.047587890625]","[0.04966796875, 0.031171875, 0.0, 0.00015625, 3.90625e-05, 0.01626953125, 0.0, 0.000185546875, 0.0001171875, 0.0, 0.0, 0.0, 0.0, 0.0, 0.499130859375, 0.500869140625, 0.0, 0.001923828125, 0.02224609375, 0.02091796875]","[0.053876953125, 0.032490234375, 0.0, 0.000244140625, 0.012109375, 0.69701171875, 0.0, 0.0003125, 0.000458984375, 0.025556640625, 0.02828125, 0.0, 0.00015625, 0.0, 0.616044921875, 0.60939453125, 0.0, 0.611708984375, 0.025146484375, 0.02314453125]","[0.050498046875, 0.0314453125, 0.0, 0.000185546875, 0.0048828125, 0.52693359375, 0.0, 0.0001953125, 0.000166015625, 0.0, 0.0, 0.0, 0.000126953125, 0.0, 0.523955078125, 0.5255859375, 0.0, 0.311884765625, 0.022705078125, 0.02138671875]"
formal,16,privilege_gru,15,16,1740800,1740800,1638400,0.00264765776209952,0.06855327924713492,"[0.10008542891591787, 0.07889990974217653, 0.06376130599528551, 0.055029370822012424, 0.04499038076028228]",0.09977640846601457,0.03821713800365337,0.7702590147555242,0.9179161804273095,0.14307575787409643,0.04725125403642307,0.05647705905793275,0.029183021970883672,0.7525492343539635,0.9194807505348305,0.6821865450980129,0.8505184011853779,0.09468942644690656,0.6269171482741666,0.14617500254283414,0.6582502211052279,0.00855985603528097,0.018319686874747276,0.10693359265860636,0.23398436605930328,46.5939858853817,110.15995788574219,0.5100303541868925,1.0660518407821655,244.9424556519989,49.135811381001986,151.41309951800213,49,58,45,4.314489795918315,152,681.1907894736842,-0.1785822816587491,3.4001586398417456,0.3981663112772082,0.456483196842097,0.0924880326142312,0.04391427627611632,0.3472873224973318,0.11840614946636649,-0.6447368421052632,0.00046108848281577387,87,-0.6235642569409998,2.158612148074778,65,0.4170089775651865,5.061920867283687,/home/haowei/Documents/End2Race/post-trained/ppo_privilege_gru_0721_clip020/checkpoints/actor_u0016.pth,/home/haowei/Documents/End2Race/post-trained/ppo_privilege_gru_0721_clip020/checkpoints/critic_u0016.pt,clip_020,privilege_gru / clip0.20,0.3223684210526316,0.3815789473684211,"[-0.8255138993263245, -1.0, -1.0, -1.0, -0.9999997615814209, -0.9784393310546875, 0.0, -1.0, -1.0, 2.833464795294003e-19, 3.633459910220322e-18, 0.0, -1.0, -0.3836542069911957, -0.5774500370025635, -0.5478829145431519, -0.9252346754074097, 0.3793953061103821, -1.0, -1.0]","[1.0, 1.0, 0.2817315459251404, 0.9696524739265442, 0.9999997019767761, 1.0, 0.7777933478355408, 0.8725167512893677, 1.0, 0.975304365158081, 0.9869340658187866, 0.8163023591041565, 0.9930770993232727, 0.490050733089447, 1.0, 1.0, 0.9013211131095886, 1.0, 1.0, 1.0]","[-0.051482025533914566, -0.005159734282642603, -0.11548564583063126, 8.399948274018243e-05, 0.001116100698709488, 0.9117262959480286, 0.5074650645256042, -0.01826482079923153, -0.0011165556497871876, 0.6575422883033752, 0.4898586571216583, 0.7735733985900879, -0.020943202078342438, 0.004034237004816532, 0.8912078142166138, 0.8978900909423828, 0.0025851642712950706, 0.9412708282470703, -0.02533084899187088, -0.030541788786649704]","[0.39454561471939087, 0.4049736261367798, 0.16183598339557648, 0.2502824068069458, 0.3424363136291504, 0.22746318578720093, 0.161443293094635, 0.16830843687057495, 0.1597808599472046, 0.2725848853588104, 0.29497799277305603, 0.04720909893512726, 0.1988178789615631, 0.08108948171138763, 0.18408946692943573, 0.17036710679531097, 0.33048680424690247, 0.06964842975139618, 0.3811185657978058, 0.3838047385215759]","[0.0, 0.03044921875, 0.000263671875, 0.000576171875, 2.9296875e-05, 0.0, 0.0, 0.00033203125, 3.90625e-05, 0.0584765625, 0.105859375, 0.000126953125, 0.001357421875, 0.0, 0.0, 0.0, 0.0, 0.0, 0.050810546875, 0.054189453125]","[0.05998046875, 0.031455078125, 0.0, 0.0, 2.9296875e-05, 0.016923828125, 0.0, 0.0, 4.8828125e-05, 0.0, 0.0, 0.0, 0.0, 0.0, 0.478046875, 0.521962890625, 0.0, 0.001591796875, 0.0160546875, 0.014375]","[0.064638671875, 0.03376953125, 0.0, 0.00037109375, 0.0079296875, 0.722626953125, 0.0, 0.0, 0.0001953125, 0.033115234375, 0.0276953125, 0.0, 9.765625e-06, 0.0, 0.592373046875, 0.626455078125, 0.0, 0.621240234375, 0.018046875, 0.016044921875]","[0.0609375, 0.03189453125, 0.0, 0.0, 0.002548828125, 0.582939453125, 0.0, 0.0, 4.8828125e-05, 0.0, 0.0, 0.0, 9.765625e-06, 0.0, 0.5029296875, 0.545595703125, 0.0, 0.302216796875, 0.016357421875, 0.0146875]"
formal,17,privilege_gru,16,17,1843200,1843200,1740800,0.0033262852064579462,0.05502765658311546,"[0.08430971438065171, 0.06682682503014803, 0.04799191071651876, 0.04250525194220245, 0.03350458084605634]",0.08227069906115808,0.026717183654794953,0.7711631142065452,0.9248477269802142,0.1362029081989154,0.04072103609415187,0.02833848992340076,0.012713331215438042,0.700921297100514,0.9105925126571559,0.7982555304037163,0.8943120682074551,0.16974960032042716,0.5752545566811132,0.18094911272871855,0.5948431114840348,0.18168823996762512,1.3941525220870972,0.11313964461442083,0.3659375011920929,73.84679073095322,176.27940368652344,0.6277978122234344,1.4155784845352173,238.58243183000013,47.19235898799889,147.24097850900216,28,71,40,4.6796428571428,139,733.115107913669,0.13678749622790815,5.302770160776444,0.33913361869184633,0.44647753171962046,0.06912755088392304,0.0364012519060829,0.3827700214906306,0.1566334160662172,-0.4028776978417266,0.0002617565127869619,75,-0.2712677636767719,4.430362466923407,64,0.6149772539287051,6.325122927010472,/home/haowei/Documents/End2Race/post-trained/ppo_privilege_gru_0721_clip020/checkpoints/actor_u0017.pth,/home/haowei/Documents/End2Race/post-trained/ppo_privilege_gru_0721_clip020/checkpoints/critic_u0017.pt,clip_020,privilege_gru / clip0.20,0.2014388489208633,0.5107913669064749,"[-0.724690318107605, -1.0, -1.0, -0.9036898016929626, -0.9999999403953552, -1.0, 0.0, -1.0, -1.0, 1.269125532854517e-18, 7.684161301940967e-18, 0.0826888233423233, -1.0, -0.47461870312690735, -0.6278675198554993, -0.2480756938457489, -0.8972539305686951, 0.3764873147010803, -1.0, -1.0]","[1.0, 1.0, 0.2534308135509491, 0.9442607164382935, 0.9999998807907104, 1.0, 0.7724092602729797, 1.0, 1.0, 0.9769206047058105, 0.9891797304153442, 0.8173729777336121, 1.0, 0.7963868379592896, 1.0, 1.0, 0.9264217615127563, 1.0, 1.0, 1.0]","[-0.008339605294167995, -0.01782515086233616, -0.13652735948562622, 0.017508167773485184, 0.027343006804585457, 0.8827773332595825, 0.5200890898704529, -0.020324936136603355, 0.003830782137811184, 0.6585870385169983, 0.5158839225769043, 0.7724949717521667, -0.02340114116668701, 0.004599291831254959, 0.8948879837989807, 0.8913514018058777, 0.006695997901260853, 0.9411711692810059, -0.027279801666736603, -0.03202053904533386]","[0.41864266991615295, 0.42830780148506165, 0.18422538042068481, 0.2540093958377838, 0.36654824018478394, 0.29292789101600647, 0.1582901030778885, 0.17753100395202637, 0.16898022592067719, 0.2771638333797455, 0.2961302697658539, 0.04552629590034485, 0.20600640773773193, 0.0868833065032959, 0.17426365613937378, 0.17712369561195374, 0.33101686835289, 0.06825143098831177, 0.3743261992931366, 0.378375768661499]","[0.0, 0.04470703125, 0.000205078125, 0.0, 4.8828125e-05, 9.765625e-06, 0.0, 0.000244140625, 2.9296875e-05, 0.06240234375, 0.10791015625, 0.0, 0.00185546875, 0.0, 0.0, 0.0, 0.0, 0.0, 0.052099609375, 0.055751953125]","[0.07439453125, 0.032529296875, 0.0, 0.0, 3.90625e-05, 0.0167578125, 0.0, 6.8359375e-05, 0.000380859375, 0.0, 0.0, 0.0, 0.000146484375, 0.0, 0.47515625, 0.52484375, 0.0, 0.001611328125, 0.013994140625, 0.013837890625]","[0.0799609375, 0.03423828125, 0.0, 0.0, 0.015283203125, 0.70326171875, 0.0, 8.7890625e-05, 0.00068359375, 0.038154296875, 0.038984375, 0.0, 0.000244140625, 0.0, 0.595, 0.617177734375, 0.0, 0.60873046875, 0.015693359375, 0.01521484375]","[0.075390625, 0.032880859375, 0.0, 0.0, 0.004853515625, 0.555166015625, 0.0, 7.8125e-05, 0.000419921875, 0.0, 0.0, 0.0, 0.000224609375, 0.0, 0.498857421875, 0.546796875, 0.0, 0.29458984375, 0.01427734375, 0.014140625]"
formal,18,privilege_gru,17,18,1945600,1945600,1843200,0.00020091197727190035,0.0546844850294292,"[0.0836839098483324, 0.060187723487615585, 0.04711043834686279, 0.042138894787058234, 0.04030145867727697]",0.07851936430474402,0.03197318681904925,0.7987991378572833,0.9247797416244522,0.11235872460450055,0.03946669165698386,0.04468000400498747,0.02447968198111464,0.7607207866701859,0.9200189330228354,0.7953590045166968,0.9016568277993956,0.1448347742257296,0.5774848463298299,0.19938007541997876,0.6208927509437616,0.0883213719302148,0.8166640400886536,0.024770507136963715,0.05414062365889549,14.40217074751854,32.09149932861328,0.5009073570370675,1.1283068656921387,243.05274306700085,50.1335916349999,151.92738017700322,28,77,38,3.9649999999999563,143,720.993006993007,0.13873750367090654,5.4461491382883045,0.35085705840208536,0.45239112162332323,0.07195747490589965,0.032353508551449806,0.37026836466138147,0.16031682077217657,-0.3916083916083916,-0.00023929015425989202,78,-0.19196712824207224,3.521771601105761,65,0.535583061966481,7.755402182907356,/home/haowei/Documents/End2Race/post-trained/ppo_privilege_gru_0721_clip020/checkpoints/actor_u0018.pth,/home/haowei/Documents/End2Race/post-trained/ppo_privilege_gru_0721_clip020/checkpoints/critic_u0018.pt,clip_020,privilege_gru / clip0.20,0.1958041958041958,0.5384615384615384,"[-0.7015304565429688, -1.0, -1.0, -1.0, -1.0, -1.0, 0.0, -1.0, -1.0, 7.476005126502331e-19, 1.0137320711626978e-18, 0.0, -1.0, -0.5364144444465637, -0.5489703416824341, -0.6026664972305298, -0.9760106801986694, 0.21772274374961853, -1.0, -1.0]","[1.0, 1.0, 0.25710031390190125, 0.9040746688842773, 1.0, 1.0, 0.7717715501785278, 0.9825842976570129, 1.0, 0.9763290882110596, 0.9859894514083862, 0.8147635459899902, 0.9166865348815918, 0.5397219061851501, 1.0, 1.0, 0.913470983505249, 1.0, 1.0, 1.0]","[0.023521730676293373, -0.04221361503005028, -0.14718861877918243, 0.011356269009411335, 0.02249336987733841, 0.8626425266265869, 0.5077248215675354, -0.02208375185728073, 0.004632624797523022, 0.6374087929725647, 0.5151149034500122, 0.7746901512145996, -0.02923372946679592, 0.00212158914655447, 0.9084203243255615, 0.8956806063652039, 0.005784276872873306, 0.9418550133705139, -0.03966861218214035, -0.04579244181513786]","[0.41468414664268494, 0.4395999610424042, 0.1949191391468048, 0.24722708761692047, 0.37347906827926636, 0.3406165540218353, 0.1599278599023819, 0.18014325201511383, 0.174605593085289, 0.28098049759864807, 0.2997283339500427, 0.04060948267579079, 0.21101416647434235, 0.0887773334980011, 0.15925399959087372, 0.1653592735528946, 0.32911062240600586, 0.0678970068693161, 0.3886704444885254, 0.39257755875587463]","[0.0, 0.0517578125, 0.001650390625, 9.765625e-05, 1.953125e-05, 9.765625e-06, 0.0, 0.0003515625, 0.000146484375, 0.057841796875, 0.0976953125, 4.8828125e-05, 0.00220703125, 0.0, 0.0, 0.0, 0.0, 0.0, 0.05740234375, 0.061806640625]","[0.07939453125, 0.039921875, 0.0, 0.0, 5.859375e-05, 0.017724609375, 0.0, 0.0, 0.0004296875, 0.0, 0.0, 0.0, 0.0, 0.0, 0.511328125, 0.488701171875, 0.0, 0.001474609375, 0.01689453125, 0.015390625]","[0.08548828125, 0.04087890625, 0.0, 0.0, 0.015751953125, 0.694013671875, 0.0, 2.9296875e-05, 0.000712890625, 0.035244140625, 0.047080078125, 0.0, 0.0, 0.0, 0.630859375, 0.603876953125, 0.0, 0.609296875, 0.0188671875, 0.017099609375]","[0.080654296875, 0.040166015625, 0.0, 0.0, 0.00556640625, 0.547890625, 0.0, 0.0, 0.000498046875, 0.0, 0.0, 0.0, 0.0, 0.0, 0.536650390625, 0.514443359375, 0.0, 0.298720703125, 0.0172265625, 0.015771484375]"
formal,19,privilege_gru,18,19,2048000,2048000,1945600,0.0025982677461979797,0.05753178857266903,"[0.0725778448395431, 0.06485342048108578, 0.05438548792153597, 0.04441357566975057, 0.051428613951429725]",0.07385983710924479,0.04179963892212836,0.8194056118580451,0.9314749764299592,0.11805427454525937,0.05780909846535169,0.02966539967323018,0.025790179378905015,0.7652620265426787,0.916523035217842,0.8463619726671069,0.9253219040974378,0.2323674081636166,0.6137698809325335,0.11496532480283123,0.6394130392609313,0.009363210115407125,0.03982949256896973,0.1043554660573136,0.2430468648672104,61.27368785440922,123.26660919189453,0.8754596672952175,1.9238017797470093,231.0142904940003,51.1969016960029,144.73032308300026,34,66,43,4.336470588235243,143,712.8951048951049,0.02906746764745076,4.58657373221204,0.3536865403119377,0.4579923073069148,0.0770957722974656,0.041313715539573276,0.36138227789227784,0.14299976658521396,-0.4755244755244755,0.0002098986944345987,77,-0.3290961290840823,3.918828996777369,66,0.4469249971675726,5.365609256885819,/home/haowei/Documents/End2Race/post-trained/ppo_privilege_gru_0721_clip020/checkpoints/actor_u0019.pth,/home/haowei/Documents/End2Race/post-trained/ppo_privilege_gru_0721_clip020/checkpoints/critic_u0019.pt,clip_020,privilege_gru / clip0.20,0.23776223776223776,0.46153846153846156,"[-0.6657746434211731, -1.0, -1.0, -0.9900068044662476, -0.9999999403953552, -0.9999992251396179, 0.0, -1.0, -0.9844262599945068, 8.823666909025389e-19, 1.4047919162578278e-19, 0.0, -1.0, -0.5052224397659302, -0.6842427253723145, -0.8412976264953613, -0.976112961769104, 0.21726365387439728, -1.0, -1.0]","[1.0, 1.0, 0.26321378350257874, 1.0, 0.9999998211860657, 1.0, 0.7925553917884827, 1.0, 1.0, 0.9749712347984314, 0.9893158674240112, 0.818655252456665, 1.0, 0.7209317684173584, 1.0, 1.0, 0.9097944498062134, 1.0, 1.0, 1.0]","[-0.015210929326713085, -0.002614340279251337, -0.12925854325294495, 0.010308490134775639, 0.02178995870053768, 0.8879371881484985, 0.5091538429260254, -0.011882007122039795, 0.0007631019689142704, 0.6479549407958984, 0.5044642686843872, 0.7729873061180115, -0.01360633596777916, 0.0014466802822425961, 0.910094678401947, 0.8828139305114746, 0.01376739889383316, 0.9421128630638123, -0.008022226393222809, -0.012239427305758]","[0.40943124890327454, 0.4210272431373596, 0.1859653741121292, 0.2502937912940979, 0.35517460107803345, 0.2918434739112854, 0.1593768149614334, 0.17588961124420166, 0.16614370048046112, 0.27653998136520386, 0.29616180062294006, 0.04127143695950508, 0.20261773467063904, 0.0885925441980362, 0.1590619683265686, 0.18293215334415436, 0.3279319703578949, 0.06889975070953369, 0.38217106461524963, 0.38330861926078796]","[0.0, 0.032373046875, 0.000224609375, 0.0, 6.8359375e-05, 9.765625e-06, 0.0, 0.00044921875, 0.0, 0.052265625, 0.10435546875, 3.90625e-05, 0.00142578125, 0.0, 0.0, 0.0, 0.0, 0.0, 0.04474609375, 0.0471484375]","[0.07453125, 0.04306640625, 0.0, 0.000439453125, 5.859375e-05, 0.017724609375, 0.0, 9.765625e-05, 0.00015625, 0.0, 0.0, 0.0, 4.8828125e-05, 0.0, 0.527666015625, 0.47234375, 0.0, 0.0016015625, 0.0207421875, 0.018974609375]","[0.080517578125, 0.04466796875, 0.0, 0.000576171875, 0.015322265625, 0.722490234375, 0.0, 0.000205078125, 0.0003125, 0.034609375, 0.038173828125, 0.0, 0.00029296875, 0.0, 0.645205078125, 0.586552734375, 0.0, 0.6233203125, 0.023271484375, 0.021064453125]","[0.075732421875, 0.04328125, 0.0, 0.000458984375, 0.00625, 0.570302734375, 0.0, 0.000126953125, 0.000166015625, 0.0, 0.0, 0.0, 0.0002734375, 0.0, 0.5531640625, 0.49728515625, 0.0, 0.30119140625, 0.02109375, 0.019423828125]"
formal,20,privilege_gru,19,20,2150400,2150400,2048000,-8.959294227750547e-05,0.044027946912683545,"[0.07425060262903571, 0.058475106954574585, 0.037454718723893166, 0.02902877889573574, 0.02093052736017853]",0.06760620689673855,0.01892775330519259,0.8177340478287869,0.9489634652076271,0.10826892574564159,0.02895401715530369,0.02694348804783554,0.00890148945508149,0.7384836472813764,0.9306832779002323,0.8462076067129606,0.9473179097792352,0.2317320651100217,0.5823072494809964,0.2144623241255465,0.6041713383746146,0.0024043472105404334,0.008071156218647957,0.021508788522623945,0.09914062172174454,15.422682717442513,46.147491455078125,0.44848682451993227,1.336012840270996,233.55855534500006,47.970542103998014,145.74187854199772,29,68,46,3.8710344827585796,143,716.2657342657343,0.08106363557205898,3.3917416235600375,0.45792463521723564,0.4521648260863463,0.07428113927890405,0.03432268992272776,0.3674693377854994,0.11893589099614987,-0.40559440559440557,0.0002528123848153176,77,-0.24748761734063848,2.6521808852120636,66,0.46437343063687275,4.254562484966007,/home/haowei/Documents/End2Race/post-trained/ppo_privilege_gru_0721_clip020/checkpoints/actor_u0020.pth,/home/haowei/Documents/End2Race/post-trained/ppo_privilege_gru_0721_clip020/checkpoints/critic_u0020.pt,clip_020,privilege_gru / clip0.20,0.20279720279720279,0.4755244755244755,"[-0.6562436819076538, -1.0, -0.9892410039901733, -0.9965440630912781, -1.0, -0.9999966621398926, 0.0, -1.0, -1.0, 9.307436252446667e-20, 1.1444982624666386e-17, 0.0, -1.0, -0.6870079636573792, -0.5453503727912903, -0.5853490233421326, -0.9281684756278992, 0.37216028571128845, -1.0, -1.0]","[1.0, 1.0, 0.26621389389038086, 0.8945520520210266, 1.0, 1.0, 0.7725656628608704, 1.0, 1.0, 0.9737443923950195, 0.9851204752922058, 0.81560218334198, 1.0, 0.49707067012786865, 1.0, 1.0, 0.8971108794212341, 1.0, 1.0, 1.0]","[-0.05255740508437157, -0.03138033673167229, -0.11681850254535675, 0.012292877770960331, 0.024384066462516785, 0.8874534368515015, 0.5081109404563904, -0.01737493835389614, 0.0030819904059171677, 0.6387248039245605, 0.5096169710159302, 0.7727189064025879, -0.02043015882372856, 0.0029609196353703737, 0.8926857113838196, 0.8923945426940918, 0.00833610724657774, 0.9412351846694946, -0.026095544919371605, -0.03163724020123482]","[0.3738461136817932, 0.41758212447166443, 0.1769586056470871, 0.2519104480743408, 0.35399240255355835, 0.294536828994751, 0.15305276215076447, 0.17837980389595032, 0.17065681517124176, 0.28050732612609863, 0.2969188690185547, 0.045989833772182465, 0.2062525749206543, 0.08648446947336197, 0.18289847671985626, 0.17035892605781555, 0.33052897453308105, 0.06958689540624619, 0.38398808240890503, 0.3876763880252838]","[0.0, 0.036865234375, 0.0, 0.0, 8.7890625e-05, 0.0, 0.0, 0.000244140625, 0.000126953125, 0.055107421875, 0.107607421875, 0.00021484375, 0.002060546875, 0.0, 0.0, 0.0, 0.0, 0.0, 0.051923828125, 0.055673828125]","[0.04826171875, 0.02958984375, 0.0, 0.0, 2.9296875e-05, 0.0193359375, 0.0, 0.00029296875, 5.859375e-05, 0.0, 0.0, 0.0, 9.765625e-05, 0.0, 0.49767578125, 0.50232421875, 0.0, 0.001923828125, 0.0193359375, 0.0182421875]","[0.052978515625, 0.0305859375, 0.0, 0.0, 0.0140625, 0.713486328125, 0.0, 0.0004296875, 0.000390625, 0.0221484375, 0.0315625, 0.0, 0.000302734375, 0.0, 0.608330078125, 0.608388671875, 0.0, 0.6158203125, 0.0215234375, 0.02025390625]","[0.049189453125, 0.029755859375, 0.0, 0.0, 0.004794921875, 0.570205078125, 0.0, 0.000302734375, 0.000107421875, 0.0, 0.0, 0.0, 0.000283203125, 0.0, 0.52041015625, 0.52583984375, 0.0, 0.305380859375, 0.01974609375, 0.018623046875]"
