matched_order	archived_outcome	innovation_seed	l2_id	l4_id	map_name	iid_outcome	ar1_outcome	iid_collision	ar1_collision	iid_repaired_collision	ar1_repaired_collision	repair_delta	iid_safe_to_collision	ar1_safe_to_collision	safe_harm_delta	iid_lost_overtake	ar1_lost_overtake	overtake_loss_delta
0	collision	0	L2:1d38ae4f073573321f8b2c8ba4b83b14f6d2da56d6baa1012de7dc0856e7b5ab	L4:2d0ce5d5bb53659981332c4e17cac9339c14eb8ca7a09d278a7b9afb18f771fa	Nuerburgring	collision	overtake	1	0	0	1	1	0	0	0	0	0	0
0	collision	1	L2:1d38ae4f073573321f8b2c8ba4b83b14f6d2da56d6baa1012de7dc0856e7b5ab	L4:2d0ce5d5bb53659981332c4e17cac9339c14eb8ca7a09d278a7b9afb18f771fa	Nuerburgring	overtake	collision	0	1	1	0	-1	0	0	0	0	0	0
0	collision	2	L2:1d38ae4f073573321f8b2c8ba4b83b14f6d2da56d6baa1012de7dc0856e7b5ab	L4:2d0ce5d5bb53659981332c4e17cac9339c14eb8ca7a09d278a7b9afb18f771fa	Nuerburgring	collision	overtake	1	0	0	1	1	0	0	0	0	0	0
0	collision	3	L2:1d38ae4f073573321f8b2c8ba4b83b14f6d2da56d6baa1012de7dc0856e7b5ab	L4:2d0ce5d5bb53659981332c4e17cac9339c14eb8ca7a09d278a7b9afb18f771fa	Nuerburgring	overtake	collision	0	1	1	0	-1	0	0	0	0	0	0
0	overtake	0	L2:6d8ed7b0a4915c7c61d30a59f26298a2d83f5f160e646f29ba03b9ee5a0629fc	L4:2d0ce5d5bb53659981332c4e17cac9339c14eb8ca7a09d278a7b9afb18f771fa	Nuerburgring	overtake	overtake	0	0	0	0	0	0	0	0	0	0	0
0	overtake	1	L2:6d8ed7b0a4915c7c61d30a59f26298a2d83f5f160e646f29ba03b9ee5a0629fc	L4:2d0ce5d5bb53659981332c4e17cac9339c14eb8ca7a09d278a7b9afb18f771fa	Nuerburgring	overtake	overtake	0	0	0	0	0	0	0	0	0	0	0
0	overtake	2	L2:6d8ed7b0a4915c7c61d30a59f26298a2d83f5f160e646f29ba03b9ee5a0629fc	L4:2d0ce5d5bb53659981332c4e17cac9339c14eb8ca7a09d278a7b9afb18f771fa	Nuerburgring	overtake	overtake	0	0	0	0	0	0	0	0	0	0	0
0	overtake	3	L2:6d8ed7b0a4915c7c61d30a59f26298a2d83f5f160e646f29ba03b9ee5a0629fc	L4:2d0ce5d5bb53659981332c4e17cac9339c14eb8ca7a09d278a7b9afb18f771fa	Nuerburgring	overtake	overtake	0	0	0	0	0	0	0	0	0	0	0
0	follow	0	L2:f7cbbdf5cc64d59c96616901dfcaea597a0cbd45557e1b392a8a62b28c1aa9a7	L4:2d0ce5d5bb53659981332c4e17cac9339c14eb8ca7a09d278a7b9afb18f771fa	Nuerburgring	follow	follow	0	0	0	0	0	0	0	0	0	0	0
0	follow	1	L2:f7cbbdf5cc64d59c96616901dfcaea597a0cbd45557e1b392a8a62b28c1aa9a7	L4:2d0ce5d5bb53659981332c4e17cac9339c14eb8ca7a09d278a7b9afb18f771fa	Nuerburgring	follow	follow	0	0	0	0	0	0	0	0	0	0	0
0	follow	2	L2:f7cbbdf5cc64d59c96616901dfcaea597a0cbd45557e1b392a8a62b28c1aa9a7	L4:2d0ce5d5bb53659981332c4e17cac9339c14eb8ca7a09d278a7b9afb18f771fa	Nuerburgring	follow	follow	0	0	0	0	0	0	0	0	0	0	0
0	follow	3	L2:f7cbbdf5cc64d59c96616901dfcaea597a0cbd45557e1b392a8a62b28c1aa9a7	L4:2d0ce5d5bb53659981332c4e17cac9339c14eb8ca7a09d278a7b9afb18f771fa	Nuerburgring	follow	follow	0	0	0	0	0	0	0	0	0	0	0
1	collision	0	L2:b4ab709ba1ed684a2a560197852438e4bc9719b0e34b6295cfcb7a6fe976e206	L4:454e65e0eb8cde720ef81d148f2339f190daa19ca31c2e439379fc3613c83d2b	Nuerburgring	collision	overtake	1	0	0	1	1	0	0	0	0	0	0
1	collision	1	L2:b4ab709ba1ed684a2a560197852438e4bc9719b0e34b6295cfcb7a6fe976e206	L4:454e65e0eb8cde720ef81d148f2339f190daa19ca31c2e439379fc3613c83d2b	Nuerburgring	overtake	overtake	0	0	1	1	0	0	0	0	0	0	0
1	collision	2	L2:b4ab709ba1ed684a2a560197852438e4bc9719b0e34b6295cfcb7a6fe976e206	L4:454e65e0eb8cde720ef81d148f2339f190daa19ca31c2e439379fc3613c83d2b	Nuerburgring	overtake	collision	0	1	1	0	-1	0	0	0	0	0	0
1	collision	3	L2:b4ab709ba1ed684a2a560197852438e4bc9719b0e34b6295cfcb7a6fe976e206	L4:454e65e0eb8cde720ef81d148f2339f190daa19ca31c2e439379fc3613c83d2b	Nuerburgring	overtake	collision	0	1	1	0	-1	0	0	0	0	0	0
1	overtake	0	L2:97a86bb6bc0e5089b0f956aa1b77b4849101881c8f032de3c6ddcbaf93d48cc3	L4:454e65e0eb8cde720ef81d148f2339f190daa19ca31c2e439379fc3613c83d2b	Nuerburgring	overtake	overtake	0	0	0	0	0	0	0	0	0	0	0
1	overtake	1	L2:97a86bb6bc0e5089b0f956aa1b77b4849101881c8f032de3c6ddcbaf93d48cc3	L4:454e65e0eb8cde720ef81d148f2339f190daa19ca31c2e439379fc3613c83d2b	Nuerburgring	overtake	overtake	0	0	0	0	0	0	0	0	0	0	0
1	overtake	2	L2:97a86bb6bc0e5089b0f956aa1b77b4849101881c8f032de3c6ddcbaf93d48cc3	L4:454e65e0eb8cde720ef81d148f2339f190daa19ca31c2e439379fc3613c83d2b	Nuerburgring	overtake	overtake	0	0	0	0	0	0	0	0	0	0	0
1	overtake	3	L2:97a86bb6bc0e5089b0f956aa1b77b4849101881c8f032de3c6ddcbaf93d48cc3	L4:454e65e0eb8cde720ef81d148f2339f190daa19ca31c2e439379fc3613c83d2b	Nuerburgring	overtake	overtake	0	0	0	0	0	0	0	0	0	0	0
1	follow	0	L2:e403cf3d8ee7d31aa45fc11d61a3b14a6f074bc3ce0ac8d74af506948d3a8234	L4:454e65e0eb8cde720ef81d148f2339f190daa19ca31c2e439379fc3613c83d2b	Nuerburgring	follow	follow	0	0	0	0	0	0	0	0	0	0	0
1	follow	1	L2:e403cf3d8ee7d31aa45fc11d61a3b14a6f074bc3ce0ac8d74af506948d3a8234	L4:454e65e0eb8cde720ef81d148f2339f190daa19ca31c2e439379fc3613c83d2b	Nuerburgring	follow	follow	0	0	0	0	0	0	0	0	0	0	0
1	follow	2	L2:e403cf3d8ee7d31aa45fc11d61a3b14a6f074bc3ce0ac8d74af506948d3a8234	L4:454e65e0eb8cde720ef81d148f2339f190daa19ca31c2e439379fc3613c83d2b	Nuerburgring	follow	follow	0	0	0	0	0	0	0	0	0	0	0
1	follow	3	L2:e403cf3d8ee7d31aa45fc11d61a3b14a6f074bc3ce0ac8d74af506948d3a8234	L4:454e65e0eb8cde720ef81d148f2339f190daa19ca31c2e439379fc3613c83d2b	Nuerburgring	follow	follow	0	0	0	0	0	0	0	0	0	0	0
2	collision	0	L2:62c1330ca925efee2728895702e6a9ea5680693d110720c0fedcf29ced5041ba	L4:96eb83501113389af268d2577c03d24aa21a9adc96571863090dac55192b3ee2	MoscowRaceway	overtake	collision	0	1	1	0	-1	0	0	0	0	0	0
2	collision	1	L2:62c1330ca925efee2728895702e6a9ea5680693d110720c0fedcf29ced5041ba	L4:96eb83501113389af268d2577c03d24aa21a9adc96571863090dac55192b3ee2	MoscowRaceway	overtake	overtake	0	0	1	1	0	0	0	0	0	0	0
2	collision	2	L2:62c1330ca925efee2728895702e6a9ea5680693d110720c0fedcf29ced5041ba	L4:96eb83501113389af268d2577c03d24aa21a9adc96571863090dac55192b3ee2	MoscowRaceway	overtake	collision	0	1	1	0	-1	0	0	0	0	0	0
2	collision	3	L2:62c1330ca925efee2728895702e6a9ea5680693d110720c0fedcf29ced5041ba	L4:96eb83501113389af268d2577c03d24aa21a9adc96571863090dac55192b3ee2	MoscowRaceway	overtake	overtake	0	0	1	1	0	0	0	0	0	0	0
2	overtake	0	L2:c58a6a0805f8ce7d4d78e4bc0169dfd5d5a1c2336e098c7afdb1408090b0cdcf	L4:96eb83501113389af268d2577c03d24aa21a9adc96571863090dac55192b3ee2	MoscowRaceway	overtake	collision	0	1	0	0	0	0	1	1	0	1	1
2	overtake	1	L2:c58a6a0805f8ce7d4d78e4bc0169dfd5d5a1c2336e098c7afdb1408090b0cdcf	L4:96eb83501113389af268d2577c03d24aa21a9adc96571863090dac55192b3ee2	MoscowRaceway	overtake	overtake	0	0	0	0	0	0	0	0	0	0	0
2	overtake	2	L2:c58a6a0805f8ce7d4d78e4bc0169dfd5d5a1c2336e098c7afdb1408090b0cdcf	L4:96eb83501113389af268d2577c03d24aa21a9adc96571863090dac55192b3ee2	MoscowRaceway	overtake	overtake	0	0	0	0	0	0	0	0	0	0	0
2	overtake	3	L2:c58a6a0805f8ce7d4d78e4bc0169dfd5d5a1c2336e098c7afdb1408090b0cdcf	L4:96eb83501113389af268d2577c03d24aa21a9adc96571863090dac55192b3ee2	MoscowRaceway	overtake	overtake	0	0	0	0	0	0	0	0	0	0	0
2	follow	0	L2:1df9882108ce191432a9097ecc2efb20eb11011e29ec86e771222e0a7bb755ad	L4:96eb83501113389af268d2577c03d24aa21a9adc96571863090dac55192b3ee2	MoscowRaceway	follow	follow	0	0	0	0	0	0	0	0	0	0	0
2	follow	1	L2:1df9882108ce191432a9097ecc2efb20eb11011e29ec86e771222e0a7bb755ad	L4:96eb83501113389af268d2577c03d24aa21a9adc96571863090dac55192b3ee2	MoscowRaceway	follow	follow	0	0	0	0	0	0	0	0	0	0	0
2	follow	2	L2:1df9882108ce191432a9097ecc2efb20eb11011e29ec86e771222e0a7bb755ad	L4:96eb83501113389af268d2577c03d24aa21a9adc96571863090dac55192b3ee2	MoscowRaceway	follow	follow	0	0	0	0	0	0	0	0	0	0	0
2	follow	3	L2:1df9882108ce191432a9097ecc2efb20eb11011e29ec86e771222e0a7bb755ad	L4:96eb83501113389af268d2577c03d24aa21a9adc96571863090dac55192b3ee2	MoscowRaceway	follow	follow	0	0	0	0	0	0	0	0	0	0	0
3	collision	0	L2:97574f9b4b7e86cd97cde7a77831c583ea770675f95c755290d95be26b233e03	L4:d5a3518b23f6f7f7d6bc135aecaf748964822ac06db6a4c3984dafcde3cee09b	Nuerburgring	follow	collision	0	1	1	0	-1	0	0	0	0	0	0
3	collision	1	L2:97574f9b4b7e86cd97cde7a77831c583ea770675f95c755290d95be26b233e03	L4:d5a3518b23f6f7f7d6bc135aecaf748964822ac06db6a4c3984dafcde3cee09b	Nuerburgring	overtake	follow	0	0	1	1	0	0	0	0	0	0	0
3	collision	2	L2:97574f9b4b7e86cd97cde7a77831c583ea770675f95c755290d95be26b233e03	L4:d5a3518b23f6f7f7d6bc135aecaf748964822ac06db6a4c3984dafcde3cee09b	Nuerburgring	collision	collision	1	1	0	0	0	0	0	0	0	0	0
3	collision	3	L2:97574f9b4b7e86cd97cde7a77831c583ea770675f95c755290d95be26b233e03	L4:d5a3518b23f6f7f7d6bc135aecaf748964822ac06db6a4c3984dafcde3cee09b	Nuerburgring	collision	follow	1	0	0	1	1	0	0	0	0	0	0
3	overtake	0	L2:25b2fb225c939881e646707662b3da0aa1b63d92ca4e5d3942bb69e88683b9d3	L4:d5a3518b23f6f7f7d6bc135aecaf748964822ac06db6a4c3984dafcde3cee09b	Nuerburgring	overtake	overtake	0	0	0	0	0	0	0	0	0	0	0
3	overtake	1	L2:25b2fb225c939881e646707662b3da0aa1b63d92ca4e5d3942bb69e88683b9d3	L4:d5a3518b23f6f7f7d6bc135aecaf748964822ac06db6a4c3984dafcde3cee09b	Nuerburgring	overtake	overtake	0	0	0	0	0	0	0	0	0	0	0
3	overtake	2	L2:25b2fb225c939881e646707662b3da0aa1b63d92ca4e5d3942bb69e88683b9d3	L4:d5a3518b23f6f7f7d6bc135aecaf748964822ac06db6a4c3984dafcde3cee09b	Nuerburgring	overtake	overtake	0	0	0	0	0	0	0	0	0	0	0
3	overtake	3	L2:25b2fb225c939881e646707662b3da0aa1b63d92ca4e5d3942bb69e88683b9d3	L4:d5a3518b23f6f7f7d6bc135aecaf748964822ac06db6a4c3984dafcde3cee09b	Nuerburgring	overtake	overtake	0	0	0	0	0	0	0	0	0	0	0
3	follow	0	L2:7795d90ed0545ac353887bd3337d31a2badcb0b0bfc53833bd3b028e19ad536b	L4:d5a3518b23f6f7f7d6bc135aecaf748964822ac06db6a4c3984dafcde3cee09b	Nuerburgring	follow	follow	0	0	0	0	0	0	0	0	0	0	0
3	follow	1	L2:7795d90ed0545ac353887bd3337d31a2badcb0b0bfc53833bd3b028e19ad536b	L4:d5a3518b23f6f7f7d6bc135aecaf748964822ac06db6a4c3984dafcde3cee09b	Nuerburgring	follow	follow	0	0	0	0	0	0	0	0	0	0	0
3	follow	2	L2:7795d90ed0545ac353887bd3337d31a2badcb0b0bfc53833bd3b028e19ad536b	L4:d5a3518b23f6f7f7d6bc135aecaf748964822ac06db6a4c3984dafcde3cee09b	Nuerburgring	follow	follow	0	0	0	0	0	0	0	0	0	0	0
3	follow	3	L2:7795d90ed0545ac353887bd3337d31a2badcb0b0bfc53833bd3b028e19ad536b	L4:d5a3518b23f6f7f7d6bc135aecaf748964822ac06db6a4c3984dafcde3cee09b	Nuerburgring	follow	collision	0	1	0	0	0	0	1	1	0	0	0
4	collision	0	L2:583e9c593d6f3ceeb7525b1cc279066a8b9819acbf3ea4a2c232db94473b2c31	L4:2f6b987ed7e97781dc34c3b4968b436cf87c080e3db8d4d92e779e360f76acbc	MoscowRaceway	collision	collision	1	1	0	0	0	0	0	0	0	0	0
4	collision	1	L2:583e9c593d6f3ceeb7525b1cc279066a8b9819acbf3ea4a2c232db94473b2c31	L4:2f6b987ed7e97781dc34c3b4968b436cf87c080e3db8d4d92e779e360f76acbc	MoscowRaceway	follow	follow	0	0	1	1	0	0	0	0	0	0	0
4	collision	2	L2:583e9c593d6f3ceeb7525b1cc279066a8b9819acbf3ea4a2c232db94473b2c31	L4:2f6b987ed7e97781dc34c3b4968b436cf87c080e3db8d4d92e779e360f76acbc	MoscowRaceway	collision	collision	1	1	0	0	0	0	0	0	0	0	0
4	collision	3	L2:583e9c593d6f3ceeb7525b1cc279066a8b9819acbf3ea4a2c232db94473b2c31	L4:2f6b987ed7e97781dc34c3b4968b436cf87c080e3db8d4d92e779e360f76acbc	MoscowRaceway	follow	collision	0	1	1	0	-1	0	0	0	0	0	0
4	overtake	0	L2:5464b9cd86e3da4691814d12b52b9c36419ff1971eba54d94aff22c377d104e0	L4:2f6b987ed7e97781dc34c3b4968b436cf87c080e3db8d4d92e779e360f76acbc	MoscowRaceway	overtake	overtake	0	0	0	0	0	0	0	0	0	0	0
4	overtake	1	L2:5464b9cd86e3da4691814d12b52b9c36419ff1971eba54d94aff22c377d104e0	L4:2f6b987ed7e97781dc34c3b4968b436cf87c080e3db8d4d92e779e360f76acbc	MoscowRaceway	overtake	overtake	0	0	0	0	0	0	0	0	0	0	0
4	overtake	2	L2:5464b9cd86e3da4691814d12b52b9c36419ff1971eba54d94aff22c377d104e0	L4:2f6b987ed7e97781dc34c3b4968b436cf87c080e3db8d4d92e779e360f76acbc	MoscowRaceway	overtake	overtake	0	0	0	0	0	0	0	0	0	0	0
4	overtake	3	L2:5464b9cd86e3da4691814d12b52b9c36419ff1971eba54d94aff22c377d104e0	L4:2f6b987ed7e97781dc34c3b4968b436cf87c080e3db8d4d92e779e360f76acbc	MoscowRaceway	overtake	overtake	0	0	0	0	0	0	0	0	0	0	0
4	follow	0	L2:692f5996b01e5333c77b4cbad5100e852b9bdf72eb0f3f88e0a9739e1412c1a7	L4:2f6b987ed7e97781dc34c3b4968b436cf87c080e3db8d4d92e779e360f76acbc	MoscowRaceway	collision	collision	1	1	0	0	0	1	1	0	0	0	0
4	follow	1	L2:692f5996b01e5333c77b4cbad5100e852b9bdf72eb0f3f88e0a9739e1412c1a7	L4:2f6b987ed7e97781dc34c3b4968b436cf87c080e3db8d4d92e779e360f76acbc	MoscowRaceway	follow	collision	0	1	0	0	0	0	1	1	0	0	0
4	follow	2	L2:692f5996b01e5333c77b4cbad5100e852b9bdf72eb0f3f88e0a9739e1412c1a7	L4:2f6b987ed7e97781dc34c3b4968b436cf87c080e3db8d4d92e779e360f76acbc	MoscowRaceway	follow	collision	0	1	0	0	0	0	1	1	0	0	0
4	follow	3	L2:692f5996b01e5333c77b4cbad5100e852b9bdf72eb0f3f88e0a9739e1412c1a7	L4:2f6b987ed7e97781dc34c3b4968b436cf87c080e3db8d4d92e779e360f76acbc	MoscowRaceway	follow	collision	0	1	0	0	0	0	1	1	0	0	0
5	collision	0	L2:e89e470334115a28dd6dbb25476022236726e430cc6d5fc411b9ad74e6e9caaf	L4:7b2e2e6fbf6cb10fcaccf9855942410bca7c32b7c927b5513ca3e636e489b675	Austin	follow	follow	0	0	1	1	0	0	0	0	0	0	0
5	collision	1	L2:e89e470334115a28dd6dbb25476022236726e430cc6d5fc411b9ad74e6e9caaf	L4:7b2e2e6fbf6cb10fcaccf9855942410bca7c32b7c927b5513ca3e636e489b675	Austin	follow	follow	0	0	1	1	0	0	0	0	0	0	0
5	collision	2	L2:e89e470334115a28dd6dbb25476022236726e430cc6d5fc411b9ad74e6e9caaf	L4:7b2e2e6fbf6cb10fcaccf9855942410bca7c32b7c927b5513ca3e636e489b675	Austin	follow	follow	0	0	1	1	0	0	0	0	0	0	0
5	collision	3	L2:e89e470334115a28dd6dbb25476022236726e430cc6d5fc411b9ad74e6e9caaf	L4:7b2e2e6fbf6cb10fcaccf9855942410bca7c32b7c927b5513ca3e636e489b675	Austin	follow	follow	0	0	1	1	0	0	0	0	0	0	0
5	overtake	0	L2:f23b3810fc730ee24c1b8b9ca5646ec42a66e2655ffe53437940ccfb144c249b	L4:7b2e2e6fbf6cb10fcaccf9855942410bca7c32b7c927b5513ca3e636e489b675	Austin	overtake	overtake	0	0	0	0	0	0	0	0	0	0	0
5	overtake	1	L2:f23b3810fc730ee24c1b8b9ca5646ec42a66e2655ffe53437940ccfb144c249b	L4:7b2e2e6fbf6cb10fcaccf9855942410bca7c32b7c927b5513ca3e636e489b675	Austin	overtake	overtake	0	0	0	0	0	0	0	0	0	0	0
5	overtake	2	L2:f23b3810fc730ee24c1b8b9ca5646ec42a66e2655ffe53437940ccfb144c249b	L4:7b2e2e6fbf6cb10fcaccf9855942410bca7c32b7c927b5513ca3e636e489b675	Austin	overtake	overtake	0	0	0	0	0	0	0	0	0	0	0
5	overtake	3	L2:f23b3810fc730ee24c1b8b9ca5646ec42a66e2655ffe53437940ccfb144c249b	L4:7b2e2e6fbf6cb10fcaccf9855942410bca7c32b7c927b5513ca3e636e489b675	Austin	overtake	overtake	0	0	0	0	0	0	0	0	0	0	0
5	follow	0	L2:0c3cbf585091c485db2ce546fe94e8a50a89b8b5fdbceba85162eeda58c6b4a6	L4:7b2e2e6fbf6cb10fcaccf9855942410bca7c32b7c927b5513ca3e636e489b675	Austin	follow	follow	0	0	0	0	0	0	0	0	0	0	0
5	follow	1	L2:0c3cbf585091c485db2ce546fe94e8a50a89b8b5fdbceba85162eeda58c6b4a6	L4:7b2e2e6fbf6cb10fcaccf9855942410bca7c32b7c927b5513ca3e636e489b675	Austin	follow	follow	0	0	0	0	0	0	0	0	0	0	0
5	follow	2	L2:0c3cbf585091c485db2ce546fe94e8a50a89b8b5fdbceba85162eeda58c6b4a6	L4:7b2e2e6fbf6cb10fcaccf9855942410bca7c32b7c927b5513ca3e636e489b675	Austin	follow	follow	0	0	0	0	0	0	0	0	0	0	0
5	follow	3	L2:0c3cbf585091c485db2ce546fe94e8a50a89b8b5fdbceba85162eeda58c6b4a6	L4:7b2e2e6fbf6cb10fcaccf9855942410bca7c32b7c927b5513ca3e636e489b675	Austin	follow	follow	0	0	0	0	0	0	0	0	0	0	0
6	collision	0	L2:5cfbd5af4a476a268e8216c123fbcc7ce9cf0b11ca5d14e620422baca9c0c400	L4:56a5605b7ba9cd57f558b13456e596aa260c13a689ba6b696a7863a2b8819f78	Hockenheim	collision	collision	1	1	0	0	0	0	0	0	0	0	0
6	collision	1	L2:5cfbd5af4a476a268e8216c123fbcc7ce9cf0b11ca5d14e620422baca9c0c400	L4:56a5605b7ba9cd57f558b13456e596aa260c13a689ba6b696a7863a2b8819f78	Hockenheim	collision	collision	1	1	0	0	0	0	0	0	0	0	0
6	collision	2	L2:5cfbd5af4a476a268e8216c123fbcc7ce9cf0b11ca5d14e620422baca9c0c400	L4:56a5605b7ba9cd57f558b13456e596aa260c13a689ba6b696a7863a2b8819f78	Hockenheim	collision	collision	1	1	0	0	0	0	0	0	0	0	0
6	collision	3	L2:5cfbd5af4a476a268e8216c123fbcc7ce9cf0b11ca5d14e620422baca9c0c400	L4:56a5605b7ba9cd57f558b13456e596aa260c13a689ba6b696a7863a2b8819f78	Hockenheim	collision	collision	1	1	0	0	0	0	0	0	0	0	0
6	overtake	0	L2:af2c49157f998003ae554568ee0c06ceba9f0807e12780ae7c877a201127d85b	L4:56a5605b7ba9cd57f558b13456e596aa260c13a689ba6b696a7863a2b8819f78	Hockenheim	overtake	collision	0	1	0	0	0	0	1	1	0	1	1
6	overtake	1	L2:af2c49157f998003ae554568ee0c06ceba9f0807e12780ae7c877a201127d85b	L4:56a5605b7ba9cd57f558b13456e596aa260c13a689ba6b696a7863a2b8819f78	Hockenheim	overtake	overtake	0	0	0	0	0	0	0	0	0	0	0
6	overtake	2	L2:af2c49157f998003ae554568ee0c06ceba9f0807e12780ae7c877a201127d85b	L4:56a5605b7ba9cd57f558b13456e596aa260c13a689ba6b696a7863a2b8819f78	Hockenheim	overtake	overtake	0	0	0	0	0	0	0	0	0	0	0
6	overtake	3	L2:af2c49157f998003ae554568ee0c06ceba9f0807e12780ae7c877a201127d85b	L4:56a5605b7ba9cd57f558b13456e596aa260c13a689ba6b696a7863a2b8819f78	Hockenheim	overtake	overtake	0	0	0	0	0	0	0	0	0	0	0
6	follow	0	L2:2c20f6bcb149e1f7a866a5012446dd963d0ca1642a165a61a089ca8a71f9258c	L4:56a5605b7ba9cd57f558b13456e596aa260c13a689ba6b696a7863a2b8819f78	Hockenheim	follow	follow	0	0	0	0	0	0	0	0	0	0	0
6	follow	1	L2:2c20f6bcb149e1f7a866a5012446dd963d0ca1642a165a61a089ca8a71f9258c	L4:56a5605b7ba9cd57f558b13456e596aa260c13a689ba6b696a7863a2b8819f78	Hockenheim	follow	follow	0	0	0	0	0	0	0	0	0	0	0
6	follow	2	L2:2c20f6bcb149e1f7a866a5012446dd963d0ca1642a165a61a089ca8a71f9258c	L4:56a5605b7ba9cd57f558b13456e596aa260c13a689ba6b696a7863a2b8819f78	Hockenheim	follow	follow	0	0	0	0	0	0	0	0	0	0	0
6	follow	3	L2:2c20f6bcb149e1f7a866a5012446dd963d0ca1642a165a61a089ca8a71f9258c	L4:56a5605b7ba9cd57f558b13456e596aa260c13a689ba6b696a7863a2b8819f78	Hockenheim	follow	follow	0	0	0	0	0	0	0	0	0	0	0
7	collision	0	L2:ebbe0e50ff8475afe38d3cff3caef36ff08aca2438e42d65e5e47b460078e37b	L4:ff8b5ed1d36bb5f66085176346a6cc24a81df3584ec29dfd2ea3014c98a89aea	Austin	collision	collision	1	1	0	0	0	0	0	0	0	0	0
7	collision	1	L2:ebbe0e50ff8475afe38d3cff3caef36ff08aca2438e42d65e5e47b460078e37b	L4:ff8b5ed1d36bb5f66085176346a6cc24a81df3584ec29dfd2ea3014c98a89aea	Austin	follow	collision	0	1	1	0	-1	0	0	0	0	0	0
7	collision	2	L2:ebbe0e50ff8475afe38d3cff3caef36ff08aca2438e42d65e5e47b460078e37b	L4:ff8b5ed1d36bb5f66085176346a6cc24a81df3584ec29dfd2ea3014c98a89aea	Austin	collision	collision	1	1	0	0	0	0	0	0	0	0	0
7	collision	3	L2:ebbe0e50ff8475afe38d3cff3caef36ff08aca2438e42d65e5e47b460078e37b	L4:ff8b5ed1d36bb5f66085176346a6cc24a81df3584ec29dfd2ea3014c98a89aea	Austin	follow	collision	0	1	1	0	-1	0	0	0	0	0	0
7	overtake	0	L2:f5433452dc632d06b3f5f440577ecf6405bfc8b263c2a9038636d8230d6431b4	L4:ff8b5ed1d36bb5f66085176346a6cc24a81df3584ec29dfd2ea3014c98a89aea	Austin	overtake	overtake	0	0	0	0	0	0	0	0	0	0	0
7	overtake	1	L2:f5433452dc632d06b3f5f440577ecf6405bfc8b263c2a9038636d8230d6431b4	L4:ff8b5ed1d36bb5f66085176346a6cc24a81df3584ec29dfd2ea3014c98a89aea	Austin	overtake	collision	0	1	0	0	0	0	1	1	0	1	1
7	overtake	2	L2:f5433452dc632d06b3f5f440577ecf6405bfc8b263c2a9038636d8230d6431b4	L4:ff8b5ed1d36bb5f66085176346a6cc24a81df3584ec29dfd2ea3014c98a89aea	Austin	overtake	overtake	0	0	0	0	0	0	0	0	0	0	0
7	overtake	3	L2:f5433452dc632d06b3f5f440577ecf6405bfc8b263c2a9038636d8230d6431b4	L4:ff8b5ed1d36bb5f66085176346a6cc24a81df3584ec29dfd2ea3014c98a89aea	Austin	overtake	overtake	0	0	0	0	0	0	0	0	0	0	0
7	follow	0	L2:d337dae140ef3dd5fd2b0f593961eed8934d568d208bede340edd9a88001f10a	L4:ff8b5ed1d36bb5f66085176346a6cc24a81df3584ec29dfd2ea3014c98a89aea	Austin	follow	follow	0	0	0	0	0	0	0	0	0	0	0
7	follow	1	L2:d337dae140ef3dd5fd2b0f593961eed8934d568d208bede340edd9a88001f10a	L4:ff8b5ed1d36bb5f66085176346a6cc24a81df3584ec29dfd2ea3014c98a89aea	Austin	follow	follow	0	0	0	0	0	0	0	0	0	0	0
7	follow	2	L2:d337dae140ef3dd5fd2b0f593961eed8934d568d208bede340edd9a88001f10a	L4:ff8b5ed1d36bb5f66085176346a6cc24a81df3584ec29dfd2ea3014c98a89aea	Austin	follow	follow	0	0	0	0	0	0	0	0	0	0	0
7	follow	3	L2:d337dae140ef3dd5fd2b0f593961eed8934d568d208bede340edd9a88001f10a	L4:ff8b5ed1d36bb5f66085176346a6cc24a81df3584ec29dfd2ea3014c98a89aea	Austin	follow	follow	0	0	0	0	0	0	0	0	0	0	0
8	collision	0	L2:272da7fe3b9d5d3f26eaeeaf78032db2e5e6e1a86c881092f6c8678ce81bb09a	L4:672b212bc61add59a02330f22e98ee36145ee9c9ea60d9818c38ba238dd4bb93	Austin	overtake	overtake	0	0	1	1	0	0	0	0	0	0	0
8	collision	1	L2:272da7fe3b9d5d3f26eaeeaf78032db2e5e6e1a86c881092f6c8678ce81bb09a	L4:672b212bc61add59a02330f22e98ee36145ee9c9ea60d9818c38ba238dd4bb93	Austin	follow	follow	0	0	1	1	0	0	0	0	0	0	0
8	collision	2	L2:272da7fe3b9d5d3f26eaeeaf78032db2e5e6e1a86c881092f6c8678ce81bb09a	L4:672b212bc61add59a02330f22e98ee36145ee9c9ea60d9818c38ba238dd4bb93	Austin	follow	overtake	0	0	1	1	0	0	0	0	0	0	0
8	collision	3	L2:272da7fe3b9d5d3f26eaeeaf78032db2e5e6e1a86c881092f6c8678ce81bb09a	L4:672b212bc61add59a02330f22e98ee36145ee9c9ea60d9818c38ba238dd4bb93	Austin	follow	follow	0	0	1	1	0	0	0	0	0	0	0
8	overtake	0	L2:b171e484f961d87ebee5b6b57c3f131f156d9d57eac887262f02fe400a6de7e3	L4:672b212bc61add59a02330f22e98ee36145ee9c9ea60d9818c38ba238dd4bb93	Austin	overtake	overtake	0	0	0	0	0	0	0	0	0	0	0
8	overtake	1	L2:b171e484f961d87ebee5b6b57c3f131f156d9d57eac887262f02fe400a6de7e3	L4:672b212bc61add59a02330f22e98ee36145ee9c9ea60d9818c38ba238dd4bb93	Austin	overtake	overtake	0	0	0	0	0	0	0	0	0	0	0
8	overtake	2	L2:b171e484f961d87ebee5b6b57c3f131f156d9d57eac887262f02fe400a6de7e3	L4:672b212bc61add59a02330f22e98ee36145ee9c9ea60d9818c38ba238dd4bb93	Austin	overtake	overtake	0	0	0	0	0	0	0	0	0	0	0
8	overtake	3	L2:b171e484f961d87ebee5b6b57c3f131f156d9d57eac887262f02fe400a6de7e3	L4:672b212bc61add59a02330f22e98ee36145ee9c9ea60d9818c38ba238dd4bb93	Austin	overtake	overtake	0	0	0	0	0	0	0	0	0	0	0
8	follow	0	L2:352609deb16d51ee79ad01697292e6da81d6e3e51531e69c9fbfc191530e3da7	L4:672b212bc61add59a02330f22e98ee36145ee9c9ea60d9818c38ba238dd4bb93	Austin	follow	follow	0	0	0	0	0	0	0	0	0	0	0
8	follow	1	L2:352609deb16d51ee79ad01697292e6da81d6e3e51531e69c9fbfc191530e3da7	L4:672b212bc61add59a02330f22e98ee36145ee9c9ea60d9818c38ba238dd4bb93	Austin	follow	follow	0	0	0	0	0	0	0	0	0	0	0
8	follow	2	L2:352609deb16d51ee79ad01697292e6da81d6e3e51531e69c9fbfc191530e3da7	L4:672b212bc61add59a02330f22e98ee36145ee9c9ea60d9818c38ba238dd4bb93	Austin	follow	follow	0	0	0	0	0	0	0	0	0	0	0
8	follow	3	L2:352609deb16d51ee79ad01697292e6da81d6e3e51531e69c9fbfc191530e3da7	L4:672b212bc61add59a02330f22e98ee36145ee9c9ea60d9818c38ba238dd4bb93	Austin	follow	follow	0	0	0	0	0	0	0	0	0	0	0
9	collision	0	L2:cd37c656b7da6cf755cd458c40427434c6330d0f316cd24aeb52723411d91478	L4:c18e642d82d51c3bbe780cfbc7473c67d3ad2ce61157c8776be3398a74bafe34	Austin	collision	collision	1	1	0	0	0	0	0	0	0	0	0
9	collision	1	L2:cd37c656b7da6cf755cd458c40427434c6330d0f316cd24aeb52723411d91478	L4:c18e642d82d51c3bbe780cfbc7473c67d3ad2ce61157c8776be3398a74bafe34	Austin	collision	follow	1	0	0	1	1	0	0	0	0	0	0
9	collision	2	L2:cd37c656b7da6cf755cd458c40427434c6330d0f316cd24aeb52723411d91478	L4:c18e642d82d51c3bbe780cfbc7473c67d3ad2ce61157c8776be3398a74bafe34	Austin	collision	follow	1	0	0	1	1	0	0	0	0	0	0
9	collision	3	L2:cd37c656b7da6cf755cd458c40427434c6330d0f316cd24aeb52723411d91478	L4:c18e642d82d51c3bbe780cfbc7473c67d3ad2ce61157c8776be3398a74bafe34	Austin	collision	collision	1	1	0	0	0	0	0	0	0	0	0
9	overtake	0	L2:1c52e1d27184219c7d3a78fb9de638e678b22623b8dbd33a9dda58448a30eaa6	L4:c18e642d82d51c3bbe780cfbc7473c67d3ad2ce61157c8776be3398a74bafe34	Austin	overtake	overtake	0	0	0	0	0	0	0	0	0	0	0
9	overtake	1	L2:1c52e1d27184219c7d3a78fb9de638e678b22623b8dbd33a9dda58448a30eaa6	L4:c18e642d82d51c3bbe780cfbc7473c67d3ad2ce61157c8776be3398a74bafe34	Austin	overtake	overtake	0	0	0	0	0	0	0	0	0	0	0
9	overtake	2	L2:1c52e1d27184219c7d3a78fb9de638e678b22623b8dbd33a9dda58448a30eaa6	L4:c18e642d82d51c3bbe780cfbc7473c67d3ad2ce61157c8776be3398a74bafe34	Austin	overtake	collision	0	1	0	0	0	0	1	1	0	1	1
9	overtake	3	L2:1c52e1d27184219c7d3a78fb9de638e678b22623b8dbd33a9dda58448a30eaa6	L4:c18e642d82d51c3bbe780cfbc7473c67d3ad2ce61157c8776be3398a74bafe34	Austin	overtake	overtake	0	0	0	0	0	0	0	0	0	0	0
9	follow	0	L2:d869d394530a1e51f5b02013f8e86893316b14177609195cb401608f7f44c44d	L4:c18e642d82d51c3bbe780cfbc7473c67d3ad2ce61157c8776be3398a74bafe34	Austin	follow	overtake	0	0	0	0	0	0	0	0	0	0	0
9	follow	1	L2:d869d394530a1e51f5b02013f8e86893316b14177609195cb401608f7f44c44d	L4:c18e642d82d51c3bbe780cfbc7473c67d3ad2ce61157c8776be3398a74bafe34	Austin	overtake	overtake	0	0	0	0	0	0	0	0	0	0	0
9	follow	2	L2:d869d394530a1e51f5b02013f8e86893316b14177609195cb401608f7f44c44d	L4:c18e642d82d51c3bbe780cfbc7473c67d3ad2ce61157c8776be3398a74bafe34	Austin	follow	overtake	0	0	0	0	0	0	0	0	0	0	0
9	follow	3	L2:d869d394530a1e51f5b02013f8e86893316b14177609195cb401608f7f44c44d	L4:c18e642d82d51c3bbe780cfbc7473c67d3ad2ce61157c8776be3398a74bafe34	Austin	follow	overtake	0	0	0	0	0	0	0	0	0	0	0
10	collision	0	L2:68abab765c6843f65888350f566822f58a152bc284745c8ba285428daf1a62df	L4:fbc2e97f9766149bdce0b8c2d723a23c16fd8db00b9269d5a63ab1556880f20e	Hockenheim	collision	follow	1	0	0	1	1	0	0	0	0	0	0
10	collision	1	L2:68abab765c6843f65888350f566822f58a152bc284745c8ba285428daf1a62df	L4:fbc2e97f9766149bdce0b8c2d723a23c16fd8db00b9269d5a63ab1556880f20e	Hockenheim	overtake	collision	0	1	1	0	-1	0	0	0	0	0	0
10	collision	2	L2:68abab765c6843f65888350f566822f58a152bc284745c8ba285428daf1a62df	L4:fbc2e97f9766149bdce0b8c2d723a23c16fd8db00b9269d5a63ab1556880f20e	Hockenheim	follow	overtake	0	0	1	1	0	0	0	0	0	0	0
10	collision	3	L2:68abab765c6843f65888350f566822f58a152bc284745c8ba285428daf1a62df	L4:fbc2e97f9766149bdce0b8c2d723a23c16fd8db00b9269d5a63ab1556880f20e	Hockenheim	follow	collision	0	1	1	0	-1	0	0	0	0	0	0
10	overtake	0	L2:92f3880296900092e3dfe61551e76a9b0d5cbd022d60688d234ba031b5f639f4	L4:fbc2e97f9766149bdce0b8c2d723a23c16fd8db00b9269d5a63ab1556880f20e	Hockenheim	overtake	overtake	0	0	0	0	0	0	0	0	0	0	0
10	overtake	1	L2:92f3880296900092e3dfe61551e76a9b0d5cbd022d60688d234ba031b5f639f4	L4:fbc2e97f9766149bdce0b8c2d723a23c16fd8db00b9269d5a63ab1556880f20e	Hockenheim	overtake	overtake	0	0	0	0	0	0	0	0	0	0	0
10	overtake	2	L2:92f3880296900092e3dfe61551e76a9b0d5cbd022d60688d234ba031b5f639f4	L4:fbc2e97f9766149bdce0b8c2d723a23c16fd8db00b9269d5a63ab1556880f20e	Hockenheim	overtake	overtake	0	0	0	0	0	0	0	0	0	0	0
10	overtake	3	L2:92f3880296900092e3dfe61551e76a9b0d5cbd022d60688d234ba031b5f639f4	L4:fbc2e97f9766149bdce0b8c2d723a23c16fd8db00b9269d5a63ab1556880f20e	Hockenheim	overtake	collision	0	1	0	0	0	0	1	1	0	1	1
10	follow	0	L2:b7a9a5fa3cc5b1522d58ef1bc5f5b13605ffa395fa0ef035f0724b147f425e0a	L4:fbc2e97f9766149bdce0b8c2d723a23c16fd8db00b9269d5a63ab1556880f20e	Hockenheim	follow	follow	0	0	0	0	0	0	0	0	0	0	0
10	follow	1	L2:b7a9a5fa3cc5b1522d58ef1bc5f5b13605ffa395fa0ef035f0724b147f425e0a	L4:fbc2e97f9766149bdce0b8c2d723a23c16fd8db00b9269d5a63ab1556880f20e	Hockenheim	follow	follow	0	0	0	0	0	0	0	0	0	0	0
10	follow	2	L2:b7a9a5fa3cc5b1522d58ef1bc5f5b13605ffa395fa0ef035f0724b147f425e0a	L4:fbc2e97f9766149bdce0b8c2d723a23c16fd8db00b9269d5a63ab1556880f20e	Hockenheim	follow	follow	0	0	0	0	0	0	0	0	0	0	0
10	follow	3	L2:b7a9a5fa3cc5b1522d58ef1bc5f5b13605ffa395fa0ef035f0724b147f425e0a	L4:fbc2e97f9766149bdce0b8c2d723a23c16fd8db00b9269d5a63ab1556880f20e	Hockenheim	follow	follow	0	0	0	0	0	0	0	0	0	0	0
11	collision	0	L2:732874565dde6d56c098e63f6fb2a11469910c4959ea51c1919480176319fcc5	L4:a422312b65d4587eb059c096137c72e4c0375bcfd83e44357dd313d0be61c656	Nuerburgring	collision	follow	1	0	0	1	1	0	0	0	0	0	0
11	collision	1	L2:732874565dde6d56c098e63f6fb2a11469910c4959ea51c1919480176319fcc5	L4:a422312b65d4587eb059c096137c72e4c0375bcfd83e44357dd313d0be61c656	Nuerburgring	overtake	collision	0	1	1	0	-1	0	0	0	0	0	0
11	collision	2	L2:732874565dde6d56c098e63f6fb2a11469910c4959ea51c1919480176319fcc5	L4:a422312b65d4587eb059c096137c72e4c0375bcfd83e44357dd313d0be61c656	Nuerburgring	collision	overtake	1	0	0	1	1	0	0	0	0	0	0
11	collision	3	L2:732874565dde6d56c098e63f6fb2a11469910c4959ea51c1919480176319fcc5	L4:a422312b65d4587eb059c096137c72e4c0375bcfd83e44357dd313d0be61c656	Nuerburgring	collision	collision	1	1	0	0	0	0	0	0	0	0	0
11	overtake	0	L2:8383b0ddea910128bb2c3c5958d2c50beaf4a2c78f927515b094e55aa23ce212	L4:a422312b65d4587eb059c096137c72e4c0375bcfd83e44357dd313d0be61c656	Nuerburgring	overtake	overtake	0	0	0	0	0	0	0	0	0	0	0
11	overtake	1	L2:8383b0ddea910128bb2c3c5958d2c50beaf4a2c78f927515b094e55aa23ce212	L4:a422312b65d4587eb059c096137c72e4c0375bcfd83e44357dd313d0be61c656	Nuerburgring	overtake	overtake	0	0	0	0	0	0	0	0	0	0	0
11	overtake	2	L2:8383b0ddea910128bb2c3c5958d2c50beaf4a2c78f927515b094e55aa23ce212	L4:a422312b65d4587eb059c096137c72e4c0375bcfd83e44357dd313d0be61c656	Nuerburgring	overtake	overtake	0	0	0	0	0	0	0	0	0	0	0
11	overtake	3	L2:8383b0ddea910128bb2c3c5958d2c50beaf4a2c78f927515b094e55aa23ce212	L4:a422312b65d4587eb059c096137c72e4c0375bcfd83e44357dd313d0be61c656	Nuerburgring	overtake	overtake	0	0	0	0	0	0	0	0	0	0	0
11	follow	0	L2:67371c27ecd662d7a5ba3b922e78575c03b8e6eec8293c694398654c34066126	L4:a422312b65d4587eb059c096137c72e4c0375bcfd83e44357dd313d0be61c656	Nuerburgring	follow	follow	0	0	0	0	0	0	0	0	0	0	0
11	follow	1	L2:67371c27ecd662d7a5ba3b922e78575c03b8e6eec8293c694398654c34066126	L4:a422312b65d4587eb059c096137c72e4c0375bcfd83e44357dd313d0be61c656	Nuerburgring	follow	follow	0	0	0	0	0	0	0	0	0	0	0
11	follow	2	L2:67371c27ecd662d7a5ba3b922e78575c03b8e6eec8293c694398654c34066126	L4:a422312b65d4587eb059c096137c72e4c0375bcfd83e44357dd313d0be61c656	Nuerburgring	follow	follow	0	0	0	0	0	0	0	0	0	0	0
11	follow	3	L2:67371c27ecd662d7a5ba3b922e78575c03b8e6eec8293c694398654c34066126	L4:a422312b65d4587eb059c096137c72e4c0375bcfd83e44357dd313d0be61c656	Nuerburgring	follow	follow	0	0	0	0	0	0	0	0	0	0	0
12	collision	0	L2:995063b32d5c08dc0440bda1d1aabce4dd3433e3cc2c461132790c685b1a494a	L4:e247ec9d1ce2a69206db464a60cdf5b3e1eee6bb9d4c9ba248fb4b8eb4b7cd6c	Hockenheim	collision	overtake	1	0	0	1	1	0	0	0	0	0	0
12	collision	1	L2:995063b32d5c08dc0440bda1d1aabce4dd3433e3cc2c461132790c685b1a494a	L4:e247ec9d1ce2a69206db464a60cdf5b3e1eee6bb9d4c9ba248fb4b8eb4b7cd6c	Hockenheim	collision	overtake	1	0	0	1	1	0	0	0	0	0	0
12	collision	2	L2:995063b32d5c08dc0440bda1d1aabce4dd3433e3cc2c461132790c685b1a494a	L4:e247ec9d1ce2a69206db464a60cdf5b3e1eee6bb9d4c9ba248fb4b8eb4b7cd6c	Hockenheim	collision	collision	1	1	0	0	0	0	0	0	0	0	0
12	collision	3	L2:995063b32d5c08dc0440bda1d1aabce4dd3433e3cc2c461132790c685b1a494a	L4:e247ec9d1ce2a69206db464a60cdf5b3e1eee6bb9d4c9ba248fb4b8eb4b7cd6c	Hockenheim	collision	collision	1	1	0	0	0	0	0	0	0	0	0
12	overtake	0	L2:6a5ac10ab14505f1d23caa8b88adcf338651bc8e07fb84c3fc812bce10b568fe	L4:e247ec9d1ce2a69206db464a60cdf5b3e1eee6bb9d4c9ba248fb4b8eb4b7cd6c	Hockenheim	overtake	overtake	0	0	0	0	0	0	0	0	0	0	0
12	overtake	1	L2:6a5ac10ab14505f1d23caa8b88adcf338651bc8e07fb84c3fc812bce10b568fe	L4:e247ec9d1ce2a69206db464a60cdf5b3e1eee6bb9d4c9ba248fb4b8eb4b7cd6c	Hockenheim	overtake	overtake	0	0	0	0	0	0	0	0	0	0	0
12	overtake	2	L2:6a5ac10ab14505f1d23caa8b88adcf338651bc8e07fb84c3fc812bce10b568fe	L4:e247ec9d1ce2a69206db464a60cdf5b3e1eee6bb9d4c9ba248fb4b8eb4b7cd6c	Hockenheim	overtake	overtake	0	0	0	0	0	0	0	0	0	0	0
12	overtake	3	L2:6a5ac10ab14505f1d23caa8b88adcf338651bc8e07fb84c3fc812bce10b568fe	L4:e247ec9d1ce2a69206db464a60cdf5b3e1eee6bb9d4c9ba248fb4b8eb4b7cd6c	Hockenheim	overtake	overtake	0	0	0	0	0	0	0	0	0	0	0
12	follow	0	L2:6139e03820f695caaecf618f1fb7b32c0ce85d695d63d51c482dc233faddfeb7	L4:e247ec9d1ce2a69206db464a60cdf5b3e1eee6bb9d4c9ba248fb4b8eb4b7cd6c	Hockenheim	follow	follow	0	0	0	0	0	0	0	0	0	0	0
12	follow	1	L2:6139e03820f695caaecf618f1fb7b32c0ce85d695d63d51c482dc233faddfeb7	L4:e247ec9d1ce2a69206db464a60cdf5b3e1eee6bb9d4c9ba248fb4b8eb4b7cd6c	Hockenheim	follow	follow	0	0	0	0	0	0	0	0	0	0	0
12	follow	2	L2:6139e03820f695caaecf618f1fb7b32c0ce85d695d63d51c482dc233faddfeb7	L4:e247ec9d1ce2a69206db464a60cdf5b3e1eee6bb9d4c9ba248fb4b8eb4b7cd6c	Hockenheim	follow	follow	0	0	0	0	0	0	0	0	0	0	0
12	follow	3	L2:6139e03820f695caaecf618f1fb7b32c0ce85d695d63d51c482dc233faddfeb7	L4:e247ec9d1ce2a69206db464a60cdf5b3e1eee6bb9d4c9ba248fb4b8eb4b7cd6c	Hockenheim	follow	follow	0	0	0	0	0	0	0	0	0	0	0
13	collision	0	L2:187df20998670c062c52f52a520daf296749f96a37fafc28adf50965a23c5cc0	L4:d8ee3b9c27d52d77a8b58853d135775631c8aad39cc5cead6d40fc81452c4246	Austin	collision	overtake	1	0	0	1	1	0	0	0	0	0	0
13	collision	1	L2:187df20998670c062c52f52a520daf296749f96a37fafc28adf50965a23c5cc0	L4:d8ee3b9c27d52d77a8b58853d135775631c8aad39cc5cead6d40fc81452c4246	Austin	overtake	overtake	0	0	1	1	0	0	0	0	0	0	0
13	collision	2	L2:187df20998670c062c52f52a520daf296749f96a37fafc28adf50965a23c5cc0	L4:d8ee3b9c27d52d77a8b58853d135775631c8aad39cc5cead6d40fc81452c4246	Austin	overtake	collision	0	1	1	0	-1	0	0	0	0	0	0
13	collision	3	L2:187df20998670c062c52f52a520daf296749f96a37fafc28adf50965a23c5cc0	L4:d8ee3b9c27d52d77a8b58853d135775631c8aad39cc5cead6d40fc81452c4246	Austin	overtake	collision	0	1	1	0	-1	0	0	0	0	0	0
13	overtake	0	L2:6b75c7e09d9e3acee8261a873a1d2e3d3c12d1a4e15227c59e6fc86eebcc6187	L4:d8ee3b9c27d52d77a8b58853d135775631c8aad39cc5cead6d40fc81452c4246	Austin	overtake	overtake	0	0	0	0	0	0	0	0	0	0	0
13	overtake	1	L2:6b75c7e09d9e3acee8261a873a1d2e3d3c12d1a4e15227c59e6fc86eebcc6187	L4:d8ee3b9c27d52d77a8b58853d135775631c8aad39cc5cead6d40fc81452c4246	Austin	overtake	overtake	0	0	0	0	0	0	0	0	0	0	0
13	overtake	2	L2:6b75c7e09d9e3acee8261a873a1d2e3d3c12d1a4e15227c59e6fc86eebcc6187	L4:d8ee3b9c27d52d77a8b58853d135775631c8aad39cc5cead6d40fc81452c4246	Austin	overtake	collision	0	1	0	0	0	0	1	1	0	1	1
13	overtake	3	L2:6b75c7e09d9e3acee8261a873a1d2e3d3c12d1a4e15227c59e6fc86eebcc6187	L4:d8ee3b9c27d52d77a8b58853d135775631c8aad39cc5cead6d40fc81452c4246	Austin	overtake	collision	0	1	0	0	0	0	1	1	0	1	1
13	follow	0	L2:eb3dce013e6d169014fde29db5dda7cec2d274394a368a4141c87e58f4001823	L4:d8ee3b9c27d52d77a8b58853d135775631c8aad39cc5cead6d40fc81452c4246	Austin	follow	follow	0	0	0	0	0	0	0	0	0	0	0
13	follow	1	L2:eb3dce013e6d169014fde29db5dda7cec2d274394a368a4141c87e58f4001823	L4:d8ee3b9c27d52d77a8b58853d135775631c8aad39cc5cead6d40fc81452c4246	Austin	follow	follow	0	0	0	0	0	0	0	0	0	0	0
13	follow	2	L2:eb3dce013e6d169014fde29db5dda7cec2d274394a368a4141c87e58f4001823	L4:d8ee3b9c27d52d77a8b58853d135775631c8aad39cc5cead6d40fc81452c4246	Austin	follow	follow	0	0	0	0	0	0	0	0	0	0	0
13	follow	3	L2:eb3dce013e6d169014fde29db5dda7cec2d274394a368a4141c87e58f4001823	L4:d8ee3b9c27d52d77a8b58853d135775631c8aad39cc5cead6d40fc81452c4246	Austin	follow	follow	0	0	0	0	0	0	0	0	0	0	0
14	collision	0	L2:ce4b85f0ea91114d40f68ced60911ad4b38f67f0574071f287eb4ee9e62f5241	L4:0bacb1ff04e73276e4bc13e794228abfaf470af4a99946e9456f5979c427cc16	Austin	overtake	overtake	0	0	1	1	0	0	0	0	0	0	0
14	collision	1	L2:ce4b85f0ea91114d40f68ced60911ad4b38f67f0574071f287eb4ee9e62f5241	L4:0bacb1ff04e73276e4bc13e794228abfaf470af4a99946e9456f5979c427cc16	Austin	collision	overtake	1	0	0	1	1	0	0	0	0	0	0
14	collision	2	L2:ce4b85f0ea91114d40f68ced60911ad4b38f67f0574071f287eb4ee9e62f5241	L4:0bacb1ff04e73276e4bc13e794228abfaf470af4a99946e9456f5979c427cc16	Austin	follow	follow	0	0	1	1	0	0	0	0	0	0	0
14	collision	3	L2:ce4b85f0ea91114d40f68ced60911ad4b38f67f0574071f287eb4ee9e62f5241	L4:0bacb1ff04e73276e4bc13e794228abfaf470af4a99946e9456f5979c427cc16	Austin	overtake	collision	0	1	1	0	-1	0	0	0	0	0	0
14	overtake	0	L2:2ad560037489231dc79e479b8b404802794ca0a028aa4b94a1dc258ac0eb6607	L4:0bacb1ff04e73276e4bc13e794228abfaf470af4a99946e9456f5979c427cc16	Austin	overtake	overtake	0	0	0	0	0	0	0	0	0	0	0
14	overtake	1	L2:2ad560037489231dc79e479b8b404802794ca0a028aa4b94a1dc258ac0eb6607	L4:0bacb1ff04e73276e4bc13e794228abfaf470af4a99946e9456f5979c427cc16	Austin	overtake	overtake	0	0	0	0	0	0	0	0	0	0	0
14	overtake	2	L2:2ad560037489231dc79e479b8b404802794ca0a028aa4b94a1dc258ac0eb6607	L4:0bacb1ff04e73276e4bc13e794228abfaf470af4a99946e9456f5979c427cc16	Austin	overtake	overtake	0	0	0	0	0	0	0	0	0	0	0
14	overtake	3	L2:2ad560037489231dc79e479b8b404802794ca0a028aa4b94a1dc258ac0eb6607	L4:0bacb1ff04e73276e4bc13e794228abfaf470af4a99946e9456f5979c427cc16	Austin	overtake	overtake	0	0	0	0	0	0	0	0	0	0	0
14	follow	0	L2:b05862261766a25d91b56739e23df69b15dd86e39a8a1b52a371626d596ad520	L4:0bacb1ff04e73276e4bc13e794228abfaf470af4a99946e9456f5979c427cc16	Austin	follow	follow	0	0	0	0	0	0	0	0	0	0	0
14	follow	1	L2:b05862261766a25d91b56739e23df69b15dd86e39a8a1b52a371626d596ad520	L4:0bacb1ff04e73276e4bc13e794228abfaf470af4a99946e9456f5979c427cc16	Austin	follow	follow	0	0	0	0	0	0	0	0	0	0	0
14	follow	2	L2:b05862261766a25d91b56739e23df69b15dd86e39a8a1b52a371626d596ad520	L4:0bacb1ff04e73276e4bc13e794228abfaf470af4a99946e9456f5979c427cc16	Austin	follow	collision	0	1	0	0	0	0	1	1	0	0	0
14	follow	3	L2:b05862261766a25d91b56739e23df69b15dd86e39a8a1b52a371626d596ad520	L4:0bacb1ff04e73276e4bc13e794228abfaf470af4a99946e9456f5979c427cc16	Austin	follow	follow	0	0	0	0	0	0	0	0	0	0	0
15	collision	0	L2:5b7db5c058a7a1afd9eba9cd8035357b992611d06f5397a5f4000c4f3ad4cb4a	L4:2561d97360c920a4066a40165528696cf18fdda4a4ed64d2a1eb42bc42dc8528	Austin	overtake	collision	0	1	1	0	-1	0	0	0	0	0	0
15	collision	1	L2:5b7db5c058a7a1afd9eba9cd8035357b992611d06f5397a5f4000c4f3ad4cb4a	L4:2561d97360c920a4066a40165528696cf18fdda4a4ed64d2a1eb42bc42dc8528	Austin	overtake	collision	0	1	1	0	-1	0	0	0	0	0	0
15	collision	2	L2:5b7db5c058a7a1afd9eba9cd8035357b992611d06f5397a5f4000c4f3ad4cb4a	L4:2561d97360c920a4066a40165528696cf18fdda4a4ed64d2a1eb42bc42dc8528	Austin	overtake	overtake	0	0	1	1	0	0	0	0	0	0	0
15	collision	3	L2:5b7db5c058a7a1afd9eba9cd8035357b992611d06f5397a5f4000c4f3ad4cb4a	L4:2561d97360c920a4066a40165528696cf18fdda4a4ed64d2a1eb42bc42dc8528	Austin	collision	collision	1	1	0	0	0	0	0	0	0	0	0
15	overtake	0	L2:f025b85f707ad238cc9356179118c168e0f2fd438d625cc1370fe14506eaef72	L4:2561d97360c920a4066a40165528696cf18fdda4a4ed64d2a1eb42bc42dc8528	Austin	overtake	overtake	0	0	0	0	0	0	0	0	0	0	0
15	overtake	1	L2:f025b85f707ad238cc9356179118c168e0f2fd438d625cc1370fe14506eaef72	L4:2561d97360c920a4066a40165528696cf18fdda4a4ed64d2a1eb42bc42dc8528	Austin	overtake	overtake	0	0	0	0	0	0	0	0	0	0	0
15	overtake	2	L2:f025b85f707ad238cc9356179118c168e0f2fd438d625cc1370fe14506eaef72	L4:2561d97360c920a4066a40165528696cf18fdda4a4ed64d2a1eb42bc42dc8528	Austin	overtake	collision	0	1	0	0	0	0	1	1	0	1	1
15	overtake	3	L2:f025b85f707ad238cc9356179118c168e0f2fd438d625cc1370fe14506eaef72	L4:2561d97360c920a4066a40165528696cf18fdda4a4ed64d2a1eb42bc42dc8528	Austin	overtake	overtake	0	0	0	0	0	0	0	0	0	0	0
15	follow	0	L2:9a42e058c7d9eb02d96cf23c239e5f5c589f84bc53d90445e4a9b1bfe6fa64b4	L4:2561d97360c920a4066a40165528696cf18fdda4a4ed64d2a1eb42bc42dc8528	Austin	follow	follow	0	0	0	0	0	0	0	0	0	0	0
15	follow	1	L2:9a42e058c7d9eb02d96cf23c239e5f5c589f84bc53d90445e4a9b1bfe6fa64b4	L4:2561d97360c920a4066a40165528696cf18fdda4a4ed64d2a1eb42bc42dc8528	Austin	follow	collision	0	1	0	0	0	0	1	1	0	0	0
15	follow	2	L2:9a42e058c7d9eb02d96cf23c239e5f5c589f84bc53d90445e4a9b1bfe6fa64b4	L4:2561d97360c920a4066a40165528696cf18fdda4a4ed64d2a1eb42bc42dc8528	Austin	follow	follow	0	0	0	0	0	0	0	0	0	0	0
15	follow	3	L2:9a42e058c7d9eb02d96cf23c239e5f5c589f84bc53d90445e4a9b1bfe6fa64b4	L4:2561d97360c920a4066a40165528696cf18fdda4a4ed64d2a1eb42bc42dc8528	Austin	follow	follow	0	0	0	0	0	0	0	0	0	0	0
16	collision	0	L2:a3d0cc8dbbe3a138efea7742e9625dbdd3c2a5f361ea5648a31bd4b3c1054815	L4:8be3adac08de0412b8008529af158a758a0dafd28296c40dc0360377609b5f33	Austin	follow	collision	0	1	1	0	-1	0	0	0	0	0	0
16	collision	1	L2:a3d0cc8dbbe3a138efea7742e9625dbdd3c2a5f361ea5648a31bd4b3c1054815	L4:8be3adac08de0412b8008529af158a758a0dafd28296c40dc0360377609b5f33	Austin	overtake	collision	0	1	1	0	-1	0	0	0	0	0	0
16	collision	2	L2:a3d0cc8dbbe3a138efea7742e9625dbdd3c2a5f361ea5648a31bd4b3c1054815	L4:8be3adac08de0412b8008529af158a758a0dafd28296c40dc0360377609b5f33	Austin	overtake	overtake	0	0	1	1	0	0	0	0	0	0	0
16	collision	3	L2:a3d0cc8dbbe3a138efea7742e9625dbdd3c2a5f361ea5648a31bd4b3c1054815	L4:8be3adac08de0412b8008529af158a758a0dafd28296c40dc0360377609b5f33	Austin	overtake	collision	0	1	1	0	-1	0	0	0	0	0	0
16	overtake	0	L2:ddcbae9d6dee6a26b5a1a8cc47abc6cfc44f164b9a6f2702f1c84f296caaebe0	L4:8be3adac08de0412b8008529af158a758a0dafd28296c40dc0360377609b5f33	Austin	overtake	overtake	0	0	0	0	0	0	0	0	0	0	0
16	overtake	1	L2:ddcbae9d6dee6a26b5a1a8cc47abc6cfc44f164b9a6f2702f1c84f296caaebe0	L4:8be3adac08de0412b8008529af158a758a0dafd28296c40dc0360377609b5f33	Austin	overtake	overtake	0	0	0	0	0	0	0	0	0	0	0
16	overtake	2	L2:ddcbae9d6dee6a26b5a1a8cc47abc6cfc44f164b9a6f2702f1c84f296caaebe0	L4:8be3adac08de0412b8008529af158a758a0dafd28296c40dc0360377609b5f33	Austin	overtake	overtake	0	0	0	0	0	0	0	0	0	0	0
16	overtake	3	L2:ddcbae9d6dee6a26b5a1a8cc47abc6cfc44f164b9a6f2702f1c84f296caaebe0	L4:8be3adac08de0412b8008529af158a758a0dafd28296c40dc0360377609b5f33	Austin	overtake	overtake	0	0	0	0	0	0	0	0	0	0	0
16	follow	0	L2:d051c146943eb8fb5970e1892115f4fd2c05fcb40b661c974fc53520f602fafa	L4:8be3adac08de0412b8008529af158a758a0dafd28296c40dc0360377609b5f33	Austin	follow	follow	0	0	0	0	0	0	0	0	0	0	0
16	follow	1	L2:d051c146943eb8fb5970e1892115f4fd2c05fcb40b661c974fc53520f602fafa	L4:8be3adac08de0412b8008529af158a758a0dafd28296c40dc0360377609b5f33	Austin	follow	follow	0	0	0	0	0	0	0	0	0	0	0
16	follow	2	L2:d051c146943eb8fb5970e1892115f4fd2c05fcb40b661c974fc53520f602fafa	L4:8be3adac08de0412b8008529af158a758a0dafd28296c40dc0360377609b5f33	Austin	follow	follow	0	0	0	0	0	0	0	0	0	0	0
16	follow	3	L2:d051c146943eb8fb5970e1892115f4fd2c05fcb40b661c974fc53520f602fafa	L4:8be3adac08de0412b8008529af158a758a0dafd28296c40dc0360377609b5f33	Austin	follow	follow	0	0	0	0	0	0	0	0	0	0	0
17	collision	0	L2:b81ea5c9a879dc79f881a15c3e71ef10c43ed268577c57250fd09addf2bdd1e8	L4:de8fec8cf561545c769dc67d8c28d14646fe54dc5c35d082ae96ce355817a421	Hockenheim	collision	collision	1	1	0	0	0	0	0	0	0	0	0
17	collision	1	L2:b81ea5c9a879dc79f881a15c3e71ef10c43ed268577c57250fd09addf2bdd1e8	L4:de8fec8cf561545c769dc67d8c28d14646fe54dc5c35d082ae96ce355817a421	Hockenheim	collision	collision	1	1	0	0	0	0	0	0	0	0	0
17	collision	2	L2:b81ea5c9a879dc79f881a15c3e71ef10c43ed268577c57250fd09addf2bdd1e8	L4:de8fec8cf561545c769dc67d8c28d14646fe54dc5c35d082ae96ce355817a421	Hockenheim	collision	collision	1	1	0	0	0	0	0	0	0	0	0
17	collision	3	L2:b81ea5c9a879dc79f881a15c3e71ef10c43ed268577c57250fd09addf2bdd1e8	L4:de8fec8cf561545c769dc67d8c28d14646fe54dc5c35d082ae96ce355817a421	Hockenheim	collision	overtake	1	0	0	1	1	0	0	0	0	0	0
17	overtake	0	L2:66ad28e8cdc1bfbf4132f2d271496112e408e8092db5e66121caa3e3c5d9c89e	L4:de8fec8cf561545c769dc67d8c28d14646fe54dc5c35d082ae96ce355817a421	Hockenheim	overtake	overtake	0	0	0	0	0	0	0	0	0	0	0
17	overtake	1	L2:66ad28e8cdc1bfbf4132f2d271496112e408e8092db5e66121caa3e3c5d9c89e	L4:de8fec8cf561545c769dc67d8c28d14646fe54dc5c35d082ae96ce355817a421	Hockenheim	overtake	overtake	0	0	0	0	0	0	0	0	0	0	0
17	overtake	2	L2:66ad28e8cdc1bfbf4132f2d271496112e408e8092db5e66121caa3e3c5d9c89e	L4:de8fec8cf561545c769dc67d8c28d14646fe54dc5c35d082ae96ce355817a421	Hockenheim	overtake	overtake	0	0	0	0	0	0	0	0	0	0	0
17	overtake	3	L2:66ad28e8cdc1bfbf4132f2d271496112e408e8092db5e66121caa3e3c5d9c89e	L4:de8fec8cf561545c769dc67d8c28d14646fe54dc5c35d082ae96ce355817a421	Hockenheim	overtake	overtake	0	0	0	0	0	0	0	0	0	0	0
17	follow	0	L2:eecb526e73c6c5bc2869950c735655e6e9711863fda515a112d35feaeeaf75e0	L4:de8fec8cf561545c769dc67d8c28d14646fe54dc5c35d082ae96ce355817a421	Hockenheim	follow	follow	0	0	0	0	0	0	0	0	0	0	0
17	follow	1	L2:eecb526e73c6c5bc2869950c735655e6e9711863fda515a112d35feaeeaf75e0	L4:de8fec8cf561545c769dc67d8c28d14646fe54dc5c35d082ae96ce355817a421	Hockenheim	follow	follow	0	0	0	0	0	0	0	0	0	0	0
17	follow	2	L2:eecb526e73c6c5bc2869950c735655e6e9711863fda515a112d35feaeeaf75e0	L4:de8fec8cf561545c769dc67d8c28d14646fe54dc5c35d082ae96ce355817a421	Hockenheim	follow	follow	0	0	0	0	0	0	0	0	0	0	0
17	follow	3	L2:eecb526e73c6c5bc2869950c735655e6e9711863fda515a112d35feaeeaf75e0	L4:de8fec8cf561545c769dc67d8c28d14646fe54dc5c35d082ae96ce355817a421	Hockenheim	follow	follow	0	0	0	0	0	0	0	0	0	0	0
18	collision	0	L2:4b783868d20e63ced405d9a5065779d6f16efe8890914ba94787e0e191217878	L4:e4fc9ee6bcf8673ac27362d101283b6303dd0d8dc74e1911c6bf1e5c5f9d5bbe	MoscowRaceway	follow	collision	0	1	1	0	-1	0	0	0	0	0	0
18	collision	1	L2:4b783868d20e63ced405d9a5065779d6f16efe8890914ba94787e0e191217878	L4:e4fc9ee6bcf8673ac27362d101283b6303dd0d8dc74e1911c6bf1e5c5f9d5bbe	MoscowRaceway	follow	collision	0	1	1	0	-1	0	0	0	0	0	0
18	collision	2	L2:4b783868d20e63ced405d9a5065779d6f16efe8890914ba94787e0e191217878	L4:e4fc9ee6bcf8673ac27362d101283b6303dd0d8dc74e1911c6bf1e5c5f9d5bbe	MoscowRaceway	follow	follow	0	0	1	1	0	0	0	0	0	0	0
18	collision	3	L2:4b783868d20e63ced405d9a5065779d6f16efe8890914ba94787e0e191217878	L4:e4fc9ee6bcf8673ac27362d101283b6303dd0d8dc74e1911c6bf1e5c5f9d5bbe	MoscowRaceway	follow	collision	0	1	1	0	-1	0	0	0	0	0	0
18	overtake	0	L2:a11fdc495f93afa3e8199c404a3a782e51ae641aed1230900db4b39d61977b62	L4:e4fc9ee6bcf8673ac27362d101283b6303dd0d8dc74e1911c6bf1e5c5f9d5bbe	MoscowRaceway	overtake	overtake	0	0	0	0	0	0	0	0	0	0	0
18	overtake	1	L2:a11fdc495f93afa3e8199c404a3a782e51ae641aed1230900db4b39d61977b62	L4:e4fc9ee6bcf8673ac27362d101283b6303dd0d8dc74e1911c6bf1e5c5f9d5bbe	MoscowRaceway	overtake	overtake	0	0	0	0	0	0	0	0	0	0	0
18	overtake	2	L2:a11fdc495f93afa3e8199c404a3a782e51ae641aed1230900db4b39d61977b62	L4:e4fc9ee6bcf8673ac27362d101283b6303dd0d8dc74e1911c6bf1e5c5f9d5bbe	MoscowRaceway	overtake	overtake	0	0	0	0	0	0	0	0	0	0	0
18	overtake	3	L2:a11fdc495f93afa3e8199c404a3a782e51ae641aed1230900db4b39d61977b62	L4:e4fc9ee6bcf8673ac27362d101283b6303dd0d8dc74e1911c6bf1e5c5f9d5bbe	MoscowRaceway	overtake	overtake	0	0	0	0	0	0	0	0	0	0	0
18	follow	0	L2:7b5537f6da526a52e690d6429311ae7d15720611b208dbcade40442c1a1c8d90	L4:e4fc9ee6bcf8673ac27362d101283b6303dd0d8dc74e1911c6bf1e5c5f9d5bbe	MoscowRaceway	follow	follow	0	0	0	0	0	0	0	0	0	0	0
18	follow	1	L2:7b5537f6da526a52e690d6429311ae7d15720611b208dbcade40442c1a1c8d90	L4:e4fc9ee6bcf8673ac27362d101283b6303dd0d8dc74e1911c6bf1e5c5f9d5bbe	MoscowRaceway	follow	follow	0	0	0	0	0	0	0	0	0	0	0
18	follow	2	L2:7b5537f6da526a52e690d6429311ae7d15720611b208dbcade40442c1a1c8d90	L4:e4fc9ee6bcf8673ac27362d101283b6303dd0d8dc74e1911c6bf1e5c5f9d5bbe	MoscowRaceway	follow	follow	0	0	0	0	0	0	0	0	0	0	0
18	follow	3	L2:7b5537f6da526a52e690d6429311ae7d15720611b208dbcade40442c1a1c8d90	L4:e4fc9ee6bcf8673ac27362d101283b6303dd0d8dc74e1911c6bf1e5c5f9d5bbe	MoscowRaceway	follow	follow	0	0	0	0	0	0	0	0	0	0	0
19	collision	0	L2:866d0426627427904e2c08e44c4f135c2cb2662776de308792e8ae8cd739eef3	L4:d55f3621b8ddfa95e2a7825b5d0f0bc4e43833510e0df2e1e5ad219a2e221b28	MoscowRaceway	overtake	follow	0	0	1	1	0	0	0	0	0	0	0
19	collision	1	L2:866d0426627427904e2c08e44c4f135c2cb2662776de308792e8ae8cd739eef3	L4:d55f3621b8ddfa95e2a7825b5d0f0bc4e43833510e0df2e1e5ad219a2e221b28	MoscowRaceway	overtake	collision	0	1	1	0	-1	0	0	0	0	0	0
19	collision	2	L2:866d0426627427904e2c08e44c4f135c2cb2662776de308792e8ae8cd739eef3	L4:d55f3621b8ddfa95e2a7825b5d0f0bc4e43833510e0df2e1e5ad219a2e221b28	MoscowRaceway	overtake	collision	0	1	1	0	-1	0	0	0	0	0	0
19	collision	3	L2:866d0426627427904e2c08e44c4f135c2cb2662776de308792e8ae8cd739eef3	L4:d55f3621b8ddfa95e2a7825b5d0f0bc4e43833510e0df2e1e5ad219a2e221b28	MoscowRaceway	follow	collision	0	1	1	0	-1	0	0	0	0	0	0
19	overtake	0	L2:f74177b59e899259f15c3ef5a96fb56a90eb340d718652e230529bf24d01f5ba	L4:d55f3621b8ddfa95e2a7825b5d0f0bc4e43833510e0df2e1e5ad219a2e221b28	MoscowRaceway	overtake	overtake	0	0	0	0	0	0	0	0	0	0	0
19	overtake	1	L2:f74177b59e899259f15c3ef5a96fb56a90eb340d718652e230529bf24d01f5ba	L4:d55f3621b8ddfa95e2a7825b5d0f0bc4e43833510e0df2e1e5ad219a2e221b28	MoscowRaceway	overtake	overtake	0	0	0	0	0	0	0	0	0	0	0
19	overtake	2	L2:f74177b59e899259f15c3ef5a96fb56a90eb340d718652e230529bf24d01f5ba	L4:d55f3621b8ddfa95e2a7825b5d0f0bc4e43833510e0df2e1e5ad219a2e221b28	MoscowRaceway	overtake	overtake	0	0	0	0	0	0	0	0	0	0	0
19	overtake	3	L2:f74177b59e899259f15c3ef5a96fb56a90eb340d718652e230529bf24d01f5ba	L4:d55f3621b8ddfa95e2a7825b5d0f0bc4e43833510e0df2e1e5ad219a2e221b28	MoscowRaceway	overtake	overtake	0	0	0	0	0	0	0	0	0	0	0
19	follow	0	L2:c5afab9a74565822fdb988443ce07801d14d758ebcf1dfaf7591eddabe80c879	L4:d55f3621b8ddfa95e2a7825b5d0f0bc4e43833510e0df2e1e5ad219a2e221b28	MoscowRaceway	follow	follow	0	0	0	0	0	0	0	0	0	0	0
19	follow	1	L2:c5afab9a74565822fdb988443ce07801d14d758ebcf1dfaf7591eddabe80c879	L4:d55f3621b8ddfa95e2a7825b5d0f0bc4e43833510e0df2e1e5ad219a2e221b28	MoscowRaceway	follow	collision	0	1	0	0	0	0	1	1	0	0	0
19	follow	2	L2:c5afab9a74565822fdb988443ce07801d14d758ebcf1dfaf7591eddabe80c879	L4:d55f3621b8ddfa95e2a7825b5d0f0bc4e43833510e0df2e1e5ad219a2e221b28	MoscowRaceway	follow	follow	0	0	0	0	0	0	0	0	0	0	0
19	follow	3	L2:c5afab9a74565822fdb988443ce07801d14d758ebcf1dfaf7591eddabe80c879	L4:d55f3621b8ddfa95e2a7825b5d0f0bc4e43833510e0df2e1e5ad219a2e221b28	MoscowRaceway	follow	follow	0	0	0	0	0	0	0	0	0	0	0
20	collision	0	L2:fcc9ae3415a6977d3202e7d5401616568d18b384c33e9ee4b91766ef0ac80952	L4:9cd297d9c7e6537a7b03f309abdc0dc457fbe0fa0dd766003aa4b77a49fdbf33	Austin	overtake	follow	0	0	1	1	0	0	0	0	0	0	0
20	collision	1	L2:fcc9ae3415a6977d3202e7d5401616568d18b384c33e9ee4b91766ef0ac80952	L4:9cd297d9c7e6537a7b03f309abdc0dc457fbe0fa0dd766003aa4b77a49fdbf33	Austin	follow	follow	0	0	1	1	0	0	0	0	0	0	0
20	collision	2	L2:fcc9ae3415a6977d3202e7d5401616568d18b384c33e9ee4b91766ef0ac80952	L4:9cd297d9c7e6537a7b03f309abdc0dc457fbe0fa0dd766003aa4b77a49fdbf33	Austin	collision	follow	1	0	0	1	1	0	0	0	0	0	0
20	collision	3	L2:fcc9ae3415a6977d3202e7d5401616568d18b384c33e9ee4b91766ef0ac80952	L4:9cd297d9c7e6537a7b03f309abdc0dc457fbe0fa0dd766003aa4b77a49fdbf33	Austin	collision	collision	1	1	0	0	0	0	0	0	0	0	0
20	overtake	0	L2:289b8431a4208d675ef2e674848e09c8d7d358cca06ee7528c2b918ab561b239	L4:9cd297d9c7e6537a7b03f309abdc0dc457fbe0fa0dd766003aa4b77a49fdbf33	Austin	overtake	overtake	0	0	0	0	0	0	0	0	0	0	0
20	overtake	1	L2:289b8431a4208d675ef2e674848e09c8d7d358cca06ee7528c2b918ab561b239	L4:9cd297d9c7e6537a7b03f309abdc0dc457fbe0fa0dd766003aa4b77a49fdbf33	Austin	overtake	overtake	0	0	0	0	0	0	0	0	0	0	0
20	overtake	2	L2:289b8431a4208d675ef2e674848e09c8d7d358cca06ee7528c2b918ab561b239	L4:9cd297d9c7e6537a7b03f309abdc0dc457fbe0fa0dd766003aa4b77a49fdbf33	Austin	overtake	overtake	0	0	0	0	0	0	0	0	0	0	0
20	overtake	3	L2:289b8431a4208d675ef2e674848e09c8d7d358cca06ee7528c2b918ab561b239	L4:9cd297d9c7e6537a7b03f309abdc0dc457fbe0fa0dd766003aa4b77a49fdbf33	Austin	overtake	overtake	0	0	0	0	0	0	0	0	0	0	0
20	follow	0	L2:1b406ab22acfdbe1ae89d54b7454811f505c67e27e819a1c51ab7ec8e29805c0	L4:9cd297d9c7e6537a7b03f309abdc0dc457fbe0fa0dd766003aa4b77a49fdbf33	Austin	follow	follow	0	0	0	0	0	0	0	0	0	0	0
20	follow	1	L2:1b406ab22acfdbe1ae89d54b7454811f505c67e27e819a1c51ab7ec8e29805c0	L4:9cd297d9c7e6537a7b03f309abdc0dc457fbe0fa0dd766003aa4b77a49fdbf33	Austin	follow	follow	0	0	0	0	0	0	0	0	0	0	0
20	follow	2	L2:1b406ab22acfdbe1ae89d54b7454811f505c67e27e819a1c51ab7ec8e29805c0	L4:9cd297d9c7e6537a7b03f309abdc0dc457fbe0fa0dd766003aa4b77a49fdbf33	Austin	follow	follow	0	0	0	0	0	0	0	0	0	0	0
20	follow	3	L2:1b406ab22acfdbe1ae89d54b7454811f505c67e27e819a1c51ab7ec8e29805c0	L4:9cd297d9c7e6537a7b03f309abdc0dc457fbe0fa0dd766003aa4b77a49fdbf33	Austin	follow	overtake	0	0	0	0	0	0	0	0	0	0	0
21	collision	0	L2:1589ef52a9c2b8197ecac9f83ef698ab8704fb8571f648c795c35d07ac1e2198	L4:ab592bcd7dcc64d0169f6f74f27f36eedc768540e5f71d93c4dd161bc7c63adb	Austin	overtake	overtake	0	0	1	1	0	0	0	0	0	0	0
21	collision	1	L2:1589ef52a9c2b8197ecac9f83ef698ab8704fb8571f648c795c35d07ac1e2198	L4:ab592bcd7dcc64d0169f6f74f27f36eedc768540e5f71d93c4dd161bc7c63adb	Austin	collision	overtake	1	0	0	1	1	0	0	0	0	0	0
21	collision	2	L2:1589ef52a9c2b8197ecac9f83ef698ab8704fb8571f648c795c35d07ac1e2198	L4:ab592bcd7dcc64d0169f6f74f27f36eedc768540e5f71d93c4dd161bc7c63adb	Austin	collision	overtake	1	0	0	1	1	0	0	0	0	0	0
21	collision	3	L2:1589ef52a9c2b8197ecac9f83ef698ab8704fb8571f648c795c35d07ac1e2198	L4:ab592bcd7dcc64d0169f6f74f27f36eedc768540e5f71d93c4dd161bc7c63adb	Austin	overtake	overtake	0	0	1	1	0	0	0	0	0	0	0
21	overtake	0	L2:f8d89653fc95d58e0a372190bf622dbd0b05f426c68b60149181bfb3f414064f	L4:ab592bcd7dcc64d0169f6f74f27f36eedc768540e5f71d93c4dd161bc7c63adb	Austin	overtake	overtake	0	0	0	0	0	0	0	0	0	0	0
21	overtake	1	L2:f8d89653fc95d58e0a372190bf622dbd0b05f426c68b60149181bfb3f414064f	L4:ab592bcd7dcc64d0169f6f74f27f36eedc768540e5f71d93c4dd161bc7c63adb	Austin	overtake	collision	0	1	0	0	0	0	1	1	0	1	1
21	overtake	2	L2:f8d89653fc95d58e0a372190bf622dbd0b05f426c68b60149181bfb3f414064f	L4:ab592bcd7dcc64d0169f6f74f27f36eedc768540e5f71d93c4dd161bc7c63adb	Austin	overtake	overtake	0	0	0	0	0	0	0	0	0	0	0
21	overtake	3	L2:f8d89653fc95d58e0a372190bf622dbd0b05f426c68b60149181bfb3f414064f	L4:ab592bcd7dcc64d0169f6f74f27f36eedc768540e5f71d93c4dd161bc7c63adb	Austin	overtake	overtake	0	0	0	0	0	0	0	0	0	0	0
21	follow	0	L2:00f238c973df655e6c7f1f47de25f4e08cb9cbc51aca28dae3e073c4b406d8bd	L4:ab592bcd7dcc64d0169f6f74f27f36eedc768540e5f71d93c4dd161bc7c63adb	Austin	follow	follow	0	0	0	0	0	0	0	0	0	0	0
21	follow	1	L2:00f238c973df655e6c7f1f47de25f4e08cb9cbc51aca28dae3e073c4b406d8bd	L4:ab592bcd7dcc64d0169f6f74f27f36eedc768540e5f71d93c4dd161bc7c63adb	Austin	follow	follow	0	0	0	0	0	0	0	0	0	0	0
21	follow	2	L2:00f238c973df655e6c7f1f47de25f4e08cb9cbc51aca28dae3e073c4b406d8bd	L4:ab592bcd7dcc64d0169f6f74f27f36eedc768540e5f71d93c4dd161bc7c63adb	Austin	follow	follow	0	0	0	0	0	0	0	0	0	0	0
21	follow	3	L2:00f238c973df655e6c7f1f47de25f4e08cb9cbc51aca28dae3e073c4b406d8bd	L4:ab592bcd7dcc64d0169f6f74f27f36eedc768540e5f71d93c4dd161bc7c63adb	Austin	follow	follow	0	0	0	0	0	0	0	0	0	0	0
22	collision	0	L2:8324bf23a5fd7a4b6e220ddc9dda89c1aa29e05e3933a92735ea51ac627fa09e	L4:b896442cebadd776c14d4756e2a95a71c928de7d1d5b44c7d81c2524ad764c75	Austin	follow	follow	0	0	1	1	0	0	0	0	0	0	0
22	collision	1	L2:8324bf23a5fd7a4b6e220ddc9dda89c1aa29e05e3933a92735ea51ac627fa09e	L4:b896442cebadd776c14d4756e2a95a71c928de7d1d5b44c7d81c2524ad764c75	Austin	follow	follow	0	0	1	1	0	0	0	0	0	0	0
22	collision	2	L2:8324bf23a5fd7a4b6e220ddc9dda89c1aa29e05e3933a92735ea51ac627fa09e	L4:b896442cebadd776c14d4756e2a95a71c928de7d1d5b44c7d81c2524ad764c75	Austin	collision	collision	1	1	0	0	0	0	0	0	0	0	0
22	collision	3	L2:8324bf23a5fd7a4b6e220ddc9dda89c1aa29e05e3933a92735ea51ac627fa09e	L4:b896442cebadd776c14d4756e2a95a71c928de7d1d5b44c7d81c2524ad764c75	Austin	follow	follow	0	0	1	1	0	0	0	0	0	0	0
22	overtake	0	L2:2578b85a6adf6c0795deca57dd6b6fe03d0b9d9badd6aea771399477710570b5	L4:b896442cebadd776c14d4756e2a95a71c928de7d1d5b44c7d81c2524ad764c75	Austin	overtake	overtake	0	0	0	0	0	0	0	0	0	0	0
22	overtake	1	L2:2578b85a6adf6c0795deca57dd6b6fe03d0b9d9badd6aea771399477710570b5	L4:b896442cebadd776c14d4756e2a95a71c928de7d1d5b44c7d81c2524ad764c75	Austin	follow	overtake	0	0	0	0	0	0	0	0	1	0	-1
22	overtake	2	L2:2578b85a6adf6c0795deca57dd6b6fe03d0b9d9badd6aea771399477710570b5	L4:b896442cebadd776c14d4756e2a95a71c928de7d1d5b44c7d81c2524ad764c75	Austin	follow	collision	0	1	0	0	0	0	1	1	1	1	0
22	overtake	3	L2:2578b85a6adf6c0795deca57dd6b6fe03d0b9d9badd6aea771399477710570b5	L4:b896442cebadd776c14d4756e2a95a71c928de7d1d5b44c7d81c2524ad764c75	Austin	overtake	overtake	0	0	0	0	0	0	0	0	0	0	0
22	follow	0	L2:0c913336707256cde6bb9ee76041b11a5e3160959286f68ba50f35b530042ae2	L4:b896442cebadd776c14d4756e2a95a71c928de7d1d5b44c7d81c2524ad764c75	Austin	follow	follow	0	0	0	0	0	0	0	0	0	0	0
22	follow	1	L2:0c913336707256cde6bb9ee76041b11a5e3160959286f68ba50f35b530042ae2	L4:b896442cebadd776c14d4756e2a95a71c928de7d1d5b44c7d81c2524ad764c75	Austin	follow	follow	0	0	0	0	0	0	0	0	0	0	0
22	follow	2	L2:0c913336707256cde6bb9ee76041b11a5e3160959286f68ba50f35b530042ae2	L4:b896442cebadd776c14d4756e2a95a71c928de7d1d5b44c7d81c2524ad764c75	Austin	follow	follow	0	0	0	0	0	0	0	0	0	0	0
22	follow	3	L2:0c913336707256cde6bb9ee76041b11a5e3160959286f68ba50f35b530042ae2	L4:b896442cebadd776c14d4756e2a95a71c928de7d1d5b44c7d81c2524ad764c75	Austin	follow	collision	0	1	0	0	0	0	1	1	0	0	0
23	collision	0	L2:6494bb85eb7bbe6279913c3e50313586fa49a121055f42c5ba1b33054db4f8b4	L4:8281882a8889f31c19dfd1c05301014c8f199ca6ff9a406d310cd4e37e471b49	Hockenheim	collision	collision	1	1	0	0	0	0	0	0	0	0	0
23	collision	1	L2:6494bb85eb7bbe6279913c3e50313586fa49a121055f42c5ba1b33054db4f8b4	L4:8281882a8889f31c19dfd1c05301014c8f199ca6ff9a406d310cd4e37e471b49	Hockenheim	collision	collision	1	1	0	0	0	0	0	0	0	0	0
23	collision	2	L2:6494bb85eb7bbe6279913c3e50313586fa49a121055f42c5ba1b33054db4f8b4	L4:8281882a8889f31c19dfd1c05301014c8f199ca6ff9a406d310cd4e37e471b49	Hockenheim	collision	collision	1	1	0	0	0	0	0	0	0	0	0
23	collision	3	L2:6494bb85eb7bbe6279913c3e50313586fa49a121055f42c5ba1b33054db4f8b4	L4:8281882a8889f31c19dfd1c05301014c8f199ca6ff9a406d310cd4e37e471b49	Hockenheim	collision	collision	1	1	0	0	0	0	0	0	0	0	0
23	overtake	0	L2:332352e33f8f24bb0a2e99e9aa39ee7cc1cea2b419ef4133fe45159fff0da113	L4:8281882a8889f31c19dfd1c05301014c8f199ca6ff9a406d310cd4e37e471b49	Hockenheim	overtake	overtake	0	0	0	0	0	0	0	0	0	0	0
23	overtake	1	L2:332352e33f8f24bb0a2e99e9aa39ee7cc1cea2b419ef4133fe45159fff0da113	L4:8281882a8889f31c19dfd1c05301014c8f199ca6ff9a406d310cd4e37e471b49	Hockenheim	overtake	overtake	0	0	0	0	0	0	0	0	0	0	0
23	overtake	2	L2:332352e33f8f24bb0a2e99e9aa39ee7cc1cea2b419ef4133fe45159fff0da113	L4:8281882a8889f31c19dfd1c05301014c8f199ca6ff9a406d310cd4e37e471b49	Hockenheim	overtake	overtake	0	0	0	0	0	0	0	0	0	0	0
23	overtake	3	L2:332352e33f8f24bb0a2e99e9aa39ee7cc1cea2b419ef4133fe45159fff0da113	L4:8281882a8889f31c19dfd1c05301014c8f199ca6ff9a406d310cd4e37e471b49	Hockenheim	overtake	overtake	0	0	0	0	0	0	0	0	0	0	0
23	follow	0	L2:2b0522075bdd44281039eb61d366a11a8aa013786211b12397056b57199f2609	L4:8281882a8889f31c19dfd1c05301014c8f199ca6ff9a406d310cd4e37e471b49	Hockenheim	follow	collision	0	1	0	0	0	0	1	1	0	0	0
23	follow	1	L2:2b0522075bdd44281039eb61d366a11a8aa013786211b12397056b57199f2609	L4:8281882a8889f31c19dfd1c05301014c8f199ca6ff9a406d310cd4e37e471b49	Hockenheim	follow	collision	0	1	0	0	0	0	1	1	0	0	0
23	follow	2	L2:2b0522075bdd44281039eb61d366a11a8aa013786211b12397056b57199f2609	L4:8281882a8889f31c19dfd1c05301014c8f199ca6ff9a406d310cd4e37e471b49	Hockenheim	follow	collision	0	1	0	0	0	0	1	1	0	0	0
23	follow	3	L2:2b0522075bdd44281039eb61d366a11a8aa013786211b12397056b57199f2609	L4:8281882a8889f31c19dfd1c05301014c8f199ca6ff9a406d310cd4e37e471b49	Hockenheim	follow	follow	0	0	0	0	0	0	0	0	0	0	0
24	collision	0	L2:d714d47ffac3e503f50ed688c2fd001a3cba8a55c08ec11a07af6a96b1f46406	L4:021ba7fa8baf6c192ed57bc313f6f7f1d8bfb576c42be976507e7205f9486c17	Nuerburgring	collision	overtake	1	0	0	1	1	0	0	0	0	0	0
24	collision	1	L2:d714d47ffac3e503f50ed688c2fd001a3cba8a55c08ec11a07af6a96b1f46406	L4:021ba7fa8baf6c192ed57bc313f6f7f1d8bfb576c42be976507e7205f9486c17	Nuerburgring	collision	overtake	1	0	0	1	1	0	0	0	0	0	0
24	collision	2	L2:d714d47ffac3e503f50ed688c2fd001a3cba8a55c08ec11a07af6a96b1f46406	L4:021ba7fa8baf6c192ed57bc313f6f7f1d8bfb576c42be976507e7205f9486c17	Nuerburgring	collision	collision	1	1	0	0	0	0	0	0	0	0	0
24	collision	3	L2:d714d47ffac3e503f50ed688c2fd001a3cba8a55c08ec11a07af6a96b1f46406	L4:021ba7fa8baf6c192ed57bc313f6f7f1d8bfb576c42be976507e7205f9486c17	Nuerburgring	collision	collision	1	1	0	0	0	0	0	0	0	0	0
24	overtake	0	L2:4c8225d76302ceb35d40a30c9f9f60e39fb65c3b0b7c7cd56c1830eb4329cf7f	L4:021ba7fa8baf6c192ed57bc313f6f7f1d8bfb576c42be976507e7205f9486c17	Nuerburgring	overtake	collision	0	1	0	0	0	0	1	1	0	1	1
24	overtake	1	L2:4c8225d76302ceb35d40a30c9f9f60e39fb65c3b0b7c7cd56c1830eb4329cf7f	L4:021ba7fa8baf6c192ed57bc313f6f7f1d8bfb576c42be976507e7205f9486c17	Nuerburgring	overtake	collision	0	1	0	0	0	0	1	1	0	1	1
24	overtake	2	L2:4c8225d76302ceb35d40a30c9f9f60e39fb65c3b0b7c7cd56c1830eb4329cf7f	L4:021ba7fa8baf6c192ed57bc313f6f7f1d8bfb576c42be976507e7205f9486c17	Nuerburgring	overtake	overtake	0	0	0	0	0	0	0	0	0	0	0
24	overtake	3	L2:4c8225d76302ceb35d40a30c9f9f60e39fb65c3b0b7c7cd56c1830eb4329cf7f	L4:021ba7fa8baf6c192ed57bc313f6f7f1d8bfb576c42be976507e7205f9486c17	Nuerburgring	overtake	overtake	0	0	0	0	0	0	0	0	0	0	0
24	follow	0	L2:b367c21fdff29e5c581036906444919870ce91d60816e5f2db9555942618fdc5	L4:021ba7fa8baf6c192ed57bc313f6f7f1d8bfb576c42be976507e7205f9486c17	Nuerburgring	follow	follow	0	0	0	0	0	0	0	0	0	0	0
24	follow	1	L2:b367c21fdff29e5c581036906444919870ce91d60816e5f2db9555942618fdc5	L4:021ba7fa8baf6c192ed57bc313f6f7f1d8bfb576c42be976507e7205f9486c17	Nuerburgring	follow	follow	0	0	0	0	0	0	0	0	0	0	0
24	follow	2	L2:b367c21fdff29e5c581036906444919870ce91d60816e5f2db9555942618fdc5	L4:021ba7fa8baf6c192ed57bc313f6f7f1d8bfb576c42be976507e7205f9486c17	Nuerburgring	follow	follow	0	0	0	0	0	0	0	0	0	0	0
24	follow	3	L2:b367c21fdff29e5c581036906444919870ce91d60816e5f2db9555942618fdc5	L4:021ba7fa8baf6c192ed57bc313f6f7f1d8bfb576c42be976507e7205f9486c17	Nuerburgring	follow	follow	0	0	0	0	0	0	0	0	0	0	0
25	collision	0	L2:ed4d3330aa3a1f5044262ae8cfc0a51a215abb199fd4f91a7417d7dd016c1e67	L4:d07445a52e9c68ed78bfaf1bf8f6a26a0bdaada83b7e2f9f0e2f12a684e508e9	Austin	collision	overtake	1	0	0	1	1	0	0	0	0	0	0
25	collision	1	L2:ed4d3330aa3a1f5044262ae8cfc0a51a215abb199fd4f91a7417d7dd016c1e67	L4:d07445a52e9c68ed78bfaf1bf8f6a26a0bdaada83b7e2f9f0e2f12a684e508e9	Austin	collision	overtake	1	0	0	1	1	0	0	0	0	0	0
25	collision	2	L2:ed4d3330aa3a1f5044262ae8cfc0a51a215abb199fd4f91a7417d7dd016c1e67	L4:d07445a52e9c68ed78bfaf1bf8f6a26a0bdaada83b7e2f9f0e2f12a684e508e9	Austin	collision	overtake	1	0	0	1	1	0	0	0	0	0	0
25	collision	3	L2:ed4d3330aa3a1f5044262ae8cfc0a51a215abb199fd4f91a7417d7dd016c1e67	L4:d07445a52e9c68ed78bfaf1bf8f6a26a0bdaada83b7e2f9f0e2f12a684e508e9	Austin	collision	overtake	1	0	0	1	1	0	0	0	0	0	0
25	overtake	0	L2:f04afdae5ff46f309d0c8be0f5cf1c3972ca5b716379a4b27e85267393f0e407	L4:d07445a52e9c68ed78bfaf1bf8f6a26a0bdaada83b7e2f9f0e2f12a684e508e9	Austin	overtake	overtake	0	0	0	0	0	0	0	0	0	0	0
25	overtake	1	L2:f04afdae5ff46f309d0c8be0f5cf1c3972ca5b716379a4b27e85267393f0e407	L4:d07445a52e9c68ed78bfaf1bf8f6a26a0bdaada83b7e2f9f0e2f12a684e508e9	Austin	overtake	collision	0	1	0	0	0	0	1	1	0	1	1
25	overtake	2	L2:f04afdae5ff46f309d0c8be0f5cf1c3972ca5b716379a4b27e85267393f0e407	L4:d07445a52e9c68ed78bfaf1bf8f6a26a0bdaada83b7e2f9f0e2f12a684e508e9	Austin	overtake	overtake	0	0	0	0	0	0	0	0	0	0	0
25	overtake	3	L2:f04afdae5ff46f309d0c8be0f5cf1c3972ca5b716379a4b27e85267393f0e407	L4:d07445a52e9c68ed78bfaf1bf8f6a26a0bdaada83b7e2f9f0e2f12a684e508e9	Austin	overtake	overtake	0	0	0	0	0	0	0	0	0	0	0
25	follow	0	L2:b8108e70fa78c72db47e03c5ce0790670e0fd20e8e466fc3f6825bf312735ea1	L4:d07445a52e9c68ed78bfaf1bf8f6a26a0bdaada83b7e2f9f0e2f12a684e508e9	Austin	follow	follow	0	0	0	0	0	0	0	0	0	0	0
25	follow	1	L2:b8108e70fa78c72db47e03c5ce0790670e0fd20e8e466fc3f6825bf312735ea1	L4:d07445a52e9c68ed78bfaf1bf8f6a26a0bdaada83b7e2f9f0e2f12a684e508e9	Austin	follow	follow	0	0	0	0	0	0	0	0	0	0	0
25	follow	2	L2:b8108e70fa78c72db47e03c5ce0790670e0fd20e8e466fc3f6825bf312735ea1	L4:d07445a52e9c68ed78bfaf1bf8f6a26a0bdaada83b7e2f9f0e2f12a684e508e9	Austin	follow	follow	0	0	0	0	0	0	0	0	0	0	0
25	follow	3	L2:b8108e70fa78c72db47e03c5ce0790670e0fd20e8e466fc3f6825bf312735ea1	L4:d07445a52e9c68ed78bfaf1bf8f6a26a0bdaada83b7e2f9f0e2f12a684e508e9	Austin	follow	follow	0	0	0	0	0	0	0	0	0	0	0
26	collision	0	L2:597bfc911d541b821ad6f4a4c1cb63f4ca21c0c0a783270248ce4452adabb742	L4:58ce327263075a9a9be0b836804254a7a767580c28796224db0f13ed5a17c6d6	Austin	collision	follow	1	0	0	1	1	0	0	0	0	0	0
26	collision	1	L2:597bfc911d541b821ad6f4a4c1cb63f4ca21c0c0a783270248ce4452adabb742	L4:58ce327263075a9a9be0b836804254a7a767580c28796224db0f13ed5a17c6d6	Austin	follow	follow	0	0	1	1	0	0	0	0	0	0	0
26	collision	2	L2:597bfc911d541b821ad6f4a4c1cb63f4ca21c0c0a783270248ce4452adabb742	L4:58ce327263075a9a9be0b836804254a7a767580c28796224db0f13ed5a17c6d6	Austin	follow	collision	0	1	1	0	-1	0	0	0	0	0	0
26	collision	3	L2:597bfc911d541b821ad6f4a4c1cb63f4ca21c0c0a783270248ce4452adabb742	L4:58ce327263075a9a9be0b836804254a7a767580c28796224db0f13ed5a17c6d6	Austin	collision	collision	1	1	0	0	0	0	0	0	0	0	0
26	overtake	0	L2:4959cffbc71aa18609e4157ede8460936135c9f29c4ad8da38182cc78b7f0927	L4:58ce327263075a9a9be0b836804254a7a767580c28796224db0f13ed5a17c6d6	Austin	overtake	overtake	0	0	0	0	0	0	0	0	0	0	0
26	overtake	1	L2:4959cffbc71aa18609e4157ede8460936135c9f29c4ad8da38182cc78b7f0927	L4:58ce327263075a9a9be0b836804254a7a767580c28796224db0f13ed5a17c6d6	Austin	overtake	overtake	0	0	0	0	0	0	0	0	0	0	0
26	overtake	2	L2:4959cffbc71aa18609e4157ede8460936135c9f29c4ad8da38182cc78b7f0927	L4:58ce327263075a9a9be0b836804254a7a767580c28796224db0f13ed5a17c6d6	Austin	overtake	overtake	0	0	0	0	0	0	0	0	0	0	0
26	overtake	3	L2:4959cffbc71aa18609e4157ede8460936135c9f29c4ad8da38182cc78b7f0927	L4:58ce327263075a9a9be0b836804254a7a767580c28796224db0f13ed5a17c6d6	Austin	overtake	overtake	0	0	0	0	0	0	0	0	0	0	0
26	follow	0	L2:332f6c5355ea85681aea81e5cb2a3530ad5d65a7c74366408b35c911b4d4b42b	L4:58ce327263075a9a9be0b836804254a7a767580c28796224db0f13ed5a17c6d6	Austin	follow	collision	0	1	0	0	0	0	1	1	0	0	0
26	follow	1	L2:332f6c5355ea85681aea81e5cb2a3530ad5d65a7c74366408b35c911b4d4b42b	L4:58ce327263075a9a9be0b836804254a7a767580c28796224db0f13ed5a17c6d6	Austin	follow	follow	0	0	0	0	0	0	0	0	0	0	0
26	follow	2	L2:332f6c5355ea85681aea81e5cb2a3530ad5d65a7c74366408b35c911b4d4b42b	L4:58ce327263075a9a9be0b836804254a7a767580c28796224db0f13ed5a17c6d6	Austin	follow	follow	0	0	0	0	0	0	0	0	0	0	0
26	follow	3	L2:332f6c5355ea85681aea81e5cb2a3530ad5d65a7c74366408b35c911b4d4b42b	L4:58ce327263075a9a9be0b836804254a7a767580c28796224db0f13ed5a17c6d6	Austin	follow	follow	0	0	0	0	0	0	0	0	0	0	0
27	collision	0	L2:444e6122a0bee5786d521946286a215f295fdd4965e929f8bb5185a52ea7eb3a	L4:03dc71b65778d97545129c43e9d81cacfe37a79305c85a0b66c95481e321defb	Hockenheim	collision	collision	1	1	0	0	0	0	0	0	0	0	0
27	collision	1	L2:444e6122a0bee5786d521946286a215f295fdd4965e929f8bb5185a52ea7eb3a	L4:03dc71b65778d97545129c43e9d81cacfe37a79305c85a0b66c95481e321defb	Hockenheim	collision	collision	1	1	0	0	0	0	0	0	0	0	0
27	collision	2	L2:444e6122a0bee5786d521946286a215f295fdd4965e929f8bb5185a52ea7eb3a	L4:03dc71b65778d97545129c43e9d81cacfe37a79305c85a0b66c95481e321defb	Hockenheim	collision	collision	1	1	0	0	0	0	0	0	0	0	0
27	collision	3	L2:444e6122a0bee5786d521946286a215f295fdd4965e929f8bb5185a52ea7eb3a	L4:03dc71b65778d97545129c43e9d81cacfe37a79305c85a0b66c95481e321defb	Hockenheim	collision	collision	1	1	0	0	0	0	0	0	0	0	0
27	overtake	0	L2:f88b46cfa3b0159476d1a77d9db24803f6cbeb7d35b4b1a9dfbf9ccbe1a0adb7	L4:03dc71b65778d97545129c43e9d81cacfe37a79305c85a0b66c95481e321defb	Hockenheim	overtake	overtake	0	0	0	0	0	0	0	0	0	0	0
27	overtake	1	L2:f88b46cfa3b0159476d1a77d9db24803f6cbeb7d35b4b1a9dfbf9ccbe1a0adb7	L4:03dc71b65778d97545129c43e9d81cacfe37a79305c85a0b66c95481e321defb	Hockenheim	overtake	overtake	0	0	0	0	0	0	0	0	0	0	0
27	overtake	2	L2:f88b46cfa3b0159476d1a77d9db24803f6cbeb7d35b4b1a9dfbf9ccbe1a0adb7	L4:03dc71b65778d97545129c43e9d81cacfe37a79305c85a0b66c95481e321defb	Hockenheim	overtake	overtake	0	0	0	0	0	0	0	0	0	0	0
27	overtake	3	L2:f88b46cfa3b0159476d1a77d9db24803f6cbeb7d35b4b1a9dfbf9ccbe1a0adb7	L4:03dc71b65778d97545129c43e9d81cacfe37a79305c85a0b66c95481e321defb	Hockenheim	overtake	overtake	0	0	0	0	0	0	0	0	0	0	0
27	follow	0	L2:91bc0c00d5c52e2049d3409970cf1c5dfacebffcb6e366691fd307a86a9859d7	L4:03dc71b65778d97545129c43e9d81cacfe37a79305c85a0b66c95481e321defb	Hockenheim	follow	collision	0	1	0	0	0	0	1	1	0	0	0
27	follow	1	L2:91bc0c00d5c52e2049d3409970cf1c5dfacebffcb6e366691fd307a86a9859d7	L4:03dc71b65778d97545129c43e9d81cacfe37a79305c85a0b66c95481e321defb	Hockenheim	follow	follow	0	0	0	0	0	0	0	0	0	0	0
27	follow	2	L2:91bc0c00d5c52e2049d3409970cf1c5dfacebffcb6e366691fd307a86a9859d7	L4:03dc71b65778d97545129c43e9d81cacfe37a79305c85a0b66c95481e321defb	Hockenheim	follow	follow	0	0	0	0	0	0	0	0	0	0	0
27	follow	3	L2:91bc0c00d5c52e2049d3409970cf1c5dfacebffcb6e366691fd307a86a9859d7	L4:03dc71b65778d97545129c43e9d81cacfe37a79305c85a0b66c95481e321defb	Hockenheim	follow	follow	0	0	0	0	0	0	0	0	0	0	0
28	collision	0	L2:de86ebf9fc848e4fadfd26a6ad58ba74a4c5bc1a39ccde66de13a6d62248a489	L4:6c12dd8f303928fbb7bb741c13d605ef43915b3c817e0d11c0eaab80befa800f	Nuerburgring	collision	collision	1	1	0	0	0	0	0	0	0	0	0
28	collision	1	L2:de86ebf9fc848e4fadfd26a6ad58ba74a4c5bc1a39ccde66de13a6d62248a489	L4:6c12dd8f303928fbb7bb741c13d605ef43915b3c817e0d11c0eaab80befa800f	Nuerburgring	collision	collision	1	1	0	0	0	0	0	0	0	0	0
28	collision	2	L2:de86ebf9fc848e4fadfd26a6ad58ba74a4c5bc1a39ccde66de13a6d62248a489	L4:6c12dd8f303928fbb7bb741c13d605ef43915b3c817e0d11c0eaab80befa800f	Nuerburgring	collision	collision	1	1	0	0	0	0	0	0	0	0	0
28	collision	3	L2:de86ebf9fc848e4fadfd26a6ad58ba74a4c5bc1a39ccde66de13a6d62248a489	L4:6c12dd8f303928fbb7bb741c13d605ef43915b3c817e0d11c0eaab80befa800f	Nuerburgring	collision	collision	1	1	0	0	0	0	0	0	0	0	0
28	overtake	0	L2:1d3231c14b94af369743e26dc12e1891b88f8d6d33799be09a24fec19907c1c4	L4:6c12dd8f303928fbb7bb741c13d605ef43915b3c817e0d11c0eaab80befa800f	Nuerburgring	overtake	overtake	0	0	0	0	0	0	0	0	0	0	0
28	overtake	1	L2:1d3231c14b94af369743e26dc12e1891b88f8d6d33799be09a24fec19907c1c4	L4:6c12dd8f303928fbb7bb741c13d605ef43915b3c817e0d11c0eaab80befa800f	Nuerburgring	overtake	overtake	0	0	0	0	0	0	0	0	0	0	0
28	overtake	2	L2:1d3231c14b94af369743e26dc12e1891b88f8d6d33799be09a24fec19907c1c4	L4:6c12dd8f303928fbb7bb741c13d605ef43915b3c817e0d11c0eaab80befa800f	Nuerburgring	overtake	overtake	0	0	0	0	0	0	0	0	0	0	0
28	overtake	3	L2:1d3231c14b94af369743e26dc12e1891b88f8d6d33799be09a24fec19907c1c4	L4:6c12dd8f303928fbb7bb741c13d605ef43915b3c817e0d11c0eaab80befa800f	Nuerburgring	overtake	overtake	0	0	0	0	0	0	0	0	0	0	0
28	follow	0	L2:af82994845cfebe0a6adceb1554a73a9a5a4497a2c4ef29c83ca5bc72ed76eff	L4:6c12dd8f303928fbb7bb741c13d605ef43915b3c817e0d11c0eaab80befa800f	Nuerburgring	follow	follow	0	0	0	0	0	0	0	0	0	0	0
28	follow	1	L2:af82994845cfebe0a6adceb1554a73a9a5a4497a2c4ef29c83ca5bc72ed76eff	L4:6c12dd8f303928fbb7bb741c13d605ef43915b3c817e0d11c0eaab80befa800f	Nuerburgring	follow	follow	0	0	0	0	0	0	0	0	0	0	0
28	follow	2	L2:af82994845cfebe0a6adceb1554a73a9a5a4497a2c4ef29c83ca5bc72ed76eff	L4:6c12dd8f303928fbb7bb741c13d605ef43915b3c817e0d11c0eaab80befa800f	Nuerburgring	follow	follow	0	0	0	0	0	0	0	0	0	0	0
28	follow	3	L2:af82994845cfebe0a6adceb1554a73a9a5a4497a2c4ef29c83ca5bc72ed76eff	L4:6c12dd8f303928fbb7bb741c13d605ef43915b3c817e0d11c0eaab80befa800f	Nuerburgring	follow	follow	0	0	0	0	0	0	0	0	0	0	0
29	collision	0	L2:663b69fc77bc507aba7f344f40a53fceab23a80980fb381ba8304e2780035af3	L4:5486d3aa917f7c380dda3e1feaaffb76f5519c400c7cf4cfca27eea10799a2b6	MoscowRaceway	follow	follow	0	0	1	1	0	0	0	0	0	0	0
29	collision	1	L2:663b69fc77bc507aba7f344f40a53fceab23a80980fb381ba8304e2780035af3	L4:5486d3aa917f7c380dda3e1feaaffb76f5519c400c7cf4cfca27eea10799a2b6	MoscowRaceway	follow	follow	0	0	1	1	0	0	0	0	0	0	0
29	collision	2	L2:663b69fc77bc507aba7f344f40a53fceab23a80980fb381ba8304e2780035af3	L4:5486d3aa917f7c380dda3e1feaaffb76f5519c400c7cf4cfca27eea10799a2b6	MoscowRaceway	collision	collision	1	1	0	0	0	0	0	0	0	0	0
29	collision	3	L2:663b69fc77bc507aba7f344f40a53fceab23a80980fb381ba8304e2780035af3	L4:5486d3aa917f7c380dda3e1feaaffb76f5519c400c7cf4cfca27eea10799a2b6	MoscowRaceway	collision	collision	1	1	0	0	0	0	0	0	0	0	0
29	overtake	0	L2:a594947a3a2cb763a40c21932a21d41dab5bcdabeca34a4f33dd1ff78427edbf	L4:5486d3aa917f7c380dda3e1feaaffb76f5519c400c7cf4cfca27eea10799a2b6	MoscowRaceway	follow	overtake	0	0	0	0	0	0	0	0	1	0	-1
29	overtake	1	L2:a594947a3a2cb763a40c21932a21d41dab5bcdabeca34a4f33dd1ff78427edbf	L4:5486d3aa917f7c380dda3e1feaaffb76f5519c400c7cf4cfca27eea10799a2b6	MoscowRaceway	overtake	follow	0	0	0	0	0	0	0	0	0	1	1
29	overtake	2	L2:a594947a3a2cb763a40c21932a21d41dab5bcdabeca34a4f33dd1ff78427edbf	L4:5486d3aa917f7c380dda3e1feaaffb76f5519c400c7cf4cfca27eea10799a2b6	MoscowRaceway	follow	follow	0	0	0	0	0	0	0	0	1	1	0
29	overtake	3	L2:a594947a3a2cb763a40c21932a21d41dab5bcdabeca34a4f33dd1ff78427edbf	L4:5486d3aa917f7c380dda3e1feaaffb76f5519c400c7cf4cfca27eea10799a2b6	MoscowRaceway	overtake	overtake	0	0	0	0	0	0	0	0	0	0	0
29	follow	0	L2:3c3dc08bbbb0864e6ee7640bd3649f50dc64abaefa700ac507d281dcd534ac15	L4:5486d3aa917f7c380dda3e1feaaffb76f5519c400c7cf4cfca27eea10799a2b6	MoscowRaceway	collision	collision	1	1	0	0	0	1	1	0	0	0	0
29	follow	1	L2:3c3dc08bbbb0864e6ee7640bd3649f50dc64abaefa700ac507d281dcd534ac15	L4:5486d3aa917f7c380dda3e1feaaffb76f5519c400c7cf4cfca27eea10799a2b6	MoscowRaceway	follow	collision	0	1	0	0	0	0	1	1	0	0	0
29	follow	2	L2:3c3dc08bbbb0864e6ee7640bd3649f50dc64abaefa700ac507d281dcd534ac15	L4:5486d3aa917f7c380dda3e1feaaffb76f5519c400c7cf4cfca27eea10799a2b6	MoscowRaceway	follow	collision	0	1	0	0	0	0	1	1	0	0	0
29	follow	3	L2:3c3dc08bbbb0864e6ee7640bd3649f50dc64abaefa700ac507d281dcd534ac15	L4:5486d3aa917f7c380dda3e1feaaffb76f5519c400c7cf4cfca27eea10799a2b6	MoscowRaceway	collision	collision	1	1	0	0	0	1	1	0	0	0	0
30	collision	0	L2:4395d262bac00bd2d370331a27d863820a53b5045f0b42fac93afdf7ac276f4d	L4:24e6a0cd1ff6c44a8c22789e18e2d94bd4c96ff8242907ad225d10ff11ab956f	Nuerburgring	collision	collision	1	1	0	0	0	0	0	0	0	0	0
30	collision	1	L2:4395d262bac00bd2d370331a27d863820a53b5045f0b42fac93afdf7ac276f4d	L4:24e6a0cd1ff6c44a8c22789e18e2d94bd4c96ff8242907ad225d10ff11ab956f	Nuerburgring	collision	overtake	1	0	0	1	1	0	0	0	0	0	0
30	collision	2	L2:4395d262bac00bd2d370331a27d863820a53b5045f0b42fac93afdf7ac276f4d	L4:24e6a0cd1ff6c44a8c22789e18e2d94bd4c96ff8242907ad225d10ff11ab956f	Nuerburgring	collision	collision	1	1	0	0	0	0	0	0	0	0	0
30	collision	3	L2:4395d262bac00bd2d370331a27d863820a53b5045f0b42fac93afdf7ac276f4d	L4:24e6a0cd1ff6c44a8c22789e18e2d94bd4c96ff8242907ad225d10ff11ab956f	Nuerburgring	collision	overtake	1	0	0	1	1	0	0	0	0	0	0
30	overtake	0	L2:97f56d43a298a368c2b032c8eebd8995637fa422fba816b4f2aa80808fdca61e	L4:24e6a0cd1ff6c44a8c22789e18e2d94bd4c96ff8242907ad225d10ff11ab956f	Nuerburgring	overtake	overtake	0	0	0	0	0	0	0	0	0	0	0
30	overtake	1	L2:97f56d43a298a368c2b032c8eebd8995637fa422fba816b4f2aa80808fdca61e	L4:24e6a0cd1ff6c44a8c22789e18e2d94bd4c96ff8242907ad225d10ff11ab956f	Nuerburgring	overtake	overtake	0	0	0	0	0	0	0	0	0	0	0
30	overtake	2	L2:97f56d43a298a368c2b032c8eebd8995637fa422fba816b4f2aa80808fdca61e	L4:24e6a0cd1ff6c44a8c22789e18e2d94bd4c96ff8242907ad225d10ff11ab956f	Nuerburgring	overtake	overtake	0	0	0	0	0	0	0	0	0	0	0
30	overtake	3	L2:97f56d43a298a368c2b032c8eebd8995637fa422fba816b4f2aa80808fdca61e	L4:24e6a0cd1ff6c44a8c22789e18e2d94bd4c96ff8242907ad225d10ff11ab956f	Nuerburgring	overtake	overtake	0	0	0	0	0	0	0	0	0	0	0
30	follow	0	L2:3bc183889d3e52947e04026be6c3b47087fd98fe6d02f071e5504950eb7eba71	L4:24e6a0cd1ff6c44a8c22789e18e2d94bd4c96ff8242907ad225d10ff11ab956f	Nuerburgring	follow	follow	0	0	0	0	0	0	0	0	0	0	0
30	follow	1	L2:3bc183889d3e52947e04026be6c3b47087fd98fe6d02f071e5504950eb7eba71	L4:24e6a0cd1ff6c44a8c22789e18e2d94bd4c96ff8242907ad225d10ff11ab956f	Nuerburgring	follow	follow	0	0	0	0	0	0	0	0	0	0	0
30	follow	2	L2:3bc183889d3e52947e04026be6c3b47087fd98fe6d02f071e5504950eb7eba71	L4:24e6a0cd1ff6c44a8c22789e18e2d94bd4c96ff8242907ad225d10ff11ab956f	Nuerburgring	follow	follow	0	0	0	0	0	0	0	0	0	0	0
30	follow	3	L2:3bc183889d3e52947e04026be6c3b47087fd98fe6d02f071e5504950eb7eba71	L4:24e6a0cd1ff6c44a8c22789e18e2d94bd4c96ff8242907ad225d10ff11ab956f	Nuerburgring	follow	follow	0	0	0	0	0	0	0	0	0	0	0
31	collision	0	L2:841f940350fdedb2a61445dcda3e7e524cac9b6c06a7d7ccd0b386f3f245a4c6	L4:bd76ed46cc6e91563987fa78bdc0b286628b6465430c4e2b3e15bdf541b9f8c8	Austin	collision	overtake	1	0	0	1	1	0	0	0	0	0	0
31	collision	1	L2:841f940350fdedb2a61445dcda3e7e524cac9b6c06a7d7ccd0b386f3f245a4c6	L4:bd76ed46cc6e91563987fa78bdc0b286628b6465430c4e2b3e15bdf541b9f8c8	Austin	overtake	overtake	0	0	1	1	0	0	0	0	0	0	0
31	collision	2	L2:841f940350fdedb2a61445dcda3e7e524cac9b6c06a7d7ccd0b386f3f245a4c6	L4:bd76ed46cc6e91563987fa78bdc0b286628b6465430c4e2b3e15bdf541b9f8c8	Austin	overtake	overtake	0	0	1	1	0	0	0	0	0	0	0
31	collision	3	L2:841f940350fdedb2a61445dcda3e7e524cac9b6c06a7d7ccd0b386f3f245a4c6	L4:bd76ed46cc6e91563987fa78bdc0b286628b6465430c4e2b3e15bdf541b9f8c8	Austin	collision	overtake	1	0	0	1	1	0	0	0	0	0	0
31	overtake	0	L2:07da8bd3b98deb88c15b2436ee2eca557f01cc2c4f80ca5e22666ee57ce32420	L4:bd76ed46cc6e91563987fa78bdc0b286628b6465430c4e2b3e15bdf541b9f8c8	Austin	overtake	overtake	0	0	0	0	0	0	0	0	0	0	0
31	overtake	1	L2:07da8bd3b98deb88c15b2436ee2eca557f01cc2c4f80ca5e22666ee57ce32420	L4:bd76ed46cc6e91563987fa78bdc0b286628b6465430c4e2b3e15bdf541b9f8c8	Austin	overtake	overtake	0	0	0	0	0	0	0	0	0	0	0
31	overtake	2	L2:07da8bd3b98deb88c15b2436ee2eca557f01cc2c4f80ca5e22666ee57ce32420	L4:bd76ed46cc6e91563987fa78bdc0b286628b6465430c4e2b3e15bdf541b9f8c8	Austin	overtake	overtake	0	0	0	0	0	0	0	0	0	0	0
31	overtake	3	L2:07da8bd3b98deb88c15b2436ee2eca557f01cc2c4f80ca5e22666ee57ce32420	L4:bd76ed46cc6e91563987fa78bdc0b286628b6465430c4e2b3e15bdf541b9f8c8	Austin	overtake	overtake	0	0	0	0	0	0	0	0	0	0	0
31	follow	0	L2:bced082ac257b0fab36e577c2e245f1277cc9e87e173e73c1476d7fa4301b608	L4:bd76ed46cc6e91563987fa78bdc0b286628b6465430c4e2b3e15bdf541b9f8c8	Austin	follow	follow	0	0	0	0	0	0	0	0	0	0	0
31	follow	1	L2:bced082ac257b0fab36e577c2e245f1277cc9e87e173e73c1476d7fa4301b608	L4:bd76ed46cc6e91563987fa78bdc0b286628b6465430c4e2b3e15bdf541b9f8c8	Austin	follow	follow	0	0	0	0	0	0	0	0	0	0	0
31	follow	2	L2:bced082ac257b0fab36e577c2e245f1277cc9e87e173e73c1476d7fa4301b608	L4:bd76ed46cc6e91563987fa78bdc0b286628b6465430c4e2b3e15bdf541b9f8c8	Austin	follow	follow	0	0	0	0	0	0	0	0	0	0	0
31	follow	3	L2:bced082ac257b0fab36e577c2e245f1277cc9e87e173e73c1476d7fa4301b608	L4:bd76ed46cc6e91563987fa78bdc0b286628b6465430c4e2b3e15bdf541b9f8c8	Austin	follow	follow	0	0	0	0	0	0	0	0	0	0	0
32	collision	0	L2:60644a186d7668a3376a701100d8a27f2e289dc40c14695e0b4d05d6ffd227ab	L4:fe0a14c8b14b2e6d00ea269ea0f79995c3ccef4e61d72feff36e47274a33cde9	MoscowRaceway	collision	overtake	1	0	0	1	1	0	0	0	0	0	0
32	collision	1	L2:60644a186d7668a3376a701100d8a27f2e289dc40c14695e0b4d05d6ffd227ab	L4:fe0a14c8b14b2e6d00ea269ea0f79995c3ccef4e61d72feff36e47274a33cde9	MoscowRaceway	follow	collision	0	1	1	0	-1	0	0	0	0	0	0
32	collision	2	L2:60644a186d7668a3376a701100d8a27f2e289dc40c14695e0b4d05d6ffd227ab	L4:fe0a14c8b14b2e6d00ea269ea0f79995c3ccef4e61d72feff36e47274a33cde9	MoscowRaceway	follow	follow	0	0	1	1	0	0	0	0	0	0	0
32	collision	3	L2:60644a186d7668a3376a701100d8a27f2e289dc40c14695e0b4d05d6ffd227ab	L4:fe0a14c8b14b2e6d00ea269ea0f79995c3ccef4e61d72feff36e47274a33cde9	MoscowRaceway	collision	collision	1	1	0	0	0	0	0	0	0	0	0
32	overtake	0	L2:b37b312468ea86e5e913f34650e619443edb76d322db4201edb67d8dc3bc898e	L4:fe0a14c8b14b2e6d00ea269ea0f79995c3ccef4e61d72feff36e47274a33cde9	MoscowRaceway	overtake	overtake	0	0	0	0	0	0	0	0	0	0	0
32	overtake	1	L2:b37b312468ea86e5e913f34650e619443edb76d322db4201edb67d8dc3bc898e	L4:fe0a14c8b14b2e6d00ea269ea0f79995c3ccef4e61d72feff36e47274a33cde9	MoscowRaceway	overtake	overtake	0	0	0	0	0	0	0	0	0	0	0
32	overtake	2	L2:b37b312468ea86e5e913f34650e619443edb76d322db4201edb67d8dc3bc898e	L4:fe0a14c8b14b2e6d00ea269ea0f79995c3ccef4e61d72feff36e47274a33cde9	MoscowRaceway	overtake	overtake	0	0	0	0	0	0	0	0	0	0	0
32	overtake	3	L2:b37b312468ea86e5e913f34650e619443edb76d322db4201edb67d8dc3bc898e	L4:fe0a14c8b14b2e6d00ea269ea0f79995c3ccef4e61d72feff36e47274a33cde9	MoscowRaceway	overtake	overtake	0	0	0	0	0	0	0	0	0	0	0
32	follow	0	L2:41aa291e46c6328def5fc9be3a19ff1acd80d6669103347f7ddfbde5dc6d7996	L4:fe0a14c8b14b2e6d00ea269ea0f79995c3ccef4e61d72feff36e47274a33cde9	MoscowRaceway	follow	follow	0	0	0	0	0	0	0	0	0	0	0
32	follow	1	L2:41aa291e46c6328def5fc9be3a19ff1acd80d6669103347f7ddfbde5dc6d7996	L4:fe0a14c8b14b2e6d00ea269ea0f79995c3ccef4e61d72feff36e47274a33cde9	MoscowRaceway	overtake	collision	0	1	0	0	0	0	1	1	0	0	0
32	follow	2	L2:41aa291e46c6328def5fc9be3a19ff1acd80d6669103347f7ddfbde5dc6d7996	L4:fe0a14c8b14b2e6d00ea269ea0f79995c3ccef4e61d72feff36e47274a33cde9	MoscowRaceway	follow	overtake	0	0	0	0	0	0	0	0	0	0	0
32	follow	3	L2:41aa291e46c6328def5fc9be3a19ff1acd80d6669103347f7ddfbde5dc6d7996	L4:fe0a14c8b14b2e6d00ea269ea0f79995c3ccef4e61d72feff36e47274a33cde9	MoscowRaceway	follow	collision	0	1	0	0	0	0	1	1	0	0	0
33	collision	0	L2:fd8ebb8d13132b4d22b57f667cd275332fccefe7a7f6df81674cc4026bda7038	L4:0208a61cb9015f7651654298fed9c5d3f52b0fa13e5f161ec006e397aef9c5d4	MoscowRaceway	collision	collision	1	1	0	0	0	0	0	0	0	0	0
33	collision	1	L2:fd8ebb8d13132b4d22b57f667cd275332fccefe7a7f6df81674cc4026bda7038	L4:0208a61cb9015f7651654298fed9c5d3f52b0fa13e5f161ec006e397aef9c5d4	MoscowRaceway	collision	collision	1	1	0	0	0	0	0	0	0	0	0
33	collision	2	L2:fd8ebb8d13132b4d22b57f667cd275332fccefe7a7f6df81674cc4026bda7038	L4:0208a61cb9015f7651654298fed9c5d3f52b0fa13e5f161ec006e397aef9c5d4	MoscowRaceway	collision	collision	1	1	0	0	0	0	0	0	0	0	0
33	collision	3	L2:fd8ebb8d13132b4d22b57f667cd275332fccefe7a7f6df81674cc4026bda7038	L4:0208a61cb9015f7651654298fed9c5d3f52b0fa13e5f161ec006e397aef9c5d4	MoscowRaceway	collision	collision	1	1	0	0	0	0	0	0	0	0	0
33	overtake	0	L2:eabbbc08ce73dfa9696fcd0a3dc09aa5f4cff30815a8620f7b0e7ee28df2bce7	L4:0208a61cb9015f7651654298fed9c5d3f52b0fa13e5f161ec006e397aef9c5d4	MoscowRaceway	overtake	overtake	0	0	0	0	0	0	0	0	0	0	0
33	overtake	1	L2:eabbbc08ce73dfa9696fcd0a3dc09aa5f4cff30815a8620f7b0e7ee28df2bce7	L4:0208a61cb9015f7651654298fed9c5d3f52b0fa13e5f161ec006e397aef9c5d4	MoscowRaceway	overtake	overtake	0	0	0	0	0	0	0	0	0	0	0
33	overtake	2	L2:eabbbc08ce73dfa9696fcd0a3dc09aa5f4cff30815a8620f7b0e7ee28df2bce7	L4:0208a61cb9015f7651654298fed9c5d3f52b0fa13e5f161ec006e397aef9c5d4	MoscowRaceway	overtake	overtake	0	0	0	0	0	0	0	0	0	0	0
33	overtake	3	L2:eabbbc08ce73dfa9696fcd0a3dc09aa5f4cff30815a8620f7b0e7ee28df2bce7	L4:0208a61cb9015f7651654298fed9c5d3f52b0fa13e5f161ec006e397aef9c5d4	MoscowRaceway	overtake	overtake	0	0	0	0	0	0	0	0	0	0	0
33	follow	0	L2:76d02dde8a4e3c1e62b87b4cf2efa335a55eb4de48ea6476a5aca1884de8765f	L4:0208a61cb9015f7651654298fed9c5d3f52b0fa13e5f161ec006e397aef9c5d4	MoscowRaceway	collision	collision	1	1	0	0	0	1	1	0	0	0	0
33	follow	1	L2:76d02dde8a4e3c1e62b87b4cf2efa335a55eb4de48ea6476a5aca1884de8765f	L4:0208a61cb9015f7651654298fed9c5d3f52b0fa13e5f161ec006e397aef9c5d4	MoscowRaceway	follow	follow	0	0	0	0	0	0	0	0	0	0	0
33	follow	2	L2:76d02dde8a4e3c1e62b87b4cf2efa335a55eb4de48ea6476a5aca1884de8765f	L4:0208a61cb9015f7651654298fed9c5d3f52b0fa13e5f161ec006e397aef9c5d4	MoscowRaceway	follow	collision	0	1	0	0	0	0	1	1	0	0	0
33	follow	3	L2:76d02dde8a4e3c1e62b87b4cf2efa335a55eb4de48ea6476a5aca1884de8765f	L4:0208a61cb9015f7651654298fed9c5d3f52b0fa13e5f161ec006e397aef9c5d4	MoscowRaceway	collision	overtake	1	0	0	0	0	1	0	-1	0	0	0
34	collision	0	L2:b503939b6d45b1d410118ab54839d33e73fcdfb844299674167a9cb58daaca8d	L4:b4d343d152bec5fc48901f72d1460d3035c27fa662823da6b1487c58f09ea05b	Nuerburgring	follow	overtake	0	0	1	1	0	0	0	0	0	0	0
34	collision	1	L2:b503939b6d45b1d410118ab54839d33e73fcdfb844299674167a9cb58daaca8d	L4:b4d343d152bec5fc48901f72d1460d3035c27fa662823da6b1487c58f09ea05b	Nuerburgring	follow	follow	0	0	1	1	0	0	0	0	0	0	0
34	collision	2	L2:b503939b6d45b1d410118ab54839d33e73fcdfb844299674167a9cb58daaca8d	L4:b4d343d152bec5fc48901f72d1460d3035c27fa662823da6b1487c58f09ea05b	Nuerburgring	overtake	overtake	0	0	1	1	0	0	0	0	0	0	0
34	collision	3	L2:b503939b6d45b1d410118ab54839d33e73fcdfb844299674167a9cb58daaca8d	L4:b4d343d152bec5fc48901f72d1460d3035c27fa662823da6b1487c58f09ea05b	Nuerburgring	follow	overtake	0	0	1	1	0	0	0	0	0	0	0
34	overtake	0	L2:50f1e71eabf3976d510fecbe34823b6ee9f606baf3cef64d039deb30190be46e	L4:b4d343d152bec5fc48901f72d1460d3035c27fa662823da6b1487c58f09ea05b	Nuerburgring	overtake	overtake	0	0	0	0	0	0	0	0	0	0	0
34	overtake	1	L2:50f1e71eabf3976d510fecbe34823b6ee9f606baf3cef64d039deb30190be46e	L4:b4d343d152bec5fc48901f72d1460d3035c27fa662823da6b1487c58f09ea05b	Nuerburgring	overtake	overtake	0	0	0	0	0	0	0	0	0	0	0
34	overtake	2	L2:50f1e71eabf3976d510fecbe34823b6ee9f606baf3cef64d039deb30190be46e	L4:b4d343d152bec5fc48901f72d1460d3035c27fa662823da6b1487c58f09ea05b	Nuerburgring	overtake	overtake	0	0	0	0	0	0	0	0	0	0	0
34	overtake	3	L2:50f1e71eabf3976d510fecbe34823b6ee9f606baf3cef64d039deb30190be46e	L4:b4d343d152bec5fc48901f72d1460d3035c27fa662823da6b1487c58f09ea05b	Nuerburgring	overtake	overtake	0	0	0	0	0	0	0	0	0	0	0
34	follow	0	L2:de4bb82a63278db5b747fa81c7b92b6511c0f8ffbcebace033a845b1109b86f8	L4:b4d343d152bec5fc48901f72d1460d3035c27fa662823da6b1487c58f09ea05b	Nuerburgring	follow	follow	0	0	0	0	0	0	0	0	0	0	0
34	follow	1	L2:de4bb82a63278db5b747fa81c7b92b6511c0f8ffbcebace033a845b1109b86f8	L4:b4d343d152bec5fc48901f72d1460d3035c27fa662823da6b1487c58f09ea05b	Nuerburgring	follow	follow	0	0	0	0	0	0	0	0	0	0	0
34	follow	2	L2:de4bb82a63278db5b747fa81c7b92b6511c0f8ffbcebace033a845b1109b86f8	L4:b4d343d152bec5fc48901f72d1460d3035c27fa662823da6b1487c58f09ea05b	Nuerburgring	follow	follow	0	0	0	0	0	0	0	0	0	0	0
34	follow	3	L2:de4bb82a63278db5b747fa81c7b92b6511c0f8ffbcebace033a845b1109b86f8	L4:b4d343d152bec5fc48901f72d1460d3035c27fa662823da6b1487c58f09ea05b	Nuerburgring	follow	follow	0	0	0	0	0	0	0	0	0	0	0
35	collision	0	L2:29ab42f185d86bbb64e383b8a14b78b7d7e62973782a36f177b9fc91c85f52eb	L4:0e85a5b1fd4666db46e3e71f0559a72088224e671e939019c72ec3b70eea8d8e	MoscowRaceway	collision	collision	1	1	0	0	0	0	0	0	0	0	0
35	collision	1	L2:29ab42f185d86bbb64e383b8a14b78b7d7e62973782a36f177b9fc91c85f52eb	L4:0e85a5b1fd4666db46e3e71f0559a72088224e671e939019c72ec3b70eea8d8e	MoscowRaceway	collision	overtake	1	0	0	1	1	0	0	0	0	0	0
35	collision	2	L2:29ab42f185d86bbb64e383b8a14b78b7d7e62973782a36f177b9fc91c85f52eb	L4:0e85a5b1fd4666db46e3e71f0559a72088224e671e939019c72ec3b70eea8d8e	MoscowRaceway	collision	collision	1	1	0	0	0	0	0	0	0	0	0
35	collision	3	L2:29ab42f185d86bbb64e383b8a14b78b7d7e62973782a36f177b9fc91c85f52eb	L4:0e85a5b1fd4666db46e3e71f0559a72088224e671e939019c72ec3b70eea8d8e	MoscowRaceway	collision	collision	1	1	0	0	0	0	0	0	0	0	0
35	overtake	0	L2:63934928d881c4dd60e1fff34de6e781b8c9f3e4935031a783081dc23c80158a	L4:0e85a5b1fd4666db46e3e71f0559a72088224e671e939019c72ec3b70eea8d8e	MoscowRaceway	overtake	overtake	0	0	0	0	0	0	0	0	0	0	0
35	overtake	1	L2:63934928d881c4dd60e1fff34de6e781b8c9f3e4935031a783081dc23c80158a	L4:0e85a5b1fd4666db46e3e71f0559a72088224e671e939019c72ec3b70eea8d8e	MoscowRaceway	overtake	overtake	0	0	0	0	0	0	0	0	0	0	0
35	overtake	2	L2:63934928d881c4dd60e1fff34de6e781b8c9f3e4935031a783081dc23c80158a	L4:0e85a5b1fd4666db46e3e71f0559a72088224e671e939019c72ec3b70eea8d8e	MoscowRaceway	overtake	overtake	0	0	0	0	0	0	0	0	0	0	0
35	overtake	3	L2:63934928d881c4dd60e1fff34de6e781b8c9f3e4935031a783081dc23c80158a	L4:0e85a5b1fd4666db46e3e71f0559a72088224e671e939019c72ec3b70eea8d8e	MoscowRaceway	overtake	overtake	0	0	0	0	0	0	0	0	0	0	0
35	follow	0	L2:186ed40422443285b33e1ab4f22a1910db408378af6137757b62a15b83acb60b	L4:0e85a5b1fd4666db46e3e71f0559a72088224e671e939019c72ec3b70eea8d8e	MoscowRaceway	follow	follow	0	0	0	0	0	0	0	0	0	0	0
35	follow	1	L2:186ed40422443285b33e1ab4f22a1910db408378af6137757b62a15b83acb60b	L4:0e85a5b1fd4666db46e3e71f0559a72088224e671e939019c72ec3b70eea8d8e	MoscowRaceway	collision	collision	1	1	0	0	0	1	1	0	0	0	0
35	follow	2	L2:186ed40422443285b33e1ab4f22a1910db408378af6137757b62a15b83acb60b	L4:0e85a5b1fd4666db46e3e71f0559a72088224e671e939019c72ec3b70eea8d8e	MoscowRaceway	follow	follow	0	0	0	0	0	0	0	0	0	0	0
35	follow	3	L2:186ed40422443285b33e1ab4f22a1910db408378af6137757b62a15b83acb60b	L4:0e85a5b1fd4666db46e3e71f0559a72088224e671e939019c72ec3b70eea8d8e	MoscowRaceway	follow	follow	0	0	0	0	0	0	0	0	0	0	0
36	collision	0	L2:2e36d12b93e90f631af37e777c37da5a398388277e22038a39dc350a39f401c7	L4:bcc031b9bc3c6872b023491e76ff7376c59d7dccb77ab69f4810d68af279662c	MoscowRaceway	follow	collision	0	1	1	0	-1	0	0	0	0	0	0
36	collision	1	L2:2e36d12b93e90f631af37e777c37da5a398388277e22038a39dc350a39f401c7	L4:bcc031b9bc3c6872b023491e76ff7376c59d7dccb77ab69f4810d68af279662c	MoscowRaceway	collision	collision	1	1	0	0	0	0	0	0	0	0	0
36	collision	2	L2:2e36d12b93e90f631af37e777c37da5a398388277e22038a39dc350a39f401c7	L4:bcc031b9bc3c6872b023491e76ff7376c59d7dccb77ab69f4810d68af279662c	MoscowRaceway	follow	follow	0	0	1	1	0	0	0	0	0	0	0
36	collision	3	L2:2e36d12b93e90f631af37e777c37da5a398388277e22038a39dc350a39f401c7	L4:bcc031b9bc3c6872b023491e76ff7376c59d7dccb77ab69f4810d68af279662c	MoscowRaceway	follow	follow	0	0	1	1	0	0	0	0	0	0	0
36	overtake	0	L2:8a3eabfc1975c4bd73bc2292bba429f92934fbf6f85f73a125bce26fd0fc9beb	L4:bcc031b9bc3c6872b023491e76ff7376c59d7dccb77ab69f4810d68af279662c	MoscowRaceway	overtake	overtake	0	0	0	0	0	0	0	0	0	0	0
36	overtake	1	L2:8a3eabfc1975c4bd73bc2292bba429f92934fbf6f85f73a125bce26fd0fc9beb	L4:bcc031b9bc3c6872b023491e76ff7376c59d7dccb77ab69f4810d68af279662c	MoscowRaceway	overtake	overtake	0	0	0	0	0	0	0	0	0	0	0
36	overtake	2	L2:8a3eabfc1975c4bd73bc2292bba429f92934fbf6f85f73a125bce26fd0fc9beb	L4:bcc031b9bc3c6872b023491e76ff7376c59d7dccb77ab69f4810d68af279662c	MoscowRaceway	overtake	overtake	0	0	0	0	0	0	0	0	0	0	0
36	overtake	3	L2:8a3eabfc1975c4bd73bc2292bba429f92934fbf6f85f73a125bce26fd0fc9beb	L4:bcc031b9bc3c6872b023491e76ff7376c59d7dccb77ab69f4810d68af279662c	MoscowRaceway	overtake	overtake	0	0	0	0	0	0	0	0	0	0	0
36	follow	0	L2:78261cc783f5207c54c9599b10311eef7cbf1530924335f979899cd95369e2cb	L4:bcc031b9bc3c6872b023491e76ff7376c59d7dccb77ab69f4810d68af279662c	MoscowRaceway	follow	collision	0	1	0	0	0	0	1	1	0	0	0
36	follow	1	L2:78261cc783f5207c54c9599b10311eef7cbf1530924335f979899cd95369e2cb	L4:bcc031b9bc3c6872b023491e76ff7376c59d7dccb77ab69f4810d68af279662c	MoscowRaceway	follow	collision	0	1	0	0	0	0	1	1	0	0	0
36	follow	2	L2:78261cc783f5207c54c9599b10311eef7cbf1530924335f979899cd95369e2cb	L4:bcc031b9bc3c6872b023491e76ff7376c59d7dccb77ab69f4810d68af279662c	MoscowRaceway	follow	follow	0	0	0	0	0	0	0	0	0	0	0
36	follow	3	L2:78261cc783f5207c54c9599b10311eef7cbf1530924335f979899cd95369e2cb	L4:bcc031b9bc3c6872b023491e76ff7376c59d7dccb77ab69f4810d68af279662c	MoscowRaceway	follow	overtake	0	0	0	0	0	0	0	0	0	0	0
37	collision	0	L2:6418f20c9a273d942d79aa2eb03ab433995ad6585ec9ad21ee054c2162970922	L4:61962c06fdbd1e5ba6caecb22cc09ad896449230d090d86f0e812007beb62a96	Austin	overtake	overtake	0	0	1	1	0	0	0	0	0	0	0
37	collision	1	L2:6418f20c9a273d942d79aa2eb03ab433995ad6585ec9ad21ee054c2162970922	L4:61962c06fdbd1e5ba6caecb22cc09ad896449230d090d86f0e812007beb62a96	Austin	overtake	overtake	0	0	1	1	0	0	0	0	0	0	0
37	collision	2	L2:6418f20c9a273d942d79aa2eb03ab433995ad6585ec9ad21ee054c2162970922	L4:61962c06fdbd1e5ba6caecb22cc09ad896449230d090d86f0e812007beb62a96	Austin	overtake	overtake	0	0	1	1	0	0	0	0	0	0	0
37	collision	3	L2:6418f20c9a273d942d79aa2eb03ab433995ad6585ec9ad21ee054c2162970922	L4:61962c06fdbd1e5ba6caecb22cc09ad896449230d090d86f0e812007beb62a96	Austin	collision	overtake	1	0	0	1	1	0	0	0	0	0	0
37	overtake	0	L2:b4391a714fc5ca57dd8e73aa6286168f320baf8649082c6a60969c6240b4e0c1	L4:61962c06fdbd1e5ba6caecb22cc09ad896449230d090d86f0e812007beb62a96	Austin	collision	collision	1	1	0	0	0	1	1	0	1	1	0
37	overtake	1	L2:b4391a714fc5ca57dd8e73aa6286168f320baf8649082c6a60969c6240b4e0c1	L4:61962c06fdbd1e5ba6caecb22cc09ad896449230d090d86f0e812007beb62a96	Austin	overtake	overtake	0	0	0	0	0	0	0	0	0	0	0
37	overtake	2	L2:b4391a714fc5ca57dd8e73aa6286168f320baf8649082c6a60969c6240b4e0c1	L4:61962c06fdbd1e5ba6caecb22cc09ad896449230d090d86f0e812007beb62a96	Austin	overtake	overtake	0	0	0	0	0	0	0	0	0	0	0
37	overtake	3	L2:b4391a714fc5ca57dd8e73aa6286168f320baf8649082c6a60969c6240b4e0c1	L4:61962c06fdbd1e5ba6caecb22cc09ad896449230d090d86f0e812007beb62a96	Austin	collision	overtake	1	0	0	0	0	1	0	-1	1	0	-1
37	follow	0	L2:84d7123eba8b573abb43b265f32854b0e7b560a6f71215a28fc3feb5054c8551	L4:61962c06fdbd1e5ba6caecb22cc09ad896449230d090d86f0e812007beb62a96	Austin	follow	follow	0	0	0	0	0	0	0	0	0	0	0
37	follow	1	L2:84d7123eba8b573abb43b265f32854b0e7b560a6f71215a28fc3feb5054c8551	L4:61962c06fdbd1e5ba6caecb22cc09ad896449230d090d86f0e812007beb62a96	Austin	follow	follow	0	0	0	0	0	0	0	0	0	0	0
37	follow	2	L2:84d7123eba8b573abb43b265f32854b0e7b560a6f71215a28fc3feb5054c8551	L4:61962c06fdbd1e5ba6caecb22cc09ad896449230d090d86f0e812007beb62a96	Austin	follow	follow	0	0	0	0	0	0	0	0	0	0	0
37	follow	3	L2:84d7123eba8b573abb43b265f32854b0e7b560a6f71215a28fc3feb5054c8551	L4:61962c06fdbd1e5ba6caecb22cc09ad896449230d090d86f0e812007beb62a96	Austin	follow	follow	0	0	0	0	0	0	0	0	0	0	0
38	collision	0	L2:1ab6826e7ff8d5429c6da2244bca8b238c544030d33163c85d77f0f1f8acb19f	L4:15f3dd20bfe9eda679ce6bef0ffb5d3795903c515b58cef4c7eb222426b2f438	Austin	collision	collision	1	1	0	0	0	0	0	0	0	0	0
38	collision	1	L2:1ab6826e7ff8d5429c6da2244bca8b238c544030d33163c85d77f0f1f8acb19f	L4:15f3dd20bfe9eda679ce6bef0ffb5d3795903c515b58cef4c7eb222426b2f438	Austin	collision	collision	1	1	0	0	0	0	0	0	0	0	0
38	collision	2	L2:1ab6826e7ff8d5429c6da2244bca8b238c544030d33163c85d77f0f1f8acb19f	L4:15f3dd20bfe9eda679ce6bef0ffb5d3795903c515b58cef4c7eb222426b2f438	Austin	collision	collision	1	1	0	0	0	0	0	0	0	0	0
38	collision	3	L2:1ab6826e7ff8d5429c6da2244bca8b238c544030d33163c85d77f0f1f8acb19f	L4:15f3dd20bfe9eda679ce6bef0ffb5d3795903c515b58cef4c7eb222426b2f438	Austin	collision	collision	1	1	0	0	0	0	0	0	0	0	0
38	overtake	0	L2:aebd41ba95efafbb45da6e5dbe6a06b5f0f9403080bea69663cd4a947adb4ded	L4:15f3dd20bfe9eda679ce6bef0ffb5d3795903c515b58cef4c7eb222426b2f438	Austin	overtake	overtake	0	0	0	0	0	0	0	0	0	0	0
38	overtake	1	L2:aebd41ba95efafbb45da6e5dbe6a06b5f0f9403080bea69663cd4a947adb4ded	L4:15f3dd20bfe9eda679ce6bef0ffb5d3795903c515b58cef4c7eb222426b2f438	Austin	overtake	overtake	0	0	0	0	0	0	0	0	0	0	0
38	overtake	2	L2:aebd41ba95efafbb45da6e5dbe6a06b5f0f9403080bea69663cd4a947adb4ded	L4:15f3dd20bfe9eda679ce6bef0ffb5d3795903c515b58cef4c7eb222426b2f438	Austin	overtake	overtake	0	0	0	0	0	0	0	0	0	0	0
38	overtake	3	L2:aebd41ba95efafbb45da6e5dbe6a06b5f0f9403080bea69663cd4a947adb4ded	L4:15f3dd20bfe9eda679ce6bef0ffb5d3795903c515b58cef4c7eb222426b2f438	Austin	overtake	overtake	0	0	0	0	0	0	0	0	0	0	0
38	follow	0	L2:16b7019170ceed0cff215f2ac0708199f88ffef4ecfb5857d39b56130d3af864	L4:15f3dd20bfe9eda679ce6bef0ffb5d3795903c515b58cef4c7eb222426b2f438	Austin	follow	follow	0	0	0	0	0	0	0	0	0	0	0
38	follow	1	L2:16b7019170ceed0cff215f2ac0708199f88ffef4ecfb5857d39b56130d3af864	L4:15f3dd20bfe9eda679ce6bef0ffb5d3795903c515b58cef4c7eb222426b2f438	Austin	follow	collision	0	1	0	0	0	0	1	1	0	0	0
38	follow	2	L2:16b7019170ceed0cff215f2ac0708199f88ffef4ecfb5857d39b56130d3af864	L4:15f3dd20bfe9eda679ce6bef0ffb5d3795903c515b58cef4c7eb222426b2f438	Austin	follow	collision	0	1	0	0	0	0	1	1	0	0	0
38	follow	3	L2:16b7019170ceed0cff215f2ac0708199f88ffef4ecfb5857d39b56130d3af864	L4:15f3dd20bfe9eda679ce6bef0ffb5d3795903c515b58cef4c7eb222426b2f438	Austin	follow	follow	0	0	0	0	0	0	0	0	0	0	0
39	collision	0	L2:bb4faf9842795adb5c0f9b4fd2550f71d0a70049ecef656cee4156cf7159a8ab	L4:873e5d4501ebb8ea8ef5e72fb591e51a47adf51e1f7db78631ca84b473538dde	Hockenheim	collision	collision	1	1	0	0	0	0	0	0	0	0	0
39	collision	1	L2:bb4faf9842795adb5c0f9b4fd2550f71d0a70049ecef656cee4156cf7159a8ab	L4:873e5d4501ebb8ea8ef5e72fb591e51a47adf51e1f7db78631ca84b473538dde	Hockenheim	collision	collision	1	1	0	0	0	0	0	0	0	0	0
39	collision	2	L2:bb4faf9842795adb5c0f9b4fd2550f71d0a70049ecef656cee4156cf7159a8ab	L4:873e5d4501ebb8ea8ef5e72fb591e51a47adf51e1f7db78631ca84b473538dde	Hockenheim	collision	collision	1	1	0	0	0	0	0	0	0	0	0
39	collision	3	L2:bb4faf9842795adb5c0f9b4fd2550f71d0a70049ecef656cee4156cf7159a8ab	L4:873e5d4501ebb8ea8ef5e72fb591e51a47adf51e1f7db78631ca84b473538dde	Hockenheim	collision	collision	1	1	0	0	0	0	0	0	0	0	0
39	overtake	0	L2:2516306e02fb22cf373969542e0d9184c25ddab62c89d63bde6b746659c1ede4	L4:873e5d4501ebb8ea8ef5e72fb591e51a47adf51e1f7db78631ca84b473538dde	Hockenheim	overtake	overtake	0	0	0	0	0	0	0	0	0	0	0
39	overtake	1	L2:2516306e02fb22cf373969542e0d9184c25ddab62c89d63bde6b746659c1ede4	L4:873e5d4501ebb8ea8ef5e72fb591e51a47adf51e1f7db78631ca84b473538dde	Hockenheim	overtake	overtake	0	0	0	0	0	0	0	0	0	0	0
39	overtake	2	L2:2516306e02fb22cf373969542e0d9184c25ddab62c89d63bde6b746659c1ede4	L4:873e5d4501ebb8ea8ef5e72fb591e51a47adf51e1f7db78631ca84b473538dde	Hockenheim	overtake	overtake	0	0	0	0	0	0	0	0	0	0	0
39	overtake	3	L2:2516306e02fb22cf373969542e0d9184c25ddab62c89d63bde6b746659c1ede4	L4:873e5d4501ebb8ea8ef5e72fb591e51a47adf51e1f7db78631ca84b473538dde	Hockenheim	overtake	collision	0	1	0	0	0	0	1	1	0	1	1
39	follow	0	L2:c1d217bd3e0b9c1a7ea2819fc51a723658d7267884b6ba7a280aeed78f2be264	L4:873e5d4501ebb8ea8ef5e72fb591e51a47adf51e1f7db78631ca84b473538dde	Hockenheim	follow	follow	0	0	0	0	0	0	0	0	0	0	0
39	follow	1	L2:c1d217bd3e0b9c1a7ea2819fc51a723658d7267884b6ba7a280aeed78f2be264	L4:873e5d4501ebb8ea8ef5e72fb591e51a47adf51e1f7db78631ca84b473538dde	Hockenheim	follow	follow	0	0	0	0	0	0	0	0	0	0	0
39	follow	2	L2:c1d217bd3e0b9c1a7ea2819fc51a723658d7267884b6ba7a280aeed78f2be264	L4:873e5d4501ebb8ea8ef5e72fb591e51a47adf51e1f7db78631ca84b473538dde	Hockenheim	follow	collision	0	1	0	0	0	0	1	1	0	0	0
39	follow	3	L2:c1d217bd3e0b9c1a7ea2819fc51a723658d7267884b6ba7a280aeed78f2be264	L4:873e5d4501ebb8ea8ef5e72fb591e51a47adf51e1f7db78631ca84b473538dde	Hockenheim	follow	follow	0	0	0	0	0	0	0	0	0	0	0
40	collision	0	L2:70c942e895d5a4e7f58043057d5733bd2e04095a3797d3ce0b4f7ec331dd3928	L4:0a9b0a19a3efa9353ea4a5db43b2e9baabd7340ed50b6df2db49eff1e5e97598	Austin	overtake	collision	0	1	1	0	-1	0	0	0	0	0	0
40	collision	1	L2:70c942e895d5a4e7f58043057d5733bd2e04095a3797d3ce0b4f7ec331dd3928	L4:0a9b0a19a3efa9353ea4a5db43b2e9baabd7340ed50b6df2db49eff1e5e97598	Austin	overtake	collision	0	1	1	0	-1	0	0	0	0	0	0
40	collision	2	L2:70c942e895d5a4e7f58043057d5733bd2e04095a3797d3ce0b4f7ec331dd3928	L4:0a9b0a19a3efa9353ea4a5db43b2e9baabd7340ed50b6df2db49eff1e5e97598	Austin	overtake	overtake	0	0	1	1	0	0	0	0	0	0	0
40	collision	3	L2:70c942e895d5a4e7f58043057d5733bd2e04095a3797d3ce0b4f7ec331dd3928	L4:0a9b0a19a3efa9353ea4a5db43b2e9baabd7340ed50b6df2db49eff1e5e97598	Austin	collision	overtake	1	0	0	1	1	0	0	0	0	0	0
40	overtake	0	L2:00b6b2ed4e4dd576b51b529fa2f59e7cb9770f025af15de2d0bfc57437f30546	L4:0a9b0a19a3efa9353ea4a5db43b2e9baabd7340ed50b6df2db49eff1e5e97598	Austin	collision	overtake	1	0	0	0	0	1	0	-1	1	0	-1
40	overtake	1	L2:00b6b2ed4e4dd576b51b529fa2f59e7cb9770f025af15de2d0bfc57437f30546	L4:0a9b0a19a3efa9353ea4a5db43b2e9baabd7340ed50b6df2db49eff1e5e97598	Austin	overtake	overtake	0	0	0	0	0	0	0	0	0	0	0
40	overtake	2	L2:00b6b2ed4e4dd576b51b529fa2f59e7cb9770f025af15de2d0bfc57437f30546	L4:0a9b0a19a3efa9353ea4a5db43b2e9baabd7340ed50b6df2db49eff1e5e97598	Austin	overtake	overtake	0	0	0	0	0	0	0	0	0	0	0
40	overtake	3	L2:00b6b2ed4e4dd576b51b529fa2f59e7cb9770f025af15de2d0bfc57437f30546	L4:0a9b0a19a3efa9353ea4a5db43b2e9baabd7340ed50b6df2db49eff1e5e97598	Austin	overtake	collision	0	1	0	0	0	0	1	1	0	1	1
40	follow	0	L2:8ecdb05b59bb124d99aa855d19f148345750188ab09b7c72d7f971b065b394e0	L4:0a9b0a19a3efa9353ea4a5db43b2e9baabd7340ed50b6df2db49eff1e5e97598	Austin	collision	collision	1	1	0	0	0	1	1	0	0	0	0
40	follow	1	L2:8ecdb05b59bb124d99aa855d19f148345750188ab09b7c72d7f971b065b394e0	L4:0a9b0a19a3efa9353ea4a5db43b2e9baabd7340ed50b6df2db49eff1e5e97598	Austin	collision	collision	1	1	0	0	0	1	1	0	0	0	0
40	follow	2	L2:8ecdb05b59bb124d99aa855d19f148345750188ab09b7c72d7f971b065b394e0	L4:0a9b0a19a3efa9353ea4a5db43b2e9baabd7340ed50b6df2db49eff1e5e97598	Austin	collision	collision	1	1	0	0	0	1	1	0	0	0	0
40	follow	3	L2:8ecdb05b59bb124d99aa855d19f148345750188ab09b7c72d7f971b065b394e0	L4:0a9b0a19a3efa9353ea4a5db43b2e9baabd7340ed50b6df2db49eff1e5e97598	Austin	collision	collision	1	1	0	0	0	1	1	0	0	0	0
41	collision	0	L2:e400a83639726b5e801264f3e2c59bae3dee074ee6cb1d8748ec49cb4841a686	L4:f7ed65b2c1f87eb31aecf6a9ccbf2f582d6b632ef7baf91e821174394b244510	Austin	overtake	overtake	0	0	1	1	0	0	0	0	0	0	0
41	collision	1	L2:e400a83639726b5e801264f3e2c59bae3dee074ee6cb1d8748ec49cb4841a686	L4:f7ed65b2c1f87eb31aecf6a9ccbf2f582d6b632ef7baf91e821174394b244510	Austin	overtake	overtake	0	0	1	1	0	0	0	0	0	0	0
41	collision	2	L2:e400a83639726b5e801264f3e2c59bae3dee074ee6cb1d8748ec49cb4841a686	L4:f7ed65b2c1f87eb31aecf6a9ccbf2f582d6b632ef7baf91e821174394b244510	Austin	overtake	overtake	0	0	1	1	0	0	0	0	0	0	0
41	collision	3	L2:e400a83639726b5e801264f3e2c59bae3dee074ee6cb1d8748ec49cb4841a686	L4:f7ed65b2c1f87eb31aecf6a9ccbf2f582d6b632ef7baf91e821174394b244510	Austin	overtake	overtake	0	0	1	1	0	0	0	0	0	0	0
41	overtake	0	L2:0d3aae75d334932ab20b0c5a5cca3e4c084e7f1fabbe7e7fb5b55edf2d1e98cf	L4:f7ed65b2c1f87eb31aecf6a9ccbf2f582d6b632ef7baf91e821174394b244510	Austin	overtake	overtake	0	0	0	0	0	0	0	0	0	0	0
41	overtake	1	L2:0d3aae75d334932ab20b0c5a5cca3e4c084e7f1fabbe7e7fb5b55edf2d1e98cf	L4:f7ed65b2c1f87eb31aecf6a9ccbf2f582d6b632ef7baf91e821174394b244510	Austin	overtake	overtake	0	0	0	0	0	0	0	0	0	0	0
41	overtake	2	L2:0d3aae75d334932ab20b0c5a5cca3e4c084e7f1fabbe7e7fb5b55edf2d1e98cf	L4:f7ed65b2c1f87eb31aecf6a9ccbf2f582d6b632ef7baf91e821174394b244510	Austin	overtake	overtake	0	0	0	0	0	0	0	0	0	0	0
41	overtake	3	L2:0d3aae75d334932ab20b0c5a5cca3e4c084e7f1fabbe7e7fb5b55edf2d1e98cf	L4:f7ed65b2c1f87eb31aecf6a9ccbf2f582d6b632ef7baf91e821174394b244510	Austin	overtake	overtake	0	0	0	0	0	0	0	0	0	0	0
41	follow	0	L2:b51a233196ab93039986dd99e297674600f2df72fa3b45c17dbdbcc4015ef551	L4:f7ed65b2c1f87eb31aecf6a9ccbf2f582d6b632ef7baf91e821174394b244510	Austin	follow	follow	0	0	0	0	0	0	0	0	0	0	0
41	follow	1	L2:b51a233196ab93039986dd99e297674600f2df72fa3b45c17dbdbcc4015ef551	L4:f7ed65b2c1f87eb31aecf6a9ccbf2f582d6b632ef7baf91e821174394b244510	Austin	follow	follow	0	0	0	0	0	0	0	0	0	0	0
41	follow	2	L2:b51a233196ab93039986dd99e297674600f2df72fa3b45c17dbdbcc4015ef551	L4:f7ed65b2c1f87eb31aecf6a9ccbf2f582d6b632ef7baf91e821174394b244510	Austin	follow	follow	0	0	0	0	0	0	0	0	0	0	0
41	follow	3	L2:b51a233196ab93039986dd99e297674600f2df72fa3b45c17dbdbcc4015ef551	L4:f7ed65b2c1f87eb31aecf6a9ccbf2f582d6b632ef7baf91e821174394b244510	Austin	follow	follow	0	0	0	0	0	0	0	0	0	0	0
42	collision	0	L2:23e7a9a65050f05009c9c70885eb2c2e4bb3f7dada71c41fdf3070b01c85cfaf	L4:7da40eacf9665cb44cf54ab7b473b7efce49579aa3d4912f6f3c4a8f018f3ed0	MoscowRaceway	collision	collision	1	1	0	0	0	0	0	0	0	0	0
42	collision	1	L2:23e7a9a65050f05009c9c70885eb2c2e4bb3f7dada71c41fdf3070b01c85cfaf	L4:7da40eacf9665cb44cf54ab7b473b7efce49579aa3d4912f6f3c4a8f018f3ed0	MoscowRaceway	overtake	collision	0	1	1	0	-1	0	0	0	0	0	0
42	collision	2	L2:23e7a9a65050f05009c9c70885eb2c2e4bb3f7dada71c41fdf3070b01c85cfaf	L4:7da40eacf9665cb44cf54ab7b473b7efce49579aa3d4912f6f3c4a8f018f3ed0	MoscowRaceway	overtake	overtake	0	0	1	1	0	0	0	0	0	0	0
42	collision	3	L2:23e7a9a65050f05009c9c70885eb2c2e4bb3f7dada71c41fdf3070b01c85cfaf	L4:7da40eacf9665cb44cf54ab7b473b7efce49579aa3d4912f6f3c4a8f018f3ed0	MoscowRaceway	overtake	collision	0	1	1	0	-1	0	0	0	0	0	0
42	overtake	0	L2:f37868120d5186b3e56614638891a031c2385211388211bcf6a108c7ffdc6102	L4:7da40eacf9665cb44cf54ab7b473b7efce49579aa3d4912f6f3c4a8f018f3ed0	MoscowRaceway	overtake	overtake	0	0	0	0	0	0	0	0	0	0	0
42	overtake	1	L2:f37868120d5186b3e56614638891a031c2385211388211bcf6a108c7ffdc6102	L4:7da40eacf9665cb44cf54ab7b473b7efce49579aa3d4912f6f3c4a8f018f3ed0	MoscowRaceway	overtake	overtake	0	0	0	0	0	0	0	0	0	0	0
42	overtake	2	L2:f37868120d5186b3e56614638891a031c2385211388211bcf6a108c7ffdc6102	L4:7da40eacf9665cb44cf54ab7b473b7efce49579aa3d4912f6f3c4a8f018f3ed0	MoscowRaceway	overtake	overtake	0	0	0	0	0	0	0	0	0	0	0
42	overtake	3	L2:f37868120d5186b3e56614638891a031c2385211388211bcf6a108c7ffdc6102	L4:7da40eacf9665cb44cf54ab7b473b7efce49579aa3d4912f6f3c4a8f018f3ed0	MoscowRaceway	overtake	overtake	0	0	0	0	0	0	0	0	0	0	0
42	follow	0	L2:943a4bbefd9b4c9fa054df252f1cd9a49c58a86bdaf6cc8904df82d34c032a6c	L4:7da40eacf9665cb44cf54ab7b473b7efce49579aa3d4912f6f3c4a8f018f3ed0	MoscowRaceway	follow	follow	0	0	0	0	0	0	0	0	0	0	0
42	follow	1	L2:943a4bbefd9b4c9fa054df252f1cd9a49c58a86bdaf6cc8904df82d34c032a6c	L4:7da40eacf9665cb44cf54ab7b473b7efce49579aa3d4912f6f3c4a8f018f3ed0	MoscowRaceway	follow	follow	0	0	0	0	0	0	0	0	0	0	0
42	follow	2	L2:943a4bbefd9b4c9fa054df252f1cd9a49c58a86bdaf6cc8904df82d34c032a6c	L4:7da40eacf9665cb44cf54ab7b473b7efce49579aa3d4912f6f3c4a8f018f3ed0	MoscowRaceway	follow	overtake	0	0	0	0	0	0	0	0	0	0	0
42	follow	3	L2:943a4bbefd9b4c9fa054df252f1cd9a49c58a86bdaf6cc8904df82d34c032a6c	L4:7da40eacf9665cb44cf54ab7b473b7efce49579aa3d4912f6f3c4a8f018f3ed0	MoscowRaceway	follow	follow	0	0	0	0	0	0	0	0	0	0	0
43	collision	0	L2:e3a87bb534923b14f10bc4c3716c703631ff6550306bb83671dae0218259c816	L4:4a5d7fafe614d05a19dd47610042246c2d615dccabb9be0d6545db82c326be27	Hockenheim	collision	overtake	1	0	0	1	1	0	0	0	0	0	0
43	collision	1	L2:e3a87bb534923b14f10bc4c3716c703631ff6550306bb83671dae0218259c816	L4:4a5d7fafe614d05a19dd47610042246c2d615dccabb9be0d6545db82c326be27	Hockenheim	collision	overtake	1	0	0	1	1	0	0	0	0	0	0
43	collision	2	L2:e3a87bb534923b14f10bc4c3716c703631ff6550306bb83671dae0218259c816	L4:4a5d7fafe614d05a19dd47610042246c2d615dccabb9be0d6545db82c326be27	Hockenheim	collision	collision	1	1	0	0	0	0	0	0	0	0	0
43	collision	3	L2:e3a87bb534923b14f10bc4c3716c703631ff6550306bb83671dae0218259c816	L4:4a5d7fafe614d05a19dd47610042246c2d615dccabb9be0d6545db82c326be27	Hockenheim	collision	overtake	1	0	0	1	1	0	0	0	0	0	0
43	overtake	0	L2:3817e57f966ee575ed4a98e862a7872e3b0a7c95d9bd10dae4b20f362c4163ff	L4:4a5d7fafe614d05a19dd47610042246c2d615dccabb9be0d6545db82c326be27	Hockenheim	overtake	overtake	0	0	0	0	0	0	0	0	0	0	0
43	overtake	1	L2:3817e57f966ee575ed4a98e862a7872e3b0a7c95d9bd10dae4b20f362c4163ff	L4:4a5d7fafe614d05a19dd47610042246c2d615dccabb9be0d6545db82c326be27	Hockenheim	overtake	overtake	0	0	0	0	0	0	0	0	0	0	0
43	overtake	2	L2:3817e57f966ee575ed4a98e862a7872e3b0a7c95d9bd10dae4b20f362c4163ff	L4:4a5d7fafe614d05a19dd47610042246c2d615dccabb9be0d6545db82c326be27	Hockenheim	overtake	overtake	0	0	0	0	0	0	0	0	0	0	0
43	overtake	3	L2:3817e57f966ee575ed4a98e862a7872e3b0a7c95d9bd10dae4b20f362c4163ff	L4:4a5d7fafe614d05a19dd47610042246c2d615dccabb9be0d6545db82c326be27	Hockenheim	overtake	overtake	0	0	0	0	0	0	0	0	0	0	0
43	follow	0	L2:6bcabcddf4e540eccc1fc321ac2a79a9aba3299a2ffffb388a90e61eea443020	L4:4a5d7fafe614d05a19dd47610042246c2d615dccabb9be0d6545db82c326be27	Hockenheim	follow	follow	0	0	0	0	0	0	0	0	0	0	0
43	follow	1	L2:6bcabcddf4e540eccc1fc321ac2a79a9aba3299a2ffffb388a90e61eea443020	L4:4a5d7fafe614d05a19dd47610042246c2d615dccabb9be0d6545db82c326be27	Hockenheim	follow	follow	0	0	0	0	0	0	0	0	0	0	0
43	follow	2	L2:6bcabcddf4e540eccc1fc321ac2a79a9aba3299a2ffffb388a90e61eea443020	L4:4a5d7fafe614d05a19dd47610042246c2d615dccabb9be0d6545db82c326be27	Hockenheim	follow	follow	0	0	0	0	0	0	0	0	0	0	0
43	follow	3	L2:6bcabcddf4e540eccc1fc321ac2a79a9aba3299a2ffffb388a90e61eea443020	L4:4a5d7fafe614d05a19dd47610042246c2d615dccabb9be0d6545db82c326be27	Hockenheim	follow	follow	0	0	0	0	0	0	0	0	0	0	0
44	collision	0	L2:59f50f12cd404e969a5efa8e4d9011dc45e47708f4aacf9789d23b811fe74979	L4:0396a1022d53e0e7e28fab8086e884931f10cfc0b471b9a97a08b413f05390b1	Hockenheim	follow	follow	0	0	1	1	0	0	0	0	0	0	0
44	collision	1	L2:59f50f12cd404e969a5efa8e4d9011dc45e47708f4aacf9789d23b811fe74979	L4:0396a1022d53e0e7e28fab8086e884931f10cfc0b471b9a97a08b413f05390b1	Hockenheim	collision	follow	1	0	0	1	1	0	0	0	0	0	0
44	collision	2	L2:59f50f12cd404e969a5efa8e4d9011dc45e47708f4aacf9789d23b811fe74979	L4:0396a1022d53e0e7e28fab8086e884931f10cfc0b471b9a97a08b413f05390b1	Hockenheim	follow	follow	0	0	1	1	0	0	0	0	0	0	0
44	collision	3	L2:59f50f12cd404e969a5efa8e4d9011dc45e47708f4aacf9789d23b811fe74979	L4:0396a1022d53e0e7e28fab8086e884931f10cfc0b471b9a97a08b413f05390b1	Hockenheim	collision	collision	1	1	0	0	0	0	0	0	0	0	0
44	overtake	0	L2:fda15fe139b6e58c457a9958e6c992a0dd655ae077a63bff8689bf2532b79fd5	L4:0396a1022d53e0e7e28fab8086e884931f10cfc0b471b9a97a08b413f05390b1	Hockenheim	overtake	overtake	0	0	0	0	0	0	0	0	0	0	0
44	overtake	1	L2:fda15fe139b6e58c457a9958e6c992a0dd655ae077a63bff8689bf2532b79fd5	L4:0396a1022d53e0e7e28fab8086e884931f10cfc0b471b9a97a08b413f05390b1	Hockenheim	overtake	overtake	0	0	0	0	0	0	0	0	0	0	0
44	overtake	2	L2:fda15fe139b6e58c457a9958e6c992a0dd655ae077a63bff8689bf2532b79fd5	L4:0396a1022d53e0e7e28fab8086e884931f10cfc0b471b9a97a08b413f05390b1	Hockenheim	overtake	overtake	0	0	0	0	0	0	0	0	0	0	0
44	overtake	3	L2:fda15fe139b6e58c457a9958e6c992a0dd655ae077a63bff8689bf2532b79fd5	L4:0396a1022d53e0e7e28fab8086e884931f10cfc0b471b9a97a08b413f05390b1	Hockenheim	overtake	overtake	0	0	0	0	0	0	0	0	0	0	0
44	follow	0	L2:be186497e0e3aa29f92fd5c834f1ae5071e17147471ce8ae558791b792d9265d	L4:0396a1022d53e0e7e28fab8086e884931f10cfc0b471b9a97a08b413f05390b1	Hockenheim	follow	follow	0	0	0	0	0	0	0	0	0	0	0
44	follow	1	L2:be186497e0e3aa29f92fd5c834f1ae5071e17147471ce8ae558791b792d9265d	L4:0396a1022d53e0e7e28fab8086e884931f10cfc0b471b9a97a08b413f05390b1	Hockenheim	follow	follow	0	0	0	0	0	0	0	0	0	0	0
44	follow	2	L2:be186497e0e3aa29f92fd5c834f1ae5071e17147471ce8ae558791b792d9265d	L4:0396a1022d53e0e7e28fab8086e884931f10cfc0b471b9a97a08b413f05390b1	Hockenheim	follow	follow	0	0	0	0	0	0	0	0	0	0	0
44	follow	3	L2:be186497e0e3aa29f92fd5c834f1ae5071e17147471ce8ae558791b792d9265d	L4:0396a1022d53e0e7e28fab8086e884931f10cfc0b471b9a97a08b413f05390b1	Hockenheim	follow	follow	0	0	0	0	0	0	0	0	0	0	0
45	collision	0	L2:0cbadb764822112508eecf60d210d28e0678a95c13f05c0b3fc615c45ee5cab3	L4:55c13a87e8e0ea0018dd0fcbc62855897df411d8316c9722679d71867ba99df3	Hockenheim	collision	collision	1	1	0	0	0	0	0	0	0	0	0
45	collision	1	L2:0cbadb764822112508eecf60d210d28e0678a95c13f05c0b3fc615c45ee5cab3	L4:55c13a87e8e0ea0018dd0fcbc62855897df411d8316c9722679d71867ba99df3	Hockenheim	collision	collision	1	1	0	0	0	0	0	0	0	0	0
45	collision	2	L2:0cbadb764822112508eecf60d210d28e0678a95c13f05c0b3fc615c45ee5cab3	L4:55c13a87e8e0ea0018dd0fcbc62855897df411d8316c9722679d71867ba99df3	Hockenheim	collision	collision	1	1	0	0	0	0	0	0	0	0	0
45	collision	3	L2:0cbadb764822112508eecf60d210d28e0678a95c13f05c0b3fc615c45ee5cab3	L4:55c13a87e8e0ea0018dd0fcbc62855897df411d8316c9722679d71867ba99df3	Hockenheim	collision	collision	1	1	0	0	0	0	0	0	0	0	0
45	overtake	0	L2:a7610e3dc72fb2f7b2d8dcc5980572136131b275637fcd142ca6a6c92cfe3427	L4:55c13a87e8e0ea0018dd0fcbc62855897df411d8316c9722679d71867ba99df3	Hockenheim	overtake	overtake	0	0	0	0	0	0	0	0	0	0	0
45	overtake	1	L2:a7610e3dc72fb2f7b2d8dcc5980572136131b275637fcd142ca6a6c92cfe3427	L4:55c13a87e8e0ea0018dd0fcbc62855897df411d8316c9722679d71867ba99df3	Hockenheim	overtake	collision	0	1	0	0	0	0	1	1	0	1	1
45	overtake	2	L2:a7610e3dc72fb2f7b2d8dcc5980572136131b275637fcd142ca6a6c92cfe3427	L4:55c13a87e8e0ea0018dd0fcbc62855897df411d8316c9722679d71867ba99df3	Hockenheim	overtake	overtake	0	0	0	0	0	0	0	0	0	0	0
45	overtake	3	L2:a7610e3dc72fb2f7b2d8dcc5980572136131b275637fcd142ca6a6c92cfe3427	L4:55c13a87e8e0ea0018dd0fcbc62855897df411d8316c9722679d71867ba99df3	Hockenheim	overtake	overtake	0	0	0	0	0	0	0	0	0	0	0
45	follow	0	L2:86c90beb8fe929f4c676b5e900ad83d89c65121fe4c354c3f986fa4c170a9364	L4:55c13a87e8e0ea0018dd0fcbc62855897df411d8316c9722679d71867ba99df3	Hockenheim	follow	follow	0	0	0	0	0	0	0	0	0	0	0
45	follow	1	L2:86c90beb8fe929f4c676b5e900ad83d89c65121fe4c354c3f986fa4c170a9364	L4:55c13a87e8e0ea0018dd0fcbc62855897df411d8316c9722679d71867ba99df3	Hockenheim	follow	collision	0	1	0	0	0	0	1	1	0	0	0
45	follow	2	L2:86c90beb8fe929f4c676b5e900ad83d89c65121fe4c354c3f986fa4c170a9364	L4:55c13a87e8e0ea0018dd0fcbc62855897df411d8316c9722679d71867ba99df3	Hockenheim	follow	follow	0	0	0	0	0	0	0	0	0	0	0
45	follow	3	L2:86c90beb8fe929f4c676b5e900ad83d89c65121fe4c354c3f986fa4c170a9364	L4:55c13a87e8e0ea0018dd0fcbc62855897df411d8316c9722679d71867ba99df3	Hockenheim	follow	collision	0	1	0	0	0	0	1	1	0	0	0
46	collision	0	L2:40ff5f02c185cc2b6b740988b7053131ed97071eade8e596f43ba083558e29b8	L4:19232bc3bb0e5909f9fcedaa056f29e56580a3245cf0bfd9127a9d9a933693e9	Austin	overtake	overtake	0	0	1	1	0	0	0	0	0	0	0
46	collision	1	L2:40ff5f02c185cc2b6b740988b7053131ed97071eade8e596f43ba083558e29b8	L4:19232bc3bb0e5909f9fcedaa056f29e56580a3245cf0bfd9127a9d9a933693e9	Austin	overtake	overtake	0	0	1	1	0	0	0	0	0	0	0
46	collision	2	L2:40ff5f02c185cc2b6b740988b7053131ed97071eade8e596f43ba083558e29b8	L4:19232bc3bb0e5909f9fcedaa056f29e56580a3245cf0bfd9127a9d9a933693e9	Austin	overtake	overtake	0	0	1	1	0	0	0	0	0	0	0
46	collision	3	L2:40ff5f02c185cc2b6b740988b7053131ed97071eade8e596f43ba083558e29b8	L4:19232bc3bb0e5909f9fcedaa056f29e56580a3245cf0bfd9127a9d9a933693e9	Austin	overtake	overtake	0	0	1	1	0	0	0	0	0	0	0
46	overtake	0	L2:24a688b8d2ad1b735f64b2f5a39fbd54c07844fffb25d911bf0ca795f74e19e5	L4:19232bc3bb0e5909f9fcedaa056f29e56580a3245cf0bfd9127a9d9a933693e9	Austin	overtake	overtake	0	0	0	0	0	0	0	0	0	0	0
46	overtake	1	L2:24a688b8d2ad1b735f64b2f5a39fbd54c07844fffb25d911bf0ca795f74e19e5	L4:19232bc3bb0e5909f9fcedaa056f29e56580a3245cf0bfd9127a9d9a933693e9	Austin	overtake	overtake	0	0	0	0	0	0	0	0	0	0	0
46	overtake	2	L2:24a688b8d2ad1b735f64b2f5a39fbd54c07844fffb25d911bf0ca795f74e19e5	L4:19232bc3bb0e5909f9fcedaa056f29e56580a3245cf0bfd9127a9d9a933693e9	Austin	overtake	overtake	0	0	0	0	0	0	0	0	0	0	0
46	overtake	3	L2:24a688b8d2ad1b735f64b2f5a39fbd54c07844fffb25d911bf0ca795f74e19e5	L4:19232bc3bb0e5909f9fcedaa056f29e56580a3245cf0bfd9127a9d9a933693e9	Austin	overtake	overtake	0	0	0	0	0	0	0	0	0	0	0
46	follow	0	L2:eb958f2c9627d598cb992af104824f0a147494290b1c701a57448f99dc0c62d3	L4:19232bc3bb0e5909f9fcedaa056f29e56580a3245cf0bfd9127a9d9a933693e9	Austin	follow	follow	0	0	0	0	0	0	0	0	0	0	0
46	follow	1	L2:eb958f2c9627d598cb992af104824f0a147494290b1c701a57448f99dc0c62d3	L4:19232bc3bb0e5909f9fcedaa056f29e56580a3245cf0bfd9127a9d9a933693e9	Austin	follow	follow	0	0	0	0	0	0	0	0	0	0	0
46	follow	2	L2:eb958f2c9627d598cb992af104824f0a147494290b1c701a57448f99dc0c62d3	L4:19232bc3bb0e5909f9fcedaa056f29e56580a3245cf0bfd9127a9d9a933693e9	Austin	follow	follow	0	0	0	0	0	0	0	0	0	0	0
46	follow	3	L2:eb958f2c9627d598cb992af104824f0a147494290b1c701a57448f99dc0c62d3	L4:19232bc3bb0e5909f9fcedaa056f29e56580a3245cf0bfd9127a9d9a933693e9	Austin	follow	follow	0	0	0	0	0	0	0	0	0	0	0
47	collision	0	L2:2ee987793508f00fdc5f2566413110e081e19fd1c04930eaa9fcc841382a8751	L4:6e8ea26f91fee570ff3078b0eb7dc51fcc55769b57c2c4c39f7f74689611c5a1	MoscowRaceway	follow	follow	0	0	1	1	0	0	0	0	0	0	0
47	collision	1	L2:2ee987793508f00fdc5f2566413110e081e19fd1c04930eaa9fcc841382a8751	L4:6e8ea26f91fee570ff3078b0eb7dc51fcc55769b57c2c4c39f7f74689611c5a1	MoscowRaceway	follow	follow	0	0	1	1	0	0	0	0	0	0	0
47	collision	2	L2:2ee987793508f00fdc5f2566413110e081e19fd1c04930eaa9fcc841382a8751	L4:6e8ea26f91fee570ff3078b0eb7dc51fcc55769b57c2c4c39f7f74689611c5a1	MoscowRaceway	collision	follow	1	0	0	1	1	0	0	0	0	0	0
47	collision	3	L2:2ee987793508f00fdc5f2566413110e081e19fd1c04930eaa9fcc841382a8751	L4:6e8ea26f91fee570ff3078b0eb7dc51fcc55769b57c2c4c39f7f74689611c5a1	MoscowRaceway	follow	follow	0	0	1	1	0	0	0	0	0	0	0
47	overtake	0	L2:98b451184cd683f0bd51124534befefcba984c45c8027da4fcbb7bdd124123f5	L4:6e8ea26f91fee570ff3078b0eb7dc51fcc55769b57c2c4c39f7f74689611c5a1	MoscowRaceway	overtake	overtake	0	0	0	0	0	0	0	0	0	0	0
47	overtake	1	L2:98b451184cd683f0bd51124534befefcba984c45c8027da4fcbb7bdd124123f5	L4:6e8ea26f91fee570ff3078b0eb7dc51fcc55769b57c2c4c39f7f74689611c5a1	MoscowRaceway	overtake	overtake	0	0	0	0	0	0	0	0	0	0	0
47	overtake	2	L2:98b451184cd683f0bd51124534befefcba984c45c8027da4fcbb7bdd124123f5	L4:6e8ea26f91fee570ff3078b0eb7dc51fcc55769b57c2c4c39f7f74689611c5a1	MoscowRaceway	overtake	overtake	0	0	0	0	0	0	0	0	0	0	0
47	overtake	3	L2:98b451184cd683f0bd51124534befefcba984c45c8027da4fcbb7bdd124123f5	L4:6e8ea26f91fee570ff3078b0eb7dc51fcc55769b57c2c4c39f7f74689611c5a1	MoscowRaceway	overtake	overtake	0	0	0	0	0	0	0	0	0	0	0
47	follow	0	L2:5ccb986e20d7cf914d2f1c5e456b42d571d1083a0f5859ffaa3fbe7d6c96f931	L4:6e8ea26f91fee570ff3078b0eb7dc51fcc55769b57c2c4c39f7f74689611c5a1	MoscowRaceway	follow	collision	0	1	0	0	0	0	1	1	0	0	0
47	follow	1	L2:5ccb986e20d7cf914d2f1c5e456b42d571d1083a0f5859ffaa3fbe7d6c96f931	L4:6e8ea26f91fee570ff3078b0eb7dc51fcc55769b57c2c4c39f7f74689611c5a1	MoscowRaceway	follow	follow	0	0	0	0	0	0	0	0	0	0	0
47	follow	2	L2:5ccb986e20d7cf914d2f1c5e456b42d571d1083a0f5859ffaa3fbe7d6c96f931	L4:6e8ea26f91fee570ff3078b0eb7dc51fcc55769b57c2c4c39f7f74689611c5a1	MoscowRaceway	follow	collision	0	1	0	0	0	0	1	1	0	0	0
47	follow	3	L2:5ccb986e20d7cf914d2f1c5e456b42d571d1083a0f5859ffaa3fbe7d6c96f931	L4:6e8ea26f91fee570ff3078b0eb7dc51fcc55769b57c2c4c39f7f74689611c5a1	MoscowRaceway	follow	follow	0	0	0	0	0	0	0	0	0	0	0
48	collision	0	L2:c3e79ce8365f9536c2d97e4b5808a9505473ede8e10d2448e26dd5a2b1439ffe	L4:75ae0035ac6d61e012c2f95255d3b1a76b2a768453672692f5871e12c358117d	MoscowRaceway	overtake	follow	0	0	1	1	0	0	0	0	0	0	0
48	collision	1	L2:c3e79ce8365f9536c2d97e4b5808a9505473ede8e10d2448e26dd5a2b1439ffe	L4:75ae0035ac6d61e012c2f95255d3b1a76b2a768453672692f5871e12c358117d	MoscowRaceway	follow	follow	0	0	1	1	0	0	0	0	0	0	0
48	collision	2	L2:c3e79ce8365f9536c2d97e4b5808a9505473ede8e10d2448e26dd5a2b1439ffe	L4:75ae0035ac6d61e012c2f95255d3b1a76b2a768453672692f5871e12c358117d	MoscowRaceway	follow	follow	0	0	1	1	0	0	0	0	0	0	0
48	collision	3	L2:c3e79ce8365f9536c2d97e4b5808a9505473ede8e10d2448e26dd5a2b1439ffe	L4:75ae0035ac6d61e012c2f95255d3b1a76b2a768453672692f5871e12c358117d	MoscowRaceway	follow	follow	0	0	1	1	0	0	0	0	0	0	0
48	overtake	0	L2:c86a4724d77aa5572e969527f353102d1ac1c3a35d302f4aaa77cf0902c20ba1	L4:75ae0035ac6d61e012c2f95255d3b1a76b2a768453672692f5871e12c358117d	MoscowRaceway	overtake	overtake	0	0	0	0	0	0	0	0	0	0	0
48	overtake	1	L2:c86a4724d77aa5572e969527f353102d1ac1c3a35d302f4aaa77cf0902c20ba1	L4:75ae0035ac6d61e012c2f95255d3b1a76b2a768453672692f5871e12c358117d	MoscowRaceway	overtake	overtake	0	0	0	0	0	0	0	0	0	0	0
48	overtake	2	L2:c86a4724d77aa5572e969527f353102d1ac1c3a35d302f4aaa77cf0902c20ba1	L4:75ae0035ac6d61e012c2f95255d3b1a76b2a768453672692f5871e12c358117d	MoscowRaceway	overtake	overtake	0	0	0	0	0	0	0	0	0	0	0
48	overtake	3	L2:c86a4724d77aa5572e969527f353102d1ac1c3a35d302f4aaa77cf0902c20ba1	L4:75ae0035ac6d61e012c2f95255d3b1a76b2a768453672692f5871e12c358117d	MoscowRaceway	overtake	overtake	0	0	0	0	0	0	0	0	0	0	0
48	follow	0	L2:9cd15e8d8a718e58d6d0597e9ea80bce4cc90b9e9970d69dac08aa02f791b25b	L4:75ae0035ac6d61e012c2f95255d3b1a76b2a768453672692f5871e12c358117d	MoscowRaceway	follow	follow	0	0	0	0	0	0	0	0	0	0	0
48	follow	1	L2:9cd15e8d8a718e58d6d0597e9ea80bce4cc90b9e9970d69dac08aa02f791b25b	L4:75ae0035ac6d61e012c2f95255d3b1a76b2a768453672692f5871e12c358117d	MoscowRaceway	follow	follow	0	0	0	0	0	0	0	0	0	0	0
48	follow	2	L2:9cd15e8d8a718e58d6d0597e9ea80bce4cc90b9e9970d69dac08aa02f791b25b	L4:75ae0035ac6d61e012c2f95255d3b1a76b2a768453672692f5871e12c358117d	MoscowRaceway	follow	follow	0	0	0	0	0	0	0	0	0	0	0
48	follow	3	L2:9cd15e8d8a718e58d6d0597e9ea80bce4cc90b9e9970d69dac08aa02f791b25b	L4:75ae0035ac6d61e012c2f95255d3b1a76b2a768453672692f5871e12c358117d	MoscowRaceway	follow	follow	0	0	0	0	0	0	0	0	0	0	0
49	collision	0	L2:08ccfa18a0cef9b38a01a375f016f4dbb37aab25b60a50d0027a75caeb8dc0c7	L4:ad07d10590b17ff42a1391d42945c60c45e7ab8d0bbbfae6b8ca0e8db5ce95bb	Austin	collision	follow	1	0	0	1	1	0	0	0	0	0	0
49	collision	1	L2:08ccfa18a0cef9b38a01a375f016f4dbb37aab25b60a50d0027a75caeb8dc0c7	L4:ad07d10590b17ff42a1391d42945c60c45e7ab8d0bbbfae6b8ca0e8db5ce95bb	Austin	follow	follow	0	0	1	1	0	0	0	0	0	0	0
49	collision	2	L2:08ccfa18a0cef9b38a01a375f016f4dbb37aab25b60a50d0027a75caeb8dc0c7	L4:ad07d10590b17ff42a1391d42945c60c45e7ab8d0bbbfae6b8ca0e8db5ce95bb	Austin	collision	follow	1	0	0	1	1	0	0	0	0	0	0
49	collision	3	L2:08ccfa18a0cef9b38a01a375f016f4dbb37aab25b60a50d0027a75caeb8dc0c7	L4:ad07d10590b17ff42a1391d42945c60c45e7ab8d0bbbfae6b8ca0e8db5ce95bb	Austin	follow	follow	0	0	1	1	0	0	0	0	0	0	0
49	overtake	0	L2:6fd4c1faf4ca598909eb2cc53f37eb23227453415d55fe846f1a312908b707e4	L4:ad07d10590b17ff42a1391d42945c60c45e7ab8d0bbbfae6b8ca0e8db5ce95bb	Austin	overtake	overtake	0	0	0	0	0	0	0	0	0	0	0
49	overtake	1	L2:6fd4c1faf4ca598909eb2cc53f37eb23227453415d55fe846f1a312908b707e4	L4:ad07d10590b17ff42a1391d42945c60c45e7ab8d0bbbfae6b8ca0e8db5ce95bb	Austin	overtake	overtake	0	0	0	0	0	0	0	0	0	0	0
49	overtake	2	L2:6fd4c1faf4ca598909eb2cc53f37eb23227453415d55fe846f1a312908b707e4	L4:ad07d10590b17ff42a1391d42945c60c45e7ab8d0bbbfae6b8ca0e8db5ce95bb	Austin	overtake	overtake	0	0	0	0	0	0	0	0	0	0	0
49	overtake	3	L2:6fd4c1faf4ca598909eb2cc53f37eb23227453415d55fe846f1a312908b707e4	L4:ad07d10590b17ff42a1391d42945c60c45e7ab8d0bbbfae6b8ca0e8db5ce95bb	Austin	overtake	collision	0	1	0	0	0	0	1	1	0	1	1
49	follow	0	L2:77c078caef727cd156b0bed791bf3c48a89c1aa754bb61237adaf896d1315b95	L4:ad07d10590b17ff42a1391d42945c60c45e7ab8d0bbbfae6b8ca0e8db5ce95bb	Austin	follow	follow	0	0	0	0	0	0	0	0	0	0	0
49	follow	1	L2:77c078caef727cd156b0bed791bf3c48a89c1aa754bb61237adaf896d1315b95	L4:ad07d10590b17ff42a1391d42945c60c45e7ab8d0bbbfae6b8ca0e8db5ce95bb	Austin	follow	follow	0	0	0	0	0	0	0	0	0	0	0
49	follow	2	L2:77c078caef727cd156b0bed791bf3c48a89c1aa754bb61237adaf896d1315b95	L4:ad07d10590b17ff42a1391d42945c60c45e7ab8d0bbbfae6b8ca0e8db5ce95bb	Austin	follow	follow	0	0	0	0	0	0	0	0	0	0	0
49	follow	3	L2:77c078caef727cd156b0bed791bf3c48a89c1aa754bb61237adaf896d1315b95	L4:ad07d10590b17ff42a1391d42945c60c45e7ab8d0bbbfae6b8ca0e8db5ce95bb	Austin	follow	follow	0	0	0	0	0	0	0	0	0	0	0
50	collision	0	L2:d1b5e9bfea560b1fcdf9439a29a5d5e819107f116fa77d26e1664eecb3beb1ec	L4:45a0dde1b1fc0c0c90118a0e9e81f501cf158a360befaa09c9a750dbecc6fdfb	MoscowRaceway	follow	follow	0	0	1	1	0	0	0	0	0	0	0
50	collision	1	L2:d1b5e9bfea560b1fcdf9439a29a5d5e819107f116fa77d26e1664eecb3beb1ec	L4:45a0dde1b1fc0c0c90118a0e9e81f501cf158a360befaa09c9a750dbecc6fdfb	MoscowRaceway	overtake	overtake	0	0	1	1	0	0	0	0	0	0	0
50	collision	2	L2:d1b5e9bfea560b1fcdf9439a29a5d5e819107f116fa77d26e1664eecb3beb1ec	L4:45a0dde1b1fc0c0c90118a0e9e81f501cf158a360befaa09c9a750dbecc6fdfb	MoscowRaceway	follow	overtake	0	0	1	1	0	0	0	0	0	0	0
50	collision	3	L2:d1b5e9bfea560b1fcdf9439a29a5d5e819107f116fa77d26e1664eecb3beb1ec	L4:45a0dde1b1fc0c0c90118a0e9e81f501cf158a360befaa09c9a750dbecc6fdfb	MoscowRaceway	overtake	collision	0	1	1	0	-1	0	0	0	0	0	0
50	overtake	0	L2:35af860fddb22814d98bbcabe0e91ad9d87910c37022a7138a83f04fce29afe8	L4:45a0dde1b1fc0c0c90118a0e9e81f501cf158a360befaa09c9a750dbecc6fdfb	MoscowRaceway	overtake	overtake	0	0	0	0	0	0	0	0	0	0	0
50	overtake	1	L2:35af860fddb22814d98bbcabe0e91ad9d87910c37022a7138a83f04fce29afe8	L4:45a0dde1b1fc0c0c90118a0e9e81f501cf158a360befaa09c9a750dbecc6fdfb	MoscowRaceway	overtake	overtake	0	0	0	0	0	0	0	0	0	0	0
50	overtake	2	L2:35af860fddb22814d98bbcabe0e91ad9d87910c37022a7138a83f04fce29afe8	L4:45a0dde1b1fc0c0c90118a0e9e81f501cf158a360befaa09c9a750dbecc6fdfb	MoscowRaceway	overtake	overtake	0	0	0	0	0	0	0	0	0	0	0
50	overtake	3	L2:35af860fddb22814d98bbcabe0e91ad9d87910c37022a7138a83f04fce29afe8	L4:45a0dde1b1fc0c0c90118a0e9e81f501cf158a360befaa09c9a750dbecc6fdfb	MoscowRaceway	overtake	overtake	0	0	0	0	0	0	0	0	0	0	0
50	follow	0	L2:02007b18ff6a5f5cd12c4eff2bc5e550a32f3d2ce89d74e49ad97caa5307b809	L4:45a0dde1b1fc0c0c90118a0e9e81f501cf158a360befaa09c9a750dbecc6fdfb	MoscowRaceway	follow	follow	0	0	0	0	0	0	0	0	0	0	0
50	follow	1	L2:02007b18ff6a5f5cd12c4eff2bc5e550a32f3d2ce89d74e49ad97caa5307b809	L4:45a0dde1b1fc0c0c90118a0e9e81f501cf158a360befaa09c9a750dbecc6fdfb	MoscowRaceway	follow	follow	0	0	0	0	0	0	0	0	0	0	0
50	follow	2	L2:02007b18ff6a5f5cd12c4eff2bc5e550a32f3d2ce89d74e49ad97caa5307b809	L4:45a0dde1b1fc0c0c90118a0e9e81f501cf158a360befaa09c9a750dbecc6fdfb	MoscowRaceway	follow	follow	0	0	0	0	0	0	0	0	0	0	0
50	follow	3	L2:02007b18ff6a5f5cd12c4eff2bc5e550a32f3d2ce89d74e49ad97caa5307b809	L4:45a0dde1b1fc0c0c90118a0e9e81f501cf158a360befaa09c9a750dbecc6fdfb	MoscowRaceway	follow	follow	0	0	0	0	0	0	0	0	0	0	0
51	collision	0	L2:f24bb433aee3fd154b4b8f0258104f81d887bec1f748f445dd162622cf351a23	L4:9afa2a6e82e9bb447bb61b5345f97ce442136a29eb1dbecf9f0750a582968855	Austin	collision	collision	1	1	0	0	0	0	0	0	0	0	0
51	collision	1	L2:f24bb433aee3fd154b4b8f0258104f81d887bec1f748f445dd162622cf351a23	L4:9afa2a6e82e9bb447bb61b5345f97ce442136a29eb1dbecf9f0750a582968855	Austin	collision	collision	1	1	0	0	0	0	0	0	0	0	0
51	collision	2	L2:f24bb433aee3fd154b4b8f0258104f81d887bec1f748f445dd162622cf351a23	L4:9afa2a6e82e9bb447bb61b5345f97ce442136a29eb1dbecf9f0750a582968855	Austin	collision	follow	1	0	0	1	1	0	0	0	0	0	0
51	collision	3	L2:f24bb433aee3fd154b4b8f0258104f81d887bec1f748f445dd162622cf351a23	L4:9afa2a6e82e9bb447bb61b5345f97ce442136a29eb1dbecf9f0750a582968855	Austin	collision	collision	1	1	0	0	0	0	0	0	0	0	0
51	overtake	0	L2:95e9275c39b9caf40dc522cf677b23043d5512695a3b699a12c9ed90f3ce0e86	L4:9afa2a6e82e9bb447bb61b5345f97ce442136a29eb1dbecf9f0750a582968855	Austin	overtake	collision	0	1	0	0	0	0	1	1	0	1	1
51	overtake	1	L2:95e9275c39b9caf40dc522cf677b23043d5512695a3b699a12c9ed90f3ce0e86	L4:9afa2a6e82e9bb447bb61b5345f97ce442136a29eb1dbecf9f0750a582968855	Austin	overtake	overtake	0	0	0	0	0	0	0	0	0	0	0
51	overtake	2	L2:95e9275c39b9caf40dc522cf677b23043d5512695a3b699a12c9ed90f3ce0e86	L4:9afa2a6e82e9bb447bb61b5345f97ce442136a29eb1dbecf9f0750a582968855	Austin	overtake	overtake	0	0	0	0	0	0	0	0	0	0	0
51	overtake	3	L2:95e9275c39b9caf40dc522cf677b23043d5512695a3b699a12c9ed90f3ce0e86	L4:9afa2a6e82e9bb447bb61b5345f97ce442136a29eb1dbecf9f0750a582968855	Austin	overtake	collision	0	1	0	0	0	0	1	1	0	1	1
51	follow	0	L2:bd2e3f9dec3524b80ac1a91786711f59dca0a12453cc5017a5cef4d0aca10424	L4:9afa2a6e82e9bb447bb61b5345f97ce442136a29eb1dbecf9f0750a582968855	Austin	follow	follow	0	0	0	0	0	0	0	0	0	0	0
51	follow	1	L2:bd2e3f9dec3524b80ac1a91786711f59dca0a12453cc5017a5cef4d0aca10424	L4:9afa2a6e82e9bb447bb61b5345f97ce442136a29eb1dbecf9f0750a582968855	Austin	follow	follow	0	0	0	0	0	0	0	0	0	0	0
51	follow	2	L2:bd2e3f9dec3524b80ac1a91786711f59dca0a12453cc5017a5cef4d0aca10424	L4:9afa2a6e82e9bb447bb61b5345f97ce442136a29eb1dbecf9f0750a582968855	Austin	follow	follow	0	0	0	0	0	0	0	0	0	0	0
51	follow	3	L2:bd2e3f9dec3524b80ac1a91786711f59dca0a12453cc5017a5cef4d0aca10424	L4:9afa2a6e82e9bb447bb61b5345f97ce442136a29eb1dbecf9f0750a582968855	Austin	follow	follow	0	0	0	0	0	0	0	0	0	0	0
52	collision	0	L2:cfe5dd2c45d09e103b5ed8548017729f15bc1bc99da5ccc5e5618816fc738520	L4:85effc3f2e076ba7808bb6ac4be23b2c38538a77e8832542f5efd5e69b3ee469	Austin	collision	collision	1	1	0	0	0	0	0	0	0	0	0
52	collision	1	L2:cfe5dd2c45d09e103b5ed8548017729f15bc1bc99da5ccc5e5618816fc738520	L4:85effc3f2e076ba7808bb6ac4be23b2c38538a77e8832542f5efd5e69b3ee469	Austin	collision	overtake	1	0	0	1	1	0	0	0	0	0	0
52	collision	2	L2:cfe5dd2c45d09e103b5ed8548017729f15bc1bc99da5ccc5e5618816fc738520	L4:85effc3f2e076ba7808bb6ac4be23b2c38538a77e8832542f5efd5e69b3ee469	Austin	overtake	overtake	0	0	1	1	0	0	0	0	0	0	0
52	collision	3	L2:cfe5dd2c45d09e103b5ed8548017729f15bc1bc99da5ccc5e5618816fc738520	L4:85effc3f2e076ba7808bb6ac4be23b2c38538a77e8832542f5efd5e69b3ee469	Austin	collision	follow	1	0	0	1	1	0	0	0	0	0	0
52	overtake	0	L2:535b30b0af2335e491a8985ff43b9fcc687bd7ff1fd7843ed849d12f508bd9cb	L4:85effc3f2e076ba7808bb6ac4be23b2c38538a77e8832542f5efd5e69b3ee469	Austin	overtake	overtake	0	0	0	0	0	0	0	0	0	0	0
52	overtake	1	L2:535b30b0af2335e491a8985ff43b9fcc687bd7ff1fd7843ed849d12f508bd9cb	L4:85effc3f2e076ba7808bb6ac4be23b2c38538a77e8832542f5efd5e69b3ee469	Austin	overtake	follow	0	0	0	0	0	0	0	0	0	1	1
52	overtake	2	L2:535b30b0af2335e491a8985ff43b9fcc687bd7ff1fd7843ed849d12f508bd9cb	L4:85effc3f2e076ba7808bb6ac4be23b2c38538a77e8832542f5efd5e69b3ee469	Austin	collision	collision	1	1	0	0	0	1	1	0	1	1	0
52	overtake	3	L2:535b30b0af2335e491a8985ff43b9fcc687bd7ff1fd7843ed849d12f508bd9cb	L4:85effc3f2e076ba7808bb6ac4be23b2c38538a77e8832542f5efd5e69b3ee469	Austin	overtake	overtake	0	0	0	0	0	0	0	0	0	0	0
52	follow	0	L2:2244f6e17fca86eb70f881b8e84b860792da1a89ac2089fade6bba7d07751592	L4:85effc3f2e076ba7808bb6ac4be23b2c38538a77e8832542f5efd5e69b3ee469	Austin	follow	follow	0	0	0	0	0	0	0	0	0	0	0
52	follow	1	L2:2244f6e17fca86eb70f881b8e84b860792da1a89ac2089fade6bba7d07751592	L4:85effc3f2e076ba7808bb6ac4be23b2c38538a77e8832542f5efd5e69b3ee469	Austin	follow	follow	0	0	0	0	0	0	0	0	0	0	0
52	follow	2	L2:2244f6e17fca86eb70f881b8e84b860792da1a89ac2089fade6bba7d07751592	L4:85effc3f2e076ba7808bb6ac4be23b2c38538a77e8832542f5efd5e69b3ee469	Austin	follow	follow	0	0	0	0	0	0	0	0	0	0	0
52	follow	3	L2:2244f6e17fca86eb70f881b8e84b860792da1a89ac2089fade6bba7d07751592	L4:85effc3f2e076ba7808bb6ac4be23b2c38538a77e8832542f5efd5e69b3ee469	Austin	follow	follow	0	0	0	0	0	0	0	0	0	0	0
53	collision	0	L2:f773be68ee1a0a3be9ba15221eeb239c33887c3ee2cd3bcfabcfcd26d7c28f3f	L4:0ea7233203132f3bb3f656c3c16a6aa4afa7fcb7163cac311f4ac2986ff4d1d1	Nuerburgring	collision	collision	1	1	0	0	0	0	0	0	0	0	0
53	collision	1	L2:f773be68ee1a0a3be9ba15221eeb239c33887c3ee2cd3bcfabcfcd26d7c28f3f	L4:0ea7233203132f3bb3f656c3c16a6aa4afa7fcb7163cac311f4ac2986ff4d1d1	Nuerburgring	collision	collision	1	1	0	0	0	0	0	0	0	0	0
53	collision	2	L2:f773be68ee1a0a3be9ba15221eeb239c33887c3ee2cd3bcfabcfcd26d7c28f3f	L4:0ea7233203132f3bb3f656c3c16a6aa4afa7fcb7163cac311f4ac2986ff4d1d1	Nuerburgring	collision	follow	1	0	0	1	1	0	0	0	0	0	0
53	collision	3	L2:f773be68ee1a0a3be9ba15221eeb239c33887c3ee2cd3bcfabcfcd26d7c28f3f	L4:0ea7233203132f3bb3f656c3c16a6aa4afa7fcb7163cac311f4ac2986ff4d1d1	Nuerburgring	collision	collision	1	1	0	0	0	0	0	0	0	0	0
53	overtake	0	L2:0393152d15753db5ee3d145d40adc957967e734b26e97438727e6a0ebe98d59a	L4:0ea7233203132f3bb3f656c3c16a6aa4afa7fcb7163cac311f4ac2986ff4d1d1	Nuerburgring	overtake	overtake	0	0	0	0	0	0	0	0	0	0	0
53	overtake	1	L2:0393152d15753db5ee3d145d40adc957967e734b26e97438727e6a0ebe98d59a	L4:0ea7233203132f3bb3f656c3c16a6aa4afa7fcb7163cac311f4ac2986ff4d1d1	Nuerburgring	overtake	overtake	0	0	0	0	0	0	0	0	0	0	0
53	overtake	2	L2:0393152d15753db5ee3d145d40adc957967e734b26e97438727e6a0ebe98d59a	L4:0ea7233203132f3bb3f656c3c16a6aa4afa7fcb7163cac311f4ac2986ff4d1d1	Nuerburgring	overtake	overtake	0	0	0	0	0	0	0	0	0	0	0
53	overtake	3	L2:0393152d15753db5ee3d145d40adc957967e734b26e97438727e6a0ebe98d59a	L4:0ea7233203132f3bb3f656c3c16a6aa4afa7fcb7163cac311f4ac2986ff4d1d1	Nuerburgring	overtake	overtake	0	0	0	0	0	0	0	0	0	0	0
53	follow	0	L2:7efe3cf0f4341bfa777423fdb8c602d78f82e839b9b12f55f7c31b3917a444e3	L4:0ea7233203132f3bb3f656c3c16a6aa4afa7fcb7163cac311f4ac2986ff4d1d1	Nuerburgring	follow	follow	0	0	0	0	0	0	0	0	0	0	0
53	follow	1	L2:7efe3cf0f4341bfa777423fdb8c602d78f82e839b9b12f55f7c31b3917a444e3	L4:0ea7233203132f3bb3f656c3c16a6aa4afa7fcb7163cac311f4ac2986ff4d1d1	Nuerburgring	follow	follow	0	0	0	0	0	0	0	0	0	0	0
53	follow	2	L2:7efe3cf0f4341bfa777423fdb8c602d78f82e839b9b12f55f7c31b3917a444e3	L4:0ea7233203132f3bb3f656c3c16a6aa4afa7fcb7163cac311f4ac2986ff4d1d1	Nuerburgring	follow	follow	0	0	0	0	0	0	0	0	0	0	0
53	follow	3	L2:7efe3cf0f4341bfa777423fdb8c602d78f82e839b9b12f55f7c31b3917a444e3	L4:0ea7233203132f3bb3f656c3c16a6aa4afa7fcb7163cac311f4ac2986ff4d1d1	Nuerburgring	follow	follow	0	0	0	0	0	0	0	0	0	0	0
54	collision	0	L2:eebf6130cccfff5508a9f6ed1efff783195b93a3ce07d8e0791f6fdacb95aa92	L4:e9f0217c7571c96b54a3550293d952cf1f34830e241928b816a3b5ae4bb2dfac	Nuerburgring	overtake	overtake	0	0	1	1	0	0	0	0	0	0	0
54	collision	1	L2:eebf6130cccfff5508a9f6ed1efff783195b93a3ce07d8e0791f6fdacb95aa92	L4:e9f0217c7571c96b54a3550293d952cf1f34830e241928b816a3b5ae4bb2dfac	Nuerburgring	overtake	overtake	0	0	1	1	0	0	0	0	0	0	0
54	collision	2	L2:eebf6130cccfff5508a9f6ed1efff783195b93a3ce07d8e0791f6fdacb95aa92	L4:e9f0217c7571c96b54a3550293d952cf1f34830e241928b816a3b5ae4bb2dfac	Nuerburgring	overtake	collision	0	1	1	0	-1	0	0	0	0	0	0
54	collision	3	L2:eebf6130cccfff5508a9f6ed1efff783195b93a3ce07d8e0791f6fdacb95aa92	L4:e9f0217c7571c96b54a3550293d952cf1f34830e241928b816a3b5ae4bb2dfac	Nuerburgring	follow	follow	0	0	1	1	0	0	0	0	0	0	0
54	overtake	0	L2:fcb821af588e1aff773cec3c1d872220268ccef553533f74a5d032abd85b94e6	L4:e9f0217c7571c96b54a3550293d952cf1f34830e241928b816a3b5ae4bb2dfac	Nuerburgring	overtake	collision	0	1	0	0	0	0	1	1	0	1	1
54	overtake	1	L2:fcb821af588e1aff773cec3c1d872220268ccef553533f74a5d032abd85b94e6	L4:e9f0217c7571c96b54a3550293d952cf1f34830e241928b816a3b5ae4bb2dfac	Nuerburgring	overtake	overtake	0	0	0	0	0	0	0	0	0	0	0
54	overtake	2	L2:fcb821af588e1aff773cec3c1d872220268ccef553533f74a5d032abd85b94e6	L4:e9f0217c7571c96b54a3550293d952cf1f34830e241928b816a3b5ae4bb2dfac	Nuerburgring	overtake	overtake	0	0	0	0	0	0	0	0	0	0	0
54	overtake	3	L2:fcb821af588e1aff773cec3c1d872220268ccef553533f74a5d032abd85b94e6	L4:e9f0217c7571c96b54a3550293d952cf1f34830e241928b816a3b5ae4bb2dfac	Nuerburgring	follow	follow	0	0	0	0	0	0	0	0	1	1	0
54	follow	0	L2:f0e121e699a47795ad91b7e4e8c5d938db3089de7305d0a0c8e3b7c0383b7691	L4:e9f0217c7571c96b54a3550293d952cf1f34830e241928b816a3b5ae4bb2dfac	Nuerburgring	follow	follow	0	0	0	0	0	0	0	0	0	0	0
54	follow	1	L2:f0e121e699a47795ad91b7e4e8c5d938db3089de7305d0a0c8e3b7c0383b7691	L4:e9f0217c7571c96b54a3550293d952cf1f34830e241928b816a3b5ae4bb2dfac	Nuerburgring	follow	follow	0	0	0	0	0	0	0	0	0	0	0
54	follow	2	L2:f0e121e699a47795ad91b7e4e8c5d938db3089de7305d0a0c8e3b7c0383b7691	L4:e9f0217c7571c96b54a3550293d952cf1f34830e241928b816a3b5ae4bb2dfac	Nuerburgring	follow	follow	0	0	0	0	0	0	0	0	0	0	0
54	follow	3	L2:f0e121e699a47795ad91b7e4e8c5d938db3089de7305d0a0c8e3b7c0383b7691	L4:e9f0217c7571c96b54a3550293d952cf1f34830e241928b816a3b5ae4bb2dfac	Nuerburgring	follow	follow	0	0	0	0	0	0	0	0	0	0	0
55	collision	0	L2:b2ea6ad07b14a27e16efe92ac0611f98bb5648fd0bdd0e60f99bf01a90360f38	L4:aae199da0c215c3abe7a3322394c109dbe288c0fc191dcd4d679879d0a8e0051	Austin	overtake	overtake	0	0	1	1	0	0	0	0	0	0	0
55	collision	1	L2:b2ea6ad07b14a27e16efe92ac0611f98bb5648fd0bdd0e60f99bf01a90360f38	L4:aae199da0c215c3abe7a3322394c109dbe288c0fc191dcd4d679879d0a8e0051	Austin	overtake	overtake	0	0	1	1	0	0	0	0	0	0	0
55	collision	2	L2:b2ea6ad07b14a27e16efe92ac0611f98bb5648fd0bdd0e60f99bf01a90360f38	L4:aae199da0c215c3abe7a3322394c109dbe288c0fc191dcd4d679879d0a8e0051	Austin	overtake	overtake	0	0	1	1	0	0	0	0	0	0	0
55	collision	3	L2:b2ea6ad07b14a27e16efe92ac0611f98bb5648fd0bdd0e60f99bf01a90360f38	L4:aae199da0c215c3abe7a3322394c109dbe288c0fc191dcd4d679879d0a8e0051	Austin	overtake	overtake	0	0	1	1	0	0	0	0	0	0	0
55	overtake	0	L2:af0e04e81c6f10f81b30874a86d1f0ca527f54ac3e4f05f104a5fec134231905	L4:aae199da0c215c3abe7a3322394c109dbe288c0fc191dcd4d679879d0a8e0051	Austin	collision	overtake	1	0	0	0	0	1	0	-1	1	0	-1
55	overtake	1	L2:af0e04e81c6f10f81b30874a86d1f0ca527f54ac3e4f05f104a5fec134231905	L4:aae199da0c215c3abe7a3322394c109dbe288c0fc191dcd4d679879d0a8e0051	Austin	overtake	collision	0	1	0	0	0	0	1	1	0	1	1
55	overtake	2	L2:af0e04e81c6f10f81b30874a86d1f0ca527f54ac3e4f05f104a5fec134231905	L4:aae199da0c215c3abe7a3322394c109dbe288c0fc191dcd4d679879d0a8e0051	Austin	overtake	overtake	0	0	0	0	0	0	0	0	0	0	0
55	overtake	3	L2:af0e04e81c6f10f81b30874a86d1f0ca527f54ac3e4f05f104a5fec134231905	L4:aae199da0c215c3abe7a3322394c109dbe288c0fc191dcd4d679879d0a8e0051	Austin	overtake	overtake	0	0	0	0	0	0	0	0	0	0	0
55	follow	0	L2:ff67be59d0793e9d823b961a7328a0d85106ce7e7eb5c8da1598e6ee85a5a2bc	L4:aae199da0c215c3abe7a3322394c109dbe288c0fc191dcd4d679879d0a8e0051	Austin	follow	follow	0	0	0	0	0	0	0	0	0	0	0
55	follow	1	L2:ff67be59d0793e9d823b961a7328a0d85106ce7e7eb5c8da1598e6ee85a5a2bc	L4:aae199da0c215c3abe7a3322394c109dbe288c0fc191dcd4d679879d0a8e0051	Austin	follow	collision	0	1	0	0	0	0	1	1	0	0	0
55	follow	2	L2:ff67be59d0793e9d823b961a7328a0d85106ce7e7eb5c8da1598e6ee85a5a2bc	L4:aae199da0c215c3abe7a3322394c109dbe288c0fc191dcd4d679879d0a8e0051	Austin	follow	follow	0	0	0	0	0	0	0	0	0	0	0
55	follow	3	L2:ff67be59d0793e9d823b961a7328a0d85106ce7e7eb5c8da1598e6ee85a5a2bc	L4:aae199da0c215c3abe7a3322394c109dbe288c0fc191dcd4d679879d0a8e0051	Austin	follow	collision	0	1	0	0	0	0	1	1	0	0	0
56	collision	0	L2:658e12ea020e2a74ff775db09f09e213e76568ec06fda17706244fdf00e0c487	L4:2d98051ffc98cb23fb27c1c606587c1645e579d53d0690249e0c338e795cd8a5	Hockenheim	collision	overtake	1	0	0	1	1	0	0	0	0	0	0
56	collision	1	L2:658e12ea020e2a74ff775db09f09e213e76568ec06fda17706244fdf00e0c487	L4:2d98051ffc98cb23fb27c1c606587c1645e579d53d0690249e0c338e795cd8a5	Hockenheim	collision	collision	1	1	0	0	0	0	0	0	0	0	0
56	collision	2	L2:658e12ea020e2a74ff775db09f09e213e76568ec06fda17706244fdf00e0c487	L4:2d98051ffc98cb23fb27c1c606587c1645e579d53d0690249e0c338e795cd8a5	Hockenheim	collision	collision	1	1	0	0	0	0	0	0	0	0	0
56	collision	3	L2:658e12ea020e2a74ff775db09f09e213e76568ec06fda17706244fdf00e0c487	L4:2d98051ffc98cb23fb27c1c606587c1645e579d53d0690249e0c338e795cd8a5	Hockenheim	collision	collision	1	1	0	0	0	0	0	0	0	0	0
56	overtake	0	L2:a41a149e7648f90cb798c9e553af6c3662a7add5b489ce80e7a85794bfacfb98	L4:2d98051ffc98cb23fb27c1c606587c1645e579d53d0690249e0c338e795cd8a5	Hockenheim	overtake	overtake	0	0	0	0	0	0	0	0	0	0	0
56	overtake	1	L2:a41a149e7648f90cb798c9e553af6c3662a7add5b489ce80e7a85794bfacfb98	L4:2d98051ffc98cb23fb27c1c606587c1645e579d53d0690249e0c338e795cd8a5	Hockenheim	overtake	overtake	0	0	0	0	0	0	0	0	0	0	0
56	overtake	2	L2:a41a149e7648f90cb798c9e553af6c3662a7add5b489ce80e7a85794bfacfb98	L4:2d98051ffc98cb23fb27c1c606587c1645e579d53d0690249e0c338e795cd8a5	Hockenheim	overtake	overtake	0	0	0	0	0	0	0	0	0	0	0
56	overtake	3	L2:a41a149e7648f90cb798c9e553af6c3662a7add5b489ce80e7a85794bfacfb98	L4:2d98051ffc98cb23fb27c1c606587c1645e579d53d0690249e0c338e795cd8a5	Hockenheim	overtake	overtake	0	0	0	0	0	0	0	0	0	0	0
56	follow	0	L2:c6edb73643af1c9acb1bf747e2dc8596d7777913430ef2af53e0edce3577cef5	L4:2d98051ffc98cb23fb27c1c606587c1645e579d53d0690249e0c338e795cd8a5	Hockenheim	follow	follow	0	0	0	0	0	0	0	0	0	0	0
56	follow	1	L2:c6edb73643af1c9acb1bf747e2dc8596d7777913430ef2af53e0edce3577cef5	L4:2d98051ffc98cb23fb27c1c606587c1645e579d53d0690249e0c338e795cd8a5	Hockenheim	follow	follow	0	0	0	0	0	0	0	0	0	0	0
56	follow	2	L2:c6edb73643af1c9acb1bf747e2dc8596d7777913430ef2af53e0edce3577cef5	L4:2d98051ffc98cb23fb27c1c606587c1645e579d53d0690249e0c338e795cd8a5	Hockenheim	follow	follow	0	0	0	0	0	0	0	0	0	0	0
56	follow	3	L2:c6edb73643af1c9acb1bf747e2dc8596d7777913430ef2af53e0edce3577cef5	L4:2d98051ffc98cb23fb27c1c606587c1645e579d53d0690249e0c338e795cd8a5	Hockenheim	follow	follow	0	0	0	0	0	0	0	0	0	0	0
57	collision	0	L2:a07207dedc84002002616c4916ff4bc8c2d029e55ae047df417a280f9441d8dc	L4:dd8c84680690d89930b78b25873caa9a6bdb350678f09e25e0ced354d05d3c14	Austin	follow	follow	0	0	1	1	0	0	0	0	0	0	0
57	collision	1	L2:a07207dedc84002002616c4916ff4bc8c2d029e55ae047df417a280f9441d8dc	L4:dd8c84680690d89930b78b25873caa9a6bdb350678f09e25e0ced354d05d3c14	Austin	collision	collision	1	1	0	0	0	0	0	0	0	0	0
57	collision	2	L2:a07207dedc84002002616c4916ff4bc8c2d029e55ae047df417a280f9441d8dc	L4:dd8c84680690d89930b78b25873caa9a6bdb350678f09e25e0ced354d05d3c14	Austin	follow	follow	0	0	1	1	0	0	0	0	0	0	0
57	collision	3	L2:a07207dedc84002002616c4916ff4bc8c2d029e55ae047df417a280f9441d8dc	L4:dd8c84680690d89930b78b25873caa9a6bdb350678f09e25e0ced354d05d3c14	Austin	collision	collision	1	1	0	0	0	0	0	0	0	0	0
57	overtake	0	L2:7637f34802364c8e496ebc95339ba4efac4f3f4d7693ff273d8688b828dfa294	L4:dd8c84680690d89930b78b25873caa9a6bdb350678f09e25e0ced354d05d3c14	Austin	overtake	overtake	0	0	0	0	0	0	0	0	0	0	0
57	overtake	1	L2:7637f34802364c8e496ebc95339ba4efac4f3f4d7693ff273d8688b828dfa294	L4:dd8c84680690d89930b78b25873caa9a6bdb350678f09e25e0ced354d05d3c14	Austin	overtake	overtake	0	0	0	0	0	0	0	0	0	0	0
57	overtake	2	L2:7637f34802364c8e496ebc95339ba4efac4f3f4d7693ff273d8688b828dfa294	L4:dd8c84680690d89930b78b25873caa9a6bdb350678f09e25e0ced354d05d3c14	Austin	overtake	overtake	0	0	0	0	0	0	0	0	0	0	0
57	overtake	3	L2:7637f34802364c8e496ebc95339ba4efac4f3f4d7693ff273d8688b828dfa294	L4:dd8c84680690d89930b78b25873caa9a6bdb350678f09e25e0ced354d05d3c14	Austin	overtake	overtake	0	0	0	0	0	0	0	0	0	0	0
57	follow	0	L2:f707af8c94fc57827e189f61c8c79010dfc2dad8c547ef3a52096d8aca111944	L4:dd8c84680690d89930b78b25873caa9a6bdb350678f09e25e0ced354d05d3c14	Austin	follow	follow	0	0	0	0	0	0	0	0	0	0	0
57	follow	1	L2:f707af8c94fc57827e189f61c8c79010dfc2dad8c547ef3a52096d8aca111944	L4:dd8c84680690d89930b78b25873caa9a6bdb350678f09e25e0ced354d05d3c14	Austin	follow	follow	0	0	0	0	0	0	0	0	0	0	0
57	follow	2	L2:f707af8c94fc57827e189f61c8c79010dfc2dad8c547ef3a52096d8aca111944	L4:dd8c84680690d89930b78b25873caa9a6bdb350678f09e25e0ced354d05d3c14	Austin	follow	follow	0	0	0	0	0	0	0	0	0	0	0
57	follow	3	L2:f707af8c94fc57827e189f61c8c79010dfc2dad8c547ef3a52096d8aca111944	L4:dd8c84680690d89930b78b25873caa9a6bdb350678f09e25e0ced354d05d3c14	Austin	follow	collision	0	1	0	0	0	0	1	1	0	0	0
58	collision	0	L2:1253ce89bc8c7a0ffa227b48f1db73a7f4d0fb0950ea1a7eb11a8ef10cc4ab80	L4:97ead60a3334363c664be51508c41f82d33d76a495109bd64a9ca5c2a692bd43	Austin	overtake	overtake	0	0	1	1	0	0	0	0	0	0	0
58	collision	1	L2:1253ce89bc8c7a0ffa227b48f1db73a7f4d0fb0950ea1a7eb11a8ef10cc4ab80	L4:97ead60a3334363c664be51508c41f82d33d76a495109bd64a9ca5c2a692bd43	Austin	follow	collision	0	1	1	0	-1	0	0	0	0	0	0
58	collision	2	L2:1253ce89bc8c7a0ffa227b48f1db73a7f4d0fb0950ea1a7eb11a8ef10cc4ab80	L4:97ead60a3334363c664be51508c41f82d33d76a495109bd64a9ca5c2a692bd43	Austin	collision	overtake	1	0	0	1	1	0	0	0	0	0	0
58	collision	3	L2:1253ce89bc8c7a0ffa227b48f1db73a7f4d0fb0950ea1a7eb11a8ef10cc4ab80	L4:97ead60a3334363c664be51508c41f82d33d76a495109bd64a9ca5c2a692bd43	Austin	follow	overtake	0	0	1	1	0	0	0	0	0	0	0
58	overtake	0	L2:e51e0a333b69995c63955124880aa07a3406e9fa5359a3d207bd63505095d177	L4:97ead60a3334363c664be51508c41f82d33d76a495109bd64a9ca5c2a692bd43	Austin	overtake	overtake	0	0	0	0	0	0	0	0	0	0	0
58	overtake	1	L2:e51e0a333b69995c63955124880aa07a3406e9fa5359a3d207bd63505095d177	L4:97ead60a3334363c664be51508c41f82d33d76a495109bd64a9ca5c2a692bd43	Austin	overtake	overtake	0	0	0	0	0	0	0	0	0	0	0
58	overtake	2	L2:e51e0a333b69995c63955124880aa07a3406e9fa5359a3d207bd63505095d177	L4:97ead60a3334363c664be51508c41f82d33d76a495109bd64a9ca5c2a692bd43	Austin	overtake	overtake	0	0	0	0	0	0	0	0	0	0	0
58	overtake	3	L2:e51e0a333b69995c63955124880aa07a3406e9fa5359a3d207bd63505095d177	L4:97ead60a3334363c664be51508c41f82d33d76a495109bd64a9ca5c2a692bd43	Austin	overtake	overtake	0	0	0	0	0	0	0	0	0	0	0
58	follow	0	L2:efeab4806fd8a4921da8bd49033569aaac913564c8f75ea2d08f30a0bd34a21d	L4:97ead60a3334363c664be51508c41f82d33d76a495109bd64a9ca5c2a692bd43	Austin	follow	follow	0	0	0	0	0	0	0	0	0	0	0
58	follow	1	L2:efeab4806fd8a4921da8bd49033569aaac913564c8f75ea2d08f30a0bd34a21d	L4:97ead60a3334363c664be51508c41f82d33d76a495109bd64a9ca5c2a692bd43	Austin	follow	follow	0	0	0	0	0	0	0	0	0	0	0
58	follow	2	L2:efeab4806fd8a4921da8bd49033569aaac913564c8f75ea2d08f30a0bd34a21d	L4:97ead60a3334363c664be51508c41f82d33d76a495109bd64a9ca5c2a692bd43	Austin	follow	follow	0	0	0	0	0	0	0	0	0	0	0
58	follow	3	L2:efeab4806fd8a4921da8bd49033569aaac913564c8f75ea2d08f30a0bd34a21d	L4:97ead60a3334363c664be51508c41f82d33d76a495109bd64a9ca5c2a692bd43	Austin	follow	follow	0	0	0	0	0	0	0	0	0	0	0
59	collision	0	L2:abecc9646358984b9ce62f465ef51e56e3cd1aa0513356015a73d7c6ad541a38	L4:3b595910ad7828aad015125878280a713dbe815fbe2cf35fc64057dc14ddc8d6	Hockenheim	collision	collision	1	1	0	0	0	0	0	0	0	0	0
59	collision	1	L2:abecc9646358984b9ce62f465ef51e56e3cd1aa0513356015a73d7c6ad541a38	L4:3b595910ad7828aad015125878280a713dbe815fbe2cf35fc64057dc14ddc8d6	Hockenheim	collision	collision	1	1	0	0	0	0	0	0	0	0	0
59	collision	2	L2:abecc9646358984b9ce62f465ef51e56e3cd1aa0513356015a73d7c6ad541a38	L4:3b595910ad7828aad015125878280a713dbe815fbe2cf35fc64057dc14ddc8d6	Hockenheim	collision	collision	1	1	0	0	0	0	0	0	0	0	0
59	collision	3	L2:abecc9646358984b9ce62f465ef51e56e3cd1aa0513356015a73d7c6ad541a38	L4:3b595910ad7828aad015125878280a713dbe815fbe2cf35fc64057dc14ddc8d6	Hockenheim	collision	collision	1	1	0	0	0	0	0	0	0	0	0
59	overtake	0	L2:c5b8c127f53c5e16cee8a21f1d99ea136f72ee0d8726b251d3082a9427842da2	L4:3b595910ad7828aad015125878280a713dbe815fbe2cf35fc64057dc14ddc8d6	Hockenheim	overtake	overtake	0	0	0	0	0	0	0	0	0	0	0
59	overtake	1	L2:c5b8c127f53c5e16cee8a21f1d99ea136f72ee0d8726b251d3082a9427842da2	L4:3b595910ad7828aad015125878280a713dbe815fbe2cf35fc64057dc14ddc8d6	Hockenheim	overtake	overtake	0	0	0	0	0	0	0	0	0	0	0
59	overtake	2	L2:c5b8c127f53c5e16cee8a21f1d99ea136f72ee0d8726b251d3082a9427842da2	L4:3b595910ad7828aad015125878280a713dbe815fbe2cf35fc64057dc14ddc8d6	Hockenheim	overtake	overtake	0	0	0	0	0	0	0	0	0	0	0
59	overtake	3	L2:c5b8c127f53c5e16cee8a21f1d99ea136f72ee0d8726b251d3082a9427842da2	L4:3b595910ad7828aad015125878280a713dbe815fbe2cf35fc64057dc14ddc8d6	Hockenheim	overtake	overtake	0	0	0	0	0	0	0	0	0	0	0
59	follow	0	L2:82a06b7fc1183f87bcb430896d7eecbd33ea88db2ba1736c849776b93153d702	L4:3b595910ad7828aad015125878280a713dbe815fbe2cf35fc64057dc14ddc8d6	Hockenheim	follow	collision	0	1	0	0	0	0	1	1	0	0	0
59	follow	1	L2:82a06b7fc1183f87bcb430896d7eecbd33ea88db2ba1736c849776b93153d702	L4:3b595910ad7828aad015125878280a713dbe815fbe2cf35fc64057dc14ddc8d6	Hockenheim	follow	follow	0	0	0	0	0	0	0	0	0	0	0
59	follow	2	L2:82a06b7fc1183f87bcb430896d7eecbd33ea88db2ba1736c849776b93153d702	L4:3b595910ad7828aad015125878280a713dbe815fbe2cf35fc64057dc14ddc8d6	Hockenheim	follow	follow	0	0	0	0	0	0	0	0	0	0	0
59	follow	3	L2:82a06b7fc1183f87bcb430896d7eecbd33ea88db2ba1736c849776b93153d702	L4:3b595910ad7828aad015125878280a713dbe815fbe2cf35fc64057dc14ddc8d6	Hockenheim	follow	follow	0	0	0	0	0	0	0	0	0	0	0
